,time_stats.my_ring_all_reduce.min,time_stats.my_ring_all_reduce.max,time_stats.my_ring_all_reduce.mean,time_stats.my_ring_all_reduce.median,time_stats.my_ring_all_reduce.std,rank,num_workers,size,collective,devices_per_node,max_devices_per_node
0,0.3078689999999988,0.31113400000000024,0.3095119999999983,0.30953299999999584,0.0013330133782780299,0,8,2048,my_ring_all_reduce,8,8
1,0.33107000000000064,0.5522220000000007,0.4053950000000006,0.3328930000000005,0.10382503480696105,0,8,10240,my_ring_all_reduce,8,8
2,0.33721299999999976,0.4460770000000002,0.3735223333333335,0.3372770000000005,0.05130390345989501,0,8,18432,my_ring_all_reduce,8,8
3,0.3373719999999994,0.40476500000000126,0.3602633333333333,0.33865299999999937,0.03147177563398054,0,8,26624,my_ring_all_reduce,8,8
4,0.33397899999999936,0.33868800000000104,0.33566633333333323,0.3343319999999994,0.0021414954795404635,0,8,34816,my_ring_all_reduce,8,8
5,0.33564500000000047,0.5660440000000008,0.4140970000000001,0.34060199999999896,0.10746181048478,0,8,43008,my_ring_all_reduce,8,8
6,0.3325410000000002,0.44371000000000094,0.36998200000000026,0.33369499999999974,0.05213569741229817,0,8,51200,my_ring_all_reduce,8,8
7,0.3317439999999997,0.5823329999999997,0.4895876666666667,0.5546860000000006,0.11218156854651119,0,8,59392,my_ring_all_reduce,8,8
8,0.328125,0.43343599999999877,0.3636339999999993,0.329340999999999,0.04935996398566993,0,8,67584,my_ring_all_reduce,8,8
9,0.3295009999999993,0.5441570000000001,0.4017566666666664,0.33161199999999963,0.10069592934617044,0,8,75776,my_ring_all_reduce,8,8
10,0.3294049999999997,0.5481569999999975,0.40347433333333255,0.33286100000000035,0.10231582317945079,0,8,83968,my_ring_all_reduce,8,8
11,0.33139000000000035,0.5616609999999992,0.40885066666666664,0.3335010000000002,0.10805665970632619,0,8,92160,my_ring_all_reduce,8,8
12,0.3342049999999999,0.566558,0.4117946666666667,0.3346210000000001,0.10943433425981486,0,8,100352,my_ring_all_reduce,8,8
13,0.33314900000000036,0.5667480000000015,0.4114106666666671,0.3343349999999996,0.10984114892071357,0,8,108544,my_ring_all_reduce,8,8
14,0.33183500000000093,0.5580450000000001,0.40738900000000106,0.3322870000000021,0.10653003904376702,0,8,116736,my_ring_all_reduce,8,8
15,0.3323509999999997,0.46239899999999945,0.3761373333333331,0.3336620000000003,0.06099855753667889,0,8,124928,my_ring_all_reduce,8,8
16,0.3309409999999998,0.45685899999999946,0.37320133333333283,0.3318039999999992,0.05915595256795565,0,8,133120,my_ring_all_reduce,8,8
17,0.3323499999999995,0.5572459999999992,0.40749599999999936,0.33289199999999936,0.10588947167054262,0,8,141312,my_ring_all_reduce,8,8
18,0.3305259999999998,0.5655989999999993,0.40967333333333306,0.332895,0.11026033794111474,0,8,149504,my_ring_all_reduce,8,8
19,0.3332760000000003,0.5626530000000003,0.40978866666666686,0.33343699999999993,0.10809142668541713,0,8,157696,my_ring_all_reduce,8,8
20,0.3325709999999999,0.4651809999999996,0.3770529999999999,0.3334070000000002,0.062316841019636436,0,8,165888,my_ring_all_reduce,8,8
21,0.3322200000000012,0.588509000000001,0.41776733333333366,0.33257299999999895,0.12073267634001295,0,8,174080,my_ring_all_reduce,8,8
22,0.33301999999999954,0.5558680000000022,0.4075590000000005,0.3337889999999998,0.1048707695245292,0,8,182272,my_ring_all_reduce,8,8
23,0.33308599999999977,0.5648609999999998,0.41037566666666647,0.33317999999999987,0.10923763353452061,0,8,190464,my_ring_all_reduce,8,8
24,0.33359700000000064,0.4871970000000001,0.3852873333333337,0.3350680000000004,0.07206351865002286,0,8,198656,my_ring_all_reduce,8,8
25,0.33248000000000094,0.5737880000000005,0.4129463333333341,0.33257100000000084,0.11373223926496033,0,8,206848,my_ring_all_reduce,8,8
26,0.3328290000000002,0.5765060000000022,0.4142786666666674,0.33350099999999977,0.11471237554955638,0,8,215040,my_ring_all_reduce,8,8
27,0.3336610000000019,0.576572000000002,0.41473800000000116,0.33398099999999975,0.11443399339648509,0,8,223232,my_ring_all_reduce,8,8
28,0.33081299999999964,0.4672300000000005,0.3773520000000006,0.3340130000000017,0.06356676890220753,0,8,231424,my_ring_all_reduce,8,8
29,0.33407799999999954,0.5618219999999993,0.4100243333333329,0.3341729999999998,0.10733716647503254,0,8,239616,my_ring_all_reduce,8,8
30,0.33292599999999856,0.5546529999999984,0.40714399999999884,0.3338529999999996,0.10430530073778577,0,8,247808,my_ring_all_reduce,8,8
31,0.3316130000000012,0.4724469999999997,0.37906933333333354,0.33314799999999967,0.06603095501522126,0,8,256000,my_ring_all_reduce,8,8
32,0.33369300000000024,0.4002860000000001,0.35601866666666687,0.33407700000000023,0.031302124148725394,0,8,264192,my_ring_all_reduce,8,8
33,0.3343029999999999,0.5131820000000007,0.3946006666666671,0.3363170000000009,0.08385369604389686,0,8,272384,my_ring_all_reduce,8,8
34,0.3331170000000002,0.3654360000000006,0.3441566666666671,0.33391700000000035,0.015050304987681366,0,8,280576,my_ring_all_reduce,8,8
35,0.334045000000001,0.5256920000000005,0.3980866666666669,0.33452299999999924,0.09023080753391412,0,8,288768,my_ring_all_reduce,8,8
36,0.3321909999999998,0.3761889999999994,0.3482743333333333,0.33644300000000066,0.019814831773754926,0,8,296960,my_ring_all_reduce,8,8
37,0.33365999999999985,0.5663020000000006,0.411912,0.33577399999999946,0.1091736272305119,0,8,305152,my_ring_all_reduce,8,8
38,0.3321560000000004,0.42271699999999784,0.36280266666666616,0.3335350000000003,0.04236957174146861,0,8,313344,my_ring_all_reduce,8,8
39,0.35123000000000004,0.3548769999999995,0.3526579999999997,0.35186699999999954,0.0015904743527218935,0,8,321536,my_ring_all_reduce,8,8
40,0.3574029999999998,0.5546210000000001,0.42353766666666665,0.35858899999999994,0.09269117849911922,0,8,329728,my_ring_all_reduce,8,8
41,0.35964400000000024,0.4704920000000002,0.3966366666666666,0.3597739999999994,0.05222363399415606,0,8,337920,my_ring_all_reduce,8,8
42,0.355357,0.5590999999999986,0.42448699999999945,0.35900399999999993,0.09519740885479261,0,8,346112,my_ring_all_reduce,8,8
43,0.3556759999999995,0.5397089999999999,0.4174149999999998,0.3568600000000001,0.08647626761526352,0,8,354304,my_ring_all_reduce,8,8
44,0.35596500000000014,0.5535660000000008,0.4219393333333335,0.3562869999999996,0.09307420141777009,0,8,362496,my_ring_all_reduce,8,8
45,0.35526199999999974,0.4613709999999992,0.39216699999999977,0.3598680000000004,0.04897073289901456,0,8,370688,my_ring_all_reduce,8,8
46,0.3576280000000006,0.5070690000000004,0.40799700000000044,0.35929400000000034,0.07005778461146672,0,8,378880,my_ring_all_reduce,8,8
47,0.3581099999999997,0.5758689999999987,0.4307496666666661,0.35826999999999976,0.10261488547097895,0,8,387072,my_ring_all_reduce,8,8
48,0.36082899999999885,0.5537579999999989,0.42536233333333245,0.36149999999999954,0.09078985983883624,0,8,395264,my_ring_all_reduce,8,8
49,0.35957999999999996,0.5781739999999991,0.4327760000000005,0.36057400000000234,0.10281271261213988,0,8,403456,my_ring_all_reduce,8,8
50,0.3594550000000004,0.46665200000000007,0.39608200000000027,0.36213900000000016,0.04991255445944093,0,8,411648,my_ring_all_reduce,8,8
51,0.3606380000000004,0.42873299999999925,0.3840290000000002,0.3627160000000008,0.03162188306642453,0,8,419840,my_ring_all_reduce,8,8
52,0.3619499999999998,0.4873589999999995,0.40388000000000107,0.3623310000000038,0.05902877191675151,0,8,428032,my_ring_all_reduce,8,8
53,0.3549429999999984,0.3744940000000006,0.3653099999999992,0.36649299999999857,0.008025377125095969,0,8,436224,my_ring_all_reduce,8,8
54,0.3592939999999999,0.48114999999999875,0.4009686666666661,0.36246199999999956,0.056711513924030475,0,8,444416,my_ring_all_reduce,8,8
55,0.362973,0.5718679999999986,0.4331379999999995,0.36457299999999987,0.09809909844981524,0,8,452608,my_ring_all_reduce,8,8
56,0.3604770000000012,0.36751700000000165,0.3639010000000012,0.3637090000000007,0.0028772727828045392,0,8,460800,my_ring_all_reduce,8,8
57,0.35490999999999984,0.4716789999999992,0.3971819999999999,0.3649570000000008,0.052836778913934054,0,8,468992,my_ring_all_reduce,8,8
58,0.3609899999999998,0.4462380000000012,0.38991700000000046,0.3625230000000004,0.03982987825740924,0,8,477184,my_ring_all_reduce,8,8
59,0.36348499999999967,0.5603480000000008,0.42923400000000006,0.3638689999999997,0.09271173104844985,0,8,485376,my_ring_all_reduce,8,8
60,0.3573070000000007,0.38470100000000096,0.36877533333333384,0.36431799999999975,0.01161919889187264,0,8,493568,my_ring_all_reduce,8,8
61,0.3571500000000006,0.3666529999999998,0.3624193333333334,0.3634549999999999,0.003948097122524494,0,8,501760,my_ring_all_reduce,8,8
62,0.36505300000000035,0.5631300000000001,0.43119600000000013,0.365405,0.09329153674726696,0,8,509952,my_ring_all_reduce,8,8
63,0.3658189999999995,0.5118040000000001,0.4152603333333332,0.36815799999999993,0.06827335942290313,0,8,518144,my_ring_all_reduce,8,8
64,0.3647939999999994,0.4541100000000015,0.39513300000000023,0.3664949999999999,0.041708817988527,0,8,526336,my_ring_all_reduce,8,8
65,0.35727599999999987,0.5524100000000007,0.4255743333333338,0.3670370000000007,0.08977484441398711,0,8,534528,my_ring_all_reduce,8,8
66,0.35679700000000003,0.38742099999999935,0.3691376666666661,0.3631949999999988,0.013189485947357919,0,8,542720,my_ring_all_reduce,8,8
67,0.35701900000000025,0.5574050000000007,0.4263530000000007,0.36463500000000115,0.09271990398326925,0,8,550912,my_ring_all_reduce,8,8
68,0.3573400000000006,0.3674219999999987,0.36344266666666664,0.3655660000000007,0.004381254716275236,0,8,559104,my_ring_all_reduce,8,8
69,0.3565079999999998,0.5563159999999989,0.4258206666666662,0.3646379999999999,0.09233380833090774,0,8,567296,my_ring_all_reduce,8,8
70,0.35766199999999937,0.5270690000000031,0.4172986666666672,0.3671649999999991,0.07771624159866782,0,8,575488,my_ring_all_reduce,8,8
71,0.36617300000000025,0.5524790000000012,0.42859466666666696,0.3671319999999996,0.0876003270706736,0,8,583680,my_ring_all_reduce,8,8
72,0.3672960000000003,0.5703009999999995,0.4353473333333335,0.36844500000000063,0.09542780573233779,0,8,591872,my_ring_all_reduce,8,8
73,0.3693399999999992,0.4510699999999997,0.39665833333333317,0.36956500000000053,0.03847496812503183,0,8,600064,my_ring_all_reduce,8,8
74,0.3670039999999999,0.37721300000000063,0.37130333333333354,0.3696930000000002,0.004320555545554854,0,8,608256,my_ring_all_reduce,8,8
75,0.36738900000000013,0.5822049999999991,0.43933599999999995,0.3684140000000007,0.10102450536709666,0,8,616448,my_ring_all_reduce,8,8
76,0.3654389999999985,0.5786540000000004,0.43787566666666616,0.36953399999999964,0.09955935117082516,0,8,624640,my_ring_all_reduce,8,8
77,0.35967599999999994,0.5049260000000004,0.41028000000000003,0.36623799999999984,0.06697842412797349,0,8,632832,my_ring_all_reduce,8,8
78,0.360702,0.5368289999999988,0.42175666666666584,0.36773899999999865,0.08141912660766824,0,8,641024,my_ring_all_reduce,8,8
79,0.36898899999999957,0.3712930000000006,0.37037499999999995,0.37084299999999987,0.000997119852375191,0,8,649216,my_ring_all_reduce,8,8
80,0.36300500000000013,0.3791649999999991,0.36954299999999957,0.36645899999999937,0.0069483663307759996,0,8,657408,my_ring_all_reduce,8,8
81,0.37084500000000026,0.37145399999999973,0.37116633333333265,0.37119999999999803,0.0002497603295603023,0,8,665600,my_ring_all_reduce,8,8
82,0.36841299999999866,0.37250900000000187,0.3701516666666668,0.3695329999999999,0.0017284608438993992,0,8,673792,my_ring_all_reduce,8,8
83,0.36732500000000073,0.37039699999999903,0.36915899999999996,0.3697550000000001,0.001323054042735348,0,8,681984,my_ring_all_reduce,8,8
84,0.36799800000000144,0.3728929999999996,0.3704073333333337,0.37033100000000013,0.001999104188268475,0,8,690176,my_ring_all_reduce,8,8
85,0.3710679999999998,0.43545400000000156,0.3929776666666671,0.37241100000000005,0.030040307170349233,0,8,698368,my_ring_all_reduce,8,8
86,0.37189900000000037,0.37286100000000033,0.3722846666666669,0.37209400000000004,0.0004152319298363067,0,8,706560,my_ring_all_reduce,8,8
87,0.36873299999999926,0.46809400000000007,0.4031333333333329,0.37257299999999943,0.0459608714766041,0,8,714752,my_ring_all_reduce,8,8
88,0.3703019999999997,0.5794190000000008,0.44076466666666664,0.37257299999999943,0.09804780287979772,0,8,722944,my_ring_all_reduce,8,8
89,0.36809299999999895,0.37334000000000017,0.37140999999999985,0.3727970000000005,0.0023559257203916674,0,8,731136,my_ring_all_reduce,8,8
90,0.3646039999999998,0.49609099999999945,0.4116649999999999,0.3743000000000002,0.059829286089673264,0,8,739328,my_ring_all_reduce,8,8
91,0.3736589999999997,0.5146850000000004,0.42114900000000005,0.3751030000000001,0.06614256700995735,0,8,747520,my_ring_all_reduce,8,8
92,0.3715169999999998,0.3765389999999993,0.3742046666666661,0.3745579999999991,0.002065390089600808,0,8,755712,my_ring_all_reduce,8,8
93,0.373277,0.3752609999999995,0.37407666666666656,0.373692,0.0008544161099186295,0,8,763904,my_ring_all_reduce,8,8
94,0.3706199999999999,0.37484500000000026,0.37252999999999975,0.3721249999999991,0.0017484612282425507,0,8,772096,my_ring_all_reduce,8,8
95,0.37231699999999956,0.47529199999999994,0.40763333333333324,0.37529100000000015,0.047857305609720936,0,8,780288,my_ring_all_reduce,8,8
96,0.3800639999999994,0.5589429999999975,0.4404356666666657,0.3823000000000002,0.08380231088433884,0,8,788480,my_ring_all_reduce,8,8
97,0.3780449999999992,0.3822689999999998,0.38024199999999947,0.38041199999999936,0.0017286254655074513,0,8,796672,my_ring_all_reduce,8,8
98,0.37385199999999985,0.3872609999999995,0.3817133333333333,0.3840270000000005,0.005713440897470515,0,8,804864,my_ring_all_reduce,8,8
99,0.3752930000000024,0.3802839999999999,0.378620333333334,0.3802839999999997,0.00235277996326682,0,8,813056,my_ring_all_reduce,8,8
100,0.37375700000000234,0.38236600000000043,0.37677566666666734,0.37420399999999926,0.0039571725877054,0,8,821248,my_ring_all_reduce,8,8
101,0.3977559999999994,0.4049569999999999,0.4017143333333331,0.40243000000000007,0.0029830336162297915,0,8,829440,my_ring_all_reduce,8,8
102,0.3956449999999995,0.4032919999999995,0.4001776666666663,0.401596,0.0032790145199773964,0,8,837632,my_ring_all_reduce,8,8
103,0.3959319999999989,0.40735699999999997,0.4026316666666662,0.4046059999999998,0.004868685677082347,0,8,845824,my_ring_all_reduce,8,8
104,0.39826600000000056,0.4745900000000002,0.4257030000000001,0.4042529999999997,0.03465463046501386,0,8,854016,my_ring_all_reduce,8,8
105,0.40140399999999865,0.5659790000000021,0.4583000000000004,0.4075170000000003,0.0761814390036501,0,8,862208,my_ring_all_reduce,8,8
106,0.4025240000000003,0.46239800000000014,0.423367333333333,0.4051799999999985,0.027620141072936366,0,8,870400,my_ring_all_reduce,8,8
107,0.40787100000000054,0.41157999999999995,0.40974699999999986,0.40978999999999904,0.0015144981567060093,0,8,878592,my_ring_all_reduce,8,8
108,0.4054990000000016,0.4080929999999999,0.4069506666666672,0.40726000000000023,0.0010813492600545934,0,8,886784,my_ring_all_reduce,8,8
109,0.4091799999999998,0.47561199999999965,0.4316339999999996,0.41010999999999925,0.03109945967376287,0,8,894976,my_ring_all_reduce,8,8
110,0.4065260000000008,0.576031,0.46366700000000044,0.4084440000000004,0.07945720463662574,0,8,903168,my_ring_all_reduce,8,8
111,0.4080290000000005,0.4114840000000004,0.4099273333333337,0.4102690000000002,0.00143103886118515,0,8,911360,my_ring_all_reduce,8,8
112,0.40706799999999976,0.48553200000000196,0.43432100000000035,0.41036299999999937,0.03623662187161971,0,8,919552,my_ring_all_reduce,8,8
113,0.4003819999999996,0.5026840000000011,0.4376290000000005,0.4098210000000008,0.046161950052686355,0,8,927744,my_ring_all_reduce,8,8
114,0.4045079999999998,0.4136590000000001,0.409638,0.4107470000000003,0.003817294941010955,0,8,935936,my_ring_all_reduce,8,8
115,0.40495699999999946,0.4108439999999996,0.4084123333333332,0.40943600000000063,0.0025099949977818526,0,8,944128,my_ring_all_reduce,8,8
116,0.41202899999999953,0.48204499999999917,0.4353993333333328,0.4121239999999998,0.03298349001478679,0,8,952320,my_ring_all_reduce,8,8
117,0.4113559999999998,0.41276700000000166,0.4122846666666671,0.4127309999999998,0.0006568309439189805,0,8,960512,my_ring_all_reduce,8,8
118,0.41129099999999974,0.4765709999999999,0.43439500000000003,0.41532300000000033,0.029868327572865498,0,8,968704,my_ring_all_reduce,8,8
119,0.41238400000000003,0.5658540000000012,0.4643930000000002,0.41494099999999934,0.07175135516954902,0,8,976896,my_ring_all_reduce,8,8
120,0.40921400000000085,0.4132430000000004,0.41121799999999986,0.4111969999999983,0.0016448993890203264,0,8,985088,my_ring_all_reduce,8,8
121,0.41516599999999926,0.42188500000000023,0.41799199999999964,0.41692499999999927,0.0028448909762360296,0,8,993280,my_ring_all_reduce,8,8
122,0.4155490000000009,0.41836400000000007,0.4173836666666672,0.4182380000000005,0.0012983246469539618,0,8,1001472,my_ring_all_reduce,8,8
123,0.4167330000000002,0.47119599999999995,0.4358470000000004,0.419612000000001,0.02502313610774342,0,8,1009664,my_ring_all_reduce,8,8
124,0.4222360000000008,0.5596130000000002,0.46929833333333376,0.42604600000000026,0.06388105241427648,0,8,1017856,my_ring_all_reduce,8,8
125,0.41465100000000077,0.4716770000000015,0.4362203333333343,0.42233300000000057,0.025267036356134878,0,8,1026048,my_ring_all_reduce,8,8
126,0.42108400000000074,0.42543800000000104,0.4233563333333343,0.42354700000000095,0.0017826187353318158,0,8,1034240,my_ring_all_reduce,8,8
127,0.41452499999999964,0.4251790000000019,0.41981533333333365,0.4197419999999995,0.004349786380451768,0,8,1042432,my_ring_all_reduce,8,8
128,0.4217559999999994,0.42777499999999985,0.4253086666666664,0.42639499999999997,0.002574513589442354,0,8,1048576,my_ring_all_reduce,8,8
129,0.4400310000000018,0.47570999999999913,0.45238233333333366,0.44140599999999997,0.016504699943415947,0,8,1081344,my_ring_all_reduce,8,8
130,0.4465550000000003,0.44924600000000053,0.4483480000000004,0.4492430000000004,0.0012678430502235595,0,8,1114112,my_ring_all_reduce,8,8
131,0.4516129999999994,0.4577229999999995,0.45514299999999985,0.45609300000000075,0.002583266665806636,0,8,1146880,my_ring_all_reduce,8,8
132,0.46028400000000014,0.46482800000000046,0.46282333333333386,0.4633580000000011,0.0018932133764818133,0,8,1179648,my_ring_all_reduce,8,8
133,0.4684120000000003,0.4889250000000011,0.475547666666667,0.4693059999999996,0.00946624157496341,0,8,1212416,my_ring_all_reduce,8,8
134,0.4755769999999984,0.4783310000000001,0.47675099999999954,0.47634500000000024,0.001160389589750484,0,8,1245184,my_ring_all_reduce,8,8
135,0.49202800000000024,0.49807299999999943,0.49550399999999994,0.49641100000000005,0.0025498356809799515,0,8,1277952,my_ring_all_reduce,8,8
136,0.49961199999999917,0.5047959999999994,0.5027479999999992,0.5038359999999994,0.002251854346977269,0,8,1310720,my_ring_all_reduce,8,8
137,0.5057230000000009,0.5105540000000011,0.5074943333333338,0.5062059999999995,0.0021724782060027837,0,8,1343488,my_ring_all_reduce,8,8
138,0.5057219999999989,0.5110659999999998,0.5077283333333326,0.506396999999999,0.002376120133514048,0,8,1376256,my_ring_all_reduce,8,8
139,0.5141069999999991,0.5737240000000001,0.5341179999999999,0.5145230000000002,0.028006186114261967,0,8,1409024,my_ring_all_reduce,8,8
140,0.5169569999999994,0.5181400000000004,0.5173936666666668,0.5170840000000003,0.0005302781240907193,0,8,1441792,my_ring_all_reduce,8,8
141,0.5131150000000007,0.521467000000001,0.5171806666666675,0.516960000000001,0.003413258104639886,0,8,1474560,my_ring_all_reduce,8,8
142,0.5343329999999987,0.5358980000000001,0.5351633333333329,0.535259,0.0006424797446013201,0,8,1507328,my_ring_all_reduce,8,8
143,0.5834520000000002,0.5884119999999998,0.586097333333333,0.586427999999999,0.002038366230314868,0,8,1540096,my_ring_all_reduce,8,8
144,0.5852759999999989,0.5865879999999998,0.5858729999999993,0.5857549999999992,0.0005420817896471469,0,8,1572864,my_ring_all_reduce,8,8
145,0.5793870000000007,0.5900770000000002,0.5832603333333339,0.580317000000001,0.004835041077614489,0,8,1605632,my_ring_all_reduce,8,8
146,0.5920270000000001,0.5944279999999998,0.5933816666666675,0.5936900000000024,0.0010041587966498117,0,8,1638400,my_ring_all_reduce,8,8
147,0.5930530000000008,0.6005070000000006,0.5968070000000002,0.596860999999999,0.003043322307391374,0,8,1671168,my_ring_all_reduce,8,8
148,0.5902369999999992,0.599357,0.5958259999999992,0.5978839999999982,0.0039975094746604965,0,8,1703936,my_ring_all_reduce,8,8
149,0.5972740000000003,0.6065549999999994,0.6025969999999995,0.6039619999999987,0.003909958141292921,0,8,1736704,my_ring_all_reduce,8,8
150,0.616988000000003,0.6196430000000009,0.6186950000000011,0.6194539999999993,0.0012094949359120293,0,8,1769472,my_ring_all_reduce,8,8
151,0.6466839999999993,0.649692,0.6478246666666667,0.6470980000000008,0.0013311772567502437,0,8,1802240,my_ring_all_reduce,8,8
152,0.6441200000000004,0.6497879999999996,0.6474610000000002,0.6484750000000004,0.0024224922428493904,0,8,1835008,my_ring_all_reduce,8,8
153,0.6526349999999993,0.6563469999999989,0.654149666666666,0.6534669999999997,0.0015904425659403107,0,8,1867776,my_ring_all_reduce,8,8
154,0.6467510000000021,0.6521240000000016,0.6485616666666677,0.6468099999999996,0.0025190652146296955,0,8,1900544,my_ring_all_reduce,8,8
155,0.6553280000000005,0.6567969999999996,0.6561150000000003,0.6562200000000011,0.0006042951817335085,0,8,1933312,my_ring_all_reduce,8,8
156,0.6595779999999996,0.6621699999999991,0.660794,0.6606340000000009,0.0010642105054919726,0,8,1966080,my_ring_all_reduce,8,8
157,0.6677089999999989,0.6682509999999993,0.668006666666666,0.6680599999999995,0.00022446133049809134,0,8,1998848,my_ring_all_reduce,8,8
158,0.697978000000001,0.7019160000000048,0.6996966666666697,0.6991960000000036,0.0016461999338558283,0,8,2031616,my_ring_all_reduce,8,8
159,0.6948120000000009,0.7039960000000005,0.7005080000000006,0.7027160000000003,0.004061437512342771,0,8,2064384,my_ring_all_reduce,8,8
160,0.6956120000000001,0.700509,0.6974676666666665,0.6962819999999993,0.002167872433721459,0,8,2097152,my_ring_all_reduce,8,8
161,0.6942040000000006,0.7058509999999992,0.6981073333333329,0.694266999999999,0.005475659615262743,0,8,2129920,my_ring_all_reduce,8,8
162,0.7010510000000009,0.7027780000000002,0.7019260000000006,0.7019490000000005,0.0007052323494184749,0,8,2162688,my_ring_all_reduce,8,8
163,0.698905999999999,0.7063640000000005,0.702865,0.7033250000000003,0.0030620408227200265,0,8,2195456,my_ring_all_reduce,8,8
164,0.6980429999999996,0.7002520000000022,0.6993013333333341,0.6996090000000004,0.0009276904416653946,0,8,2228224,my_ring_all_reduce,8,8
165,0.7023319999999998,0.7052439999999996,0.7041769999999997,0.7049549999999999,0.0013099361307584996,0,8,2260992,my_ring_all_reduce,8,8
166,0.7035780000000005,0.7082219999999998,0.7059590000000004,0.7060770000000012,0.001897740235121504,0,8,2293760,my_ring_all_reduce,8,8
167,0.7040879999999979,0.707259000000001,0.7059033333333323,0.7063629999999981,0.0013347360121855577,0,8,2326528,my_ring_all_reduce,8,8
168,0.7032910000000002,0.706299,0.7051469999999999,0.7058509999999997,0.0013250730797455086,0,8,2359296,my_ring_all_reduce,8,8
169,0.7089549999999963,0.7114880000000008,0.7101939999999991,0.7101390000000002,0.0010348239785926703,0,8,2392064,my_ring_all_reduce,8,8
170,0.705210000000001,0.7085389999999998,0.7065430000000007,0.7058800000000011,0.0014376455288648347,0,8,2424832,my_ring_all_reduce,8,8
171,0.7030679999999994,0.704348,0.7037503333333328,0.7038349999999991,0.0005259761295811046,0,8,2457600,my_ring_all_reduce,8,8
172,0.7046989999999996,0.7102349999999987,0.7080909999999992,0.7093389999999995,0.0024262387901163533,0,8,2490368,my_ring_all_reduce,8,8
173,0.7096569999999992,0.7102050000000018,0.7099480000000004,0.709982,0.00022500814800162464,0,8,2523136,my_ring_all_reduce,8,8
174,0.7238339999999962,0.7320610000000006,0.7266833333333319,0.7241549999999989,0.0038048420320560272,0,8,2555904,my_ring_all_reduce,8,8
175,0.7299769999999999,0.7333360000000012,0.732174666666667,0.7332109999999998,0.0015548226765636523,0,8,2588672,my_ring_all_reduce,8,8
176,0.7313570000000018,0.7323140000000004,0.7317073333333344,0.731451000000001,0.0004306911757726696,0,8,2621440,my_ring_all_reduce,8,8
177,0.7304569999999995,0.7354179999999988,0.7322186666666646,0.7307809999999955,0.0022661339079788055,0,8,2654208,my_ring_all_reduce,8,8
178,0.7336269999999986,0.7359639999999991,0.734842999999998,0.7349379999999964,0.0009564381840977597,0,8,2686976,my_ring_all_reduce,8,8
179,0.7326029999999991,0.7344260000000008,0.7333706666666665,0.7330829999999996,0.0007715336818463049,0,8,2719744,my_ring_all_reduce,8,8
180,0.7300110000000004,0.7334020000000001,0.7319093333333339,0.7323150000000014,0.001413776109887578,0,8,2752512,my_ring_all_reduce,8,8
181,0.7366359999999995,0.7408270000000002,0.7392063333333336,0.7401560000000009,0.0018380279891477612,0,8,2785280,my_ring_all_reduce,8,8
182,0.7330820000000012,0.7393219999999983,0.7357693333333333,0.7349040000000004,0.0026199238326490137,0,8,2818048,my_ring_all_reduce,8,8
183,0.7343609999999999,0.7416579999999995,0.7390983333333327,0.7412759999999989,0.003353428726277035,0,8,2850816,my_ring_all_reduce,8,8
184,0.7331479999999992,0.7391969999999992,0.7352816666666655,0.7334999999999982,0.0027722857396421897,0,8,2883584,my_ring_all_reduce,8,8
185,0.7339159999999992,0.7384569999999995,0.7369336666666663,0.7384279999999999,0.0021338454072924516,0,8,2916352,my_ring_all_reduce,8,8
186,0.7352929999999996,0.7434819999999991,0.7388106666666666,0.7376570000000011,0.0034412343069824083,0,8,2949120,my_ring_all_reduce,8,8
187,0.7396420000000008,0.7439950000000009,0.7422776666666673,0.743196,0.001892027895025627,0,8,2981888,my_ring_all_reduce,8,8
188,0.7418510000000006,0.7436109999999971,0.7429493333333325,0.7433859999999995,0.0007820521437562368,0,8,3014656,my_ring_all_reduce,8,8
189,0.7626810000000014,0.7691800000000021,0.7652416666666677,0.7638639999999995,0.002826390434616636,0,8,3047424,my_ring_all_reduce,8,8
190,0.7630050000000002,0.765277000000001,0.7638036666666673,0.7631290000000004,0.001043033183663363,0,8,3080192,my_ring_all_reduce,8,8
191,0.7666509999999999,0.7692109999999993,0.7675690000000001,0.7668450000000012,0.0011637674452679152,0,8,3112960,my_ring_all_reduce,8,8
192,0.7648259999999991,0.766621000000001,0.7657656666666662,0.7658499999999986,0.0007352280069633253,0,8,3145728,my_ring_all_reduce,8,8
193,0.7611130000000013,0.7680910000000013,0.7648476666666678,0.7653390000000009,0.0028698637985490154,0,8,3178496,my_ring_all_reduce,8,8
194,0.7676420000000003,0.7727299999999996,0.7706926666666667,0.7717060000000001,0.002197281552787714,0,8,3211264,my_ring_all_reduce,8,8
195,0.7619470000000019,0.7694339999999993,0.765851666666666,0.7661739999999972,0.003065041199649401,0,8,3244032,my_ring_all_reduce,8,8
196,0.7734659999999999,0.774393000000001,0.7739783333333335,0.7740759999999995,0.00038469583944874836,0,8,3276800,my_ring_all_reduce,8,8
197,0.770842999999999,0.7750349999999999,0.7728056666666664,0.7725390000000006,0.0017217334933790904,0,8,3309568,my_ring_all_reduce,8,8
198,0.772190999999999,0.7759640000000009,0.7738643333333334,0.7734380000000001,0.0015695439535816085,0,8,3342336,my_ring_all_reduce,8,8
199,0.7690530000000018,0.7747180000000008,0.7724663333333343,0.7736279999999998,0.002454269522462006,0,8,3375104,my_ring_all_reduce,8,8
200,0.7707150000000019,0.7773069999999989,0.7747580000000003,0.7762520000000004,0.002891094717690848,0,8,3407872,my_ring_all_reduce,8,8
201,0.7708149999999996,0.7745550000000003,0.7727866666666668,0.7729900000000007,0.001533603237115102,0,8,3440640,my_ring_all_reduce,8,8
202,0.779645,0.780509,0.7801993333333331,0.7804439999999995,0.000392870066165383,0,8,3473408,my_ring_all_reduce,8,8
203,0.7771179999999995,0.7811799999999994,0.7794526666666662,0.7800599999999995,0.0017130093078815342,0,8,3506176,my_ring_all_reduce,8,8
204,0.7754220000000014,0.782107,0.7797823333333338,0.7818180000000002,0.003085477848818856,0,8,3538944,my_ring_all_reduce,8,8
205,0.7956089999999995,0.7989429999999988,0.7968386666666657,0.795963999999999,0.0014950296169490979,0,8,3571712,my_ring_all_reduce,8,8
206,0.7974989999999998,0.8022330000000002,0.7996633333333336,0.7992580000000007,0.001953784418904994,0,8,3604480,my_ring_all_reduce,8,8
207,0.7974340000000011,0.7991639999999971,0.7983626666666663,0.7984900000000007,0.0007119856428000445,0,8,3637248,my_ring_all_reduce,8,8
208,0.8099790000000012,0.8157389999999995,0.8119416666666672,0.8101070000000009,0.0026856285835694083,0,8,3670016,my_ring_all_reduce,8,8
209,0.8114820000000009,0.8126670000000004,0.8118883333333337,0.8115159999999997,0.0005507754129911497,0,8,3702784,my_ring_all_reduce,8,8
210,0.8092749999999987,0.816156,0.8116649999999993,0.8095639999999994,0.0031778075251137363,0,8,3735552,my_ring_all_reduce,8,8
211,0.8125080000000008,0.8135940000000009,0.8130736666666669,0.8131189999999988,0.0004445149666271603,0,8,3768320,my_ring_all_reduce,8,8
212,0.8097879999999986,0.8137559999999958,0.8121029999999982,0.8127650000000003,0.001686206590742758,0,8,3801088,my_ring_all_reduce,8,8
213,0.8055009999999994,0.8139790000000012,0.8100963333333334,0.8108089999999998,0.0034976221764069855,0,8,3833856,my_ring_all_reduce,8,8
214,0.8134999999999982,0.8186839999999993,0.8166143333333323,0.8176589999999992,0.0022415709273240544,0,8,3866624,my_ring_all_reduce,8,8
215,0.8131810000000009,0.8184310000000005,0.8162633333333337,0.8171779999999998,0.0022387625053931514,0,8,3899392,my_ring_all_reduce,8,8
216,0.8133410000000003,0.8180109999999995,0.8157086666666666,0.8157740000000003,0.0019070791511858187,0,8,3932160,my_ring_all_reduce,8,8
217,0.8151309999999985,0.8191320000000023,0.817606,0.8185549999999994,0.0017658710787232148,0,8,3964928,my_ring_all_reduce,8,8
218,0.8143650000000007,0.8177240000000002,0.8156873333333335,0.814973,0.001461374771310209,0,8,3997696,my_ring_all_reduce,8,8
219,0.8158370000000014,0.8175640000000003,0.8168069999999998,0.8170199999999977,0.0007209526105546811,0,8,4030464,my_ring_all_reduce,8,8
220,1.012764000000001,1.017656,1.01451,1.0131099999999988,0.002229038058595284,0,8,4063232,my_ring_all_reduce,8,8
221,1.0301399999999976,1.0414340000000002,1.0341713333333322,1.0309399999999986,0.005145855635580201,0,8,4096000,my_ring_all_reduce,8,8
222,1.0419109999999983,1.043259,1.0426716666666662,1.0428450000000007,0.0005638021717675699,0,8,4128768,my_ring_all_reduce,8,8
223,1.0420449999999992,1.0485370000000003,1.045275,1.0452430000000001,0.002650444491024528,0,8,4161536,my_ring_all_reduce,8,8
224,1.0487969999999995,1.0495639999999986,1.0492333333333326,1.049339,0.00032191751876640544,0,8,4194304,my_ring_all_reduce,8,8
225,1.0550029999999988,1.0610200000000005,1.0581499999999997,1.0584269999999998,0.002464226585902792,0,8,4227072,my_ring_all_reduce,8,8
226,1.0649539999999997,1.0713239999999988,1.0671209999999993,1.0650849999999992,0.0029724509527770016,0,8,4259840,my_ring_all_reduce,8,8
227,1.0705870000000013,1.0746180000000018,1.072560666666668,1.0724770000000008,0.0016467119426976356,0,8,4292608,my_ring_all_reduce,8,8
228,1.0814000000000006,1.0830629999999983,1.0824989999999997,1.0830340000000005,0.0007772005318228942,0,8,4325376,my_ring_all_reduce,8,8
229,1.1215300000000026,1.123832,1.122894333333334,1.123321,0.0009870272989570804,0,8,4358144,my_ring_all_reduce,8,8
230,1.1352240000000002,1.1378160000000008,1.1363660000000007,1.136058000000001,0.0010803591995259896,0,8,4390912,my_ring_all_reduce,8,8
231,1.1371769999999997,1.1380410000000012,1.1376780000000004,1.1378160000000008,0.0003659754090106023,0,8,4423680,my_ring_all_reduce,8,8
232,1.1701699999999984,1.175128999999999,1.172025333333333,1.170777000000002,0.002208570025051011,0,8,4456448,my_ring_all_reduce,8,8
233,1.1906800000000004,1.197207,1.1931650000000003,1.191608,0.0028831255031069587,0,8,4489216,my_ring_all_reduce,8,8
234,1.2044719999999998,1.2062970000000004,1.2055496666666665,1.20588,0.0007808099783062475,0,8,4521984,my_ring_all_reduce,8,8
235,1.211577000000003,1.216279999999999,1.2142640000000007,1.2149349999999994,0.0019777483830506755,0,8,4554752,my_ring_all_reduce,8,8
236,1.2205030000000006,1.223929,1.2219756666666666,1.221494999999999,0.001439363130770695,0,8,4587520,my_ring_all_reduce,8,8
237,1.221786,1.225273000000002,1.2239933333333342,1.2249210000000004,0.00156742173293942,0,8,4620288,my_ring_all_reduce,8,8
238,1.2248239999999968,1.2263590000000004,1.2253996666666656,1.2250159999999997,0.0006828647173663351,0,8,4653056,my_ring_all_reduce,8,8
239,1.2243769999999996,1.2284729999999995,1.2268726666666652,1.2277679999999964,0.0017880194505523488,0,8,4685824,my_ring_all_reduce,8,8
240,1.2269030000000003,1.2326020000000009,1.2297416666666672,1.2297200000000008,0.0023266574498387077,0,8,4718592,my_ring_all_reduce,8,8
241,1.2240570000000006,1.2298450000000007,1.2277890000000007,1.2294650000000003,0.002643478516399638,0,8,4751360,my_ring_all_reduce,8,8
242,1.2271930000000002,1.2341020000000027,1.2316620000000011,1.2336910000000008,0.003164511652689055,0,8,4784128,my_ring_all_reduce,8,8
243,1.2382350000000006,1.2431280000000007,1.2400466666666683,1.2387770000000038,0.002190038406562686,0,8,4816896,my_ring_all_reduce,8,8
244,1.2453669999999992,1.2563749999999991,1.250743666666666,1.250489,0.004497603608836793,0,8,4849664,my_ring_all_reduce,8,8
245,1.2506490000000012,1.2549989999999993,1.2526213333333336,1.2522160000000004,0.0017988600711430344,0,8,4882432,my_ring_all_reduce,8,8
246,1.2537520000000022,1.2631270000000003,1.258231666666667,1.257815999999999,0.003838596994851596,0,8,4915200,my_ring_all_reduce,8,8
247,1.2593200000000015,1.2690169999999998,1.2644510000000009,1.2650160000000015,0.003978891889290463,0,8,4947968,my_ring_all_reduce,8,8
248,1.259383,1.2741060000000015,1.2673206666666672,1.268473,0.006065618206104755,0,8,4980736,my_ring_all_reduce,8,8
249,1.2670009999999985,1.2731119999999991,1.2694643333333329,1.2682800000000007,0.002631610955711731,0,8,5013504,my_ring_all_reduce,8,8
250,1.262746,1.2676069999999995,1.265687999999999,1.2667109999999975,0.002112222683966924,0,8,5046272,my_ring_all_reduce,8,8
251,1.2720900000000002,1.2760570000000007,1.2745,1.2753529999999993,0.0017281934691077523,0,8,5079040,my_ring_all_reduce,8,8
252,1.283899000000003,1.2896589999999997,1.2871196666666676,1.2878009999999995,0.002400355714378249,0,8,5111808,my_ring_all_reduce,8,8
253,1.2879320000000012,1.2964120000000021,1.2917716666666683,1.2909710000000014,0.0035079338965016108,0,8,5144576,my_ring_all_reduce,8,8
254,1.2921530000000017,1.297049,1.2949583333333334,1.295672999999999,0.0020616765561596896,0,8,5177344,my_ring_all_reduce,8,8
255,1.2984260000000003,1.3043790000000008,1.3006126666666669,1.2990329999999994,0.0026747040127008117,0,8,5210112,my_ring_all_reduce,8,8
256,1.298105,1.3011129999999975,1.2997066666666663,1.299902000000002,0.0012357541107437498,0,8,5242880,my_ring_all_reduce,8,8
257,1.3003770000000003,1.3042160000000005,1.3022969999999996,1.302297999999998,0.0015672653466043502,0,8,5275648,my_ring_all_reduce,8,8
258,1.301724,1.3118009999999996,1.3063519999999997,1.305531,0.004154677123435473,0,8,5308416,my_ring_all_reduce,8,8
259,1.3145239999999985,1.3210500000000012,1.3169129999999996,1.315164999999999,0.002936982238058898,0,8,5341184,my_ring_all_reduce,8,8
260,1.3206320000000014,1.325977,1.323192666666667,1.3229689999999992,0.002187811133428406,0,8,5373952,my_ring_all_reduce,8,8
261,1.3213379999999997,1.3244729999999996,1.3231613333333334,1.3236730000000008,0.0013300146198027905,0,8,5406720,my_ring_all_reduce,8,8
262,1.322811999999999,1.3277069999999966,1.325264999999999,1.3252760000000017,0.0019983905190584903,0,8,5439488,my_ring_all_reduce,8,8
263,1.3238970000000019,1.3261399999999985,1.3253800000000002,1.326103000000001,0.0010487481426274445,0,8,5472256,my_ring_all_reduce,8,8
264,1.3234490000000014,1.3287589999999982,1.3257089999999998,1.324919,0.002238615643649955,0,8,5505024,my_ring_all_reduce,8,8
265,1.3270950000000012,1.3354770000000027,1.3305403333333354,1.3290490000000028,0.0035807389678052144,0,8,5537792,my_ring_all_reduce,8,8
266,1.330649999999998,1.336312,1.332601666666665,1.3308429999999971,0.0026247847319151494,0,8,5570560,my_ring_all_reduce,8,8
267,1.3344270000000007,1.341051,1.3378076666666667,1.3379449999999997,0.0027059797157814418,0,8,5603328,my_ring_all_reduce,8,8
268,1.3395439999999998,1.3435759999999992,1.341901,1.3425830000000005,0.001715245171979681,0,8,5636096,my_ring_all_reduce,8,8
269,1.342812,1.3510970000000002,1.3462873333333338,1.3449530000000014,0.0035114707586549223,0,8,5668864,my_ring_all_reduce,8,8
270,1.3500109999999987,1.3524430000000012,1.3512803333333316,1.3513869999999952,0.0009957206212372982,0,8,5701632,my_ring_all_reduce,8,8
271,1.3565700000000034,1.3624899999999998,1.3596850000000031,1.3599950000000063,0.0024267502274977707,0,8,5734400,my_ring_all_reduce,8,8
272,1.3622969999999988,1.3660080000000017,1.3638120000000005,1.3631310000000012,0.0015896961973921764,0,8,5767168,my_ring_all_reduce,8,8
273,1.3630010000000021,1.3661990000000015,1.3643343333333353,1.3638030000000017,0.001358562311988279,0,8,5799936,my_ring_all_reduce,8,8
274,1.3716720000000022,1.3745520000000016,1.3729413333333353,1.3726000000000023,0.0012002725616381852,0,8,5832704,my_ring_all_reduce,8,8
275,1.3754489999999988,1.3838669999999966,1.379545666666667,1.3793210000000053,0.003440303991735074,0,8,5865472,my_ring_all_reduce,8,8
276,1.3828740000000017,1.3858809999999995,1.384313333333333,1.3841849999999978,0.0012309520254205222,0,8,5898240,my_ring_all_reduce,8,8
277,1.3828089999999984,1.389048999999999,1.3859873333333326,1.3861039999999998,0.002548804730762455,0,8,5931008,my_ring_all_reduce,8,8
278,1.3910949999999997,1.3926990000000006,1.392143,1.3926349999999994,0.0007415083726208757,0,8,5963776,my_ring_all_reduce,8,8
279,1.3903289999999988,1.3947779999999994,1.3918973333333329,1.390585000000001,0.002039618319413721,0,8,5996544,my_ring_all_reduce,8,8
280,1.3921859999999988,1.4014670000000007,1.3953850000000003,1.3925020000000012,0.004302557921361383,0,8,6029312,my_ring_all_reduce,8,8
281,1.3954820000000019,1.3990010000000022,1.3976786666666667,1.3985529999999964,0.0015640085961675274,0,8,6062080,my_ring_all_reduce,8,8
282,1.4003760000000003,1.4070320000000012,1.4038846666666676,1.404246000000001,0.0027292862721886796,0,8,6094848,my_ring_all_reduce,8,8
283,1.4026179999999995,1.4101410000000005,1.407066666666666,1.408440999999998,0.0032213326779802,0,8,6127616,my_ring_all_reduce,8,8
284,1.4102639999999993,1.4110329999999986,1.4106706666666653,1.4107149999999984,0.0003155041820463017,0,8,6160384,my_ring_all_reduce,8,8
285,1.4111299999999993,1.4158330000000006,1.4129329999999998,1.4118359999999994,0.0020707662028024753,0,8,6193152,my_ring_all_reduce,8,8
286,1.4206320000000014,1.4224599999999992,1.4216896666666672,1.4219770000000012,0.0007734409407884108,0,8,6225920,my_ring_all_reduce,8,8
287,1.4193859999999987,1.4247900000000027,1.4218063333333337,1.4212429999999996,0.00224184631250593,0,8,6258688,my_ring_all_reduce,8,8
288,1.4244389999999993,1.4300100000000002,1.426466666666667,1.424951000000001,0.0025142188095356108,0,8,6291456,my_ring_all_reduce,8,8
289,1.4261380000000008,1.4305830000000006,1.428494,1.4287609999999986,0.0018244584584654194,0,8,6324224,my_ring_all_reduce,8,8
290,1.4372080000000005,1.4447930000000007,1.4402706666666676,1.4388110000000016,0.003264049257525839,0,8,6356992,my_ring_all_reduce,8,8
291,1.4427780000000012,1.444953999999996,1.4435559999999983,1.442935999999998,0.000990637505176944,0,8,6389760,my_ring_all_reduce,8,8
292,1.4456880000000019,1.4533990000000012,1.4489203333333336,1.4476739999999981,0.003269035569637739,0,8,6422528,my_ring_all_reduce,8,8
293,1.4533050000000012,1.4587440000000007,1.4559296666666677,1.4557400000000007,0.0022245089845225165,0,8,6455296,my_ring_all_reduce,8,8
294,1.4689530000000004,1.4757320000000018,1.472277666666668,1.4721480000000011,0.0027690335658659146,0,8,6488064,my_ring_all_reduce,8,8
295,1.4829700000000012,1.4854010000000009,1.4845483333333345,1.4852740000000013,0.0011172538754562686,0,8,6520832,my_ring_all_reduce,8,8
296,1.492981,1.4959930000000023,1.4947116666666667,1.4951609999999982,0.0012700292210117885,0,8,6553600,my_ring_all_reduce,8,8
297,1.5038610000000046,1.5093640000000006,1.50657066666667,1.5064870000000046,0.002247369177997875,0,8,6586368,my_ring_all_reduce,8,8
298,1.5107120000000032,1.5191269999999968,1.5148816666666665,1.5148059999999988,0.0034358259883475457,0,8,6619136,my_ring_all_reduce,8,8
299,1.5222930000000015,1.5275739999999933,1.524641666666664,1.5240579999999972,0.002195106729874725,0,8,6651904,my_ring_all_reduce,8,8
300,1.5227090000000025,1.529750000000002,1.5272006666666689,1.529143000000002,0.003185740555802856,0,8,6684672,my_ring_all_reduce,8,8
301,1.5295920000000005,1.533528000000004,1.5310843333333348,1.5301329999999997,0.0017419912616203701,0,8,6717440,my_ring_all_reduce,8,8
302,1.5247270000000008,1.527063000000002,1.5257933333333344,1.5255900000000002,0.0009644453789043779,0,8,6750208,my_ring_all_reduce,8,8
303,1.5296230000000015,1.5322160000000005,1.5305410000000002,1.5297839999999987,0.0011862262291261814,0,8,6782976,my_ring_all_reduce,8,8
304,1.534165,1.5382000000000007,1.5361296666666664,1.5360239999999985,0.0016489755068597176,0,8,6815744,my_ring_all_reduce,8,8
305,1.5346160000000018,1.5404680000000008,1.5366733333333344,1.5349360000000007,0.002686412891240114,0,8,6848512,my_ring_all_reduce,8,8
306,1.5461349999999985,1.551766999999999,1.5484599999999993,1.5474779999999997,0.0024018186165210387,0,8,6881280,my_ring_all_reduce,8,8
307,1.5539130000000005,1.5545520000000033,1.5542210000000012,1.5541979999999995,0.0002613771221829026,0,8,6914048,my_ring_all_reduce,8,8
308,1.552051999999996,1.5578120000000018,1.555241999999999,1.5558619999999992,0.002392028427927058,0,8,6946816,my_ring_all_reduce,8,8
309,1.5543909999999987,1.5591580000000014,1.556427666666667,1.5557340000000004,0.002006979875889703,0,8,6979584,my_ring_all_reduce,8,8
310,1.5671910000000007,1.567960000000001,1.5674689999999998,1.5672559999999975,0.00034820204862577966,0,8,7012352,my_ring_all_reduce,8,8
311,1.5661999999999998,1.5707749999999943,1.5681093333333314,1.567353,0.0019427963237420415,0,8,7045120,my_ring_all_reduce,8,8
312,1.5599249999999993,1.5643420000000006,1.5624103333333335,1.562964,0.001845242952989493,0,8,7077888,my_ring_all_reduce,8,8
313,1.5569190000000008,1.5662330000000002,1.5620383333333347,1.5629630000000034,0.003858229761028852,0,8,7110656,my_ring_all_reduce,8,8
314,1.5622319999999963,1.5647919999999986,1.563351999999998,1.5630319999999993,0.0010693300083081307,0,8,7143424,my_ring_all_reduce,8,8
315,1.56217,1.568884000000002,1.564620333333334,1.5628069999999998,0.0030260626049198845,0,8,7176192,my_ring_all_reduce,8,8
316,1.5628060000000015,1.5694639999999964,1.565228333333333,1.5634150000000009,0.0030053701195596506,0,8,7208960,my_ring_all_reduce,8,8
317,1.5667109999999993,1.5696249999999992,1.5685886666666657,1.5694299999999985,0.0013300953182216074,0,8,7241728,my_ring_all_reduce,8,8
318,1.567348,1.569143,1.5683200000000006,1.568469000000002,0.0007403409124632065,0,8,7274496,my_ring_all_reduce,8,8
319,1.5619130000000032,1.5702000000000025,1.566061000000002,1.5660699999999999,0.0033831595686081117,0,8,7307264,my_ring_all_reduce,8,8
320,1.564536000000002,1.5706169999999993,1.5676193333333333,1.567704999999999,0.002483296778253337,0,8,7340032,my_ring_all_reduce,8,8
321,1.575347999999999,1.5846940000000014,1.580213666666667,1.580599,0.003825205034447523,0,8,7372800,my_ring_all_reduce,8,8
322,1.5870639999999998,1.5971749999999976,1.5923226666666654,1.5927289999999994,0.004137786069330821,0,8,7405568,my_ring_all_reduce,8,8
323,1.5972069999999985,1.6033850000000003,1.5996606666666662,1.5983899999999995,0.0026774199438188854,0,8,7438336,my_ring_all_reduce,8,8
324,1.6007940000000018,1.6073199999999996,1.6038760000000007,1.603514000000001,0.0026764967152346445,0,8,7471104,my_ring_all_reduce,8,8
325,1.6105869999999995,1.6150330000000004,1.6127083333333336,1.612505000000001,0.0018207575956791528,0,8,7503872,my_ring_all_reduce,8,8
326,1.6080890000000072,1.6115420000000014,1.610359333333336,1.6114469999999992,0.0016058365075182668,0,8,7536640,my_ring_all_reduce,8,8
327,1.6088219999999964,1.6163790000000005,1.6117473333333339,1.6100410000000047,0.00331267689674457,0,8,7569408,my_ring_all_reduce,8,8
328,1.6095300000000026,1.6174660000000003,1.6127500000000012,1.6112540000000009,0.003408179963948679,0,8,7602176,my_ring_all_reduce,8,8
329,1.6096900000000023,1.616216999999997,1.6132090000000001,1.6137200000000012,0.002689023738581624,0,8,7634944,my_ring_all_reduce,8,8
330,1.6149990000000016,1.6178179999999993,1.616461666666668,1.616568000000003,0.0011533054909925434,0,8,7667712,my_ring_all_reduce,8,8
331,1.6197029999999977,1.6250170000000008,1.623096999999997,1.6245709999999927,0.002406817539130412,0,8,7700480,my_ring_all_reduce,8,8
332,1.658805999999997,1.6621030000000028,1.6606950000000005,1.6611760000000013,0.0013883018403815996,0,8,7733248,my_ring_all_reduce,8,8
333,1.6765639999999995,1.686680999999997,1.6817830000000011,1.6821040000000067,0.004136480226794274,0,8,7766016,my_ring_all_reduce,8,8
334,1.6862960000000002,1.6936860000000016,1.6906160000000023,1.6918660000000054,0.0031437663187129108,0,8,7798784,my_ring_all_reduce,8,8
335,1.7014009999999982,1.7034819999999982,1.7027139999999987,1.703259,0.0009328840585342648,0,8,7831552,my_ring_all_reduce,8,8
336,1.7095920000000016,1.7121480000000011,1.7108490000000012,1.7108070000000006,0.001043905168106588,0,8,7864320,my_ring_all_reduce,8,8
337,1.7140709999999981,1.7176909999999999,1.7157359999999997,1.7154460000000018,0.0014920176495833465,0,8,7897088,my_ring_all_reduce,8,8
338,1.7164089999999979,1.7189990000000017,1.7178049999999991,1.7180069999999978,0.0010669670410419167,0,8,7929856,my_ring_all_reduce,8,8
339,1.7193229999999986,1.7207899999999974,1.7201629999999994,1.7203760000000021,0.0006175483786716537,0,8,7962624,my_ring_all_reduce,8,8
340,1.7180399999999991,1.7229660000000004,1.7203969999999984,1.7201849999999959,0.002016610522635127,0,8,7995392,my_ring_all_reduce,8,8
341,1.7171090000000022,1.7241200000000045,1.720930000000002,1.7215609999999997,0.002896797196906243,0,8,8028160,my_ring_all_reduce,8,8
342,1.717558000000001,1.7244689999999974,1.7219416666666663,1.7237980000000008,0.0031118012290123017,0,8,8060928,my_ring_all_reduce,8,8
343,1.804375,1.809045000000002,1.806304333333334,1.8054929999999996,0.0019909664878041983,0,8,8093696,my_ring_all_reduce,8,8
344,1.8329490000000006,1.8455599999999994,1.838496,1.8369789999999995,0.005258979432044039,0,8,8126464,my_ring_all_reduce,8,8
345,1.839156000000001,1.856019000000002,1.847699333333334,1.8479229999999989,0.006886107382904738,0,8,8159232,my_ring_all_reduce,8,8
346,1.847509,1.8499080000000003,1.8487356666666663,1.848789999999999,0.000980140919573502,0,8,8192000,my_ring_all_reduce,8,8
347,1.8531770000000016,1.8647249999999995,1.8588599999999997,1.858677999999998,0.004716207445252897,0,8,8224768,my_ring_all_reduce,8,8
348,1.8638270000000048,1.8667069999999986,1.865288333333334,1.8653309999999992,0.0011761420926980621,0,8,8257536,my_ring_all_reduce,8,8
349,1.8689180000000016,1.8757330000000003,1.8724696666666674,1.872758,0.0027896724220271866,0,8,8290304,my_ring_all_reduce,8,8
350,1.8782300000000014,1.881268000000002,1.8797443333333348,1.8797350000000006,0.0012402758653714003,0,8,8323072,my_ring_all_reduce,8,8
351,1.8843090000000084,1.8916060000000003,1.8869750000000032,1.8850100000000003,0.0032870930419828886,0,8,8355840,my_ring_all_reduce,8,8
352,1.8988379999999998,1.9058760000000001,1.9015989999999998,1.9000829999999989,0.00306670865913309,0,8,8388608,my_ring_all_reduce,8,8
353,1.9218109999999988,1.9268989999999995,1.9239976666666667,1.9232830000000014,0.0021377554168384755,0,8,8421376,my_ring_all_reduce,8,8
354,1.9485360000000018,1.9571079999999965,1.9525866666666636,1.9521159999999929,0.0035152943293853853,0,8,8454144,my_ring_all_reduce,8,8
355,1.981140000000003,1.9846269999999995,1.9830173333333339,1.983285,0.0014360887468692707,0,8,8486912,my_ring_all_reduce,8,8
356,2.0105160000000013,2.0112520000000043,2.010922333333335,2.010999,0.00030532205219429827,0,8,8519680,my_ring_all_reduce,8,8
357,2.0309950000000008,2.034195999999996,2.0324253333333324,2.032085000000001,0.001328776463098059,0,8,8552448,my_ring_all_reduce,8,8
358,2.053458999999999,2.064212000000002,2.0575026666666667,2.0548369999999996,0.004777453040645104,0,8,8585216,my_ring_all_reduce,8,8
359,2.0838270000000003,2.087224000000002,2.0856856666666674,2.0860059999999994,0.0014051956763705912,0,8,8617984,my_ring_all_reduce,8,8
360,2.0974930000000023,2.108691,2.101737666666668,2.0990290000000025,0.004956575251341467,0,8,8650752,my_ring_all_reduce,8,8
361,2.113719000000001,2.1180369999999984,2.1162883333333333,2.1171089999999997,0.0018558737983903361,0,8,8683520,my_ring_all_reduce,8,8
362,2.1337169999999968,2.1438610000000007,2.1375143333333324,2.1349650000000002,0.004516599704301856,0,8,8716288,my_ring_all_reduce,8,8
363,2.153209999999999,2.161428999999999,2.1577923333333318,2.1587379999999974,0.0034213744151857595,0,8,8749056,my_ring_all_reduce,8,8
364,2.1677599999999986,2.1733940000000005,2.170941333333334,2.171670000000002,0.002357075212113594,0,8,8781824,my_ring_all_reduce,8,8
365,2.188405000000001,2.193043999999999,2.190228999999999,2.189237999999998,0.002019346593991592,0,8,8814592,my_ring_all_reduce,8,8
366,2.210801999999996,2.213460000000001,2.212147999999999,2.2121820000000008,0.001085390252399673,0,8,8847360,my_ring_all_reduce,8,8
367,2.233652000000002,2.2354109999999983,2.234493333333334,2.2344170000000014,0.0007201344010344973,0,8,8880128,my_ring_all_reduce,8,8
368,2.2477940000000016,2.250035999999993,2.2487763333333315,2.248499,0.0009360649312674227,0,8,8912896,my_ring_all_reduce,8,8
369,2.254225999999995,2.2678599999999935,2.259665999999996,2.2569120000000007,0.005896884827317524,0,8,8945664,my_ring_all_reduce,8,8
370,2.269205,2.2791840000000048,2.273896000000001,2.2732989999999993,0.004095722728247604,0,8,8978432,my_ring_all_reduce,8,8
371,2.2772360000000007,2.2825490000000026,2.2797953333333365,2.279601000000006,0.002173371625430174,0,8,9011200,my_ring_all_reduce,8,8
372,2.286419999999995,2.3015239999999975,2.293416666666664,2.2923060000000004,0.006215994923493678,0,8,9043968,my_ring_all_reduce,8,8
373,2.173429,2.1810730000000076,2.1775566666666686,2.178167999999998,0.0031504476225195505,0,8,9076736,my_ring_all_reduce,8,8
374,2.1775560000000005,2.1885969999999997,2.1820903333333335,2.1801180000000002,0.004718297315298433,0,8,9109504,my_ring_all_reduce,8,8
375,2.1861980000000005,2.1916029999999993,2.1892150000000004,2.189844000000001,0.002250960831881537,0,8,9142272,my_ring_all_reduce,8,8
376,2.188148,2.205109,2.198111000000001,2.2010760000000027,0.007234744823881012,0,8,9175040,my_ring_all_reduce,8,8
377,2.193428,2.2034140000000044,2.1982513333333347,2.197912,0.0040838225013138905,0,8,9207808,my_ring_all_reduce,8,8
378,2.2068060000000025,2.32952,2.2876019999999997,2.326479999999996,0.05714487793902821,0,8,9240576,my_ring_all_reduce,8,8
379,2.326066999999999,2.341906999999999,2.3344409999999995,2.3353490000000003,0.006498448430202393,0,8,9273344,my_ring_all_reduce,8,8
380,2.269969,2.2783250000000006,2.2754980000000002,2.278199999999999,0.003909926427270178,0,8,9306112,my_ring_all_reduce,8,8
381,2.2806280000000005,2.2842430000000005,2.282419666666667,2.282388,0.00147598742843183,0,8,9338880,my_ring_all_reduce,8,8
382,2.2827130000000015,2.285207000000002,2.284225000000001,2.284755,0.0010849528407568876,0,8,9371648,my_ring_all_reduce,8,8
383,2.301940999999999,2.3644699999999976,2.343402666666666,2.363797000000002,0.02931911304176137,0,8,9404416,my_ring_all_reduce,8,8
384,2.3660709999999994,2.367542000000001,2.3667956666666665,2.3667739999999995,0.0006007286316547356,0,8,9437184,my_ring_all_reduce,8,8
385,2.2789349999999997,2.290229999999998,2.283840333333333,2.282356000000002,0.004729107761746691,0,8,9469952,my_ring_all_reduce,8,8
386,2.2863870000000026,2.2917639999999992,2.2885213333333354,2.2874130000000044,0.0023308559705711093,0,8,9502720,my_ring_all_reduce,8,8
387,2.2897530000000006,2.3006310000000014,2.294209000000001,2.2922430000000005,0.0046534279837560305,0,8,9535488,my_ring_all_reduce,8,8
388,2.2756379999999954,2.280469000000001,2.2784960000000005,2.2793810000000048,0.002069147811704021,0,8,9568256,my_ring_all_reduce,8,8
389,2.276532,2.2863579999999994,2.280118333333333,2.2774649999999994,0.004428521373500901,0,8,9601024,my_ring_all_reduce,8,8
390,2.287221999999998,2.2888530000000027,2.2882673333333345,2.288727000000003,0.0007409499908172897,0,8,9633792,my_ring_all_reduce,8,8
391,2.2845329999999997,2.291542000000005,2.2881596666666675,2.2884039999999986,0.0028666233717681644,0,8,9666560,my_ring_all_reduce,8,8
392,2.288597999999998,2.2921819999999973,2.290518333333331,2.290774999999998,0.0014743749711503332,0,8,9699328,my_ring_all_reduce,8,8
393,2.2923100000000014,2.296307999999997,2.2939309999999997,2.293175,0.001717489058672721,0,8,9732096,my_ring_all_reduce,8,8
394,2.239700000000001,2.2445659999999954,2.2426989999999987,2.243831,0.0021417371454014954,0,8,9764864,my_ring_all_reduce,8,8
395,2.2408219999999983,2.2421039999999994,2.241334666666665,2.2410779999999977,0.0005539490550188129,0,8,9797632,my_ring_all_reduce,8,8
396,2.2445380000000004,2.262967999999999,2.2508080000000006,2.2449180000000015,0.008599817827526982,0,8,9830400,my_ring_all_reduce,8,8
397,2.3889170000000015,2.3963390000000038,2.3916793333333355,2.389782000000001,0.003313751784442571,0,8,9863168,my_ring_all_reduce,8,8
398,2.3566320000000016,2.3632910000000003,2.3604936666666663,2.3615579999999974,0.0028207770009136394,0,8,9895936,my_ring_all_reduce,8,8
399,2.2804349999999975,2.2863570000000037,2.2835936666666687,2.283989000000005,0.0024337539362547706,0,8,9928704,my_ring_all_reduce,8,8
400,2.280183000000001,2.2949349999999975,2.286752999999998,2.285140999999996,0.006129398230385532,0,8,9961472,my_ring_all_reduce,8,8
401,2.2884699999999976,2.2899390000000004,2.2892383333333326,2.289306,0.0006016224360485403,0,8,9994240,my_ring_all_reduce,8,8
402,2.28226,2.288694000000003,2.2862816666666688,2.2878910000000032,0.002862580925592174,0,8,10027008,my_ring_all_reduce,8,8
403,2.2856830000000046,2.295284000000005,2.289438333333336,2.2873479999999975,0.004189026962064146,0,8,10059776,my_ring_all_reduce,8,8
404,2.2882729999999993,2.289683000000003,2.289096333333334,2.2893329999999996,0.0005994627224081202,0,8,10092544,my_ring_all_reduce,8,8
405,2.2773330000000005,2.2827379999999997,2.2799973333333337,2.2799210000000003,0.0022072420699946194,0,8,10125312,my_ring_all_reduce,8,8
406,2.281715,2.294035,2.288189333333333,2.288817999999999,0.005049225441149829,0,8,10158080,my_ring_all_reduce,8,8
407,2.2887570000000013,2.2974930000000002,2.2942710000000006,2.2965630000000004,0.003917428748553877,0,8,10190848,my_ring_all_reduce,8,8
408,2.1648829999999943,2.167412,2.165769333333331,2.165012999999999,0.0011627525771029006,0,8,10223616,my_ring_all_reduce,8,8
409,2.1679910000000056,2.1716730000000024,2.1696653333333358,2.1693319999999994,0.0015215374534395746,0,8,10256384,my_ring_all_reduce,8,8
410,2.071574000000004,2.072339,2.0718490000000007,2.071633999999999,0.0003473470886582623,0,8,10289152,my_ring_all_reduce,8,8
411,2.0717949999999994,2.0742580000000017,2.0726273333333345,2.0718290000000015,0.0011531390009695151,0,8,10321920,my_ring_all_reduce,8,8
412,2.074292000000005,2.076759,2.0751680000000037,2.074453000000005,0.001126925315476281,0,8,10354688,my_ring_all_reduce,8,8
413,2.0705179999999963,2.078103000000001,2.0746133333333323,2.075219000000001,0.003126039062813334,0,8,10387456,my_ring_all_reduce,8,8
414,2.0750280000000023,2.075572000000001,2.0752520000000003,2.075155999999998,0.00023222977127551885,0,8,10420224,my_ring_all_reduce,8,8
415,2.1485309999999993,2.207059000000002,2.1691816666666677,2.151955000000002,0.026819771678538298,0,8,10452992,my_ring_all_reduce,8,8
416,2.2408810000000012,2.3303549999999995,2.296786,2.3191219999999992,0.039795911356150626,0,8,10485760,my_ring_all_reduce,8,8
417,2.3637959999999985,2.3671900000000026,2.365962333333334,2.366901,0.0015363659141710054,0,8,10518528,my_ring_all_reduce,8,8
418,2.3611700000000058,2.381010000000002,2.368957333333336,2.3646920000000007,0.0086429625065063,0,8,10551296,my_ring_all_reduce,8,8
419,2.3749,2.444659000000007,2.4172560000000023,2.4322090000000007,0.030378431789678306,0,8,10584064,my_ring_all_reduce,8,8
420,2.4349620000000005,2.4380349999999997,2.436873333333332,2.437622999999996,0.001361942811655209,0,8,10616832,my_ring_all_reduce,8,8
421,2.37932,2.3818449999999993,2.3804166666666666,2.3800850000000002,0.001057168650478697,0,8,10649600,my_ring_all_reduce,8,8
422,2.3724369999999944,2.3819090000000016,2.3780146666666666,2.379698000000004,0.00404597778321282,0,8,10682368,my_ring_all_reduce,8,8
423,2.3748669999999974,2.378385000000002,2.376286,2.3756060000000008,0.0015145694657794787,0,8,10715136,my_ring_all_reduce,8,8
424,2.2755400000000043,2.285332000000002,2.2820350000000027,2.285233000000002,0.004592836378534547,0,8,10747904,my_ring_all_reduce,8,8
425,2.269556000000004,2.2733990000000013,2.271199333333336,2.270643000000002,0.0016174655757961334,0,8,10780672,my_ring_all_reduce,8,8
426,2.2667099999999993,2.273875,2.2703136666666652,2.270355999999996,0.002925252163869534,0,8,10813440,my_ring_all_reduce,8,8
427,2.2556039999999995,2.259702000000001,2.257396666666667,2.256884000000001,0.0017118257959143355,0,8,10846208,my_ring_all_reduce,8,8
428,2.252818999999998,2.2575570000000007,2.2553273333333315,2.2556059999999962,0.0019442911876120987,0,8,10878976,my_ring_all_reduce,8,8
429,2.256531,2.2602739999999995,2.2578430000000003,2.256724000000002,0.0017207814116454354,0,8,10911744,my_ring_all_reduce,8,8
430,2.255957999999999,2.257779999999999,2.2569689999999984,2.257168999999998,0.0007571530008305275,0,8,10944512,my_ring_all_reduce,8,8
431,2.2554760000000007,2.3267410000000037,2.279636333333335,2.256692000000001,0.03331172846844855,0,8,10977280,my_ring_all_reduce,8,8
432,2.3817169999999988,2.440083999999999,2.417802,2.4316050000000033,0.025749676748780943,0,8,11010048,my_ring_all_reduce,8,8
433,2.4483100000000015,2.4518910000000007,2.4501643333333347,2.4502920000000015,0.0014647216648751365,0,8,11042816,my_ring_all_reduce,8,8
434,2.127862,2.1293969999999973,2.128660666666666,2.128723,0.0006282092715708775,0,8,11075584,my_ring_all_reduce,8,8
435,2.1259730000000054,2.1308349999999994,2.128415333333334,2.1284379999999983,0.001984967897862746,0,8,11108352,my_ring_all_reduce,8,8
436,2.127731,2.1333960000000007,2.1306756666666664,2.130899999999999,0.002318160237966835,0,8,11141120,my_ring_all_reduce,8,8
437,2.131285,2.1344830000000004,2.132564333333334,2.131925000000003,0.0013816322070488456,0,8,11173888,my_ring_all_reduce,8,8
438,2.132821,2.136693000000001,2.135273666666667,2.136307000000001,0.001741441803666542,0,8,11206656,my_ring_all_reduce,8,8
439,2.139699000000006,2.1974930000000006,2.1596576666666683,2.1417809999999973,0.02676711934859987,0,8,11239424,my_ring_all_reduce,8,8
440,2.330708999999999,2.383250999999993,2.364788666666664,2.3804060000000007,0.02412593716774893,0,8,11272192,my_ring_all_reduce,8,8
441,2.446291999999998,2.476562999999999,2.465533666666665,2.4737459999999993,0.013654429667897984,0,8,11304960,my_ring_all_reduce,8,8
442,2.305944999999996,2.314867999999999,2.3097819999999993,2.3085330000000033,0.0037483314510152878,0,8,11337728,my_ring_all_reduce,8,8
443,2.3191549999999994,2.359030999999999,2.3329490000000006,2.320661000000004,0.018453004308240872,0,8,11370496,my_ring_all_reduce,8,8
444,2.471569999999998,2.494068999999999,2.4855873333333336,2.491123000000003,0.009984453059077098,0,8,11403264,my_ring_all_reduce,8,8
445,2.4965979999999948,2.499957000000004,2.49857,2.499155000000001,0.0014323381816728155,0,8,11436032,my_ring_all_reduce,8,8
446,2.2670289999999986,2.2765329999999997,2.2722456666666653,2.2731749999999975,0.003935246653289292,0,8,11468800,my_ring_all_reduce,8,8
447,2.279608999999993,2.2818139999999985,2.280406999999997,2.279798000000001,0.0009978867671243353,0,8,11501568,my_ring_all_reduce,8,8
448,2.286805,2.2954140000000005,2.2904429999999993,2.289109999999997,0.0036388081382055107,0,8,11534336,my_ring_all_reduce,8,8
449,2.2951270000000004,2.3005999999999984,2.298348333333334,2.299318000000003,0.0023371809705043677,0,8,11567104,my_ring_all_reduce,8,8
450,2.3100999999999985,2.316376000000004,2.3136863333333353,2.3145830000000043,0.0026394509951065347,0,8,11599872,my_ring_all_reduce,8,8
451,2.3149659999999996,2.326708999999999,2.3213876666666664,2.322488000000001,0.004856786477588562,0,8,11632640,my_ring_all_reduce,8,8
452,2.3374600000000028,2.3403740000000006,2.3390610000000014,2.3393490000000012,0.0012069402084049165,0,8,11665408,my_ring_all_reduce,8,8
453,2.3885670000000028,2.525590999999997,2.4783159999999995,2.520789999999999,0.0634923861629595,0,8,11698176,my_ring_all_reduce,8,8
454,2.5571719999999987,2.560819999999999,2.558761666666664,2.558292999999994,0.001525715642649171,0,8,11730944,my_ring_all_reduce,8,8
455,2.2484039999999985,2.2545849999999983,2.2513303333333323,2.2510020000000006,0.0025340405591771017,0,8,11763712,my_ring_all_reduce,8,8
456,2.2549310000000005,2.2582310000000008,2.257023666666667,2.2579089999999997,0.001485566409002089,0,8,11796480,my_ring_all_reduce,8,8
457,2.2383589999999987,2.242134000000002,2.240065000000001,2.239702000000001,0.0015623663676201098,0,8,11829248,my_ring_all_reduce,8,8
458,2.242708999999997,2.252243999999999,2.2481066666666663,2.249367000000002,0.003993360016606524,0,8,11862016,my_ring_all_reduce,8,8
459,2.2555430000000016,2.2604350000000015,2.257407333333336,2.256244000000006,0.002159926593402044,0,8,11894784,my_ring_all_reduce,8,8
460,2.268022000000001,2.272053,2.2698556666666665,2.2694919999999983,0.0016656190707626144,0,8,11927552,my_ring_all_reduce,8,8
461,2.2712209999999997,2.274261999999999,2.2726816666666663,2.2725619999999997,0.001244363380295868,0,8,11960320,my_ring_all_reduce,8,8
462,2.2742279999999973,2.279283000000003,2.277151,2.277941999999999,0.0021381482642719575,0,8,11993088,my_ring_all_reduce,8,8
463,2.282932999999997,2.2872509999999995,2.2848096666666655,2.284244999999999,0.0018074691944517099,0,8,12025856,my_ring_all_reduce,8,8
464,2.286517,2.3682429999999988,2.3144953333333325,2.2887259999999987,0.03801603761864461,0,8,12058624,my_ring_all_reduce,8,8
465,2.3746099999999997,2.4843390000000016,2.4470053333333337,2.4820670000000002,0.051199633542525984,0,8,12091392,my_ring_all_reduce,8,8
466,2.5192860000000037,2.5212680000000036,2.5200420000000032,2.519572000000002,0.000874740342425775,0,8,12124160,my_ring_all_reduce,8,8
467,2.536560000000005,2.5453640000000024,2.542344000000003,2.5451080000000004,0.00409124072460333,0,8,12156928,my_ring_all_reduce,8,8
468,2.549521000000001,2.5567890000000006,2.5541316666666654,2.5560849999999955,0.003272877361316033,0,8,12189696,my_ring_all_reduce,8,8
469,2.528242,2.5293000000000028,2.5289466666666676,2.529298,0.0004982752474514321,0,8,12222464,my_ring_all_reduce,8,8
470,2.291186999999998,2.294867999999999,2.2927126666666653,2.292082999999999,0.0015673332624417187,0,8,12255232,my_ring_all_reduce,8,8
471,2.295479000000003,2.300791000000001,2.29771766666667,2.296883000000005,0.0022474930231001834,0,8,12288000,my_ring_all_reduce,8,8
472,2.2776850000000013,2.281043000000001,2.279295333333334,2.2791580000000002,0.0013743328886730592,0,8,12320768,my_ring_all_reduce,8,8
473,2.2788359999999956,2.2847880000000043,2.2814073333333336,2.280598,0.0024963762180888007,0,8,12353536,my_ring_all_reduce,8,8
474,2.2874770000000026,2.298612000000001,2.2922226666666687,2.2905790000000015,0.0046920703556337885,0,8,12386304,my_ring_all_reduce,8,8
475,2.2957629999999956,2.3033129999999984,2.2995606666666655,2.2996060000000025,0.003082441276363512,0,8,12419072,my_ring_all_reduce,8,8
476,2.3193470000000005,2.3272859999999973,2.323507999999997,2.3238909999999926,0.003252378309277169,0,8,12451840,my_ring_all_reduce,8,8
477,2.3385179999999965,2.347092999999999,2.342260333333334,2.3411700000000057,0.0035846223727970914,0,8,12484608,my_ring_all_reduce,8,8
478,2.3369540000000018,2.344662999999999,2.3410046666666684,2.3413970000000046,0.003159389638661638,0,8,12517376,my_ring_all_reduce,8,8
479,2.360883999999998,2.366130000000001,2.364179666666667,2.3655250000000017,0.002343440538089717,0,8,12550144,my_ring_all_reduce,8,8
480,2.3797339999999987,2.3835729999999966,2.3818566666666654,2.382263,0.0015933843088073716,0,8,12582912,my_ring_all_reduce,8,8
481,2.4370730000000003,2.446709000000001,2.4431013333333342,2.4455220000000004,0.004290131647811974,0,8,12615680,my_ring_all_reduce,8,8
482,2.4547100000000013,2.4609789999999996,2.4581,2.458610999999999,0.00258468966544586,0,8,12648448,my_ring_all_reduce,8,8
483,2.474323999999999,2.4756050000000034,2.4748576666666673,2.474644,0.0005443530308763848,0,8,12681216,my_ring_all_reduce,8,8
484,2.4983909999999923,2.5051409999999996,2.5011403333333333,2.4998890000000067,0.0028942473210773036,0,8,12713984,my_ring_all_reduce,8,8
485,2.5170450000000026,2.5261330000000015,2.5213323333333357,2.520819000000003,0.003727874222961189,0,8,12746752,my_ring_all_reduce,8,8
486,2.5304840000000004,2.541398999999994,2.537034666666664,2.5392209999999977,0.004716591024126035,0,8,12779520,my_ring_all_reduce,8,8
487,2.5512179999999973,2.559988000000001,2.5569146666666653,2.5595379999999968,0.004032338720341112,0,8,12812288,my_ring_all_reduce,8,8
488,2.5754419999999993,2.583379999999999,2.5783653333333336,2.5762740000000015,0.0035621358137431815,0,8,12845056,my_ring_all_reduce,8,8
489,2.597844000000001,2.608116999999999,2.602718333333332,2.602193999999996,0.004210291069377918,0,8,12877824,my_ring_all_reduce,8,8
490,2.6210760000000044,2.623669999999995,2.622463,2.622643000000002,0.0010666173946915847,0,8,12910592,my_ring_all_reduce,8,8
491,2.636595999999997,2.642130999999998,2.6388563333333312,2.6378419999999996,0.0023707537947994066,0,8,12943360,my_ring_all_reduce,8,8
492,2.6622250000000003,2.669653000000002,2.6647443333333336,2.662354999999999,0.003471357211365153,0,8,12976128,my_ring_all_reduce,8,8
493,2.681268,2.689938000000002,2.685181333333334,2.684338,0.0035893948731730847,0,8,13008896,my_ring_all_reduce,8,8
494,2.702641,2.710260000000002,2.7060560000000007,2.705267,0.0031600823828933453,0,8,13041664,my_ring_all_reduce,8,8
495,2.7148669999999995,2.717586000000003,2.7164993333333363,2.7170450000000055,0.0011751749751534538,0,8,13074432,my_ring_all_reduce,8,8
496,2.737778999999999,2.7426779999999997,2.7404479999999993,2.740886999999999,0.0020239550390266413,0,8,13107200,my_ring_all_reduce,8,8
497,2.7451369999999953,2.7540689999999994,2.749842666666666,2.7503220000000037,0.0036621920879308474,0,8,13139968,my_ring_all_reduce,8,8
498,2.762833999999999,2.764658000000003,2.763762666666667,2.763796,0.0007450178223089683,0,8,13172736,my_ring_all_reduce,8,8
499,2.7685599999999995,2.781843,2.774695,2.773682000000001,0.005469865872822433,0,8,13205504,my_ring_all_reduce,8,8
500,2.7716029999999994,2.7799870000000046,2.7750256666666697,2.7734870000000047,0.003591516423773419,0,8,13238272,my_ring_all_reduce,8,8
501,2.771123,2.7807570000000017,2.7761693333333324,2.776627999999997,0.003946413589859436,0,8,13271040,my_ring_all_reduce,8,8
502,2.7871230000000016,2.7977809999999956,2.7939393333333347,2.796914000000008,0.004832854390063219,0,8,13303808,my_ring_all_reduce,8,8
503,2.788369999999999,2.7963399999999967,2.791848333333331,2.7908349999999973,0.0033317021008611968,0,8,13336576,my_ring_all_reduce,8,8
504,2.7902579999999944,2.798005000000001,2.794547333333332,2.795379000000001,0.0032169089027991285,0,8,13369344,my_ring_all_reduce,8,8
505,2.800627000000004,2.803760999999999,2.8020126666666676,2.8016499999999986,0.0013048970159432215,0,8,13402112,my_ring_all_reduce,8,8
506,2.797489999999998,2.8025809999999947,2.8001256666666667,2.800306000000008,0.00208230006376392,0,8,13434880,my_ring_all_reduce,8,8
507,2.797202999999998,2.8038889999999994,2.8015649999999988,2.8036029999999994,0.003086608926746485,0,8,13467648,my_ring_all_reduce,8,8
508,2.7917009999999975,2.7980369999999986,2.7945476666666664,2.7939050000000027,0.002626276113096705,0,8,13500416,my_ring_all_reduce,8,8
509,2.7936829999999935,2.7968179999999974,2.7955813333333297,2.7962429999999987,0.0013626954497958802,0,8,13533184,my_ring_all_reduce,8,8
510,2.799155999999999,2.8025129999999954,2.801031666666665,2.8014260000000015,0.001398567441665169,0,8,13565952,my_ring_all_reduce,8,8
511,2.7935549999999996,2.8042419999999986,2.7975550000000013,2.794868000000006,0.00475870913868991,0,8,13598720,my_ring_all_reduce,8,8
512,2.790323000000002,2.801107000000002,2.796775333333335,2.7988960000000005,0.004650919932897042,0,8,13631488,my_ring_all_reduce,8,8
513,2.792340000000004,2.8009470000000003,2.796670000000003,2.7967230000000054,0.0035139928855918326,0,8,13664256,my_ring_all_reduce,8,8
514,2.7977760000000016,2.8048849999999983,2.8015003333333346,2.801840000000004,0.0029121584587521957,0,8,13697024,my_ring_all_reduce,8,8
515,2.798643999999997,2.8072819999999985,2.8030053333333314,2.80309,0.0035269568878700404,0,8,13729792,my_ring_all_reduce,8,8
516,2.800625000000002,2.805842999999997,2.803718666666665,2.8046879999999947,0.0022377944995488086,0,8,13762560,my_ring_all_reduce,8,8
517,2.7966600000000073,2.804789000000001,2.7995936666666714,2.7973320000000057,0.00368388493606986,0,8,13795328,my_ring_all_reduce,8,8
518,2.7960499999999975,2.802997999999998,2.799368666666665,2.799057999999999,0.002845002792422093,0,8,13828096,my_ring_all_reduce,8,8
519,2.804148000000001,2.8166579999999994,2.810408666666668,2.8104200000000037,0.005107192401135467,0,8,13860864,my_ring_all_reduce,8,8
520,2.797587999999999,2.801233999999997,2.799303999999999,2.79909,0.0014961452692382415,0,8,13893632,my_ring_all_reduce,8,8
521,2.797107000000001,2.8061940000000005,2.8015543333333333,2.8013619999999975,0.0037122442747689476,0,8,13926400,my_ring_all_reduce,8,8
522,2.7951219999999997,2.8014270000000017,2.798749333333335,2.7996990000000044,0.0026601574305973167,0,8,13959168,my_ring_all_reduce,8,8
523,2.8003729999999996,2.810964,2.8040303333333334,2.800754000000001,0.004905309391080291,0,8,13991936,my_ring_all_reduce,8,8
524,2.7952530000000007,2.8081799999999992,2.8020463333333328,2.8027059999999984,0.00529799976930433,0,8,14024704,my_ring_all_reduce,8,8
525,2.800050999999996,2.8064499999999972,2.8035916666666645,2.8042740000000013,0.002656562231323402,0,8,14057472,my_ring_all_reduce,8,8
526,2.7952530000000007,2.8002109999999987,2.7974156666666654,2.796782999999996,0.0020729433716868595,0,8,14090240,my_ring_all_reduce,8,8
527,2.803920000000001,2.806964,2.8051163333333338,2.804465,0.0013253075953231059,0,8,14123008,my_ring_all_reduce,8,8
528,2.803796000000002,2.8124019999999965,2.808883333333334,2.8104520000000046,0.0036843222201935933,0,8,14155776,my_ring_all_reduce,8,8
529,2.798289000000001,2.8020340000000035,2.799569666666668,2.7983859999999985,0.0017429967170254981,0,8,14188544,my_ring_all_reduce,8,8
530,2.7999219999999987,2.8098739999999998,2.8035263333333327,2.8007829999999996,0.004502220513875177,0,8,14221312,my_ring_all_reduce,8,8
531,2.8016529999999986,2.8096490000000047,2.805970999999999,2.8066109999999935,0.0032955731924324597,0,8,14254080,my_ring_all_reduce,8,8
532,2.805139000000001,2.8085010000000037,2.8072529999999998,2.808118999999995,0.0015029366808570522,0,8,14286848,my_ring_all_reduce,8,8
533,2.8008840000000017,2.817042000000001,2.8071766666666673,2.8036039999999995,0.00706367238450065,0,8,14319616,my_ring_all_reduce,8,8
534,2.8026720000000025,2.811728000000001,2.8058733333333343,2.8032200000000005,0.004145915044420575,0,8,14352384,my_ring_all_reduce,8,8
535,2.8017479999999995,2.806386999999999,2.803858999999999,2.803441999999999,0.001916680637630098,0,8,14385152,my_ring_all_reduce,8,8
536,2.800147000000001,2.8153459999999995,2.808243333333334,2.809237000000001,0.006244620636106122,0,8,14417920,my_ring_all_reduce,8,8
537,2.8081430000000003,2.810001999999997,2.8091786666666665,2.8093910000000033,0.0007736426105685992,0,8,14450688,my_ring_all_reduce,8,8
538,2.7976189999999987,2.81362000000001,2.807380333333336,2.8109019999999982,0.006990927565228225,0,8,14483456,my_ring_all_reduce,8,8
539,2.805649000000001,2.8149939999999987,2.809340666666668,2.8073790000000045,0.0040594218252778,0,8,14516224,my_ring_all_reduce,8,8
540,2.8103219999999967,2.823635999999995,2.8153793333333272,2.8121799999999895,0.0058874130897106185,0,8,14548992,my_ring_all_reduce,8,8
541,2.8040529999999992,2.8112829999999995,2.8074549999999996,2.8070289999999996,0.0029669661272081716,0,8,14581760,my_ring_all_reduce,8,8
542,2.810421999999995,2.8152199999999996,2.812478666666664,2.811793999999998,0.0020177177426230273,0,8,14614528,my_ring_all_reduce,8,8
543,2.809361000000008,2.8191219999999957,2.8134046666666683,2.811731,0.004156933993003048,0,8,14647296,my_ring_all_reduce,8,8
544,2.809813000000002,2.814004000000001,2.8125526666666683,2.8138410000000023,0.0019383794491503454,0,8,14680064,my_ring_all_reduce,8,8
545,2.809042000000001,2.8179699999999976,2.8147699999999993,2.8172979999999987,0.004059588156449922,0,8,14712832,my_ring_all_reduce,8,8
546,2.808209999999992,2.810640000000003,2.8095746666666646,2.809873999999999,0.0010143718362767447,0,8,14745600,my_ring_all_reduce,8,8
547,2.8126270000000004,2.8141949999999927,2.813373666666664,2.8132989999999993,0.0006423069532692522,0,8,14778368,my_ring_all_reduce,8,8
548,2.8059090000000033,2.8204030000000055,2.8132893333333375,2.813556000000004,0.005920154408647881,0,8,14811136,my_ring_all_reduce,8,8
549,2.8179389999999986,2.8229640000000007,2.8203083333333345,2.820022000000003,0.002061414778469319,0,8,14843904,my_ring_all_reduce,8,8
550,2.814774000000001,2.8178729999999996,2.816264333333334,2.8161460000000007,0.0012679254271790684,0,8,14876672,my_ring_all_reduce,8,8
551,2.8106759999999977,2.813974999999999,2.812755999999997,2.813616999999995,0.0014780259357216677,0,8,14909440,my_ring_all_reduce,8,8
552,2.819189,2.8261969999999965,2.8216213333333315,2.8194779999999993,0.0032376353854131025,0,8,14942208,my_ring_all_reduce,8,8
553,2.8281179999999986,2.8358259999999973,2.8318713333333325,2.831670000000002,0.0031499965432073666,0,8,14974976,my_ring_all_reduce,8,8
554,2.832661000000001,2.8447239999999985,2.837417,2.834865999999998,0.005244660332184723,0,8,15007744,my_ring_all_reduce,8,8
555,2.840913999999997,2.8500960000000006,2.8446580000000004,2.842964000000004,0.003935268563474669,0,8,15040512,my_ring_all_reduce,8,8
556,2.8422259999999953,2.849936999999998,2.8465346666666647,2.8474410000000008,0.0032125753255342754,0,8,15073280,my_ring_all_reduce,8,8
557,2.850162999999999,2.862257999999998,2.8545996666666653,2.8513779999999986,0.005437929037990296,0,8,15106048,my_ring_all_reduce,8,8
558,2.857554,2.8735859999999995,2.8654263333333336,2.865139000000001,0.006548189385030021,0,8,15138816,my_ring_all_reduce,8,8
559,2.870581000000006,2.880564000000006,2.875220333333337,2.874516,0.004105860553999851,0,8,15171584,my_ring_all_reduce,8,8
560,2.877971000000005,2.886547999999999,2.8815866666666685,2.880241000000001,0.0036285301278717033,0,8,15204352,my_ring_all_reduce,8,8
561,2.8847549999999975,2.8931719999999994,2.889543999999999,2.890705000000001,0.003532932021235892,0,8,15237120,my_ring_all_reduce,8,8
562,2.888563000000004,2.902288000000004,2.8955806666666697,2.8958910000000015,0.005607503088620489,0,8,15269888,my_ring_all_reduce,8,8
563,2.9023240000000015,2.9052030000000006,2.9033150000000028,2.9024180000000053,0.0013355690422675137,0,8,15302656,my_ring_all_reduce,8,8
564,2.907857,2.922867000000002,2.9144180000000013,2.9125300000000025,0.006271545955079535,0,8,15335424,my_ring_all_reduce,8,8
565,2.912434,2.9293639999999996,2.9199336666666666,2.9180030000000006,0.007045179455170151,0,8,15368192,my_ring_all_reduce,8,8
566,2.9224839999999968,2.934644000000004,2.927987666666667,2.926835,0.00503076404623777,0,8,15400960,my_ring_all_reduce,8,8
567,2.9319559999999947,2.9410430000000014,2.936989666666666,2.937970000000002,0.0037739618734488186,0,8,15433728,my_ring_all_reduce,8,8
568,2.938738999999994,2.945041000000001,2.941276999999998,2.9400510000000004,0.0027149104343751284,0,8,15466496,my_ring_all_reduce,8,8
569,2.947668000000005,2.979379000000002,2.961074333333336,2.9561760000000006,0.013401296761465516,0,8,15499264,my_ring_all_reduce,8,8
570,2.962387999999999,2.966225000000006,2.9642000000000017,2.9639870000000013,0.0015736727741208086,0,8,15532032,my_ring_all_reduce,8,8
571,2.9699999999999966,2.9780999999999986,2.974119333333332,2.974258,0.0033082645332905003,0,8,15564800,my_ring_all_reduce,8,8
572,2.978134000000001,2.988049999999996,2.9826323333333336,2.9817130000000036,0.004100052384486684,0,8,15597568,my_ring_all_reduce,8,8
573,2.9856179999999988,2.9939720000000007,2.988487999999999,2.9858739999999964,0.0038791817006526095,0,8,15630336,my_ring_all_reduce,8,8
574,2.991730999999996,3.0027069999999987,2.996104333333333,2.9938750000000036,0.004750129074269698,0,8,15663104,my_ring_all_reduce,8,8
575,2.998835999999996,3.010449999999997,3.003580999999997,3.0014569999999994,0.004973582277058137,0,8,15695872,my_ring_all_reduce,8,8
576,3.0108659999999983,3.0132339999999997,3.0124346666666653,3.0132039999999987,0.0011092824507565903,0,8,15728640,my_ring_all_reduce,8,8
577,3.0111219999999994,3.0152170000000043,3.013190999999997,3.013233999999986,0.0016720532288196325,0,8,15761408,my_ring_all_reduce,8,8
578,3.021973000000002,3.031504999999994,3.0254053333333313,3.0227379999999977,0.004324407962044907,0,8,15794176,my_ring_all_reduce,8,8
579,3.0164029999999986,3.0275730000000003,3.023134666666666,3.025428,0.004839886936237489,0,8,15826944,my_ring_all_reduce,8,8
580,3.0329810000000035,3.036661,3.034750666666668,3.0346100000000007,0.00150564279369913,0,8,15859712,my_ring_all_reduce,8,8
581,3.040881,3.0421320000000014,3.0413093333333303,3.04091499999999,0.0005818787578974505,0,8,15892480,my_ring_all_reduce,8,8
582,3.041073999999997,3.048661000000001,3.0456833333333333,3.0473150000000024,0.0033052881199026334,0,8,15925248,my_ring_all_reduce,8,8
583,3.044723,3.0565629999999913,3.0508986666666664,3.0514100000000073,0.004847163867203756,0,8,15958016,my_ring_all_reduce,8,8
584,3.0444029999999946,3.0618099999999995,3.054321666666665,3.0567520000000004,0.007311215235667435,0,8,15990784,my_ring_all_reduce,8,8
585,3.058642,3.0619709999999998,3.0605839999999986,3.061138999999996,0.0014145856872827107,0,8,16023552,my_ring_all_reduce,8,8
586,3.0665489999999993,3.0705459999999984,3.0686593333333327,3.068883000000002,0.0016394150040654279,0,8,16056320,my_ring_all_reduce,8,8
587,3.067280999999999,3.073042999999998,3.069457666666669,3.06804900000001,0.0025545276580109084,0,8,16089088,my_ring_all_reduce,8,8
588,3.0700990000000004,3.079699000000004,3.0749843333333344,3.0751549999999988,0.0039210411315832175,0,8,16121856,my_ring_all_reduce,8,8
589,3.074067000000003,3.080144999999997,3.077799333333335,3.0791860000000053,0.0026680397714829297,0,8,16154624,my_ring_all_reduce,8,8
590,3.081779999999999,3.0930740000000005,3.088573333333334,3.090866000000001,0.004887456689209353,0,8,16187392,my_ring_all_reduce,8,8
591,3.0874759999999952,3.0941639999999935,3.0906436666666632,3.090291000000001,0.0027417289354620907,0,8,16220160,my_ring_all_reduce,8,8
592,3.0897459999999994,3.0941310000000013,3.091517,3.090674,0.001886803823048288,0,8,16252928,my_ring_all_reduce,8,8
593,3.090032999999996,3.094003,3.092583333333332,3.093714,0.0018072133859145416,0,8,16285696,my_ring_all_reduce,8,8
594,3.0873459999999944,3.098675000000003,3.0933939999999995,3.094161,0.004656735408706471,0,8,16318464,my_ring_all_reduce,8,8
595,3.086737000000001,3.096307,3.0926473333333337,3.094898000000001,0.004218637247052531,0,8,16351232,my_ring_all_reduce,8,8
596,3.0883680000000022,3.094287999999997,3.0921666666666656,3.0938439999999976,0.0026921720268604163,0,8,16384000,my_ring_all_reduce,8,8
597,3.0907730000000013,3.095855,3.0938519999999996,3.0949279999999963,0.0022098285001317173,0,8,16416768,my_ring_all_reduce,8,8
598,3.0901309999999986,3.0957950000000003,3.093235,3.0937790000000005,0.0023440955611927442,0,8,16449536,my_ring_all_reduce,8,8
599,3.091730999999999,3.101460000000003,3.095336000000003,3.0928170000000064,0.004352959223333498,0,8,16482304,my_ring_all_reduce,8,8
600,3.094963,3.1082440000000027,3.1026430000000063,3.104722000000016,0.005617705403457259,0,8,16515072,my_ring_all_reduce,8,8
601,3.1199230000000027,3.1267350000000005,3.123879333333333,3.124979999999996,0.0028878407543029595,0,8,16547840,my_ring_all_reduce,8,8
602,3.1370090000000017,3.153587000000007,3.1460026666666696,3.1474120000000005,0.006840915452061074,0,8,16580608,my_ring_all_reduce,8,8
603,3.161843999999997,3.1767560000000015,3.1705056666666653,3.1729169999999978,0.00632206887726696,0,8,16613376,my_ring_all_reduce,8,8
604,3.1907050000000017,3.196527,3.1932650000000002,3.1925629999999985,0.0024281026886572915,0,8,16646144,my_ring_all_reduce,8,8
605,3.214833999999999,3.2180969999999944,3.2169559999999975,3.217937,0.0015019016834214142,0,8,16678912,my_ring_all_reduce,8,8
606,3.237649999999994,3.248305999999997,3.2419909999999965,3.240016999999998,0.004568740964424001,0,8,16711680,my_ring_all_reduce,8,8
607,3.253328999999994,3.266739999999998,3.2598583333333324,3.259506000000005,0.005480683311008916,0,8,16744448,my_ring_all_reduce,8,8
608,3.278546999999998,3.2854560000000093,3.281554000000001,3.280658999999996,0.002890713752696853,0,8,16777216,my_ring_all_reduce,8,8
609,3.283793000000005,3.2868330000000023,3.2855106666666676,3.2859059999999953,0.0012721677911674673,0,8,16777216,my_ring_all_reduce,8,8
610,3.360048999999999,3.370608999999997,3.365189666666666,3.364911000000002,0.004315602803264761,0,8,16908288,my_ring_all_reduce,8,8
611,3.4482110000000032,3.4493309999999986,3.4486583333333356,3.4484330000000045,0.00048420473171990354,0,8,17039360,my_ring_all_reduce,8,8
612,3.5142580000000017,3.5182880000000005,3.5166033333333373,3.51726400000001,0.0017102797691872995,0,8,17170432,my_ring_all_reduce,8,8
613,3.543021000000001,3.548114999999998,3.545872666666668,3.5464820000000037,0.002123781899243019,0,8,17301504,my_ring_all_reduce,8,8
614,3.547826000000001,3.5521759999999984,3.549777,3.5493290000000015,0.0018039129690746497,0,8,17432576,my_ring_all_reduce,8,8
615,3.5447529999999996,3.549905999999981,3.5467899999999926,3.5457109999999976,0.0022377865551989696,0,8,17563648,my_ring_all_reduce,8,8
616,3.5446579999999996,3.554000999999997,3.549990666666666,3.551313000000002,0.003927198860369012,0,8,17694720,my_ring_all_reduce,8,8
617,3.5509300000000006,3.556530000000006,3.553426000000002,3.5528179999999994,0.00232626281117993,0,8,17825792,my_ring_all_reduce,8,8
618,3.5513749999999926,3.558479000000001,3.554746333333332,3.5543850000000003,0.0029114286680095775,0,8,17956864,my_ring_all_reduce,8,8
619,3.5527860000000073,3.560656000000001,3.5570513333333387,3.557712000000007,0.003246699383816424,0,8,18087936,my_ring_all_reduce,8,8
620,3.555439999999995,3.5595360000000036,3.556923,3.5557930000000018,0.0018532815940046684,0,8,18219008,my_ring_all_reduce,8,8
621,3.5623839999999984,3.5639200000000018,3.563109666666667,3.5630249999999997,0.0006299208063113511,0,8,18350080,my_ring_all_reduce,8,8
622,3.5619680000000016,3.5684649999999967,3.5649016666666653,3.564271999999997,0.002689499623017707,0,8,18481152,my_ring_all_reduce,8,8
623,3.5662600000000095,3.575150000000005,3.5704600000000055,3.5699700000000014,0.003645828666662167,0,8,18612224,my_ring_all_reduce,8,8
624,3.5865120000000097,3.5916669999999997,3.5894250000000034,3.5900960000000013,0.002157342037472965,0,8,18743296,my_ring_all_reduce,8,8
625,3.6111240000000002,3.61317,3.612413,3.612944999999999,0.0009160775076376175,0,8,18874368,my_ring_all_reduce,8,8
626,3.6491369999999916,3.657523000000001,3.6521766666666653,3.6498700000000026,0.00379225371279921,0,8,19005440,my_ring_all_reduce,8,8
627,3.675889000000001,3.683023999999994,3.6795789999999986,3.6798240000000004,0.0029179987434284466,0,8,19136512,my_ring_all_reduce,8,8
628,3.7086580000000033,3.712690000000006,3.710493000000003,3.7101310000000014,0.0016658409287817438,0,8,19267584,my_ring_all_reduce,8,8
629,3.730350999999999,3.7405280000000056,3.7370173333333327,3.740172999999995,0.004716036919091082,0,8,19398656,my_ring_all_reduce,8,8
630,3.7665109999999986,3.774323000000004,3.7713020000000057,3.7730720000000146,0.0034260288965549464,0,8,19529728,my_ring_all_reduce,8,8
631,3.7885599999999995,3.795249,3.791740666666667,3.7914130000000004,0.0027405844064524133,0,8,19660800,my_ring_all_reduce,8,8
632,3.8228669999999982,3.8255530000000038,3.8239960000000006,3.8235679999999994,0.001137552050093559,0,8,19791872,my_ring_all_reduce,8,8
633,3.850096999999998,3.851667999999998,3.850983666666666,3.8511860000000016,0.0006571221770385735,0,8,19922944,my_ring_all_reduce,8,8
634,3.8597610000000024,3.8768160000000025,3.8696053333333356,3.8722390000000013,0.007207422393307734,0,8,20054016,my_ring_all_reduce,8,8
635,3.8985469999999998,3.904882000000005,3.901180000000002,3.9001110000000008,0.0026944544283915898,0,8,20185088,my_ring_all_reduce,8,8
636,3.908209999999999,3.915118999999999,3.912517333333332,3.914222999999998,0.003067631478663529,0,8,20316160,my_ring_all_reduce,8,8
637,3.9041770000000033,3.9111849999999904,3.907973999999997,3.908559999999998,0.0028908548908532345,0,8,20447232,my_ring_all_reduce,8,8
638,3.912944000000003,3.9159850000000023,3.914458666666666,3.914446999999993,0.0012415104599726376,0,8,20578304,my_ring_all_reduce,8,8
639,3.9461610000000076,3.960015000000001,3.955130333333338,3.959215000000004,0.00635068003357578,0,8,20709376,my_ring_all_reduce,8,8
640,4.038704999999999,4.050096000000002,4.044368666666668,4.044305000000004,0.0046505741819942055,0,8,20840448,my_ring_all_reduce,8,8
641,4.121168000000012,4.121998,4.12149666666667,4.121323999999997,0.00036017156405395405,0,8,20971520,my_ring_all_reduce,8,8
642,4.216367999999995,4.225679,4.221049000000001,4.221100000000006,0.0038013708930706037,0,8,21102592,my_ring_all_reduce,8,8
643,4.25393599999998,4.2694549999999944,4.261454999999992,4.260974000000002,0.006344728047762984,0,8,21233664,my_ring_all_reduce,8,8
644,4.286446000000003,4.299277000000004,4.292461666666668,4.291661999999997,0.005268664621030024,0,8,21364736,my_ring_all_reduce,8,8
645,4.288076999999998,4.298032000000003,4.29412666666667,4.296271000000008,0.004337751363196912,0,8,21495808,my_ring_all_reduce,8,8
646,4.296653999999998,4.301965999999993,4.299661999999997,4.300365999999999,0.002225016554243705,0,8,21626880,my_ring_all_reduce,8,8
647,4.314352999999988,4.319023000000001,4.317200666666661,4.318225999999995,0.002039723238311899,0,8,21757952,my_ring_all_reduce,8,8
648,4.3240740000000075,4.329646,4.3272450000000005,4.328014999999993,0.0023390127546996185,0,8,21889024,my_ring_all_reduce,8,8
649,4.2982230000000055,4.303373999999996,4.300762000000001,4.300688999999999,0.002103520382593019,0,8,22020096,my_ring_all_reduce,8,8
650,4.304333000000001,4.305642999999989,4.305143333333327,4.305453999999995,0.0005781639521368889,0,8,22151168,my_ring_all_reduce,8,8
651,4.304400999999994,4.307823000000001,4.306415666666666,4.3070230000000045,0.0014615428681930699,0,8,22282240,my_ring_all_reduce,8,8
652,4.314512999999999,4.322062000000002,4.318467666666667,4.318828000000002,0.00309238099564548,0,8,22413312,my_ring_all_reduce,8,8
653,4.367948000000012,4.373580000000006,4.371468666666673,4.3728780000000045,0.002505929146818356,0,8,22544384,my_ring_all_reduce,8,8
654,4.407278000000006,4.418831999999995,4.4137636666666635,4.41518099999999,0.004822195511953262,0,8,22675456,my_ring_all_reduce,8,8
655,4.413518000000001,4.416046000000002,4.415096666666668,4.415726000000002,0.0011239043059311058,0,8,22806528,my_ring_all_reduce,8,8
656,4.452238999999998,4.461392999999997,4.455502999999999,4.452877000000001,0.004172995406977649,0,8,22937600,my_ring_all_reduce,8,8
657,4.485134000000002,4.489389000000003,4.48700066666667,4.486479000000006,0.001775830009382001,0,8,23068672,my_ring_all_reduce,8,8
658,4.538508999999999,4.544109000000002,4.541357333333335,4.541454000000005,0.002287212034092233,0,8,23199744,my_ring_all_reduce,8,8
659,4.567500999999998,4.569675999999999,4.568621999999999,4.568688999999998,0.0008892030139404642,0,8,23330816,my_ring_all_reduce,8,8
660,4.595532999999996,4.600651000000002,4.598710999999997,4.599948999999993,0.0022653865012410555,0,8,23461888,my_ring_all_reduce,8,8
661,4.581006000000008,4.590895999999994,4.586776666666668,4.588428,0.004203030758334565,0,8,23592960,my_ring_all_reduce,8,8
662,4.615821999999997,4.624270000000008,4.619544333333335,4.618540999999999,0.0035210968303815175,0,8,23724032,my_ring_all_reduce,8,8
663,4.660974000000002,4.671983,4.665571999999997,4.663758999999991,0.004673667154031298,0,8,23855104,my_ring_all_reduce,8,8
664,4.6959829999999965,4.698764999999998,4.697688999999997,4.698318999999996,0.001219987978083263,0,8,23986176,my_ring_all_reduce,8,8
665,4.728810999999998,4.730923000000002,4.730134666666667,4.730670000000001,0.0009416553981645985,0,8,24117248,my_ring_all_reduce,8,8
666,4.755309999999998,4.7612929999999904,4.75888233333333,4.7600440000000015,0.002576971650771431,0,8,24248320,my_ring_all_reduce,8,8
667,4.730538,4.7354370000000126,4.7328653333333355,4.732620999999992,0.002007456821182342,0,8,24379392,my_ring_all_reduce,8,8
668,4.755115000000005,4.763884999999993,4.758785666666664,4.757356999999993,0.0037201291494865017,0,8,24510464,my_ring_all_reduce,8,8
669,4.761360999999998,4.765613999999994,4.7635879999999995,4.7637890000000045,0.0017420874451823303,0,8,24641536,my_ring_all_reduce,8,8
670,4.768555000000001,4.77054099999999,4.769590333333331,4.769675000000001,0.0008129884514648572,0,8,24772608,my_ring_all_reduce,8,8
671,4.8334199999999985,4.835820000000002,4.834679,4.834797000000003,0.000983342259847928,0,8,24903680,my_ring_all_reduce,8,8
672,4.904554000000011,4.917487000000001,4.910221000000007,4.90862200000001,0.0053995816504572745,0,8,25034752,my_ring_all_reduce,8,8
673,4.938478999999999,4.947562999999994,4.944099333333331,4.946256000000002,0.0040098356020600405,0,8,25165824,my_ring_all_reduce,8,8
674,5.043276999999987,5.050475999999999,5.047639999999996,5.0491670000000015,0.003131048493189275,0,8,25296896,my_ring_all_reduce,8,8
675,5.065293000000001,5.075724000000002,5.069965,5.068877999999997,0.0043272483173496185,0,8,25427968,my_ring_all_reduce,8,8
676,5.068747999999996,5.074987,5.072246999999996,5.073005999999994,0.0026029907158254934,0,8,25559040,my_ring_all_reduce,8,8
677,5.075821,5.084271999999999,5.080546333333333,5.0815459999999995,0.0035217751521380764,0,8,25690112,my_ring_all_reduce,8,8
678,5.078506999999998,5.084586000000003,5.081505000000001,5.0814220000000025,0.0024824352291000083,0,8,25821184,my_ring_all_reduce,8,8
679,5.100622999999993,5.112908999999989,5.10648766666666,5.105930999999999,0.005031160060615852,0,8,25952256,my_ring_all_reduce,8,8
680,5.107568000000003,5.1097079999999915,5.108664666666662,5.108717999999993,0.0008744649157515565,0,8,26083328,my_ring_all_reduce,8,8
681,5.1297400000000035,5.153352999999996,5.138432666666662,5.1322049999999875,0.010598154441012064,0,8,26214400,my_ring_all_reduce,8,8
682,5.169516999999993,5.180972,5.175627999999996,5.176394999999997,0.004707828444908881,0,8,26345472,my_ring_all_reduce,8,8
683,5.195659,5.206283000000011,5.20223066666667,5.20475,0.004688825320793808,0,8,26476544,my_ring_all_reduce,8,8
684,5.231852999999996,5.239788999999997,5.2359806666666655,5.236300000000003,0.003247717591719053,0,8,26607616,my_ring_all_reduce,8,8
685,5.267690000000003,5.276974,5.271362,5.269421999999999,0.004030786854531264,0,8,26738688,my_ring_all_reduce,8,8
686,5.303020000000001,5.310698000000004,5.305770333333331,5.303592999999986,0.0034922300738812018,0,8,26869760,my_ring_all_reduce,8,8
687,5.345290999999998,5.34961099999999,5.347626999999996,5.347979,0.0017811097664068012,0,8,27000832,my_ring_all_reduce,8,8
688,5.377675999999999,5.385420999999995,5.381323666666663,5.380873999999996,0.0031778301122323675,0,8,27131904,my_ring_all_reduce,8,8
689,5.397930000000001,5.405771000000008,5.401930333333335,5.402089999999997,0.0032030652333205206,0,8,27262976,my_ring_all_reduce,8,8
690,5.427178000000008,5.4317539999999935,5.429280666666661,5.4289099999999815,0.0018864409758958282,0,8,27394048,my_ring_all_reduce,8,8
691,5.448075999999994,5.452424999999995,5.4499739999999965,5.449420999999998,0.0018180221854166715,0,8,27525120,my_ring_all_reduce,8,8
692,5.473227999999992,5.475754999999999,5.4744536666666646,5.474378000000001,0.0010330299554680718,0,8,27656192,my_ring_all_reduce,8,8
693,5.488937999999995,5.503816999999995,5.498174333333329,5.501767999999997,0.0065844255802787206,0,8,27787264,my_ring_all_reduce,8,8
694,5.527340999999997,5.5319119999999895,5.530112333333329,5.5310840000000026,0.0019885693908477287,0,8,27918336,my_ring_all_reduce,8,8
695,5.555629000000001,5.558539999999998,5.557270666666668,5.557643000000004,0.0012172248034857532,0,8,28049408,my_ring_all_reduce,8,8
696,5.578314999999999,5.588172000000003,5.584694333333335,5.587596000000001,0.004516994895824228,0,8,28180480,my_ring_all_reduce,8,8
697,5.609324000000001,5.612233000000001,5.610954666666667,5.611307000000001,0.0012134453245018606,0,8,28311552,my_ring_all_reduce,8,8
698,5.6209380000000095,5.623724000000002,5.622560333333335,5.623018999999993,0.0011827173044355553,0,8,28442624,my_ring_all_reduce,8,8
699,5.6218350000000035,5.62797600000001,5.625406666666671,5.626409,0.002605311796227932,0,8,28573696,my_ring_all_reduce,8,8
700,5.617992000000005,5.626058999999986,5.6222716666666654,5.622764000000003,0.0033116880220676864,0,8,28704768,my_ring_all_reduce,8,8
701,5.620844000000001,5.6242969999999985,5.622889999999998,5.623528999999995,0.0014803249643221624,0,8,28835840,my_ring_all_reduce,8,8
702,5.628204999999987,5.633579,5.630891666666663,5.630891000000004,0.0021939263636030115,0,8,28966912,my_ring_all_reduce,8,8
703,5.6861550000000065,5.6884589999999955,5.687329000000001,5.687373000000002,0.0009411184835033052,0,8,29097984,my_ring_all_reduce,8,8
704,5.753899000000005,5.757543,5.756266000000001,5.7573560000000015,0.0016754619263534285,0,8,29229056,my_ring_all_reduce,8,8
705,5.840717000000001,5.84298799999999,5.841771333333334,5.841609000000012,0.0009342106590839185,0,8,29360128,my_ring_all_reduce,8,8
706,5.853064000000006,5.878695000000003,5.869245666666671,5.875978000000003,0.01149580428774726,0,8,29491200,my_ring_all_reduce,8,8
707,5.87037599999999,5.9179929999999805,5.901428666666657,5.915916999999999,0.021973901555152883,0,8,29622272,my_ring_all_reduce,8,8
708,5.886474000000002,5.888616,5.887805666666666,5.888326999999998,0.0009489932677417522,0,8,29753344,my_ring_all_reduce,8,8
709,5.878088999999999,5.895947999999999,5.889748999999999,5.895210000000001,0.008250368112999949,0,8,29884416,my_ring_all_reduce,8,8
710,5.892074000000001,5.906154999999999,5.899488333333333,5.900235999999997,0.005772803728594889,0,8,30015488,my_ring_all_reduce,8,8
711,5.909001000000004,5.920265000000007,5.913705333333335,5.911849999999995,0.0047819884520539846,0,8,30146560,my_ring_all_reduce,8,8
712,5.9483950000000005,5.9641399999999924,5.9560646666666655,5.955659000000003,0.006434266616238757,0,8,30277632,my_ring_all_reduce,8,8
713,5.979403000000006,5.9853229999999895,5.982335666666665,5.9822809999999995,0.0024171389883200114,0,8,30408704,my_ring_all_reduce,8,8
714,6.018985000000001,6.024456999999995,6.021683999999998,6.021609999999997,0.0022345473814598207,0,8,30539776,my_ring_all_reduce,8,8
715,6.048778999999995,6.055466000000008,6.053130333333335,6.055146000000001,0.003079629451018841,0,8,30670848,my_ring_all_reduce,8,8
716,6.0878149999999955,6.0924559999999985,6.089426333333329,6.088007999999996,0.0021437463054727293,0,8,30801920,my_ring_all_reduce,8,8
717,6.125225000000006,6.133548000000001,6.128148333333338,6.125672000000006,0.003822499385943515,0,8,30932992,my_ring_all_reduce,8,8
718,6.156550999999992,6.165767,6.160305333333327,6.158597999999991,0.003951362999723579,0,8,31064064,my_ring_all_reduce,8,8
719,6.190120999999998,6.194343999999997,6.192221666666665,6.192200000000001,0.001724100602890778,0,8,31195136,my_ring_all_reduce,8,8
720,6.214894000000007,6.222953999999998,6.218795000000004,6.218537000000004,0.0032955346556577505,0,8,31326208,my_ring_all_reduce,8,8
721,6.237739000000001,6.238284000000014,6.237964000000005,6.237869000000001,0.00023241485896881823,0,8,31457280,my_ring_all_reduce,8,8
722,6.265226000000024,6.2681390000000015,6.266443333333342,6.265965000000001,0.0012363910744058696,0,8,31588352,my_ring_all_reduce,8,8
723,6.2888740000000105,6.29355,6.290529333333336,6.289164,0.0021392125238530527,0,8,31719424,my_ring_all_reduce,8,8
724,6.3112070000000005,6.314923000000003,6.313086000000001,6.313128,0.0015173413151528252,0,8,31850496,my_ring_all_reduce,8,8
725,6.331915000000001,6.339593999999997,6.336628999999999,6.3383780000000005,0.0033700653801755596,0,8,31981568,my_ring_all_reduce,8,8
726,6.365448000000004,6.3705409999999905,6.3685223333333285,6.369577999999994,0.0022091455864647795,0,8,32112640,my_ring_all_reduce,8,8
727,6.390060999999994,6.393996000000003,6.392278666666655,6.392778999999966,0.0016449531570504,0,8,32243712,my_ring_all_reduce,8,8
728,6.4169390000000055,6.422727999999996,6.419136000000001,6.417740999999999,0.002560943706263339,0,8,32374784,my_ring_all_reduce,8,8
729,6.4320749999999975,6.4406500000000015,6.436939999999997,6.438094999999994,0.003594734575274521,0,8,32505856,my_ring_all_reduce,8,8
730,6.4375789999999995,6.445550999999992,6.4404273333333295,6.438151999999999,0.0036305235924768736,0,8,32636928,my_ring_all_reduce,8,8
731,6.435850000000006,6.442604000000006,6.440320666666669,6.442507999999995,0.0031614816498293443,0,8,32768000,my_ring_all_reduce,8,8
732,6.437289999999994,6.442059999999998,6.439082666666664,6.4378980000000015,0.0021198744197611615,0,8,32899072,my_ring_all_reduce,8,8
733,6.437158999999992,6.440140000000002,6.439049666666665,6.439849999999999,0.0013421351976979194,0,8,33030144,my_ring_all_reduce,8,8
734,6.443113999999994,6.446797000000001,6.444736999999999,6.444300000000003,0.0015350024972857403,0,8,33161216,my_ring_all_reduce,8,8
735,6.498057000000001,6.499337000000003,6.498591333333341,6.49838000000002,0.0005435048808925515,0,8,33292288,my_ring_all_reduce,8,8
736,6.5667639999999885,6.571946000000004,6.56900333333333,6.568299999999995,0.0021732141071654372,0,8,33423360,my_ring_all_reduce,8,8
737,6.613740000000005,6.615244,6.614592333333334,6.614792999999998,0.0006301874500645062,0,8,33554432,my_ring_all_reduce,8,8
738,6.666923999999999,6.667471000000009,6.66726566666667,6.667402000000002,0.00024323148553829054,0,8,33685504,my_ring_all_reduce,8,8
739,6.643692,6.654058999999994,6.647360666666664,6.644330999999998,0.004743615522172838,0,8,33816576,my_ring_all_reduce,8,8
740,6.661513,6.66593,6.663925333333332,6.664332999999999,0.0018261282053081832,0,8,33947648,my_ring_all_reduce,8,8
741,6.673929999999993,6.677610000000016,6.67518766666667,6.674023000000001,0.0017132690649512693,0,8,34078720,my_ring_all_reduce,8,8
742,6.704393999999997,6.716329000000005,6.7119349999999995,6.715081999999995,0.005356538870080862,0,8,34209792,my_ring_all_reduce,8,8
743,6.773989000000009,6.796807000000001,6.783058000000001,6.778377999999997,0.009885750047414894,0,8,34340864,my_ring_all_reduce,8,8
744,6.8134820000000005,6.8233679999999985,6.8194426666666645,6.8214779999999955,0.004284871474798714,0,8,34471936,my_ring_all_reduce,8,8
745,6.826377000000001,6.828552000000011,6.827688333333339,6.828136000000006,0.000942677156946927,0,8,34603008,my_ring_all_reduce,8,8
746,6.859818,6.868392,6.863016666666668,6.860840000000004,0.0038237657994291104,0,8,34734080,my_ring_all_reduce,8,8
747,6.897672000000006,6.9070119999999955,6.902801333333335,6.903720000000002,0.0038679763299244575,0,8,34865152,my_ring_all_reduce,8,8
748,6.929256,6.9367760000000125,6.931954666666669,6.929831999999995,0.0034172976978313705,0,8,34996224,my_ring_all_reduce,8,8
749,6.989543000000027,7.001861999999994,6.993969333333337,6.99050299999999,0.0055947022758559145,0,8,35127296,my_ring_all_reduce,8,8
750,7.0225050000000016,7.036264000000003,7.029041333333336,7.028355000000007,0.005638014445608694,0,8,35258368,my_ring_all_reduce,8,8
751,7.019080999999991,7.023111999999998,7.021446666666665,7.022147000000005,0.0017185440220050428,0,8,35389440,my_ring_all_reduce,8,8
752,7.043880000000012,7.055466000000003,7.049554666666672,7.049318,0.004732924207666985,0,8,35520512,my_ring_all_reduce,8,8
753,7.074918999999994,7.078534000000007,7.077287000000002,7.078408000000003,0.0016752187916859414,0,8,35651584,my_ring_all_reduce,8,8
754,7.116293999999995,7.129128000000011,7.123271333333335,7.124392,0.005299044526040353,0,8,35782656,my_ring_all_reduce,8,8
755,7.143464000000008,7.159748000000007,7.15081133333334,7.149222000000002,0.006742237478925065,0,8,35913728,my_ring_all_reduce,8,8
756,7.174376000000011,7.183813999999999,7.180668000000003,7.183813999999999,0.004449115867220028,0,8,36044800,my_ring_all_reduce,8,8
757,7.158436999999998,7.162410000000004,7.160593666666668,7.160934000000001,0.0016397260611342617,0,8,36175872,my_ring_all_reduce,8,8
758,7.180998000000022,7.186631999999998,7.183602000000007,7.183176,0.0023197120510867956,0,8,36306944,my_ring_all_reduce,8,8
759,7.217606,7.2284239999999915,7.22259833333333,7.2217649999999995,0.004455566880004122,0,8,36438016,my_ring_all_reduce,8,8
760,7.242442000000001,7.255525999999998,7.248753999999998,7.248293999999998,0.005351415015362961,0,8,36569088,my_ring_all_reduce,8,8
761,7.261162000000004,7.266375999999997,7.263069333333335,7.261670000000006,0.0023473459244156467,0,8,36700160,my_ring_all_reduce,8,8
762,7.267721999999998,7.282055999999997,7.275314333333331,7.276164999999999,0.005882664607886852,0,8,36831232,my_ring_all_reduce,8,8
763,7.246406000000003,7.2496680000000016,7.247685999999998,7.24698399999999,0.0014212116896053849,0,8,36962304,my_ring_all_reduce,8,8
764,7.278148000000002,7.281863000000012,7.280495666666677,7.281476000000017,0.001667552364667636,0,8,37093376,my_ring_all_reduce,8,8
765,7.2830160000000035,7.289064000000002,7.285105666666669,7.2832370000000015,0.002800418103704378,0,8,37224448,my_ring_all_reduce,8,8
766,7.297223000000013,7.299685999999996,7.298844,7.299622999999992,0.0011465086131292649,0,8,37355520,my_ring_all_reduce,8,8
767,7.342915000000012,7.347528000000006,7.344623333333341,7.343427000000004,0.0020645180766666786,0,8,37486592,my_ring_all_reduce,8,8
768,7.408230999999993,7.421798999999999,7.415313999999999,7.415912000000004,0.005555229308201341,0,8,37617664,my_ring_all_reduce,8,8
769,7.412804999999986,7.425030000000028,7.419621333333336,7.421028999999995,0.005089125683492308,0,8,37748736,my_ring_all_reduce,8,8
770,7.460934000000016,7.471625000000004,7.466919666666676,7.468200000000012,0.004457488854596035,0,8,37879808,my_ring_all_reduce,8,8
771,7.480039000000004,7.487846999999994,7.484273666666664,7.484934999999996,0.0032217218308736905,0,8,38010880,my_ring_all_reduce,8,8
772,7.509223999999999,7.514052000000003,7.51098266666667,7.509672000000006,0.0021780390772950715,0,8,38141952,my_ring_all_reduce,8,8
773,7.542468000000001,7.549159999999996,7.545871999999998,7.545987999999998,0.002733228615878119,0,8,38273024,my_ring_all_reduce,8,8
774,7.590537999999993,7.602663999999997,7.595816999999996,7.594248999999996,0.005073061994497485,0,8,38404096,my_ring_all_reduce,8,8
775,7.657320999999998,7.669412000000004,7.665254999999998,7.6690319999999925,0.005612329700460419,0,8,38535168,my_ring_all_reduce,8,8
776,7.687594000000009,7.691688000000002,7.689693666666666,7.689798999999985,0.0016730272628416559,0,8,38666240,my_ring_all_reduce,8,8
777,7.723689000000006,7.748457000000002,7.733779666666674,7.729193000000014,0.010618901052156708,0,8,38797312,my_ring_all_reduce,8,8
778,7.757736999999993,7.775591000000002,7.767816,7.770120000000003,0.007468718810259659,0,8,38928384,my_ring_all_reduce,8,8
779,7.796201000000003,7.804359000000001,7.7994639999999995,7.797831999999995,0.0035247514333167584,0,8,39059456,my_ring_all_reduce,8,8
780,7.824936000000016,7.830891000000004,7.828637666666672,7.830085999999996,0.002638024302803988,0,8,39190528,my_ring_all_reduce,8,8
781,7.8463439999999975,7.853993000000003,7.849715000000004,7.8488080000000116,0.003187871494692471,0,8,39321600,my_ring_all_reduce,8,8
782,7.865863999999994,7.885863999999987,7.877533333333324,7.8808719999999886,0.008499412581006598,0,8,39452672,my_ring_all_reduce,8,8
783,7.901608999999997,7.913864999999998,7.908062666666663,7.908713999999996,0.0050246432930333125,0,8,39583744,my_ring_all_reduce,8,8
784,7.922791000000013,7.926663000000008,7.924626000000008,7.924424000000003,0.0015871775788049616,0,8,39714816,my_ring_all_reduce,8,8
785,7.932905,7.948934000000001,7.9404126666666635,7.93939899999999,0.0065829502167014855,0,8,39845888,my_ring_all_reduce,8,8
786,7.958759000000006,7.968517999999997,7.964646666666663,7.966662999999986,0.004231526149689479,0,8,39976960,my_ring_all_reduce,8,8
787,7.973285000000018,7.980007000000005,7.976124333333343,7.975081000000006,0.0028416813489311214,0,8,40108032,my_ring_all_reduce,8,8
788,7.985413000000004,7.9933830000000015,7.989084333333335,7.988457000000002,0.003283837727753313,0,8,40239104,my_ring_all_reduce,8,8
789,8.006279999999995,8.012139,8.008766333333329,8.00787999999999,0.002472672014016873,0,8,40370176,my_ring_all_reduce,8,8
790,8.02122599999998,8.026503000000012,8.024390999999996,8.025443999999997,0.00227936964971798,0,8,40501248,my_ring_all_reduce,8,8
791,8.044042000000031,8.045670000000007,8.04462666666668,8.044168000000004,0.0007395391958599942,0,8,40632320,my_ring_all_reduce,8,8
792,8.054955000000005,8.064391999999996,8.060318666666666,8.06160899999999,0.003959205503909292,0,8,40763392,my_ring_all_reduce,8,8
793,8.065576000000002,8.070089999999997,8.067220333333337,8.06599500000001,0.002036357914400007,0,8,40894464,my_ring_all_reduce,8,8
794,8.086436999999997,8.089157999999996,8.087952999999997,8.088263999999999,0.0011324018721284015,0,8,41025536,my_ring_all_reduce,8,8
795,8.101446,8.107719000000005,8.105212,8.106470999999997,0.002711265756064426,0,8,41156608,my_ring_all_reduce,8,8
796,8.126052000000003,8.127848,8.126662333333336,8.126087000000002,0.0008385146921116192,0,8,41287680,my_ring_all_reduce,8,8
797,8.135081000000035,8.141864000000016,8.139048333333344,8.140199999999982,0.002886407725093456,0,8,41418752,my_ring_all_reduce,8,8
798,8.159623999999981,8.164453999999997,8.162492999999992,8.163400999999999,0.002073736241673825,0,8,41549824,my_ring_all_reduce,8,8
799,8.207462000000003,8.220996000000007,8.216326000000004,8.220520000000004,0.0062708062214264,0,8,41680896,my_ring_all_reduce,8,8
800,8.255049999999995,8.265989000000001,8.260679999999995,8.26100099999999,0.004471592632014458,0,8,41811968,my_ring_all_reduce,8,8
801,8.29786600000001,8.301733999999996,8.299176000000006,8.297928000000015,0.0018089562367949324,0,8,41943040,my_ring_all_reduce,8,8
802,8.311941999999995,8.315399000000001,8.313095999999998,8.311947,0.001628468196395724,0,8,42074112,my_ring_all_reduce,8,8
803,8.335911,8.337510000000009,8.33672166666667,8.336744,0.0006529800065039194,0,8,42205184,my_ring_all_reduce,8,8
804,8.355043000000006,8.358182000000005,8.357007333333337,8.357797000000007,0.0013978579644902613,0,8,42336256,my_ring_all_reduce,8,8
805,8.373194999999999,8.389927999999985,8.378856999999995,8.373448,0.007829060522601778,0,8,42467328,my_ring_all_reduce,8,8
806,8.418917000000016,8.432101999999999,8.425904333333337,8.426694,0.005411637850239048,0,8,42598400,my_ring_all_reduce,8,8
807,8.453032999999982,8.461475999999996,8.458619999999996,8.46135100000001,0.003950935163571211,0,8,42729472,my_ring_all_reduce,8,8
808,8.472487999999998,8.497701999999999,8.484540333333332,8.483430999999998,0.010323417209862733,0,8,42860544,my_ring_all_reduce,8,8
809,8.495945999999996,8.515976000000002,8.507751333333331,8.511331999999996,0.00856022216741976,0,8,42991616,my_ring_all_reduce,8,8
810,8.533954999999995,8.541222000000008,8.537688999999999,8.537889999999988,0.002970142869744888,0,8,43122688,my_ring_all_reduce,8,8
811,8.55245499999998,8.568034999999997,8.561093999999992,8.562792000000002,0.006472840849794179,0,8,43253760,my_ring_all_reduce,8,8
812,8.579590000000012,8.584900000000008,8.581573666666673,8.580231000000003,0.002366585491565517,0,8,43384832,my_ring_all_reduce,8,8
813,8.603142999999989,8.615494999999996,8.608252333333331,8.606119000000007,0.0052634785287137284,0,8,43515904,my_ring_all_reduce,8,8
814,8.630629999999991,8.638469999999987,8.635184999999998,8.636455000000016,0.0033242618228231354,0,8,43646976,my_ring_all_reduce,8,8
815,8.655368000000003,8.671397000000011,8.660923333333336,8.656004999999997,0.00741056508567113,0,8,43778048,my_ring_all_reduce,8,8
816,8.669862999999998,8.687815000000002,8.681362333333333,8.686409,0.008151491042885832,0,8,43909120,my_ring_all_reduce,8,8
817,8.701702000000019,8.709125000000007,8.70524333333334,8.704902999999998,0.0030399673609318285,0,8,44040192,my_ring_all_reduce,8,8
818,8.715717999999994,8.717990000000002,8.716859666666666,8.716871000000003,0.0009275747349380298,0,8,44171264,my_ring_all_reduce,8,8
819,8.734854000000015,8.742277000000001,8.738245000000006,8.737604000000003,0.003064135876007517,0,8,44302336,my_ring_all_reduce,8,8
820,8.750627,8.759527000000002,8.753872333333334,8.751463000000003,0.004012992676572684,0,8,44433408,my_ring_all_reduce,8,8
821,8.772610000000004,8.782085999999996,8.777785666666665,8.778660999999992,0.0039177629954937464,0,8,44564480,my_ring_all_reduce,8,8
822,8.795972999999998,8.79850099999999,8.796955333333328,8.796391999999992,0.0011062562491945304,0,8,44695552,my_ring_all_reduce,8,8
823,8.807590000000005,8.813703000000023,8.811462666666676,8.813095,0.0027496152862256282,0,8,44826624,my_ring_all_reduce,8,8
824,8.825062000000006,8.840612000000002,8.831343333333336,8.828356,0.006690478076257031,0,8,44957696,my_ring_all_reduce,8,8
825,8.852167000000016,8.862501,8.856433000000004,8.854630999999996,0.004407061908644678,0,8,45088768,my_ring_all_reduce,8,8
826,8.876740999999996,8.883333999999989,8.880196999999995,8.880516000000004,0.002701016228506338,0,8,45219840,my_ring_all_reduce,8,8
827,8.905479999999992,8.911462999999982,8.90936199999999,8.911142999999997,0.0027480954617078025,0,8,45350912,my_ring_all_reduce,8,8
828,8.930467000000027,8.942789999999993,8.93604666666667,8.934882999999987,0.005097690479236935,0,8,45481984,my_ring_all_reduce,8,8
829,8.961126999999985,8.966597000000002,8.963099333333332,8.961574000000008,0.0024799470872524064,0,8,45613056,my_ring_all_reduce,8,8
830,9.004933000000001,9.013704000000013,9.00957433333334,9.01008600000001,0.00359897784872194,0,8,45744128,my_ring_all_reduce,8,8
831,9.04528300000001,9.056200000000011,9.049361000000006,9.046599999999998,0.004865700566211078,0,8,45875200,my_ring_all_reduce,8,8
832,9.073123000000008,9.077219999999997,9.075748000000004,9.076901000000005,0.0018607183200725634,0,8,46006272,my_ring_all_reduce,8,8
833,9.106465999999987,9.107813000000009,9.107278666666668,9.107557000000009,0.0005840686793812844,0,8,46137344,my_ring_all_reduce,8,8
834,9.180069,9.188003999999998,9.184729999999998,9.186117,0.0033846598056518976,0,8,46268416,my_ring_all_reduce,8,8
835,9.209123,9.224197,9.216697666666668,9.216773000000002,0.006154165274204421,0,8,46399488,my_ring_all_reduce,8,8
836,9.266593999999984,9.274949000000008,9.27143833333333,9.272771999999998,0.003538879891852743,0,8,46530560,my_ring_all_reduce,8,8
837,9.315237999999997,9.33184599999999,9.322865,9.321511000000013,0.006847452226919239,0,8,46661632,my_ring_all_reduce,8,8
838,9.355781000000018,9.367012000000003,9.360771666666674,9.359521999999997,0.004669410407696972,0,8,46792704,my_ring_all_reduce,8,8
839,9.406945000000007,9.417793999999995,9.411073666666669,9.408482000000005,0.00479324193236402,0,8,46923776,my_ring_all_reduce,8,8
840,9.436196999999993,9.451109000000011,9.44212733333333,9.439075999999986,0.006458839541461538,0,8,47054848,my_ring_all_reduce,8,8
841,9.415078000000001,9.428260000000009,9.422063333333336,9.422851999999999,0.005410346713066147,0,8,47185920,my_ring_all_reduce,8,8
842,9.433285000000003,9.449252000000008,9.44089033333334,9.440134000000006,0.006540402756883537,0,8,47316992,my_ring_all_reduce,8,8
843,9.450152000000003,9.454692999999995,9.452955000000001,9.454020000000003,0.002000972930016428,0,8,47448064,my_ring_all_reduce,8,8
844,9.457989999999992,9.463301000000001,9.461382000000002,9.46285500000001,0.002405407380610811,0,8,47579136,my_ring_all_reduce,8,8
845,9.49949100000001,9.511137999999999,9.506307666666663,9.50829399999998,0.004957976222426671,0,8,47710208,my_ring_all_reduce,8,8
846,9.510563999999984,9.519842999999995,9.515908333333329,9.517318000000007,0.003917084828747351,0,8,47841280,my_ring_all_reduce,8,8
847,9.486917000000002,9.495557000000005,9.491610333333336,9.492357000000004,0.003566560746092124,0,8,47972352,my_ring_all_reduce,8,8
848,9.497637000000001,9.502659000000007,9.499705333333337,9.49882,0.00214367011351259,0,8,48103424,my_ring_all_reduce,8,8
849,9.517382999999999,9.525513000000002,9.52137233333333,9.52122099999999,0.0033207831740266155,0,8,48234496,my_ring_all_reduce,8,8
850,9.550598000000003,9.563168000000005,9.556493666666663,9.555714999999982,0.005161134651305716,0,8,48365568,my_ring_all_reduce,8,8
851,9.578754000000002,9.595361999999994,9.584333666666668,9.578885000000007,0.007798392669143425,0,8,48496640,my_ring_all_reduce,8,8
852,9.592098999999996,9.607173000000003,9.600409999999998,9.601958,0.006250525151273614,0,8,48627712,my_ring_all_reduce,8,8
853,9.588966000000001,9.593698999999994,9.590715666666663,9.589481999999997,0.0021200270962603313,0,8,48758784,my_ring_all_reduce,8,8
854,9.614278000000006,9.621892,9.618491000000008,9.619303000000015,0.0031609868712149315,0,8,48889856,my_ring_all_reduce,8,8
855,9.658147,9.662978999999996,9.660749666666666,9.661123,0.0019902410797566546,0,8,49020928,my_ring_all_reduce,8,8
856,9.694660000000004,9.698498999999996,9.69661166666667,9.696676000000007,0.0015679252391443313,0,8,49152000,my_ring_all_reduce,8,8
857,9.712546999999992,9.723139999999985,9.718179666666659,9.718851999999998,0.004350627260009204,0,8,49283072,my_ring_all_reduce,8,8
858,9.74784199999999,9.752386999999988,9.750392333333327,9.750948000000005,0.0018966339188746242,0,8,49414144,my_ring_all_reduce,8,8
859,9.739715000000004,9.752291000000012,9.74401366666668,9.740035000000018,0.005854416300727902,0,8,49545216,my_ring_all_reduce,8,8
860,9.798052000000025,9.800805999999989,9.79901266666667,9.798179999999993,0.0012691543991427796,0,8,49676288,my_ring_all_reduce,8,8
861,9.843330000000009,9.854468000000008,9.849913666666668,9.851942999999984,0.004768116772429069,0,8,49807360,my_ring_all_reduce,8,8
862,9.882628000000011,9.889477000000028,9.885700333333354,9.88499600000002,0.0028401014457691415,0,8,49938432,my_ring_all_reduce,8,8
863,9.90816599999999,9.913507999999998,9.910414999999995,9.909570999999996,0.0022610459231690873,0,8,50069504,my_ring_all_reduce,8,8
864,9.920837,9.926980000000025,9.923513333333347,9.922723000000014,0.0025693815511919614,0,8,50200576,my_ring_all_reduce,8,8
865,9.923172000000001,9.93453100000001,9.92910233333334,9.929604000000007,0.004650840234723713,0,8,50331648,my_ring_all_reduce,8,8
866,10.011299,10.03098,10.019352999999997,10.015779999999992,0.008422596076429485,0,8,50462720,my_ring_all_reduce,8,8
867,10.094148,10.097859000000012,10.096206000000004,10.096611000000001,0.0015418385129490357,0,8,50593792,my_ring_all_reduce,8,8
868,10.161058999999995,10.168193999999989,10.165528333333329,10.167332000000002,0.0031798287515034523,0,8,50724864,my_ring_all_reduce,8,8
869,10.20682,10.223332999999998,10.216675999999998,10.219874999999993,0.007110789595160426,0,8,50855936,my_ring_all_reduce,8,8
870,10.246977,10.252964999999982,10.250455666666666,10.251425000000017,0.002538863437748842,0,8,50987008,my_ring_all_reduce,8,8
871,10.285119999999996,10.300641999999979,10.292150333333328,10.290689000000013,0.00642052657929567,0,8,51118080,my_ring_all_reduce,8,8
872,10.294529999999996,10.296290000000004,10.295170999999998,10.294692999999999,0.0007940457585503918,0,8,51249152,my_ring_all_reduce,8,8
873,10.307969999999987,10.324260999999996,10.317133999999994,10.319171000000003,0.006804958829172571,0,8,51380224,my_ring_all_reduce,8,8
874,10.330499000000003,10.333283000000002,10.331703666666662,10.331328999999984,0.0011670319428184277,0,8,51511296,my_ring_all_reduce,8,8
875,10.332484999999993,10.344162000000011,10.338381333333336,10.338497000000004,0.004767816854245471,0,8,51642368,my_ring_all_reduce,8,8
876,10.32896100000001,10.350918000000005,10.340782333333335,10.342467999999993,0.009042808056986684,0,8,51773440,my_ring_all_reduce,8,8
877,10.343174000000001,10.356994999999996,10.349294666666667,10.347715000000004,0.005751899415745946,0,8,51904512,my_ring_all_reduce,8,8
878,10.343333,10.360068000000007,10.351406000000003,10.350817000000003,0.006844718012212767,0,8,52035584,my_ring_all_reduce,8,8
879,10.364674999999993,10.368897999999971,10.366956999999992,10.36729800000001,0.0017408126454741245,0,8,52166656,my_ring_all_reduce,8,8
880,10.381604,10.388485999999983,10.38513466666666,10.385314,0.0028124249718320714,0,8,52297728,my_ring_all_reduce,8,8
881,10.388737999999998,10.405349999999999,10.396152999999998,10.394371,0.006897887551030887,0,8,52428800,my_ring_all_reduce,8,8
882,10.422272999999986,10.434371000000015,10.428525,10.428930999999997,0.004947324394739044,0,8,52559872,my_ring_all_reduce,8,8
883,10.448676999999996,10.462594999999979,10.454520666666657,10.452289999999994,0.00589686845329492,0,8,52690944,my_ring_all_reduce,8,8
884,10.470559000000002,10.475396000000009,10.47275866666667,10.472320999999997,0.001998800695976537,0,8,52822016,my_ring_all_reduce,8,8
885,10.491452000000004,10.501055000000008,10.496330333333331,10.496483999999983,0.0039219138468650746,0,8,52953088,my_ring_all_reduce,8,8
886,10.515522000000011,10.526788,10.520014000000003,10.517731999999997,0.004874172203219373,0,8,53084160,my_ring_all_reduce,8,8
887,10.540419000000009,10.544418000000002,10.542978000000003,10.544096999999995,0.0018142254545627514,0,8,53215232,my_ring_all_reduce,8,8
888,10.56256500000001,10.570980000000004,10.566542333333336,10.566081999999994,0.003450795689239817,0,8,53346304,my_ring_all_reduce,8,8
889,10.598277999999999,10.600897999999997,10.599907333333332,10.600546000000003,0.00116104014668878,0,8,53477376,my_ring_all_reduce,8,8
890,10.622818000000008,10.629894,10.627213000000003,10.628926999999996,0.003132708200046651,0,8,53608448,my_ring_all_reduce,8,8
891,10.659520999999994,10.662498000000006,10.661334666666667,10.661985000000001,0.0012994440691700385,0,8,53739520,my_ring_all_reduce,8,8
892,10.694339,10.70362000000001,10.698936333333334,10.698849999999993,0.0037894441398338935,0,8,53870592,my_ring_all_reduce,8,8
893,10.711168999999998,10.723587,10.716460666666672,10.714626000000019,0.0052329840010781805,0,8,54001664,my_ring_all_reduce,8,8
894,10.742243000000032,10.744994999999982,10.743416666666668,10.743011999999991,0.0011593654394452429,0,8,54132736,my_ring_all_reduce,8,8
895,10.751329000000002,10.759968999999998,10.755392999999998,10.754880999999994,0.0035457963844517573,0,8,54263808,my_ring_all_reduce,8,8
896,10.774724000000003,10.782977,10.779277666666673,10.780132000000012,0.0034230022235200294,0,8,54394880,my_ring_all_reduce,8,8
897,10.817506999999983,10.828928000000015,10.824386333333331,10.826724000000002,0.004946940086796069,0,8,54525952,my_ring_all_reduce,8,8
898,10.895516999999993,10.902306000000006,10.899466666666664,10.900576999999991,0.0028806550566807523,0,8,54657024,my_ring_all_reduce,8,8
899,10.956226000000003,10.96973,10.96114400000001,10.957476000000025,0.006092627894972643,0,8,54788096,my_ring_all_reduce,8,8
900,11.002852000000006,11.013538999999998,11.009699000000003,11.012706000000005,0.004853488710880428,0,8,54919168,my_ring_all_reduce,8,8
901,11.050465999999986,11.051358999999998,11.050955333333327,11.051040999999998,0.00036956400739178517,0,8,55050240,my_ring_all_reduce,8,8
902,11.065633000000002,11.087905,11.075872999999996,11.074080999999994,0.009180375591444403,0,8,55181312,my_ring_all_reduce,8,8
903,11.085409,11.096512000000002,11.091424666666667,11.092352999999996,0.0045800658170918355,0,8,55312384,my_ring_all_reduce,8,8
904,11.096772000000005,11.100767999999997,11.099191,11.100033000000003,0.001736611067565384,0,8,55443456,my_ring_all_reduce,8,8
905,11.103103000000003,11.115552000000003,11.108735000000003,11.107550000000003,0.005150894355999429,0,8,55574528,my_ring_all_reduce,8,8
906,11.110527999999992,11.120385000000002,11.116545666666667,11.11872400000001,0.00430882538776819,0,8,55705600,my_ring_all_reduce,8,8
907,11.111233999999989,11.13197,11.12405499999999,11.12896099999998,0.009148662962424392,0,8,55836672,my_ring_all_reduce,8,8
908,11.123587,11.125344000000013,11.124491333333339,11.124543000000005,0.0007182220331456323,0,8,55967744,my_ring_all_reduce,8,8
909,11.140449,11.141568,11.141087333333331,11.141244999999996,0.00047023705605597733,0,8,56098816,my_ring_all_reduce,8,8
910,11.142720999999991,11.160383000000008,11.15295066666667,11.155748000000003,0.007476869502382896,0,8,56229888,my_ring_all_reduce,8,8
911,11.164993000000003,11.180642,11.171864,11.169956999999995,0.006529435248676951,0,8,56360960,my_ring_all_reduce,8,8
912,11.194907999999996,11.226847000000008,11.213800666666666,11.219646999999997,0.013678685130121016,0,8,56492032,my_ring_all_reduce,8,8
913,11.243006999999999,11.260772000000005,11.251958333333336,11.252096000000005,0.007253184143688773,0,8,56623104,my_ring_all_reduce,8,8
914,11.28019200000001,11.297699999999997,11.291191000000007,11.295681000000013,0.007821022567410888,0,8,56754176,my_ring_all_reduce,8,8
915,11.27881699999998,11.298017,11.289526333333326,11.291744999999995,0.007993825172532817,0,8,56885248,my_ring_all_reduce,8,8
916,11.299460000000005,11.32048,11.310168000000003,11.310564,0.008585946346596207,0,8,57016320,my_ring_all_reduce,8,8
917,11.321854999999967,11.33472,11.329385333333326,11.331581000000005,0.00547678557389246,0,8,57147392,my_ring_all_reduce,8,8
918,11.355233999999967,11.361921999999991,11.358582666666658,11.358592000000012,0.002730372542763159,0,8,57278464,my_ring_all_reduce,8,8
919,11.380387999999993,11.389020000000018,11.384117000000003,11.382942999999997,0.0036204569693266313,0,8,57409536,my_ring_all_reduce,8,8
920,11.407100000000021,11.413727,11.409588,11.407936999999977,0.002946594984043308,0,8,57540608,my_ring_all_reduce,8,8
921,11.442050999999992,11.444733999999997,11.443253666666662,11.442975999999994,0.0011127881898904774,0,8,57671680,my_ring_all_reduce,8,8
922,11.471581000000006,11.472414000000011,11.472008666666675,11.472031000000003,0.000340437300478335,0,8,57802752,my_ring_all_reduce,8,8
923,11.499773000000001,11.509441000000006,11.505535333333336,11.507392,0.004159564426984251,0,8,57933824,my_ring_all_reduce,8,8
924,11.533532000000001,11.542619999999996,11.538876333333333,11.540477,0.003878963464063674,0,8,58064896,my_ring_all_reduce,8,8
925,11.535260999999991,11.546587,11.541116666666662,11.541501999999994,0.004631841270552144,0,8,58195968,my_ring_all_reduce,8,8
926,11.559201000000002,11.565758999999991,11.56252733333333,11.562621999999996,0.0026781289903336793,0,8,58327040,my_ring_all_reduce,8,8
927,11.569151999999988,11.579136999999996,11.573482666666662,11.572159,0.004182433608427924,0,8,58458112,my_ring_all_reduce,8,8
928,11.606910999999979,11.611293999999994,11.608382666666657,11.606943,0.0020586649935248917,0,8,58589184,my_ring_all_reduce,8,8
929,11.664604999999996,11.668701,11.666216666666669,11.665344000000012,0.0017824074231836187,0,8,58720256,my_ring_all_reduce,8,8
930,11.755164999999979,11.768604999999999,11.760945999999995,11.759068000000006,0.00564526722131647,0,8,58851328,my_ring_all_reduce,8,8
931,11.778721000000004,11.780736999999993,11.779711666666664,11.779676999999992,0.0008233935200628181,0,8,58982400,my_ring_all_reduce,8,8
932,11.815680000000008,11.82300500000002,11.819496333333348,11.819804000000019,0.0029983217898662167,0,8,59113472,my_ring_all_reduce,8,8
933,11.842651000000005,11.848346999999995,11.845851666666674,11.846557000000015,0.002378266221895601,0,8,59244544,my_ring_all_reduce,8,8
934,11.864283999999971,11.867581000000003,11.865532666666658,11.864733000000001,0.001459943454013358,0,8,59375616,my_ring_all_reduce,8,8
935,11.901727999999995,11.90300699999999,11.902345999999994,11.902303,0.0005230340970379365,0,8,59506688,my_ring_all_reduce,8,8
936,11.916444000000004,11.92841799999999,11.922803666666654,11.923548999999971,0.004916693355852844,0,8,59637760,my_ring_all_reduce,8,8
937,11.892411999999995,11.895966,11.894440000000001,11.894942000000011,0.0014937050132729913,0,8,59768832,my_ring_all_reduce,8,8
938,11.903517000000022,11.913852000000002,11.908988333333342,11.909596000000002,0.004241069073808632,0,8,59899904,my_ring_all_reduce,8,8
939,11.92044799999999,11.924283999999986,11.922536333333328,11.922877000000009,0.0015844587579218936,0,8,60030976,my_ring_all_reduce,8,8
940,11.929597999999999,11.939294999999994,11.933640333333331,11.932028,0.004119681729883602,0,8,60162048,my_ring_all_reduce,8,8
941,11.975421000000003,11.98422299999997,11.981191666666662,11.983931000000013,0.004082218460042018,0,8,60293120,my_ring_all_reduce,8,8
942,12.023803999999997,12.024286000000004,12.024039333333334,12.024028,0.00019693879478156244,0,8,60424192,my_ring_all_reduce,8,8
943,12.021246,12.039322000000015,12.028167333333345,12.023934000000024,0.007963511676532217,0,8,60555264,my_ring_all_reduce,8,8
944,12.040956000000007,12.062492999999995,12.051708333333343,12.051676000000022,0.008792473157316722,0,8,60686336,my_ring_all_reduce,8,8
945,12.073213000000004,12.092349999999977,12.082345333333322,12.081472999999983,0.007836960139113204,0,8,60817408,my_ring_all_reduce,8,8
946,12.118144999999997,12.146175999999992,12.132971999999997,12.134595000000001,0.011501009723786324,0,8,60948480,my_ring_all_reduce,8,8
947,12.152830000000016,12.167774,12.159369666666676,12.157505000000006,0.006241715593927487,0,8,61079552,my_ring_all_reduce,8,8
948,12.186592999999993,12.201891999999997,12.193899999999998,12.193214999999997,0.006264544090888594,0,8,61210624,my_ring_all_reduce,8,8
949,12.171617000000014,12.187582999999984,12.177652333333336,12.173757000000013,0.007076180953642697,0,8,61341696,my_ring_all_reduce,8,8
950,12.203712000000007,12.21292899999999,12.20846933333334,12.208767000000021,0.003768706792633654,0,8,61472768,my_ring_all_reduce,8,8
951,12.259583,12.270655,12.263349666666665,12.259810999999994,0.005166489287279167,0,8,61603840,my_ring_all_reduce,8,8
952,12.288415000000008,12.292636999999974,12.291219333333325,12.292605999999996,0.001983003501975306,0,8,61734912,my_ring_all_reduce,8,8
953,12.324414000000019,12.334300999999993,12.32776366666666,12.324575999999972,0.004623065817781779,0,8,61865984,my_ring_all_reduce,8,8
954,12.351581000000014,12.364352000000029,12.358207000000016,12.35868800000001,0.0052248209538758375,0,8,61997056,my_ring_all_reduce,8,8
955,12.334430000000022,12.33993299999999,12.336532333333343,12.335234000000012,0.0024269328150616954,0,8,62128128,my_ring_all_reduce,8,8
956,12.372895000000005,12.380895000000004,12.376457333333335,12.375581999999994,0.00332411956597421,0,8,62259200,my_ring_all_reduce,8,8
957,12.389376999999993,12.404509999999998,12.399103666666667,12.403424000000014,0.006892067050044115,0,8,62390272,my_ring_all_reduce,8,8
958,12.399424,12.436124000000001,12.415549666666669,12.411101,0.015309375696684733,0,8,62521344,my_ring_all_reduce,8,8
959,12.44790300000002,12.459774999999995,12.452756333333335,12.450590999999994,0.00508282056429412,0,8,62652416,my_ring_all_reduce,8,8
960,12.495900999999998,12.506942000000002,12.501149999999996,12.50060699999999,0.004523793172403599,0,8,62783488,my_ring_all_reduce,8,8
961,12.510846999999995,12.519930999999998,12.516456666666665,12.518592000000005,0.0040041229029894486,0,8,62914560,my_ring_all_reduce,8,8
962,12.580798999999985,12.585471000000013,12.583603666666667,12.584540999999998,0.0020192145887939672,0,8,63045632,my_ring_all_reduce,8,8
963,12.621373999999967,12.628636000000006,12.625628999999991,12.626877,0.0030932495319276067,0,8,63176704,my_ring_all_reduce,8,8
964,12.651200000000006,12.676064000000006,12.663924333333336,12.664508999999992,0.010159101021032454,0,8,63307776,my_ring_all_reduce,8,8
965,12.671615000000003,12.689982000000006,12.679582333333343,12.677150000000024,0.007693020920865608,0,8,63438848,my_ring_all_reduce,8,8
966,12.691552000000025,12.699264999999984,12.696565333333337,12.698879000000003,0.0035484627970597754,0,8,63569920,my_ring_all_reduce,8,8
967,12.712926000000003,12.727356999999992,12.718056666666667,12.713887000000003,0.00658802096400399,0,8,63700992,my_ring_all_reduce,8,8
968,12.739070999999997,12.758749999999994,12.746802666666662,12.742587,0.00856911680914972,0,8,63832064,my_ring_all_reduce,8,8
969,12.75653899999999,12.763392000000007,12.76076533333333,12.76236499999999,0.0030177367163024744,0,8,63963136,my_ring_all_reduce,8,8
970,12.778684999999983,12.796703000000024,12.789960333333335,12.794493000000003,0.00802375146398467,0,8,64094208,my_ring_all_reduce,8,8
971,12.810652999999997,12.849085000000006,12.831048000000003,12.833406000000004,0.015778144778990567,0,8,64225280,my_ring_all_reduce,8,8
972,12.850335000000007,12.852602999999988,12.851144333333332,12.850495000000002,0.0010334993414959405,0,8,64356352,my_ring_all_reduce,8,8
973,12.885087000000004,12.906236999999987,12.894814000000004,12.893118000000017,0.008717336634537705,0,8,64487424,my_ring_all_reduce,8,8
974,12.899197000000008,12.938369000000007,12.920478333333337,12.923868999999996,0.016170628957738437,0,8,64618496,my_ring_all_reduce,8,8
975,12.930429000000004,12.964219999999987,12.948882333333328,12.951997999999993,0.013969930907322299,0,8,64749568,my_ring_all_reduce,8,8
976,12.970876999999996,12.989724999999991,12.98198099999999,12.985340999999986,0.008053114345805409,0,8,64880640,my_ring_all_reduce,8,8
977,12.99184099999997,13.012316000000007,12.999998666666658,12.995838999999993,0.008861283817208875,0,8,65011712,my_ring_all_reduce,8,8
978,13.019228999999992,13.049631,13.034195666666657,13.033726999999985,0.012415988008302145,0,8,65142784,my_ring_all_reduce,8,8
979,13.052700000000012,13.066910999999989,13.060177999999999,13.060922999999995,0.005825484185875531,0,8,65273856,my_ring_all_reduce,8,8
980,13.080509000000003,13.095228999999993,13.085949666666666,13.082111000000005,0.006593993293558006,0,8,65404928,my_ring_all_reduce,8,8
981,13.100958999999998,13.104541999999999,13.103305333333337,13.104415000000008,0.0016599181372075789,0,8,65536000,my_ring_all_reduce,8,8
982,13.134556000000007,13.141661000000008,13.137586333333338,13.136542000000002,0.0029931288348863942,0,8,65667072,my_ring_all_reduce,8,8
983,13.151389000000004,13.154622999999992,13.153064333333335,13.153181000000012,0.0013228497857066793,0,8,65798144,my_ring_all_reduce,8,8
984,13.174652999999992,13.182299000000002,13.179654999999999,13.182013000000007,0.003538874774092337,0,8,65929216,my_ring_all_reduce,8,8
985,13.192635999999997,13.203740999999996,13.199164333333334,13.20111600000001,0.004738987819732051,0,8,66060288,my_ring_all_reduce,8,8
986,13.21391799999999,13.233499000000025,13.222471000000006,13.219996000000004,0.00818323933416533,0,8,66191360,my_ring_all_reduce,8,8
987,13.21602900000001,13.231130999999966,13.226087666666649,13.231102999999974,0.007112560595310035,0,8,66322432,my_ring_all_reduce,8,8
988,13.24166399999999,13.264671000000009,13.25197766666667,13.249598000000013,0.009542103972518229,0,8,66453504,my_ring_all_reduce,8,8
989,13.262138999999996,13.265980999999986,13.264422333333322,13.265146999999983,0.0016500701668531552,0,8,66584576,my_ring_all_reduce,8,8
990,13.288059000000038,13.302108000000008,13.29624133333335,13.298557000000008,0.005964636582004886,0,8,66715648,my_ring_all_reduce,8,8
991,13.326460999999997,13.348382000000004,13.339218666666675,13.342813000000024,0.009303117195632354,0,8,66846720,my_ring_all_reduce,8,8
992,13.377916999999988,13.381469999999988,13.379911999999992,13.380349000000002,0.0014830551799144705,0,8,66977792,my_ring_all_reduce,8,8
993,13.417470000000016,13.43026800000001,13.422364666666676,13.419356,0.005641291656665037,0,8,67108864,my_ring_all_reduce,8,8
994,0.23923000000000003,0.5895329999999985,0.36460566666666566,0.2650539999999983,0.15939667228716575,0,2,2048,my_ring_all_reduce,2,8
995,0.25235099999999877,0.2527670000000003,0.2525109999999998,0.25241500000000044,0.00018289523412822988,0,2,10240,my_ring_all_reduce,2,8
996,0.2527659999999996,0.2530220000000004,0.25289433333333333,0.252895,0.00010451262550026239,0,2,18432,my_ring_all_reduce,2,8
997,0.2532799999999997,0.25340699999999994,0.25335366666666664,0.25337400000000027,5.3804171668223455e-05,0,2,26624,my_ring_all_reduce,2,8
998,0.253471,0.25350300000000014,0.2534923333333334,0.25350300000000003,1.5084944665354269e-05,0,2,34816,my_ring_all_reduce,2,8
999,0.25343899999999986,0.31071700000000013,0.2725743333333335,0.2535670000000005,0.02697098887487976,0,2,43008,my_ring_all_reduce,2,8
1000,0.30860699999999996,0.3096619999999998,0.3092570000000001,0.30950200000000067,0.00046423772645783946,0,2,51200,my_ring_all_reduce,2,8
1001,0.3086390000000001,0.3092789999999995,0.3090646666666665,0.30927599999999983,0.0003009942782769022,0,2,59392,my_ring_all_reduce,2,8
1002,0.30867199999999956,0.3098529999999996,0.30944866666666637,0.3098209999999999,0.0005493416261510858,0,2,67584,my_ring_all_reduce,2,8
1003,0.30892500000000017,0.30895800000000057,0.3089370000000002,0.30892799999999987,1.4899664425997232e-05,0,2,75776,my_ring_all_reduce,2,8
1004,0.3067199999999998,0.3071659999999997,0.30690000000000023,0.3068140000000012,0.00019196527463728624,0,2,83968,my_ring_all_reduce,2,8
1005,0.3066870000000004,0.3068469999999993,0.30676099999999984,0.3067489999999998,6.586855597787317e-05,0,2,92160,my_ring_all_reduce,2,8
1006,0.3069429999999993,0.30713200000000096,0.30700633333333355,0.30694400000000044,8.886068997207915e-05,0,2,100352,my_ring_all_reduce,2,8
1007,0.3010529999999997,0.30140499999999953,0.3012026666666669,0.30115000000000147,0.00014845051551097018,0,2,108544,my_ring_all_reduce,2,8
1008,0.30172599999999966,0.3021100000000006,0.3018956666666668,0.3018510000000001,0.0001599173397592548,0,2,116736,my_ring_all_reduce,2,8
1009,0.3017899999999997,0.5743999999999978,0.39272433333333256,0.30198300000000017,0.12846412003962546,0,2,124928,my_ring_all_reduce,2,8
1010,0.3038060000000005,0.3039649999999997,0.30389099999999974,0.3039019999999991,6.53758365143394e-05,0,2,133120,my_ring_all_reduce,2,8
1011,0.304,0.30412300000000003,0.3040720000000003,0.3040930000000008,5.2364109846462284e-05,0,2,141312,my_ring_all_reduce,2,8
1012,0.3040939999999996,0.30444599999999994,0.30421166666666694,0.30409500000000117,0.00016569919197797583,0,2,149504,my_ring_all_reduce,2,8
1013,0.3048940000000002,0.30521399999999993,0.3050643333333334,0.30508500000000005,0.00013145425904926355,0,2,157696,my_ring_all_reduce,2,8
1014,0.305471,0.30697499999999944,0.3059829999999999,0.30550300000000014,0.0007015715691690032,0,2,165888,my_ring_all_reduce,2,8
1015,0.30588600000000044,0.3065269999999996,0.30624899999999994,0.30633399999999983,0.0002685007759141088,0,2,174080,my_ring_all_reduce,2,8
1016,0.3060799999999999,0.30652599999999985,0.30634499999999937,0.3064289999999983,0.00019152197436996465,0,2,182272,my_ring_all_reduce,2,8
1017,0.30611100000000036,0.3063980000000004,0.3062810000000002,0.30633399999999983,0.00012301490424599358,0,2,190464,my_ring_all_reduce,2,8
1018,0.3073920000000003,0.3076460000000002,0.30755100000000035,0.3076150000000007,0.00011314003122979711,0,2,198656,my_ring_all_reduce,2,8
1019,0.30793399999999976,0.30921500000000063,0.3083926666666668,0.308029,0.0005827694417371587,0,2,206848,my_ring_all_reduce,2,8
1020,0.3072939999999994,0.3083170000000009,0.30773066666666665,0.30758099999999966,0.0004308382011336901,0,2,215040,my_ring_all_reduce,2,8
1021,0.3073580000000002,0.30748500000000056,0.30741033333333356,0.30738799999999994,5.41992209868186e-05,0,2,223232,my_ring_all_reduce,2,8
1022,0.30770899999999896,0.3157099999999996,0.3123710000000001,0.3136940000000018,0.0033977195293319828,0,2,231424,my_ring_all_reduce,2,8
1023,0.30783700000000047,0.3085430000000001,0.3080733333333336,0.30784000000000017,0.0003321067432149289,0,2,239616,my_ring_all_reduce,2,8
1024,0.3079019999999996,0.3095309999999995,0.3084666666666664,0.3079670000000001,0.0007530649964569086,0,2,247808,my_ring_all_reduce,2,8
1025,0.3081569999999997,0.308288,0.30821199999999993,0.30819100000000005,5.550375362692158e-05,0,2,256000,my_ring_all_reduce,2,8
1026,0.30815800000000015,0.3083810000000021,0.3082326666666675,0.3081590000000001,0.0001048883003759325,0,2,264192,my_ring_all_reduce,2,8
1027,0.30869999999999936,0.3091500000000001,0.3089463333333333,0.3089890000000005,0.00018617256033678461,0,2,272384,my_ring_all_reduce,2,8
1028,0.3087660000000001,0.3094699999999998,0.30903299999999984,0.3088629999999996,0.0003115327698118382,0,2,280576,my_ring_all_reduce,2,8
1029,0.30892500000000017,0.30908700000000044,0.3090006666666668,0.30898999999999976,6.656492236086134e-05,0,2,288768,my_ring_all_reduce,2,8
1030,0.3102689999999998,0.3105249999999987,0.3104079999999995,0.3104300000000001,0.0001056629862657076,0,2,296960,my_ring_all_reduce,2,8
1031,0.3105880000000002,0.31087599999999954,0.3107166666666667,0.3106860000000004,0.00011955844688748806,0,2,305152,my_ring_all_reduce,2,8
1032,0.3106550000000002,0.3109399999999996,0.310824333333333,0.31087799999999927,0.0001223828237763717,0,2,313344,my_ring_all_reduce,2,8
1033,0.310813000000001,0.31090999999999985,0.31085633333333346,0.31084599999999957,4.026854300225235e-05,0,2,321536,my_ring_all_reduce,2,8
1034,0.31033500000000186,0.3107510000000002,0.3105906666666674,0.31068600000000013,0.00018272079489922274,0,2,329728,my_ring_all_reduce,2,8
1035,0.3111660000000006,0.31141999999999964,0.3113036666666667,0.31132499999999985,0.00010478655554094926,0,2,337920,my_ring_all_reduce,2,8
1036,0.31126099999999995,0.3114229999999998,0.31131533333333333,0.3112620000000002,7.613292469228426e-05,0,2,346112,my_ring_all_reduce,2,8
1037,0.3112920000000004,0.3116440000000007,0.31150566666666674,0.3115809999999992,0.00015325867747762345,0,2,354304,my_ring_all_reduce,2,8
1038,0.3116120000000001,0.311804000000001,0.31173033333333394,0.3117750000000006,8.450772482805564e-05,0,2,362496,my_ring_all_reduce,2,8
1039,0.3123170000000009,0.3123810000000003,0.31234833333333384,0.3123470000000002,2.614489540126442e-05,0,2,370688,my_ring_all_reduce,2,8
1040,0.31209400000000004,0.3125730000000003,0.3123173333333333,0.3122849999999994,0.0001968829319391365,0,2,378880,my_ring_all_reduce,2,8
1041,0.3123190000000004,0.3124130000000005,0.31236033333333374,0.31234900000000015,3.9203174474703704e-05,0,2,387072,my_ring_all_reduce,2,8
1042,0.31350300000000036,0.31353200000000014,0.31351299999999954,0.3135039999999981,1.3441230102834826e-05,0,2,395264,my_ring_all_reduce,2,8
1043,0.3136919999999991,0.31391800000000014,0.3138216666666663,0.31385499999999955,9.52272136644805e-05,0,2,403456,my_ring_all_reduce,2,8
1044,0.3130849999999991,0.31410800000000016,0.3136826666666663,0.31385499999999955,0.00043505274265224104,0,2,411648,my_ring_all_reduce,2,8
1045,0.3139830000000002,0.3246370000000002,0.31988066666666676,0.3210219999999999,0.004423717164959278,0,2,419840,my_ring_all_reduce,2,8
1046,0.31423899999999866,0.3147489999999998,0.3144406666666662,0.3143340000000003,0.00022144725983629587,0,2,428032,my_ring_all_reduce,2,8
1047,0.3142370000000001,0.31443099999999913,0.31432399999999966,0.31430399999999986,8.045288476245291e-05,0,2,436224,my_ring_all_reduce,2,8
1048,0.3143649999999998,0.32460500000000025,0.31804466666666675,0.3151640000000002,0.0046503104077996885,0,2,444416,my_ring_all_reduce,2,8
1049,0.31468499999999994,0.32444600000000084,0.3179816666666669,0.31481399999999987,0.0045712773075177,0,2,452608,my_ring_all_reduce,2,8
1050,0.3154850000000001,0.31593700000000013,0.31572133333333335,0.31574199999999975,0.00018510597565237627,0,2,460800,my_ring_all_reduce,2,8
1051,0.31571000000000005,0.3159029999999998,0.3157856666666665,0.3157439999999997,8.412028424948766e-05,0,2,468992,my_ring_all_reduce,2,8
1052,0.31545199999999934,0.31593600000000016,0.3157206666666665,0.3157739999999999,0.00020115886480348197,0,2,477184,my_ring_all_reduce,2,8
1053,0.31583799999999973,0.3166709999999989,0.3161906666666661,0.31606299999999965,0.00035184876801731845,0,2,485376,my_ring_all_reduce,2,8
1054,0.31711800000000084,0.31746999999999936,0.31724600000000014,0.3171500000000001,0.00015892975387413576,0,2,493568,my_ring_all_reduce,2,8
1055,0.3169259999999995,0.32627199999999995,0.32014799999999966,0.31724599999999964,0.004332292080027415,0,2,501760,my_ring_all_reduce,2,8
1056,0.31728000000000023,0.3265269999999991,0.3205,0.31769300000000067,0.0042650665489135575,0,2,509952,my_ring_all_reduce,2,8
1057,0.3400950000000005,0.3497570000000001,0.3453420000000002,0.346174,0.003988126460716267,0,2,518144,my_ring_all_reduce,2,8
1058,0.3452129999999988,0.35174,0.34870099999999965,0.34915000000000007,0.0026834844263884617,0,2,526336,my_ring_all_reduce,2,8
1059,0.3360629999999983,0.3405449999999999,0.3389753333333327,0.3403179999999998,0.002061414778469367,0,2,534528,my_ring_all_reduce,2,8
1060,0.33628800000000136,0.34710399999999936,0.34304933333333354,0.34575599999999984,0.0048125528453078536,0,2,542720,my_ring_all_reduce,2,8
1061,0.3405740000000003,0.341056,0.34077733333333354,0.3407020000000002,0.00020385833861329323,0,2,550912,my_ring_all_reduce,2,8
1062,0.36015899999999923,0.368318,0.36299533333333295,0.3605089999999998,0.0037664050351615924,0,2,559104,my_ring_all_reduce,2,8
1063,0.360127,0.36537499999999956,0.36199399999999954,0.36047999999999913,0.0023950675703759555,0,2,567296,my_ring_all_reduce,2,8
1064,0.3612469999999999,0.37219100000000027,0.36497966666666715,0.3615010000000011,0.0051002369443867894,0,2,575488,my_ring_all_reduce,2,8
1065,0.3616940000000009,0.3668470000000002,0.36354166666666715,0.3620840000000003,0.00234264043809998,0,2,583680,my_ring_all_reduce,2,8
1066,0.3627199999999998,0.37452799999999936,0.36988733333333307,0.37241400000000024,0.005141027739880569,0,2,591872,my_ring_all_reduce,2,8
1067,0.36252599999999985,0.37142399999999953,0.36839366666666623,0.3712309999999993,0.004149814962407429,0,2,600064,my_ring_all_reduce,2,8
1068,0.36690800000000034,0.375134,0.3704406666666666,0.3692799999999993,0.003457082520790526,0,2,608256,my_ring_all_reduce,2,8
1069,0.3690859999999998,0.3727040000000004,0.37118799999999985,0.37177399999999944,0.0015340638839371993,0,2,616448,my_ring_all_reduce,2,8
1070,0.3629740000000011,0.3716460000000025,0.36819166666666786,0.3699549999999999,0.0037534787716051845,0,2,624640,my_ring_all_reduce,2,8
1071,0.36291300000000004,0.37084900000000015,0.3675220000000001,0.3688040000000001,0.0033642896228872655,0,2,632832,my_ring_all_reduce,2,8
1072,0.36287800000000153,0.36627199999999993,0.3647770000000006,0.36518100000000014,0.0014147369602384382,0,2,641024,my_ring_all_reduce,2,8
1073,0.35913600000000045,0.3738539999999998,0.36541766666666703,0.36326300000000084,0.0061987537636381375,0,2,649216,my_ring_all_reduce,2,8
1074,0.3632279999999983,0.37164299999999956,0.3679963333333324,0.3691179999999995,0.0035257772980662847,0,2,657408,my_ring_all_reduce,2,8
1075,0.36325999999999886,0.36380500000000054,0.3634739999999999,0.36335700000000043,0.00023737874097508343,0,2,665600,my_ring_all_reduce,2,8
1076,0.3633570000000009,0.3730529999999999,0.36928733333333374,0.37145200000000045,0.004244010707913667,0,2,673792,my_ring_all_reduce,2,8
1077,0.3630700000000004,0.3728619999999992,0.36957633333333334,0.3727970000000005,0.004600748948691558,0,2,681984,my_ring_all_reduce,2,8
1078,0.3641880000000001,0.3727329999999997,0.3671113333333331,0.36441299999999954,0.00397617976901888,0,2,690176,my_ring_all_reduce,2,8
1079,0.3642539999999999,0.3732469999999997,0.3682546666666671,0.3672630000000017,0.003737741237104799,0,2,698368,my_ring_all_reduce,2,8
1080,0.3643189999999995,0.36879599999999985,0.36612066666666593,0.3652469999999985,0.0019293094331625732,0,2,706560,my_ring_all_reduce,2,8
1081,0.3678060000000005,0.3733730000000005,0.36987600000000037,0.3684490000000001,0.002486646872128622,0,2,714752,my_ring_all_reduce,2,8
1082,0.36527699999999913,0.37014300000000183,0.3683616666666676,0.3696650000000018,0.0021899006573117452,0,2,722944,my_ring_all_reduce,2,8
1083,0.3648319999999999,0.37292799999999987,0.3695253333333333,0.37081600000000026,0.0034288646647088884,0,2,731136,my_ring_all_reduce,2,8
1084,0.3651830000000005,0.3692789999999995,0.3666123333333333,0.365375,0.001887246553991886,0,2,739328,my_ring_all_reduce,2,8
1085,0.3650199999999986,0.37414300000000006,0.36808299999999977,0.3650860000000007,0.004285151805945931,0,2,747520,my_ring_all_reduce,2,8
1086,0.364893,0.378141000000001,0.37210333333333373,0.37327600000000005,0.005471668626256485,0,2,755712,my_ring_all_reduce,2,8
1087,0.3604780000000001,0.3776620000000003,0.36772066666666675,0.36502199999999996,0.007270239121850836,0,2,763904,my_ring_all_reduce,2,8
1088,0.3611840000000002,0.37535600000000025,0.36718766666666686,0.36502300000000015,0.005984743510701949,0,2,772096,my_ring_all_reduce,2,8
1089,0.3654369999999999,0.3732769999999998,0.3696713333333331,0.37029999999999974,0.003231389415646968,0,2,780288,my_ring_all_reduce,2,8
1090,0.37049099999999907,0.37996600000000036,0.37625400000000003,0.3783050000000008,0.004131090009509862,0,2,788480,my_ring_all_reduce,2,8
1091,0.3715180000000005,0.3790689999999995,0.3741950000000001,0.3719980000000005,0.0034520049246773528,0,2,796672,my_ring_all_reduce,2,8
1092,0.37068499999999993,0.38015700000000063,0.37636000000000003,0.3782379999999994,0.00408859054769095,0,2,804864,my_ring_all_reduce,2,8
1093,0.3717400000000007,0.386172,0.3793673333333336,0.3801900000000001,0.005920486541567808,0,2,813056,my_ring_all_reduce,2,8
1094,0.3716770000000006,0.3814690000000005,0.3767753333333337,0.37718000000000007,0.004007795098998343,0,2,821248,my_ring_all_reduce,2,8
1095,0.37126099999999995,0.37868800000000014,0.37390733333333337,0.37177300000000013,0.003386897925175172,0,2,829440,my_ring_all_reduce,2,8
1096,0.37158300000000144,0.38153200000000015,0.3778853333333339,0.3805410000000002,0.00447474947777901,0,2,837632,my_ring_all_reduce,2,8
1097,0.37881500000000007,0.381471,0.37999833333333327,0.37970899999999985,0.0011034398740101495,0,2,845824,my_ring_all_reduce,2,8
1098,0.37164600000000064,0.37922900000000026,0.3757406666666669,0.37634699999999977,0.0031252949016406404,0,2,854016,my_ring_all_reduce,2,8
1099,0.3713910000000005,0.3799359999999997,0.37458033333333357,0.3724140000000007,0.0038099874307166823,0,2,862208,my_ring_all_reduce,2,8
1100,0.37113299999999894,0.3785899999999997,0.3740776666666665,0.3725100000000007,0.003239845298090026,0,2,870400,my_ring_all_reduce,2,8
1101,0.3716769999999997,0.3828459999999996,0.3774056666666666,0.3776940000000004,0.0045642810557146056,0,2,878592,my_ring_all_reduce,2,8
1102,0.37967900000000077,0.3836779999999997,0.3810323333333336,0.37974000000000024,0.0018709345852329438,0,2,886784,my_ring_all_reduce,2,8
1103,0.3724150000000009,0.37788499999999975,0.3748996666666667,0.3743989999999994,0.0022610064622243897,0,2,894976,my_ring_all_reduce,2,8
1104,0.3726699999999996,0.38115099999999985,0.37818466666666684,0.3807330000000011,0.0039031903475095706,0,2,903168,my_ring_all_reduce,2,8
1105,0.37244500000000064,0.38281700000000046,0.3760413333333337,0.3728620000000001,0.004794143394694122,0,2,911360,my_ring_all_reduce,2,8
1106,0.3722510000000002,0.38044899999999915,0.3761043333333334,0.37561300000000075,0.003364803841070919,0,2,919552,my_ring_all_reduce,2,8
1107,0.3681909999999998,0.3840610000000006,0.37849400000000005,0.38322999999999957,0.007293215888755938,0,2,927744,my_ring_all_reduce,2,8
1108,0.3734059999999995,0.38290899999999967,0.37930433333333285,0.3815979999999995,0.00420495202773538,0,2,935936,my_ring_all_reduce,2,8
1109,0.38089399999999934,0.3843180000000011,0.38256800000000024,0.3824920000000002,0.0013988747859149777,0,2,944128,my_ring_all_reduce,2,8
1110,0.37279600000000074,0.3830050000000001,0.37896266666666695,0.3810869999999999,0.004430238092422645,0,2,952320,my_ring_all_reduce,2,8
1111,0.37273399999999945,0.3823980000000006,0.3759963333333334,0.372857,0.004526940418821461,0,2,960512,my_ring_all_reduce,2,8
1112,0.3730500000000002,0.38492599999999993,0.3780333333333335,0.37612400000000024,0.005032826199617293,0,2,968704,my_ring_all_reduce,2,8
1113,0.3720599999999995,0.38623600000000036,0.3770526666666667,0.3728620000000001,0.006501846370241751,0,2,976896,my_ring_all_reduce,2,8
1114,0.3719330000000009,0.38377200000000083,0.3791113333333336,0.381628999999999,0.005150693437672784,0,2,985088,my_ring_all_reduce,2,8
1115,0.3724439999999995,0.38230299999999945,0.37596599999999974,0.3731510000000003,0.004490221895036478,0,2,993280,my_ring_all_reduce,2,8
1116,0.38156500000000004,0.3834219999999996,0.38223833333333324,0.38172800000000007,0.0008396198875414964,0,2,1001472,my_ring_all_reduce,2,8
1117,0.3819499999999989,0.38348500000000013,0.38258966666666644,0.3823340000000003,0.000652216903253348,0,2,1009664,my_ring_all_reduce,2,8
1118,0.37347,0.3827180000000008,0.37916566666666734,0.3813090000000011,0.0040683153215500525,0,2,1017856,my_ring_all_reduce,2,8
1119,0.3730199999999995,0.3831640000000002,0.3764979999999998,0.3733099999999995,0.004715060409652235,0,2,1026048,my_ring_all_reduce,2,8
1120,0.3732459999999992,0.3830359999999996,0.3765416666666665,0.37334300000000076,0.0045923578790080495,0,2,1034240,my_ring_all_reduce,2,8
1121,0.3737239999999993,0.37925999999999976,0.3759223333333325,0.37478299999999853,0.0023993588495451307,0,2,1042432,my_ring_all_reduce,2,8
1122,0.3737920000000001,0.38450599999999985,0.3790686666666668,0.37890800000000036,0.004375447354906071,0,2,1048576,my_ring_all_reduce,2,8
1123,0.3815679999999993,0.38383899999999993,0.3829529999999998,0.383452,0.000992005040310085,0,2,1081344,my_ring_all_reduce,2,8
1124,0.37353099999999906,0.3847020000000002,0.37820466666666624,0.3763809999999994,0.004739348079876259,0,2,1114112,my_ring_all_reduce,2,8
1125,0.3743989999999994,0.3844439999999995,0.3802959999999995,0.38204499999999963,0.0042832819970983855,0,2,1146880,my_ring_all_reduce,2,8
1126,0.37471800000000033,0.38249299999999997,0.3777246666666667,0.37596299999999977,0.0034098150813333572,0,2,1179648,my_ring_all_reduce,2,8
1127,0.374942,0.38450900000000005,0.37816299999999986,0.37503799999999954,0.004487470779849286,0,2,1212416,my_ring_all_reduce,2,8
1128,0.3762209999999996,0.38511900000000016,0.38209866666666664,0.38495600000000013,0.004156670649557297,0,2,1245184,my_ring_all_reduce,2,8
1129,0.37433399999999895,0.3898529999999996,0.3841149999999996,0.3881580000000004,0.006950742262521786,0,2,1277952,my_ring_all_reduce,2,8
1130,0.3768309999999983,0.38460300000000097,0.3796236666666661,0.377436999999999,0.0035296014254062773,0,2,1310720,my_ring_all_reduce,2,8
1131,0.3771479999999983,0.3841279999999998,0.3795066666666662,0.3772440000000006,0.003268011151891935,0,2,1343488,my_ring_all_reduce,2,8
1132,0.3773090000000011,0.3866200000000006,0.3827920000000011,0.3844470000000015,0.003977264470294337,0,2,1376256,my_ring_all_reduce,2,8
1133,0.37823699999999916,0.39266800000000013,0.3834099999999994,0.3793249999999989,0.006561445928046144,0,2,1409024,my_ring_all_reduce,2,8
1134,0.37881600000000026,0.3871660000000002,0.3840086666666666,0.38604399999999944,0.003700230743555631,0,2,1441792,my_ring_all_reduce,2,8
1135,0.3988460000000005,0.4068459999999991,0.4031226666666665,0.4036759999999999,0.003289339683819827,0,2,1474560,my_ring_all_reduce,2,8
1136,0.40076099999999953,0.4107499999999991,0.405243333333333,0.4042190000000005,0.0041418171803633925,0,2,1507328,my_ring_all_reduce,2,8
1137,0.4001880000000001,0.4101080000000002,0.40621533333333354,0.4083500000000004,0.004321974960079732,0,2,1540096,my_ring_all_reduce,2,8
1138,0.4025280000000003,0.4135649999999996,0.40851000000000015,0.4094370000000004,0.004553265421650476,0,2,1572864,my_ring_all_reduce,2,8
1139,0.4036789999999996,0.4146850000000004,0.41007766666666656,0.4118689999999997,0.004668309139530582,0,2,1605632,my_ring_all_reduce,2,8
1140,0.40371000000000007,0.41593300000000044,0.4079653333333331,0.4042529999999988,0.005638350605945027,0,2,1638400,my_ring_all_reduce,2,8
1141,0.40467100000000117,0.4139469999999997,0.40827566666666654,0.40620899999999893,0.004059094918273407,0,2,1671168,my_ring_all_reduce,2,8
1142,0.40767499999999973,0.4164769999999999,0.41314899999999993,0.4152950000000001,0.0039006655842305704,0,2,1703936,my_ring_all_reduce,2,8
1143,0.4130540000000001,0.4165429999999988,0.41431233333333317,0.4133400000000006,0.0015816350892520292,0,2,1736704,my_ring_all_reduce,2,8
1144,0.41257299999999986,0.41939000000000126,0.41710666666666735,0.41935700000000087,0.0032058147517013327,0,2,1769472,my_ring_all_reduce,2,8
1145,0.4175979999999991,0.42908600000000024,0.42418999999999984,0.4258860000000003,0.004840857224363456,0,2,1802240,my_ring_all_reduce,2,8
1146,0.4195519999999997,0.43004500000000007,0.42433933333333335,0.42342100000000027,0.004332686951791377,0,2,1835008,my_ring_all_reduce,2,8
1147,0.4236760000000004,0.43350000000000094,0.4271013333333337,0.4241279999999997,0.0045283019137670015,0,2,1867776,my_ring_all_reduce,2,8
1148,0.432539,0.44121399999999994,0.4367546666666668,0.4365110000000004,0.003545742642788478,0,2,1900544,my_ring_all_reduce,2,8
1149,0.43295599999999834,0.4440310000000004,0.4393149999999995,0.44095799999999974,0.004668225430147377,0,2,1933312,my_ring_all_reduce,2,8
1150,0.4426219999999994,0.45298700000000097,0.44917000000000007,0.45190099999999983,0.004651313577905145,0,2,1966080,my_ring_all_reduce,2,8
1151,0.4439940000000006,0.4536920000000005,0.4472706666666668,0.4441259999999993,0.004540888116755477,0,2,1998848,my_ring_all_reduce,2,8
1152,0.45148500000000036,0.45740599999999904,0.45535766666666655,0.45718200000000025,0.002739915367711253,0,2,2031616,my_ring_all_reduce,2,8
1153,0.45734299999999806,0.4678379999999993,0.46333599999999925,0.4648270000000002,0.004412374039751455,0,2,2064384,my_ring_all_reduce,2,8
1154,0.4591639999999998,0.46882900000000066,0.4624183333333334,0.4592619999999997,0.004533202424580891,0,2,2097152,my_ring_all_reduce,2,8
1155,0.4658530000000019,0.474973,0.46892533333333447,0.46595000000000164,0.0042765294599961525,0,2,2129920,my_ring_all_reduce,2,8
1156,0.4666849999999995,0.4773739999999998,0.47037466666666644,0.46706500000000006,0.004951706798894936,0,2,2162688,my_ring_all_reduce,2,8
1157,0.47602700000000003,0.4775979999999991,0.47663733333333314,0.4762870000000003,0.000687536827295976,0,2,2195456,my_ring_all_reduce,2,8
1158,0.4888919999999998,0.503581999999999,0.49667933333333303,0.49756400000000034,0.006029704322951384,0,2,2228224,my_ring_all_reduce,2,8
1159,0.49605999999999995,0.5001889999999994,0.49852433333333296,0.4993239999999996,0.0017779689411108425,0,2,2260992,my_ring_all_reduce,2,8
1160,0.4903639999999996,0.5021089999999997,0.4945776666666662,0.4912599999999993,0.0053380046417698754,0,2,2293760,my_ring_all_reduce,2,8
1161,0.49174100000000043,0.500703,0.4948146666666668,0.492,0.004165022795722499,0,2,2326528,my_ring_all_reduce,2,8
1162,0.5024290000000001,0.5101389999999998,0.5059276666666667,0.5052150000000002,0.0031876789187256466,0,2,2359296,my_ring_all_reduce,2,8
1163,0.5018200000000002,0.513725,0.5060133333333333,0.5024949999999999,0.005459930300735403,0,2,2392064,my_ring_all_reduce,2,8
1164,0.5025880000000007,0.5125729999999994,0.5084553333333334,0.5102049999999999,0.004259973108939112,0,2,2424832,my_ring_all_reduce,2,8
1165,0.5039670000000006,0.514973,0.5102156666666667,0.5117069999999995,0.004615269246990819,0,2,2457600,my_ring_all_reduce,2,8
1166,0.5062990000000009,0.5140770000000011,0.5113240000000006,0.5135959999999996,0.0035586335392485922,0,2,2490368,my_ring_all_reduce,2,8
1167,0.5082840000000001,0.5166999999999989,0.5115056666666664,0.5095330000000003,0.0037081733448628413,0,2,2523136,my_ring_all_reduce,2,8
1168,0.5089549999999999,0.5191970000000001,0.5128813333333334,0.5104920000000002,0.004509717384591782,0,2,2555904,my_ring_all_reduce,2,8
1169,0.5146850000000004,0.5233860000000014,0.5178086666666671,0.5153549999999996,0.003953244265439101,0,2,2588672,my_ring_all_reduce,2,8
1170,0.5240300000000007,0.5294049999999998,0.5260126666666668,0.524603,0.0024101212048817876,0,2,2621440,my_ring_all_reduce,2,8
1171,0.5326700000000001,0.5383309999999997,0.5356763333333331,0.5360279999999994,0.002324432881849102,0,2,2654208,my_ring_all_reduce,2,8
1172,0.5741399999999994,0.5791629999999995,0.5758359999999997,0.574205,0.0023526939169102147,0,2,2686976,my_ring_all_reduce,2,8
1173,0.5740110000000014,0.5826850000000005,0.5774143333333341,0.5755470000000005,0.0037793094019348853,0,2,2719744,my_ring_all_reduce,2,8
1174,0.575835000000001,0.5844140000000007,0.5810096666666672,0.5827800000000002,0.0037193521239888717,0,2,2752512,my_ring_all_reduce,2,8
1175,0.5792930000000006,0.5922520000000004,0.5838366666666671,0.5799650000000002,0.005956860041628957,0,2,2785280,my_ring_all_reduce,2,8
1176,0.5796430000000009,0.5890829999999997,0.5842520000000001,0.5840299999999997,0.0038570595881659547,0,2,2818048,my_ring_all_reduce,2,8
1177,0.5833240000000024,0.5886029999999992,0.586022666666667,0.5861409999999996,0.002156766458277264,0,2,2850816,my_ring_all_reduce,2,8
1178,0.583420000000001,0.5909100000000003,0.587325666666667,0.5876469999999995,0.003066210074704605,0,2,2883584,my_ring_all_reduce,2,8
1179,0.5836429999999982,0.5981080000000002,0.5916543333333326,0.5932119999999995,0.006007151312302578,0,2,2916352,my_ring_all_reduce,2,8
1180,0.5855649999999996,0.588411,0.5866843333333336,0.5860770000000012,0.0012387007530293293,0,2,2949120,my_ring_all_reduce,2,8
1181,0.5951000000000004,0.5969249999999993,0.5962526666666667,0.5967330000000002,0.0008188187969396139,0,2,2981888,my_ring_all_reduce,2,8
1182,0.5971809999999987,0.6104579999999987,0.6020329999999992,0.5984600000000001,0.005980213429858781,0,2,3014656,my_ring_all_reduce,2,8
1183,0.5990679999999993,0.6083820000000005,0.6022053333333334,0.5991660000000002,0.004367746126118773,0,2,3047424,my_ring_all_reduce,2,8
1184,0.6073580000000002,0.6157080000000001,0.6120293333333334,0.613022,0.0034803893779607473,0,2,3080192,my_ring_all_reduce,2,8
1185,0.6327319999999991,0.6433910000000015,0.6390376666666668,0.6409900000000001,0.004565250948439803,0,2,3112960,my_ring_all_reduce,2,8
1186,0.6363810000000003,0.6454119999999993,0.6422723333333332,0.6450239999999999,0.004168812167618748,0,2,3145728,my_ring_all_reduce,2,8
1187,0.639771999999999,0.6495940000000001,0.6456916666666669,0.6477090000000016,0.0042559876514030575,0,2,3178496,my_ring_all_reduce,2,8
1188,0.6426849999999995,0.6477730000000002,0.6450739999999996,0.6447639999999992,0.002088701510508676,0,2,3211264,my_ring_all_reduce,2,8
1189,0.6463309999999992,0.6523180000000002,0.6502480000000002,0.6520950000000012,0.0027712330588874055,0,2,3244032,my_ring_all_reduce,2,8
1190,0.6448289999999998,0.654366,0.6482639999999996,0.6455969999999989,0.00432614216132602,0,2,3276800,my_ring_all_reduce,2,8
1191,0.6470989999999993,0.6530540000000001,0.6495216666666667,0.6484120000000003,0.0025546071235234475,0,2,3309568,my_ring_all_reduce,2,8
1192,0.6506849999999995,0.6585219999999999,0.6532973333333331,0.6506849999999995,0.0036943972294395167,0,2,3342336,my_ring_all_reduce,2,8
1193,0.6525070000000005,0.6616620000000012,0.658098333333334,0.6601260000000002,0.0040030888351650995,0,2,3375104,my_ring_all_reduce,2,8
1194,0.6586850000000004,0.6670050000000001,0.662215666666667,0.6609570000000003,0.0035112942849545555,0,2,3407872,my_ring_all_reduce,2,8
1195,0.6585580000000009,0.6668759999999994,0.6630260000000002,0.6636440000000002,0.003423811131862057,0,2,3440640,my_ring_all_reduce,2,8
1196,0.6671980000000013,0.674522,0.6696586666666678,0.6672560000000022,0.0034389774966138505,0,2,3473408,my_ring_all_reduce,2,8
1197,0.6744280000000017,0.67769,0.6765610000000007,0.6775650000000005,0.0015091218196900552,0,2,3506176,my_ring_all_reduce,2,8
1198,0.6776270000000013,0.6848649999999988,0.6816083333333331,0.6823329999999992,0.0029990017598442915,0,2,3538944,my_ring_all_reduce,2,8
1199,0.6970830000000001,0.7068430000000008,0.703398,0.7062679999999991,0.004471545221359867,0,2,3571712,my_ring_all_reduce,2,8
1200,0.6993569999999991,0.7058529999999996,0.7021513333333331,0.7012440000000006,0.0027284848461290507,0,2,3604480,my_ring_all_reduce,2,8
1201,0.6981389999999983,0.7065859999999994,0.7030136666666658,0.7043159999999998,0.0035693142509768123,0,2,3637248,my_ring_all_reduce,2,8
1202,0.699324999999999,0.7021699999999996,0.7006783333333337,0.7005400000000027,0.0011655780635472367,0,2,3670016,my_ring_all_reduce,2,8
1203,0.6977869999999985,0.7078699999999999,0.7026846666666664,0.7023970000000008,0.004121390245482698,0,2,3702784,my_ring_all_reduce,2,8
1204,0.7037729999999996,0.7093090000000002,0.7070253333333337,0.7079940000000016,0.002361575792182898,0,2,3735552,my_ring_all_reduce,2,8
1205,0.6985580000000009,0.7099790000000012,0.7041350000000008,0.7038680000000004,0.004666424541337987,0,2,3768320,my_ring_all_reduce,2,8
1206,0.6998350000000001,0.7095670000000005,0.7045423333333337,0.7042250000000004,0.0039794037520994915,0,2,3801088,my_ring_all_reduce,2,8
1207,0.7043800000000006,0.7088630000000004,0.7067913333333334,0.7071309999999994,0.0018458696836148372,0,2,3833856,my_ring_all_reduce,2,8
1208,0.702429000000001,0.7068099999999995,0.7040809999999992,0.7030039999999972,0.0019439199229049275,0,2,3866624,my_ring_all_reduce,2,8
1209,0.7028739999999998,0.7084100000000008,0.7065223333333334,0.7082829999999994,0.002580282198175825,0,2,3899392,my_ring_all_reduce,2,8
1210,0.7006400000000004,0.7063009999999986,0.7034649999999991,0.7034539999999984,0.00231110666131979,0,2,3932160,my_ring_all_reduce,2,8
1211,0.7028760000000012,0.7099810000000006,0.7074946666666673,0.709627,0.003269086552675895,0,2,3964928,my_ring_all_reduce,2,8
1212,0.701946,0.7097570000000005,0.7049453333333338,0.7031330000000008,0.0034366984479618,0,2,3997696,my_ring_all_reduce,2,8
1213,0.7015930000000017,0.7115779999999995,0.7063193333333336,0.7057869999999998,0.004093701693522442,0,2,4030464,my_ring_all_reduce,2,8
1214,0.7078050000000008,0.7099159999999983,0.7092016666666664,0.7098840000000001,0.0009876788726879049,0,2,4063232,my_ring_all_reduce,2,8
1215,0.7095030000000007,0.7117079999999997,0.7105986666666669,0.7105850000000005,0.0009002393508885072,0,2,4096000,my_ring_all_reduce,2,8
1216,0.7052779999999994,0.71337,0.7084443333333336,0.7066850000000013,0.0035300194837359,0,2,4128768,my_ring_all_reduce,2,8
1217,0.7019810000000007,0.7080259999999998,0.7044220000000004,0.7032590000000005,0.002601273149824516,0,2,4161536,my_ring_all_reduce,2,8
1218,0.7065559999999996,0.7124769999999999,0.708958,0.7078410000000004,0.0025430070127049936,0,2,4194304,my_ring_all_reduce,2,8
1219,0.7078989999999995,0.7175650000000006,0.7114523333333334,0.708893,0.004341315417653853,0,2,4227072,my_ring_all_reduce,2,8
1220,0.7051170000000002,0.7121879999999992,0.7094473333333329,0.7110369999999994,0.003097853055836044,0,2,4259840,my_ring_all_reduce,2,8
1221,0.7096920000000009,0.7132420000000012,0.7116870000000007,0.712127,0.0014823011389952722,0,2,4292608,my_ring_all_reduce,2,8
1222,0.7089540000000006,0.7129559999999997,0.7113123333333334,0.7120270000000001,0.001710177833507652,0,2,4325376,my_ring_all_reduce,2,8
1223,0.7073239999999987,0.7131459999999997,0.7108223333333331,0.7119970000000008,0.0025177771060121046,0,2,4358144,my_ring_all_reduce,2,8
1224,0.706362,0.7150669999999996,0.7102029999999996,0.7091799999999994,0.003626674601706854,0,2,4390912,my_ring_all_reduce,2,8
1225,0.7042510000000002,0.7111629999999995,0.7082083333333333,0.7092110000000003,0.0029095178676579766,0,2,4423680,my_ring_all_reduce,2,8
1226,0.7277699999999986,0.731706000000002,0.7292006666666669,0.7281260000000003,0.0017774898655763581,0,2,4456448,my_ring_all_reduce,2,8
1227,0.7292420000000002,0.734906,0.7322080000000001,0.7324760000000001,0.002320070688578173,0,2,4489216,my_ring_all_reduce,2,8
1228,0.726779999999998,0.7296270000000005,0.7286573333333327,0.7295649999999999,0.0013277164188529346,0,2,4521984,my_ring_all_reduce,2,8
1229,0.727130000000001,0.7347790000000005,0.7304260000000008,0.7293690000000006,0.003210891568811601,0,2,4554752,my_ring_all_reduce,2,8
1230,0.7319969999999995,0.7374670000000024,0.7338306666666674,0.7320280000000002,0.002571307103834252,0,2,4587520,my_ring_all_reduce,2,8
1231,0.730875,0.7460459999999999,0.7378840000000002,0.7367310000000007,0.006246965503346288,0,2,4620288,my_ring_all_reduce,2,8
1232,0.7311340000000001,0.7346840000000002,0.7330320000000001,0.7332780000000002,0.0014596830706241925,0,2,4653056,my_ring_all_reduce,2,8
1233,0.730427999999999,0.7378870000000006,0.734919333333333,0.7364429999999993,0.003230102199966099,0,2,4685824,my_ring_all_reduce,2,8
1234,0.729978000000001,0.7397380000000003,0.7343093333333339,0.7332120000000004,0.004059351781859621,0,2,4718592,my_ring_all_reduce,2,8
1235,0.7327320000000009,0.7347789999999995,0.7338513333333331,0.7340429999999988,0.0008466027534924906,0,2,4751360,my_ring_all_reduce,2,8
1236,0.7299150000000009,0.7363159999999989,0.7326260000000001,0.7316470000000008,0.00270333510069724,0,2,4784128,my_ring_all_reduce,2,8
1237,0.7324769999999998,0.7373699999999999,0.7345559999999999,0.733821,0.002064062499053749,0,2,4816896,my_ring_all_reduce,2,8
1238,0.7326039999999994,0.739322000000001,0.7361020000000004,0.736380000000001,0.0027496477350145336,0,2,4849664,my_ring_all_reduce,2,8
1239,0.7302370000000001,0.7419159999999992,0.7343963333333332,0.731036,0.005327203164471141,0,2,4882432,my_ring_all_reduce,2,8
1240,0.7323149999999996,0.7387800000000024,0.7365193333333342,0.7384630000000006,0.0029757280715080755,0,2,4915200,my_ring_all_reduce,2,8
1241,0.7347789999999995,0.7383020000000003,0.7363586666666659,0.7359949999999981,0.0014610663533496063,0,2,4947968,my_ring_all_reduce,2,8
1242,0.7363150000000005,0.7394830000000007,0.7383620000000004,0.7392880000000001,0.0014496351265059272,0,2,4980736,my_ring_all_reduce,2,8
1243,0.7341680000000002,0.7397739999999995,0.736347,0.7350990000000002,0.00245288089125117,0,2,5013504,my_ring_all_reduce,2,8
1244,0.731549,0.7409870000000001,0.7369030000000003,0.7381730000000007,0.003956314446552598,0,2,5046272,my_ring_all_reduce,2,8
1245,0.7333760000000002,0.7399929999999999,0.7358253333333343,0.7341070000000027,0.002962057205538927,0,2,5079040,my_ring_all_reduce,2,8
1246,0.735034999999999,0.7359959999999992,0.7353656666666657,0.7350659999999989,0.00044589261288154654,0,2,5111808,my_ring_all_reduce,2,8
1247,0.7363170000000009,0.7410540000000005,0.7393570000000014,0.7407000000000026,0.0021544572402350266,0,2,5144576,my_ring_all_reduce,2,8
1248,0.7361229999999996,0.7420139999999992,0.7387589999999998,0.7381400000000004,0.00244449599440567,0,2,5177344,my_ring_all_reduce,2,8
1249,0.7367630000000008,0.7449560000000002,0.7404436666666673,0.739612000000001,0.0033960824816573754,0,2,5210112,my_ring_all_reduce,2,8
1250,0.7360590000000011,0.7360919999999987,0.7360700000000003,0.7360590000000011,1.5556349184981285e-05,0,2,5242880,my_ring_all_reduce,2,8
1251,0.7367320000000009,0.7434849999999987,0.7408816666666665,0.7424279999999999,0.002965817743706437,0,2,5275648,my_ring_all_reduce,2,8
1252,0.735739,0.7426520000000005,0.740325666666667,0.7425860000000003,0.0032433750254259436,0,2,5308416,my_ring_all_reduce,2,8
1253,0.7587799999999998,0.7638040000000001,0.7611476666666667,0.7608590000000004,0.0020611712420100887,0,2,5341184,my_ring_all_reduce,2,8
1254,0.7585859999999993,0.7688570000000018,0.7634283333333333,0.7628419999999988,0.004213565420824116,0,2,5373952,my_ring_all_reduce,2,8
1255,0.759453999999998,0.7686989999999996,0.7627696666666663,0.7601560000000018,0.004202455340498995,0,2,5406720,my_ring_all_reduce,2,8
1256,0.7672910000000011,0.769594000000001,0.7682086666666673,0.767741,0.000996656521687636,0,2,5439488,my_ring_all_reduce,2,8
1257,0.7579790000000021,0.7597389999999987,0.7588003333333336,0.758683,0.0007232912430136908,0,2,5472256,my_ring_all_reduce,2,8
1258,0.7583969999999995,0.7659810000000007,0.7633560000000003,0.7656900000000001,0.003508554403169895,0,2,5505024,my_ring_all_reduce,2,8
1259,0.7618849999999994,0.7718030000000008,0.7655953333333336,0.7630980000000008,0.004417328478717918,0,2,5537792,my_ring_all_reduce,2,8
1260,0.7609539999999997,0.7682200000000012,0.7634516666666665,0.7611809999999987,0.003372994152909552,0,2,5570560,my_ring_all_reduce,2,8
1261,0.761915,0.7712600000000003,0.7651580000000008,0.7622990000000018,0.004317612534723052,0,2,5603328,my_ring_all_reduce,2,8
1262,0.7606680000000015,0.7690190000000002,0.7656910000000003,0.7673859999999996,0.003613822445370251,0,2,5636096,my_ring_all_reduce,2,8
1263,0.7613079999999991,0.7704929999999985,0.764764333333332,0.7624919999999984,0.004079516338434557,0,2,5668864,my_ring_all_reduce,2,8
1264,0.7612749999999997,0.7667220000000007,0.7639016666666665,0.7637079999999987,0.0022279411023538127,0,2,5701632,my_ring_all_reduce,2,8
1265,0.7631949999999997,0.7648589999999995,0.7640590000000002,0.7641230000000014,0.0006808308649485717,0,2,5734400,my_ring_all_reduce,2,8
1266,0.7687299999999987,0.7723469999999993,0.7711299999999991,0.7723129999999993,0.0016971130388597079,0,2,5767168,my_ring_all_reduce,2,8
1267,0.766107,0.7690190000000002,0.7671629999999999,0.7663629999999994,0.0013165449732794206,0,2,5799936,my_ring_all_reduce,2,8
1268,0.762299000000001,0.7659809999999989,0.7638036666666664,0.7631309999999994,0.0015766295978721847,0,2,5832704,my_ring_all_reduce,2,8
1269,0.7630019999999995,0.7684779999999992,0.7651579999999997,0.7639940000000006,0.002382270065854238,0,2,5865472,my_ring_all_reduce,2,8
1270,0.7677710000000002,0.7727300000000014,0.7700956666666672,0.7697860000000001,0.0020363104434796475,0,2,5898240,my_ring_all_reduce,2,8
1271,0.7730489999999991,0.7795779999999995,0.7754716666666667,0.7737880000000014,0.0029192476580255367,0,2,5931008,my_ring_all_reduce,2,8
1272,0.7677069999999986,0.7751279999999988,0.7721759999999985,0.7736929999999984,0.003213904893842839,0,2,5963776,my_ring_all_reduce,2,8
1273,0.7689250000000047,0.7774989999999998,0.7745026666666682,0.7770840000000003,0.0039476432068857835,0,2,5996544,my_ring_all_reduce,2,8
1274,0.7638329999999997,0.7711009999999988,0.7669173333333327,0.7658179999999993,0.003067285046348555,0,2,6029312,my_ring_all_reduce,2,8
1275,0.7652109999999993,0.7753239999999987,0.7688379999999989,0.765978999999999,0.004596999238633604,0,2,6062080,my_ring_all_reduce,2,8
1276,0.7679610000000002,0.7730829999999996,0.7709179999999997,0.7717099999999991,0.0021647430948417926,0,2,6094848,my_ring_all_reduce,2,8
1277,0.769627,0.7771800000000003,0.7728170000000002,0.7716440000000002,0.003193107055309533,0,2,6127616,my_ring_all_reduce,2,8
1278,0.7697570000000015,0.7806050000000014,0.7739163333333333,0.771386999999997,0.004776185460758708,0,2,6160384,my_ring_all_reduce,2,8
1279,0.7718700000000008,0.7801929999999998,0.7764463333333338,0.7772760000000007,0.003448124353261195,0,2,6193152,my_ring_all_reduce,2,8
1280,0.7860100000000002,0.7938540000000003,0.7888693333333338,0.7867440000000007,0.0035374063317005515,0,2,6225920,my_ring_all_reduce,2,8
1281,0.7871629999999992,0.7900440000000007,0.7884866666666669,0.7882530000000006,0.0011877121798750862,0,2,6258688,my_ring_all_reduce,2,8
1282,0.7888270000000003,0.7958030000000008,0.7922083333333334,0.791994999999999,0.0028519323663480684,0,2,6291456,my_ring_all_reduce,2,8
1283,0.7926040000000003,0.7937249999999997,0.7932876666666667,0.7935340000000001,0.0004896735874253384,0,2,6324224,my_ring_all_reduce,2,8
1284,0.7934670000000001,0.8002539999999995,0.7961130000000006,0.7946180000000023,0.002965592801896895,0,2,6356992,my_ring_all_reduce,2,8
1285,0.797277,0.8063010000000008,0.8019810000000005,0.8023650000000007,0.0036940254465829677,0,2,6389760,my_ring_all_reduce,2,8
1286,0.7949390000000003,0.7994839999999995,0.7973706666666667,0.7976890000000003,0.0018690921741729317,0,2,6422528,my_ring_all_reduce,2,8
1287,0.7972739999999995,0.8020430000000006,0.7994399999999998,0.7990029999999997,0.0019713053205093764,0,2,6455296,my_ring_all_reduce,2,8
1288,0.7967619999999989,0.8044430000000011,0.8005393333333332,0.8004129999999996,0.0031370272906412634,0,2,6488064,my_ring_all_reduce,2,8
1289,0.7953559999999997,0.7988109999999997,0.7969020000000002,0.7965390000000016,0.0014336626753411027,0,2,6520832,my_ring_all_reduce,2,8
1290,0.801914999999999,0.8059149999999999,0.8034616666666667,0.8025550000000012,0.0017543343150292138,0,2,6553600,my_ring_all_reduce,2,8
1291,0.8006989999999996,0.8047630000000009,0.8031203333333337,0.8038990000000004,0.0017480971241774182,0,2,6586368,my_ring_all_reduce,2,8
1292,0.8029069999999997,0.8046369999999997,0.8038893333333331,0.8041239999999998,0.0007255004403092494,0,2,6619136,my_ring_all_reduce,2,8
1293,0.7965400000000018,0.8053070000000003,0.8003903333333343,0.7993240000000006,0.0036576743370004368,0,2,6651904,my_ring_all_reduce,2,8
1294,0.8036750000000007,0.8069390000000012,0.8052530000000006,0.805145,0.0013347089570391738,0,2,6684672,my_ring_all_reduce,2,8
1295,0.7999930000000004,0.806781,0.8034833333333337,0.8036760000000004,0.0027745361574302734,0,2,6717440,my_ring_all_reduce,2,8
1296,0.8010839999999994,0.8059160000000011,0.8028113333333337,0.8014340000000006,0.0021999759594651487,0,2,6750208,my_ring_all_reduce,2,8
1297,0.8006979999999995,0.8085699999999997,0.8047409999999995,0.8049549999999991,0.0032172910965594156,0,2,6782976,my_ring_all_reduce,2,8
1298,0.8001559999999982,0.8074479999999994,0.8042709999999992,0.8052089999999998,0.0030499397808268617,0,2,6815744,my_ring_all_reduce,2,8
1299,0.8029399999999987,0.806269999999999,0.8045503333333316,0.8044409999999971,0.0013616632802897525,0,2,6848512,my_ring_all_reduce,2,8
1300,0.8067150000000002,0.8077420000000002,0.8072499999999999,0.8072929999999997,0.00042037205742847974,0,2,6881280,my_ring_all_reduce,2,8
1301,0.7994849999999997,0.8088269999999993,0.8049123333333332,0.8064250000000011,0.0039610067182753745,0,2,6914048,my_ring_all_reduce,2,8
1302,0.8052750000000001,0.8098829999999962,0.807632333333332,0.8077389999999995,0.0018827195459980505,0,2,6946816,my_ring_all_reduce,2,8
1303,0.803098,0.8116760000000008,0.8062453333333331,0.8039619999999986,0.0038562269412247266,0,2,6979584,my_ring_all_reduce,2,8
1304,0.8020410000000002,0.8079299999999994,0.8047943333333327,0.8044119999999985,0.0024193269495641863,0,2,7012352,my_ring_all_reduce,2,8
1305,0.8011150000000002,0.808542,0.8042640000000008,0.803135000000002,0.003135396094062849,0,2,7045120,my_ring_all_reduce,2,8
1306,0.8087640000000001,0.811420000000001,0.8097766666666669,0.8091459999999997,0.001172430334344025,0,2,7077888,my_ring_all_reduce,2,8
1307,1.0020740000000006,1.0074180000000033,1.0043146666666676,1.0034519999999993,0.0022653519716727922,0,2,7110656,my_ring_all_reduce,2,8
1308,1.0136580000000004,1.017211000000003,1.0150233333333343,1.0142009999999992,0.0015627169360529175,0,2,7143424,my_ring_all_reduce,2,8
1309,1.0241229999999997,1.0248270000000013,1.024517666666667,1.0246030000000002,0.0002936725311565779,0,2,7176192,my_ring_all_reduce,2,8
1310,1.027352999999999,1.0314180000000006,1.0293266666666667,1.0292090000000007,0.0016616137403813922,0,2,7208960,my_ring_all_reduce,2,8
1311,1.0302649999999995,1.032027,1.0309483333333338,1.0305530000000018,0.0007717414650572012,0,2,7241728,my_ring_all_reduce,2,8
1312,1.0284419999999996,1.0332110000000012,1.0315466666666673,1.032987000000001,0.0021972346761839692,0,2,7274496,my_ring_all_reduce,2,8
1313,1.03017,1.0374660000000022,1.034255666666667,1.0351309999999985,0.003042209759734854,0,2,7307264,my_ring_all_reduce,2,8
1314,1.0349060000000008,1.0383929999999981,1.0370500000000005,1.0378510000000023,0.0015320994310635042,0,2,7340032,my_ring_all_reduce,2,8
1315,1.0442820000000002,1.0482160000000023,1.046404333333334,1.0467149999999992,0.0016210026389731425,0,2,7372800,my_ring_all_reduce,2,8
1316,1.0429429999999993,1.0504570000000013,1.046918,1.047354,0.003083031084285659,0,2,7405568,my_ring_all_reduce,2,8
1317,1.052987000000001,1.0632950000000014,1.0581936666666685,1.0582990000000028,0.004208882459223248,0,2,7438336,my_ring_all_reduce,2,8
1318,1.0588099999999987,1.0607970000000004,1.060059666666666,1.0605719999999983,0.0008884091900074004,0,2,7471104,my_ring_all_reduce,2,8
1319,1.0564100000000016,1.0665529999999999,1.0621806666666664,1.0635789999999978,0.004257277246732573,0,2,7503872,my_ring_all_reduce,2,8
1320,1.0575930000000007,1.066138000000001,1.0628203333333344,1.0647300000000015,0.003740710835597583,0,2,7536640,my_ring_all_reduce,2,8
1321,1.067705,1.0748759999999997,1.0720790000000002,1.0736560000000008,0.0031327311832755936,0,2,7569408,my_ring_all_reduce,2,8
1322,1.0926019999999999,1.0963129999999992,1.0941909999999995,1.0936579999999996,0.0015611848064848645,0,2,7602176,my_ring_all_reduce,2,8
1323,1.1067790000000004,1.1156089999999994,1.1113853333333337,1.111768000000001,0.0036149735207263835,0,2,7634944,my_ring_all_reduce,2,8
1324,1.1152600000000001,1.121786000000001,1.118980333333334,1.1198950000000005,0.0027416090571458543,0,2,7667712,my_ring_all_reduce,2,8
1325,1.1203449999999993,1.1256909999999989,1.1222763333333325,1.1207929999999997,0.0024214509883306746,0,2,7700480,my_ring_all_reduce,2,8
1326,1.129592999999999,1.1309410000000006,1.1301486666666667,1.1299119999999998,0.0005752010276616139,0,2,7733248,my_ring_all_reduce,2,8
1327,1.1263939999999966,1.1333070000000003,1.130938999999999,1.1331160000000005,0.003214746127873582,0,2,7766016,my_ring_all_reduce,2,8
1328,1.149978,1.1531459999999998,1.1514513333333334,1.1512300000000004,0.0013027656052498348,0,2,7798784,my_ring_all_reduce,2,8
1329,1.1633520000000008,1.1658500000000005,1.1649949999999996,1.1657829999999976,0.001162098389408042,0,2,7831552,my_ring_all_reduce,2,8
1330,1.1663320000000004,1.172411,1.1686776666666665,1.167289999999999,0.0026686793654457793,0,2,7864320,my_ring_all_reduce,2,8
1331,1.1747780000000003,1.1771799999999986,1.1757816666666663,1.1753869999999997,0.0010195496827296194,0,2,7897088,my_ring_all_reduce,2,8
1332,1.1798019999999998,1.1839950000000008,1.1812206666666667,1.1798649999999997,0.001961918505500201,0,2,7929856,my_ring_all_reduce,2,8
1333,1.184824999999999,1.1925700000000015,1.1886119999999991,1.1884409999999972,0.0031641941575500077,0,2,7962624,my_ring_all_reduce,2,8
1334,1.1868090000000002,1.194108000000002,1.1906286666666663,1.1909689999999973,0.002989506127923509,0,2,7995392,my_ring_all_reduce,2,8
1335,1.1930489999999991,1.1987780000000003,1.1952253333333334,1.1938490000000002,0.0025332561830361346,0,2,8028160,my_ring_all_reduce,2,8
1336,1.194875000000001,1.2014330000000017,1.198895666666668,1.2003790000000008,0.002875418732791775,0,2,8060928,my_ring_all_reduce,2,8
1337,1.2020110000000004,1.2064890000000015,1.2035880000000005,1.2022639999999993,0.0020539154477898325,0,2,8093696,my_ring_all_reduce,2,8
1338,1.203896999999999,1.2062639999999993,1.2050166666666664,1.204889000000001,0.000970531240552781,0,2,8126464,my_ring_all_reduce,2,8
1339,1.2043819999999987,1.2142339999999996,1.2094029999999998,1.2095930000000008,0.004024305405905848,0,2,8159232,my_ring_all_reduce,2,8
1340,1.2027470000000013,1.210938,1.2081650000000008,1.2108100000000013,0.0038314609050157608,0,2,8192000,my_ring_all_reduce,2,8
1341,1.2053080000000027,1.213657000000001,1.2107356666666673,1.2132419999999984,0.003841677613865914,0,2,8224768,my_ring_all_reduce,2,8
1342,1.2058469999999997,1.212795000000001,1.209230666666666,1.2090499999999975,0.0028393844794647903,0,2,8257536,my_ring_all_reduce,2,8
1343,1.2120569999999997,1.218299000000001,1.2149910000000004,1.2146170000000003,0.0025619716365856107,0,2,8290304,my_ring_all_reduce,2,8
1344,1.2099810000000035,1.2193210000000003,1.2152483333333346,1.2164430000000002,0.0039054936805578764,0,2,8323072,my_ring_all_reduce,2,8
1345,1.2110010000000029,1.2176609999999992,1.2145223333333341,1.2149050000000001,0.0027323647064183285,0,2,8355840,my_ring_all_reduce,2,8
1346,1.2111940000000014,1.2178480000000018,1.2140733333333353,1.2131780000000025,0.00278928250431705,0,2,8388608,my_ring_all_reduce,2,8
1347,1.2158030000000017,1.2179779999999991,1.2167830000000002,1.2165679999999994,0.0009008606995525109,0,2,8421376,my_ring_all_reduce,2,8
1348,1.226108000000001,1.2336260000000012,1.2288686666666673,1.2268719999999995,0.0033783713367377785,0,2,8454144,my_ring_all_reduce,2,8
1349,1.2317680000000009,1.2368560000000002,1.2349470000000002,1.2362169999999997,0.002262979010065742,0,2,8486912,my_ring_all_reduce,2,8
1350,1.2397669999999998,1.2445379999999995,1.2420080000000004,1.2417190000000018,0.0019584434295290935,0,2,8519680,my_ring_all_reduce,2,8
1351,1.2436410000000007,1.2444090000000014,1.2441110000000013,1.2442830000000014,0.0003362974873534332,0,2,8552448,my_ring_all_reduce,2,8
1352,1.2390349999999999,1.2451449999999986,1.2427676666666658,1.2441229999999988,0.0026721678257336035,0,2,8585216,my_ring_all_reduce,2,8
1353,1.2466830000000004,1.2490150000000013,1.2479820000000008,1.2482480000000005,0.0009704373584458122,0,2,8617984,my_ring_all_reduce,2,8
1354,1.2460079999999998,1.251129,1.2483556666666666,1.2479300000000004,0.0021121954349812557,0,2,8650752,my_ring_all_reduce,2,8
1355,1.2439600000000028,1.2519290000000018,1.2490380000000016,1.2512250000000005,0.0036021722150198898,0,2,8683520,my_ring_all_reduce,2,8
1356,1.250360999999998,1.2544229999999998,1.252856333333333,1.2537850000000008,0.001783587645419328,0,2,8716288,my_ring_all_reduce,2,8
1357,1.2458490000000002,1.2523110000000033,1.249645666666668,1.250777,0.002756724787780037,0,2,8749056,my_ring_all_reduce,2,8
1358,1.249786,1.2522149999999983,1.2508936666666661,1.2506800000000002,0.0010030787052307073,0,2,8781824,my_ring_all_reduce,2,8
1359,1.2435130000000028,1.252505000000001,1.247086333333334,1.2452409999999983,0.0038959771845099053,0,2,8814592,my_ring_all_reduce,2,8
1360,1.2516720000000006,1.252218999999999,1.251864333333333,1.2517019999999994,0.0002510860852815134,0,2,8847360,my_ring_all_reduce,2,8
1361,1.2512250000000005,1.2536860000000016,1.2528350000000004,1.2535939999999992,0.0011390613094415427,0,2,8880128,my_ring_all_reduce,2,8
1362,1.257784999999999,1.2582340000000003,1.2580733333333327,1.2582009999999992,0.00020432707983942408,0,2,8912896,my_ring_all_reduce,2,8
1363,1.261147000000001,1.2646640000000011,1.262607000000001,1.2620100000000007,0.001496580324161395,0,2,8945664,my_ring_all_reduce,2,8
1364,1.262651,1.2642810000000013,1.2632793333333339,1.262906,0.0007158949333222228,0,2,8978432,my_ring_all_reduce,2,8
1365,1.2649840000000023,1.271353000000001,1.268749666666668,1.269912,0.0027269402063273846,0,2,9011200,my_ring_all_reduce,2,8
1366,1.2697869999999993,1.275512999999999,1.2719299999999993,1.27049,0.0025497671789136652,0,2,9043968,my_ring_all_reduce,2,8
1367,1.2703280000000015,1.2756100000000024,1.2736036666666672,1.2748729999999977,0.0023357063647257217,0,2,9076736,my_ring_all_reduce,2,8
1368,1.2763449999999998,1.2837050000000019,1.2798436666666666,1.2794809999999979,0.0030156309824360024,0,2,9109504,my_ring_all_reduce,2,8
1369,1.2774029999999985,1.2861050000000014,1.283023,1.2855610000000002,0.00398014103602817,0,2,9142272,my_ring_all_reduce,2,8
1370,1.2772390000000005,1.280442000000001,1.2793020000000006,1.2802250000000008,0.0014614488245119248,0,2,9175040,my_ring_all_reduce,2,8
1371,1.2793229999999967,1.2878650000000007,1.2828953333333324,1.2814979999999996,0.003624531816510868,0,2,9207808,my_ring_all_reduce,2,8
1372,1.2819140000000007,1.2854640000000017,1.2839826666666676,1.2845700000000007,0.0015076129771562478,0,2,9240576,my_ring_all_reduce,2,8
1373,1.2927300000000006,1.2939449999999997,1.2932516666666667,1.29308,0.0005106586161241813,0,2,9273344,my_ring_all_reduce,2,8
1374,1.294744999999999,1.2961220000000013,1.2954706666666655,1.2955449999999964,0.000564609796428596,0,2,9306112,my_ring_all_reduce,2,8
1375,1.3041519999999964,1.3056890000000012,1.3047819999999988,1.3045049999999987,0.0006573375591498944,0,2,9338880,my_ring_all_reduce,2,8
1376,1.299768000000001,1.3018180000000001,1.3009423333333336,1.301241,0.0008631439946816141,0,2,9371648,my_ring_all_reduce,2,8
1377,1.30396,1.308249999999999,1.3057099999999995,1.3049199999999992,0.00183831444535443,0,2,9404416,my_ring_all_reduce,2,8
1378,1.3047909999999974,1.3062020000000003,1.3057200000000002,1.3061670000000032,0.0006570575824608861,0,2,9437184,my_ring_all_reduce,2,8
1379,1.308950999999999,1.3135920000000023,1.311832333333334,1.3129539999999997,0.00205399161526035,0,2,9469952,my_ring_all_reduce,2,8
1380,1.309849000000002,1.311895,1.3110750000000013,1.3114810000000017,0.0008832349630754006,0,2,9502720,my_ring_all_reduce,2,8
1381,1.3131770000000003,1.3166010000000006,1.3145946666666666,1.3140059999999993,0.001458501590293844,0,2,9535488,my_ring_all_reduce,2,8
1382,1.312855999999998,1.3161829999999992,1.3143489999999989,1.3140079999999998,0.0013794788871168133,0,2,9568256,my_ring_all_reduce,2,8
1383,1.3096889999999985,1.3153219999999999,1.3117053333333333,1.3101050000000014,0.0025630024493854303,0,2,9601024,my_ring_all_reduce,2,8
1384,1.3153519999999999,1.3168270000000002,1.3162169999999997,1.3164719999999994,0.0006285830626629467,0,2,9633792,my_ring_all_reduce,2,8
1385,1.3177840000000014,1.3221029999999991,1.319426666666667,1.3183930000000001,0.0019087151583073855,0,2,9666560,my_ring_all_reduce,2,8
1386,1.314394999999999,1.3195450000000006,1.3166236666666664,1.3159309999999995,0.0021587751671318226,0,2,9699328,my_ring_all_reduce,2,8
1387,1.3197670000000017,1.3212389999999996,1.3206630000000006,1.3209830000000002,0.0006421297895796136,0,2,9732096,my_ring_all_reduce,2,8
1388,1.3145849999999992,1.3202800000000008,1.317976,1.319063,0.002448732052853005,0,2,9764864,my_ring_all_reduce,2,8
1389,1.3174029999999999,1.320379,1.3193549999999987,1.3202829999999959,0.0013808287366641762,0,2,9797632,my_ring_all_reduce,2,8
1390,1.321241000000001,1.3229989999999998,1.3222316666666665,1.322454999999999,0.0007348693005480586,0,2,9830400,my_ring_all_reduce,2,8
1391,1.3226170000000002,1.324953,1.323663,1.323419,0.0009691494552785016,0,2,9863168,my_ring_all_reduce,2,8
1392,1.3238629999999993,1.3294330000000005,1.3272873333333342,1.3285660000000026,0.002447102549729647,0,2,9895936,my_ring_all_reduce,2,8
1393,1.3268700000000009,1.3342979999999998,1.330093333333334,1.329112000000001,0.003110847401521387,0,2,9928704,my_ring_all_reduce,2,8
1394,1.3326349999999985,1.3345850000000001,1.3335836666666665,1.333531000000001,0.0007969547596256135,0,2,9961472,my_ring_all_reduce,2,8
1395,1.336664999999999,1.3402490000000016,1.339011666666667,1.3401210000000001,0.0016601665244461712,0,2,9994240,my_ring_all_reduce,2,8
1396,1.3337530000000015,1.3435120000000007,1.3386600000000008,1.338715000000001,0.003984284879372626,0,2,10027008,my_ring_all_reduce,2,8
1397,1.3398650000000007,1.342585000000001,1.3410086666666678,1.3405760000000009,0.001151810266011353,0,2,10059776,my_ring_all_reduce,2,8
1398,1.3421020000000008,1.3449519999999975,1.343405333333333,1.3431620000000002,0.0011761613645891618,0,2,10092544,my_ring_all_reduce,2,8
1399,1.3455929999999998,1.3478010000000005,1.3468723333333337,1.347223,0.0009348944087735347,0,2,10125312,my_ring_all_reduce,2,8
1400,1.3466499999999997,1.353143,1.3504776666666671,1.3516400000000013,0.002775250899568783,0,2,10158080,my_ring_all_reduce,2,8
1401,1.349879000000001,1.3523769999999977,1.3510113333333322,1.3507779999999985,0.0010330648038174278,0,2,10190848,my_ring_all_reduce,2,8
1402,1.3607310000000017,1.3643770000000004,1.3629796666666676,1.3638310000000002,0.0016055954935433954,0,2,10223616,my_ring_all_reduce,2,8
1403,1.364216999999997,1.3659430000000012,1.3653149999999996,1.3657850000000007,0.0007790780876585278,0,2,10256384,my_ring_all_reduce,2,8
1404,1.3691150000000007,1.372344000000001,1.370510666666667,1.3700729999999994,0.0013540739352866918,0,2,10289152,my_ring_all_reduce,2,8
1405,1.370553,1.3737210000000004,1.3720246666666667,1.3717999999999997,0.0013030508645314497,0,2,10321920,my_ring_all_reduce,2,8
1406,1.3697559999999995,1.372858000000001,1.3716633333333335,1.3723760000000003,0.0013629676771260667,0,2,10354688,my_ring_all_reduce,2,8
1407,1.373880999999999,1.3789689999999992,1.3761213333333326,1.3755139999999992,0.002121096624128469,0,2,10387456,my_ring_all_reduce,2,8
1408,1.3706790000000002,1.3790949999999993,1.3753513333333327,1.3762799999999988,0.0034980070834051266,0,2,10420224,my_ring_all_reduce,2,8
1409,1.375768,1.3768590000000005,1.3763340000000002,1.3763750000000001,0.0004463414238750492,0,2,10452992,my_ring_all_reduce,2,8
1410,1.3756089999999994,1.3803179999999984,1.3776379999999993,1.3769870000000002,0.0019767854376903132,0,2,10485760,my_ring_all_reduce,2,8
1411,1.3761840000000003,1.3793530000000027,1.377698666666668,1.3775590000000002,0.0012975028152409664,0,2,10518528,my_ring_all_reduce,2,8
1412,1.3759339999999993,1.378010000000001,1.376646,1.3759939999999997,0.0009648046434389784,0,2,10551296,my_ring_all_reduce,2,8
1413,1.3765370000000003,1.3799299999999985,1.3778493333333328,1.3770809999999993,0.0014879212195387163,0,2,10584064,my_ring_all_reduce,2,8
1414,1.378072000000001,1.3795130000000044,1.3786270000000007,1.3782959999999966,0.0006331355831649557,0,2,10616832,my_ring_all_reduce,2,8
1415,1.3829070000000006,1.384119999999999,1.3835556666666669,1.3836400000000013,0.0004987827405009579,0,2,10649600,my_ring_all_reduce,2,8
1416,1.3811769999999997,1.386393,1.384548,1.3860740000000005,0.0023872119023387733,0,2,10682368,my_ring_all_reduce,2,8
1417,1.3864900000000016,1.3907789999999995,1.3883140000000003,1.3876729999999997,0.0018086903180655745,0,2,10715136,my_ring_all_reduce,2,8
1418,1.3870009999999984,1.3894630000000017,1.388313666666667,1.3884770000000004,0.0010117210858523714,0,2,10747904,my_ring_all_reduce,2,8
1419,1.3893679999999986,1.3929200000000002,1.3915119999999994,1.3922479999999997,0.0015406595990036217,0,2,10780672,my_ring_all_reduce,2,8
1420,1.3917700000000004,1.3969200000000002,1.3935396666666666,1.3919290000000002,0.0023911378509450082,0,2,10813440,my_ring_all_reduce,2,8
1421,1.3918640000000033,1.4018169999999972,1.3964186666666676,1.3955750000000027,0.004106854622319524,0,2,10846208,my_ring_all_reduce,2,8
1422,1.3997379999999986,1.4014980000000001,1.4005486666666656,1.4004099999999982,0.0007251764536234632,0,2,10878976,my_ring_all_reduce,2,8
1423,1.3978490000000001,1.408983,1.4040243333333333,1.405241,0.004626135704403337,0,2,10911744,my_ring_all_reduce,2,8
1424,1.3965060000000014,1.403961000000003,1.4011666666666678,1.403033,0.003317293709570606,0,2,10944512,my_ring_all_reduce,2,8
1425,1.4050450000000019,1.4112289999999994,1.4073320000000005,1.4057220000000006,0.0027694209984510526,0,2,10977280,my_ring_all_reduce,2,8
1426,1.4066800000000004,1.4117689999999998,1.4093146666666658,1.4094949999999973,0.0020814851001678967,0,2,11010048,my_ring_all_reduce,2,8
1427,1.4107139999999998,1.4112570000000006,1.41097,1.4109390000000004,0.0002227599604959343,0,2,11042816,my_ring_all_reduce,2,8
1428,1.4096240000000015,1.4192879999999999,1.4151070000000008,1.4164090000000011,0.004051306538224637,0,2,11075584,my_ring_all_reduce,2,8
1429,1.4178819999999996,1.424251000000001,1.421071666666667,1.421082,0.00260014362851206,0,2,11108352,my_ring_all_reduce,2,8
1430,1.4189679999999985,1.4238979999999992,1.4214329999999984,1.4214329999999973,0.002012664071987158,0,2,11141120,my_ring_all_reduce,2,8
1431,1.4265160000000014,1.4277040000000016,1.4270733333333343,1.427,0.0004877631483507512,0,2,11173888,my_ring_all_reduce,2,8
1432,1.4271629999999986,1.431478000000001,1.4292616666666664,1.4291440000000002,0.0017635551845326953,0,2,11206656,my_ring_all_reduce,2,8
1433,1.4275779999999978,1.4313849999999975,1.4295706666666643,1.429748999999998,0.0015593084649576264,0,2,11239424,my_ring_all_reduce,2,8
1434,1.4308709999999991,1.4346490000000032,1.4326853333333343,1.4325360000000003,0.001545972473524055,0,2,11272192,my_ring_all_reduce,2,8
1435,1.4350010000000002,1.437754,1.4360780000000002,1.4354790000000004,0.0012010698009134791,0,2,11304960,my_ring_all_reduce,2,8
1436,1.4365669999999995,1.440791000000001,1.4381449999999998,1.4370769999999993,0.001882553584895501,0,2,11337728,my_ring_all_reduce,2,8
1437,1.4432559999999994,1.4454660000000004,1.444388,1.444442000000001,0.0009030363595489332,0,2,11370496,my_ring_all_reduce,2,8
1438,1.4493690000000015,1.4526659999999993,1.4510433333333344,1.451095000000002,0.0013464903349894321,0,2,11403264,my_ring_all_reduce,2,8
1439,1.457047,1.4636389999999992,1.4608989999999993,1.4620109999999986,0.002803690900699347,0,2,11436032,my_ring_all_reduce,2,8
1440,1.4609849999999989,1.4704539999999997,1.465164999999999,1.4640559999999987,0.00394443920813463,0,2,11468800,my_ring_all_reduce,2,8
1441,1.4737530000000005,1.478393,1.476259,1.4766310000000002,0.0019124483435287688,0,2,11501568,my_ring_all_reduce,2,8
1442,1.4762500000000018,1.4813039999999993,1.4788093333333336,1.4788740000000002,0.0020637934866529753,0,2,11534336,my_ring_all_reduce,2,8
1443,1.4814010000000017,1.484983000000002,1.4834050000000005,1.4838309999999983,0.0014930478893857495,0,2,11567104,my_ring_all_reduce,2,8
1444,1.4861680000000015,1.4916410000000015,1.4881646666666677,1.4866849999999996,0.002467183594483982,0,2,11599872,my_ring_all_reduce,2,8
1445,1.4945199999999932,1.4972080000000023,1.496205999999999,1.4968900000000012,0.0011992297528037464,0,2,11632640,my_ring_all_reduce,2,8
1446,1.4954499999999988,1.5028099999999995,1.497924666666667,1.495514000000003,0.003454551136624165,0,2,11665408,my_ring_all_reduce,2,8
1447,1.4964750000000022,1.501689000000002,1.4988843333333346,1.4984889999999995,0.002146883839946311,0,2,11698176,my_ring_all_reduce,2,8
1448,1.4974039999999986,1.502905999999999,1.5004413333333322,1.5010139999999992,0.002282390754353059,0,2,11730944,my_ring_all_reduce,2,8
1449,1.50425,1.5070949999999994,1.5053370000000001,1.5046660000000007,0.0012546412501849222,0,2,11763712,my_ring_all_reduce,2,8
1450,1.5072890000000008,1.5145509999999995,1.5116076666666667,1.5129830000000002,0.00312013005426899,0,2,11796480,my_ring_all_reduce,2,8
1451,1.5067430000000022,1.5149370000000018,1.5107013333333343,1.510423999999999,0.0033509296554172794,0,2,11829248,my_ring_all_reduce,2,8
1452,1.5091760000000014,1.5134329999999991,1.5106803333333334,1.5094319999999999,0.0019492330685561088,0,2,11862016,my_ring_all_reduce,2,8
1453,1.5112569999999979,1.5137499999999964,1.512514999999998,1.5125380000000006,0.0010178929216763555,0,2,11894784,my_ring_all_reduce,2,8
1454,1.5072249999999996,1.5147449999999971,1.511170999999999,1.5115429999999996,0.003081275493470324,0,2,11927552,my_ring_all_reduce,2,8
1455,1.5109349999999977,1.5140079999999962,1.512525333333331,1.512633,0.0012568548930648065,0,2,11960320,my_ring_all_reduce,2,8
1456,1.5163109999999997,1.5190300000000008,1.5180596666666661,1.518837999999998,0.0012389760108877288,0,2,11993088,my_ring_all_reduce,2,8
1457,1.5228069999999971,1.5253339999999989,1.524407999999999,1.5250830000000006,0.001136706059924598,0,2,12025856,my_ring_all_reduce,2,8
1458,1.5281190000000007,1.5316419999999962,1.529911666666666,1.5299740000000002,0.0014389339418068082,0,2,12058624,my_ring_all_reduce,2,8
1459,1.531063,1.5374310000000004,1.5339016666666663,1.5332109999999985,0.002645199593393751,0,2,12091392,my_ring_all_reduce,2,8
1460,1.5307100000000002,1.535574999999997,1.5328443333333313,1.532247999999996,0.0020303967318937213,0,2,12124160,my_ring_all_reduce,2,8
1461,1.5314179999999924,1.5398630000000013,1.5356289999999977,1.5356059999999998,0.003447695172144002,0,2,12156928,my_ring_all_reduce,2,8
1462,1.5361509999999998,1.539543,1.5377513333333326,1.5375599999999976,0.0013913715854830125,0,2,12189696,my_ring_all_reduce,2,8
1463,1.537816999999999,1.5392260000000006,1.5385419999999996,1.5385829999999996,0.0005759519655903483,0,2,12222464,my_ring_all_reduce,2,8
1464,1.5364709999999995,1.5464889999999996,1.5409323333333333,1.5398370000000015,0.004162523059662382,0,2,12255232,my_ring_all_reduce,2,8
1465,1.5403720000000003,1.546424,1.5428716666666666,1.5418189999999996,0.0025804077627813115,0,2,12288000,my_ring_all_reduce,2,8
1466,1.5389379999999984,1.5426490000000004,1.5404519999999995,1.5397690000000002,0.0015901251523078727,0,2,12320768,my_ring_all_reduce,2,8
1467,1.5365689999999996,1.5388729999999997,1.537730666666666,1.537749999999999,0.0009407034011254266,0,2,12353536,my_ring_all_reduce,2,8
1468,1.5376870000000018,1.5437070000000004,1.540045000000001,1.538741000000001,0.0026249332689925434,0,2,12386304,my_ring_all_reduce,2,8
1469,1.5418490000000002,1.5461669999999994,1.5443756666666657,1.5451109999999972,0.0018379004930136284,0,2,12419072,my_ring_all_reduce,2,8
1470,1.5434520000000016,1.5505850000000005,1.5470016666666677,1.5469680000000008,0.002912132361155033,0,2,12451840,my_ring_all_reduce,2,8
1471,1.5422629999999955,1.5467459999999993,1.5444939999999985,1.5444730000000009,0.0018302373252319713,0,2,12484608,my_ring_all_reduce,2,8
1472,1.5376530000000004,1.5412389999999978,1.539404666666666,1.5393220000000005,0.0014651448923408217,0,2,12517376,my_ring_all_reduce,2,8
1473,1.540438000000001,1.5429350000000013,1.5419000000000012,1.5423270000000011,0.0010631710429967552,0,2,12550144,my_ring_all_reduce,2,8
1474,1.5404739999999983,1.5439900000000002,1.5416673333333328,1.540538,0.0016425811666065505,0,2,12582912,my_ring_all_reduce,2,8
1475,1.539991,1.551672999999999,1.5468819999999994,1.548982,0.004994982882853186,0,2,12615680,my_ring_all_reduce,2,8
1476,1.5472570000000005,1.5515420000000013,1.5493880000000004,1.549364999999999,0.0017494195227754211,0,2,12648448,my_ring_all_reduce,2,8
1477,1.542425000000001,1.5538160000000025,1.5466490000000004,1.5437059999999982,0.005094746117326415,0,2,12681216,my_ring_all_reduce,2,8
1478,1.543732,1.5486940000000031,1.5470090000000012,1.5486010000000001,0.0023174999460633013,0,2,12713984,my_ring_all_reduce,2,8
1479,1.5456899999999951,1.5466489999999995,1.5461683333333316,1.5461660000000006,0.00039151358710813816,0,2,12746752,my_ring_all_reduce,2,8
1480,1.5467109999999993,1.5539429999999956,1.5506043333333315,1.5511589999999997,0.0029783885277468876,0,2,12779520,my_ring_all_reduce,2,8
1481,1.544922999999999,1.5476390000000002,1.5466483333333327,1.5473829999999988,0.0012244632384122512,0,2,12812288,my_ring_all_reduce,2,8
1482,1.5436399999999977,1.550264000000001,1.547351999999999,1.5481519999999982,0.0027627696248523274,0,2,12845056,my_ring_all_reduce,2,8
1483,1.551414999999999,1.5570130000000009,1.5544650000000004,1.5549670000000007,0.002312776686150983,0,2,12877824,my_ring_all_reduce,2,8
1484,1.556917000000005,1.5633549999999996,1.5601203333333356,1.5600890000000018,0.00262839587750349,0,2,12910592,my_ring_all_reduce,2,8
1485,1.5642130000000007,1.5713819999999996,1.5674800000000004,1.5668450000000007,0.0029609749520493655,0,2,12943360,my_ring_all_reduce,2,8
1486,1.5627119999999992,1.5654640000000009,1.5645043333333337,1.5653370000000013,0.001268431139462356,0,2,12976128,my_ring_all_reduce,2,8
1487,1.5702309999999997,1.5733359999999976,1.572109666666666,1.5727620000000007,0.0013489280517831918,0,2,13008896,my_ring_all_reduce,2,8
1488,1.5727919999999995,1.577498,1.5756306666666668,1.5766020000000007,0.002040298235280897,0,2,13041664,my_ring_all_reduce,2,8
1489,1.572661000000001,1.5850149999999994,1.5789553333333333,1.5791899999999996,0.00504622831649695,0,2,13074432,my_ring_all_reduce,2,8
1490,1.573813000000001,1.576344000000001,1.575436000000001,1.5761510000000012,0.001150335892975085,0,2,13107200,my_ring_all_reduce,2,8
1491,1.5752540000000008,1.5801190000000007,1.5781023333333344,1.5789340000000012,0.0020713616026394196,0,2,13139968,my_ring_all_reduce,2,8
1492,1.5778139999999994,1.5871910000000025,1.5830739999999996,1.5842169999999969,0.003912532768766698,0,2,13172736,my_ring_all_reduce,2,8
1493,1.5818779999999988,1.5822960000000021,1.5820603333333343,1.5820070000000015,0.00017476523936218105,0,2,13205504,my_ring_all_reduce,2,8
1494,1.5794139999999979,1.5883460000000005,1.5840013333333338,1.5842440000000033,0.0036505087621084608,0,2,13238272,my_ring_all_reduce,2,8
1495,1.5798330000000005,1.5878609999999995,1.5842896666666666,1.5851749999999993,0.00333667072926781,0,2,13271040,my_ring_all_reduce,2,8
1496,1.582424,1.5859750000000004,1.5840660000000006,1.5837990000000008,0.0014619318269560016,0,2,13303808,my_ring_all_reduce,2,8
1497,1.5780100000000004,1.5860709999999982,1.5824673333333328,1.583321,0.0033457924156892293,0,2,13336576,my_ring_all_reduce,2,8
1498,1.5803110000000016,1.588119999999999,1.584450666666666,1.5849209999999967,0.0032053112520026203,0,2,13369344,my_ring_all_reduce,2,8
1499,1.5836369999999989,1.5882160000000012,1.5856763333333335,1.5851760000000004,0.0019025527295957743,0,2,13402112,my_ring_all_reduce,2,8
1500,1.587416000000001,1.5904220000000013,1.5891323333333338,1.5895589999999997,0.001263735819790707,0,2,13434880,my_ring_all_reduce,2,8
1501,1.5868730000000015,1.5937530000000006,1.590243333333335,1.590104000000003,0.0028104756813666486,0,2,13467648,my_ring_all_reduce,2,8
1502,1.5860700000000034,1.5887610000000023,1.5875323333333353,1.5877659999999996,0.0011109516441115,0,2,13500416,my_ring_all_reduce,2,8
1503,1.6263590000000003,1.6293680000000004,1.6278310000000002,1.6277659999999996,0.0012292786502661112,0,2,13533184,my_ring_all_reduce,2,8
1504,1.637751000000001,1.643318999999996,1.641377333333332,1.643061999999999,0.0025663505000057727,0,2,13565952,my_ring_all_reduce,2,8
1505,1.6480250000000014,1.654265000000005,1.6507230000000017,1.649878999999999,0.0026164418587099935,0,2,13598720,my_ring_all_reduce,2,8
1506,1.6549359999999962,1.657654999999997,1.6561186666666643,1.6557649999999995,0.0011378489452569124,0,2,13631488,my_ring_all_reduce,2,8
1507,1.6598640000000005,1.6647610000000024,1.6629260000000015,1.664153000000002,0.0021793422555143297,0,2,13664256,my_ring_all_reduce,2,8
1508,1.6705519999999998,1.6744230000000024,1.6726306666666673,1.6729169999999995,0.0015932462319298412,0,2,13697024,my_ring_all_reduce,2,8
1509,1.6714159999999985,1.6725029999999996,1.6719923333333326,1.6720579999999992,0.0004461885500801777,0,2,13729792,my_ring_all_reduce,2,8
1510,1.6761820000000025,1.679349000000001,1.6780486666666679,1.6786149999999997,0.001353519445330071,0,2,13762560,my_ring_all_reduce,2,8
1511,1.6781040000000012,1.6864559999999984,1.6831170000000002,1.684791000000001,0.0036093104604610774,0,2,13795328,my_ring_all_reduce,2,8
1512,1.6847909999999975,1.6913510000000005,1.688684666666666,1.6899120000000003,0.0028152158393682488,0,2,13828096,my_ring_all_reduce,2,8
1513,1.6804069999999993,1.6905819999999994,1.6862093333333326,1.6876389999999992,0.004275169886163075,0,2,13860864,my_ring_all_reduce,2,8
1514,1.684566999999999,1.6916690000000016,1.6872656666666674,1.6855610000000016,0.0031399593769495773,0,2,13893632,my_ring_all_reduce,2,8
1515,1.681848,1.6890459999999985,1.6861559999999987,1.687573999999998,0.003104925549294501,0,2,13926400,my_ring_all_reduce,2,8
1516,1.688375,1.6922799999999998,1.6902746666666666,1.6901689999999998,0.0015959595511442844,0,2,13959168,my_ring_all_reduce,2,8
1517,1.6893990000000012,1.693081,1.6912343333333333,1.691222999999999,0.001503191567594594,0,2,13991936,my_ring_all_reduce,2,8
1518,1.6899719999999998,1.6985829999999997,1.6938676666666665,1.6930479999999999,0.0035628846303085103,0,2,14024704,my_ring_all_reduce,2,8
1519,1.6893019999999996,1.692085,1.6905076666666654,1.6901359999999968,0.0011661544589904817,0,2,14057472,my_ring_all_reduce,2,8
1520,1.6915449999999983,1.7017829999999994,1.695554666666667,1.693336000000003,0.004464379190386161,0,2,14090240,my_ring_all_reduce,2,8
1521,1.6933349999999991,1.700535,1.695915666666666,1.6938769999999985,0.003273848024709162,0,2,14123008,my_ring_all_reduce,2,8
1522,1.6891759999999958,1.70175,1.6974306666666654,1.701366,0.005839035612916927,0,2,14155776,my_ring_all_reduce,2,8
1523,1.7853040000000002,1.790037999999997,1.7883856666666655,1.7898149999999988,0.002180968337432688,0,2,14188544,my_ring_all_reduce,2,8
1524,1.798327000000005,1.8039270000000016,1.8007486666666683,1.7999919999999985,0.002347964839788954,0,2,14221312,my_ring_all_reduce,2,8
1525,1.8068379999999962,1.813654999999999,1.8099643333333315,1.8093999999999997,0.0028114914586794743,0,2,14254080,my_ring_all_reduce,2,8
1526,1.8091110000000008,1.8153839999999983,1.8116920000000005,1.810581000000002,0.0026787276830601944,0,2,14286848,my_ring_all_reduce,2,8
1527,1.8123439999999973,1.8179110000000038,1.8154583333333332,1.816119999999999,0.002320377028753524,0,2,14319616,my_ring_all_reduce,2,8
1528,1.8180070000000015,1.8199579999999989,1.818752666666665,1.8182929999999942,0.0008602597798857154,0,2,14352384,my_ring_all_reduce,2,8
1529,1.821143,1.8233510000000006,1.8223803333333326,1.8226469999999972,0.0009209232082836745,0,2,14385152,my_ring_all_reduce,2,8
1530,1.826006999999996,1.8294969999999995,1.8278423333333336,1.8280230000000046,0.0014305023204783155,0,2,14417920,my_ring_all_reduce,2,8
1531,1.8304849999999997,1.833174000000001,1.8314560000000004,1.8307090000000004,0.0012182465541374589,0,2,14450688,my_ring_all_reduce,2,8
1532,1.8333669999999984,1.8361499999999997,1.8345719999999994,1.8341990000000001,0.0011663672949236957,0,2,14483456,my_ring_all_reduce,2,8
1533,1.8357359999999936,1.8445340000000015,1.8409616666666668,1.8426150000000052,0.003777241880294899,0,2,14516224,my_ring_all_reduce,2,8
1534,1.8422929999999997,1.8431589999999998,1.8426779999999996,1.8425819999999995,0.0003600009259247713,0,2,14548992,my_ring_all_reduce,2,8
1535,1.8444060000000009,1.852471000000005,1.8497093333333356,1.8522510000000003,0.003751098357667482,0,2,14581760,my_ring_all_reduce,2,8
1536,1.850134000000002,1.8550309999999972,1.852716333333334,1.8529840000000022,0.002008131193144917,0,2,14614528,my_ring_all_reduce,2,8
1537,1.8551899999999988,1.8582330000000038,1.8571110000000008,1.85791,0.001364737581614516,0,2,14647296,my_ring_all_reduce,2,8
1538,1.863798999999999,1.868474000000002,1.866508666666668,1.8672530000000025,0.001979803076628499,0,2,14680064,my_ring_all_reduce,2,8
1539,1.8797029999999995,1.8852710000000026,1.8817933333333337,1.8804059999999991,0.0024757727862016006,0,2,14712832,my_ring_all_reduce,2,8
1540,1.8943899999999994,1.8988050000000003,1.8965546666666666,1.8964690000000002,0.0018034338234481817,0,2,14745600,my_ring_all_reduce,2,8
1541,1.905366000000002,1.9129809999999963,1.909546333333333,1.9102920000000003,0.0031532068684978314,0,2,14778368,my_ring_all_reduce,2,8
1542,1.9205699999999988,1.9253979999999993,1.9233516666666661,1.9240870000000005,0.0020384524086237013,0,2,14811136,my_ring_all_reduce,2,8
1543,1.9384850000000007,1.9435099999999985,1.9407786666666655,1.9403409999999968,0.0020746598650267373,0,2,14843904,my_ring_all_reduce,2,8
1544,1.9608539999999994,1.9669350000000014,1.963659333333334,1.963189000000002,0.002504735559340699,0,2,14876672,my_ring_all_reduce,2,8
1545,1.9709969999999994,1.974388,1.972693666666668,1.9726960000000036,0.0013843709361618221,0,2,14909440,my_ring_all_reduce,2,8
1546,1.9821330000000008,1.9909009999999998,1.9857276666666674,1.9841490000000013,0.0037495419572109007,0,2,14942208,my_ring_all_reduce,2,8
1547,1.9989959999999993,2.0051419999999998,2.002731333333333,2.0040560000000007,0.0026782314230770795,0,2,14974976,my_ring_all_reduce,2,8
1548,2.0106460000000004,2.020627999999997,2.014911666666665,2.0134609999999977,0.004202253866146836,0,2,15007744,my_ring_all_reduce,2,8
1549,2.022097000000002,2.0313189999999985,2.0277016666666676,2.029689000000002,0.004018576973118888,0,2,15040512,my_ring_all_reduce,2,8
1550,2.045078999999998,2.0469019999999993,2.045867999999999,2.0456230000000013,0.0007641339324143363,0,2,15073280,my_ring_all_reduce,2,8
1551,2.0539810000000034,2.0597340000000006,2.0575596666666667,2.0589639999999965,0.002549949846999295,0,2,15106048,my_ring_all_reduce,2,8
1552,2.068404999999999,2.072724000000001,2.0700473333333336,2.069013000000001,0.0019088957249915588,0,2,15138816,my_ring_all_reduce,2,8
1553,2.075128999999999,2.081845999999998,2.0776759999999985,2.076052999999998,0.00297266647977831,0,2,15171584,my_ring_all_reduce,2,8
1554,2.0881180000000015,2.0947109999999993,2.0910846666666676,2.090425000000002,0.0027317006099162487,0,2,15204352,my_ring_all_reduce,2,8
1555,2.0919550000000053,2.1058140000000023,2.0981650000000034,2.0967260000000025,0.005748681645964911,0,2,15237120,my_ring_all_reduce,2,8
1556,2.1040189999999965,2.1096519999999983,2.1065586666666665,2.1060050000000046,0.0023327497841723727,0,2,15269888,my_ring_all_reduce,2,8
1557,2.1178770000000005,2.1205620000000054,2.1193150000000025,2.119506000000003,0.0011044356024705222,0,2,15302656,my_ring_all_reduce,2,8
1558,2.1293960000000007,2.132633999999998,2.130485666666666,2.1294269999999997,0.001519153784914225,0,2,15335424,my_ring_all_reduce,2,8
1559,2.144305999999999,2.1459080000000013,2.1449793333333336,2.144724,0.0006784773802838236,0,2,15368192,my_ring_all_reduce,2,8
1560,2.155253999999997,2.1573340000000027,2.156107,2.155733,0.0008893844313178217,0,2,15400960,my_ring_all_reduce,2,8
1561,2.1651409999999998,2.1687610000000057,2.1665070000000015,2.1656189999999986,0.0016057206066673866,0,2,15433728,my_ring_all_reduce,2,8
1562,2.1628390000000004,2.173811999999999,2.1692576666666663,2.1711219999999996,0.004669652830302286,0,2,15466496,my_ring_all_reduce,2,8
1563,2.179669000000002,2.1853329999999995,2.182805333333334,2.183413999999999,0.00235203179305691,0,2,15499264,my_ring_all_reduce,2,8
1564,2.191221,2.196755000000001,2.1940466666666674,2.1941640000000007,0.0022607689448998856,0,2,15532032,my_ring_all_reduce,2,8
1565,2.2082759999999997,2.2121820000000008,2.209993666666667,2.2095230000000012,0.0016289780709256455,0,2,15564800,my_ring_all_reduce,2,8
1566,2.217875000000002,2.2231269999999994,2.2201706666666667,2.2195099999999983,0.0021944226778096657,0,2,15597568,my_ring_all_reduce,2,8
1567,2.2264850000000007,2.231797999999999,2.2284366666666675,2.2270270000000036,0.002387098983190496,0,2,15630336,my_ring_all_reduce,2,8
1568,2.2282750000000053,2.2330139999999994,2.2305806666666688,2.2304530000000016,0.0019367936275055814,0,2,15663104,my_ring_all_reduce,2,8
1569,2.235477999999999,2.2410140000000047,2.239071666666666,2.2407229999999947,0.0025438815922832914,0,2,15695872,my_ring_all_reduce,2,8
1570,2.2450159999999997,2.2563709999999992,2.250078999999999,2.2488499999999987,0.004716413679905418,0,2,15728640,my_ring_all_reduce,2,8
1571,2.251091000000004,2.2566589999999995,2.253012000000002,2.251286000000002,0.002580046898796816,0,2,15761408,my_ring_all_reduce,2,8
1572,2.262129999999998,2.2648219999999983,2.2636253333333323,2.2639240000000007,0.0011191119495189779,0,2,15794176,my_ring_all_reduce,2,8
1573,2.2657830000000008,2.2719230000000024,2.269120000000001,2.2696539999999996,0.002534924982453963,0,2,15826944,my_ring_all_reduce,2,8
1574,2.269906000000003,2.278965000000004,2.275892000000003,2.278805000000002,0.004233245169685669,0,2,15859712,my_ring_all_reduce,2,8
1575,2.2795409999999974,2.2845,2.2818229999999993,2.281428,0.0020436795247797406,0,2,15892480,my_ring_all_reduce,2,8
1576,2.281300000000003,2.291445,2.2864096666666707,2.2864840000000077,0.004142012420174392,0,2,15925248,my_ring_all_reduce,2,8
1577,2.292501000000001,2.297494000000001,2.2949886666666672,2.294971000000001,0.0020384219931657652,0,2,15958016,my_ring_all_reduce,2,8
1578,2.297204,2.300662000000004,2.2987200000000017,2.2982940000000016,0.0014435022226070744,0,2,15990784,my_ring_all_reduce,2,8
1579,2.2971069999999965,2.317589,2.307422333333332,2.3075709999999994,0.008362402259852079,0,2,16023552,my_ring_all_reduce,2,8
1580,2.3065489999999955,2.3115070000000015,2.3093113333333317,2.309877999999999,0.0020633749591948466,0,2,16056320,my_ring_all_reduce,2,8
1581,2.3066459999999998,2.311989999999998,2.3094293333333327,2.3096520000000003,0.0021873529410879164,0,2,16089088,my_ring_all_reduce,2,8
1582,2.309427,2.3148670000000022,2.3120626666666677,2.311894,0.002224070792239587,0,2,16121856,my_ring_all_reduce,2,8
1583,2.312564999999999,2.3176210000000066,2.315690000000002,2.316884,0.0022300988019990186,0,2,16154624,my_ring_all_reduce,2,8
1584,2.3149010000000008,2.3218129999999984,2.318208333333331,2.317910999999993,0.002829633820046563,0,2,16187392,my_ring_all_reduce,2,8
1585,2.322548999999999,2.324980000000003,2.323732000000001,2.3236670000000004,0.000993515307718002,0,2,16220160,my_ring_all_reduce,2,8
1586,2.3161799999999966,2.3197320000000006,2.3178446666666654,2.3176219999999996,0.0014586206574112397,0,2,16252928,my_ring_all_reduce,2,8
1587,2.3131390000000005,2.3221009999999986,2.3190939999999998,2.3220419999999997,0.004210889771373907,0,2,16285696,my_ring_all_reduce,2,8
1588,2.322552,2.3303879999999992,2.3266133333333325,2.326899999999998,0.0032054492491516255,0,2,16318464,my_ring_all_reduce,2,8
1589,2.33001,2.3315069999999998,2.330965666666667,2.3313800000000007,0.0006777444618405769,0,2,16351232,my_ring_all_reduce,2,8
1590,2.299607,2.305810000000005,2.30298666666667,2.3035430000000052,0.0025627371218224946,0,2,16384000,my_ring_all_reduce,2,8
1591,2.292052,2.299826000000001,2.2969480000000018,2.298966000000004,0.003479752098450946,0,2,16416768,my_ring_all_reduce,2,8
1592,2.3034450000000035,2.3334889999999997,2.3222703333333343,2.3298770000000006,0.0133929463358707,0,2,16449536,my_ring_all_reduce,2,8
1593,2.3333290000000018,2.3433799999999976,2.337853333333332,2.336850999999997,0.004164064867675562,0,2,16482304,my_ring_all_reduce,2,8
1594,2.3333939999999966,2.345557000000001,2.3401263333333335,2.341428000000002,0.005050108535689281,0,2,16515072,my_ring_all_reduce,2,8
1595,2.344375,2.348886999999999,2.3464863333333343,2.3461970000000036,0.0018533431654409972,0,2,16547840,my_ring_all_reduce,2,8
1596,2.353778999999999,2.3550589999999976,2.354451666666666,2.3545170000000017,0.0005245959291573372,0,2,16580608,my_ring_all_reduce,2,8
1597,2.3541319999999977,2.360852000000001,2.3569593333333336,2.355894000000002,0.0028449723294894716,0,2,16613376,my_ring_all_reduce,2,8
1598,2.358033,2.3722160000000003,2.362932333333332,2.3585479999999954,0.006567909679309812,0,2,16646144,my_ring_all_reduce,2,8
1599,2.2999919999999947,2.303572000000002,2.3014396666666657,2.300755000000001,0.0015396268667753994,0,2,16678912,my_ring_all_reduce,2,8
1600,2.3004369999999983,2.307350000000006,2.3048846666666676,2.3068669999999982,0.0031511507245609695,0,2,16711680,my_ring_all_reduce,2,8
1601,2.3031590000000017,2.318134,2.3106130000000005,2.3105459999999995,0.006113701715545074,0,2,16744448,my_ring_all_reduce,2,8
1602,2.3139730000000003,2.372306999999997,2.351497333333332,2.3682119999999998,0.026586324182848314,0,2,16777216,my_ring_all_reduce,2,8
1603,2.372596999999998,2.3777480000000013,2.375157,2.375126000000002,0.0021030011887789098,0,2,16777216,my_ring_all_reduce,2,8
1604,2.391474000000002,2.392662000000006,2.39206266666667,2.392052000000003,0.0004850576139908159,0,2,16908288,my_ring_all_reduce,2,8
1605,2.3883400000000004,2.4034449999999996,2.395424000000001,2.394487000000003,0.006202082069756447,0,2,17039360,my_ring_all_reduce,2,8
1606,2.3985809999999983,2.405556,2.4021856666666666,2.402420000000002,0.0028523487787364857,0,2,17170432,my_ring_all_reduce,2,8
1607,2.3990599999999977,2.409906999999999,2.4045846666666657,2.404787,0.0044305798215990575,0,2,17301504,my_ring_all_reduce,2,8
1608,2.4019380000000004,2.407348999999998,2.4043716666666666,2.403828000000001,0.0022422325679742248,0,2,17432576,my_ring_all_reduce,2,8
1609,2.3125940000000003,2.315321,2.314325,2.3150599999999995,0.0012286309454019972,0,2,17563648,my_ring_all_reduce,2,8
1610,2.3106110000000006,2.3160840000000027,2.314024666666667,2.3153789999999974,0.0024309252468053127,0,2,17694720,my_ring_all_reduce,2,8
1611,2.3100370000000003,2.402515000000007,2.369930000000002,2.3972379999999993,0.04240550490207754,0,2,17825792,my_ring_all_reduce,2,8
1612,2.399732,2.4053660000000017,2.4028156666666693,2.4033490000000057,0.0023307827488263876,0,2,17956864,my_ring_all_reduce,2,8
1613,2.400469000000001,2.406354000000003,2.403464333333337,2.403570000000007,0.002403702745535102,0,2,18087936,my_ring_all_reduce,2,8
1614,2.3428669999999965,2.346740000000001,2.344542666666667,2.344021000000004,0.0016236038788939324,0,2,18219008,my_ring_all_reduce,2,8
1615,2.344694000000003,2.354997000000001,2.3508999999999998,2.353008999999995,0.004462724354769036,0,2,18350080,my_ring_all_reduce,2,8
1616,2.345557000000001,2.350643999999997,2.3481383333333326,2.348214,0.00207744816755612,0,2,18481152,my_ring_all_reduce,2,8
1617,2.3460360000000002,2.356083999999999,2.3505799999999994,2.349619999999999,0.004157866119377057,0,2,18612224,my_ring_all_reduce,2,8
1618,2.2955740000000024,2.299605000000007,2.2970136666666714,2.2958620000000045,0.00183611770380554,0,2,18743296,my_ring_all_reduce,2,8
1619,2.2947740000000003,2.3013020000000033,2.2972163333333353,2.2955730000000023,0.002907358977186709,0,2,18874368,my_ring_all_reduce,2,8
1620,2.3026099999999987,2.3047540000000044,2.303827000000002,2.304117000000002,0.0008989842416142882,0,2,19005440,my_ring_all_reduce,2,8
1621,2.3075390000000007,2.390358,2.3616843333333333,2.387155999999999,0.03830884181955279,0,2,19136512,my_ring_all_reduce,2,8
1622,2.425364999999998,2.4372679999999995,2.430930999999998,2.4301599999999963,0.004889865914999518,0,2,19267584,my_ring_all_reduce,2,8
1623,2.392435999999998,2.396343000000008,2.3947090000000024,2.3953480000000016,0.0016577902963521305,0,2,19398656,my_ring_all_reduce,2,8
1624,2.3924050000000006,2.404560999999998,2.3999239999999973,2.4028059999999933,0.005364794311059657,0,2,19529728,my_ring_all_reduce,2,8
1625,2.4056219999999993,2.4147420000000004,2.4096536666666672,2.4085970000000017,0.0037974560197880317,0,2,19660800,my_ring_all_reduce,2,8
1626,2.4104179999999977,2.4226759999999996,2.416648999999999,2.4168529999999993,0.00500638612174568,0,2,19791872,my_ring_all_reduce,2,8
1627,2.4264829999999993,2.436306999999998,2.4313573333333323,2.4312820000000004,0.00401098494415249,0,2,19922944,my_ring_all_reduce,2,8
1628,2.3358600000000025,2.343893,2.338718666666668,2.336403000000002,0.0036655155465792795,0,2,20054016,my_ring_all_reduce,2,8
1629,2.3595060000000005,2.366486000000001,2.3626546666666672,2.3619719999999997,0.00289017016031185,0,2,20185088,my_ring_all_reduce,2,8
1630,2.3818770000000002,2.3914759999999995,2.385706000000001,2.383765000000003,0.004152173005386478,0,2,20316160,my_ring_all_reduce,2,8
1631,2.403732000000001,2.4126569999999994,2.408094,2.407893,0.00364638697891419,0,2,20447232,my_ring_all_reduce,2,8
1632,2.4181309999999994,2.428755999999994,2.423656333333332,2.424082000000002,0.004348068562270521,0,2,20578304,my_ring_all_reduce,2,8
1633,2.417237000000001,2.4204660000000002,2.4184406666666667,2.417618999999999,0.001440593010611388,0,2,20709376,my_ring_all_reduce,2,8
1634,2.405078999999998,2.4096200000000025,2.406740333333333,2.4055219999999973,0.002044247593182283,0,2,20840448,my_ring_all_reduce,2,8
1635,2.4225459999999948,2.4285960000000015,2.4251393333333326,2.4242760000000017,0.0025442265797095444,0,2,20971520,my_ring_all_reduce,2,8
1636,2.432532000000003,2.436243999999995,2.434719,2.4353810000000014,0.0015860683045373744,0,2,21102592,my_ring_all_reduce,2,8
1637,2.3142599999999947,2.3209779999999993,2.3175343333333314,2.3173649999999997,0.0027452245000301337,0,2,21233664,my_ring_all_reduce,2,8
1638,2.328115,2.329719000000001,2.328661333333334,2.3281500000000017,0.0007480197561266974,0,2,21364736,my_ring_all_reduce,2,8
1639,2.3432850000000016,2.347986000000001,2.3454376666666676,2.345042000000001,0.0019394611508237673,0,2,21495808,my_ring_all_reduce,2,8
1640,2.3529500000000008,2.362420000000002,2.3568640000000003,2.355221999999998,0.004036694026883134,0,2,21626880,my_ring_all_reduce,2,8
1641,2.3828029999999973,2.3835380000000006,2.383113,2.3829980000000015,0.0003108858311351688,0,2,21757952,my_ring_all_reduce,2,8
1642,2.3613320000000004,2.375923,2.366953000000001,2.363604000000003,0.006410209096952824,0,2,21889024,my_ring_all_reduce,2,8
1643,2.4077959999999985,2.4135240000000002,2.410078999999999,2.4089169999999993,0.0024785989321933492,0,2,22020096,my_ring_all_reduce,2,8
1644,2.467508,2.4719240000000027,2.4702180000000005,2.471221999999998,0.0019375716760939485,0,2,22151168,my_ring_all_reduce,2,8
1645,2.513364,2.51826,2.515038666666667,2.5134920000000003,0.002278425967392573,0,2,22282240,my_ring_all_reduce,2,8
1646,2.5207210000000013,2.5266450000000042,2.5234983333333343,2.5231289999999973,0.00243252260466976,0,2,22413312,my_ring_all_reduce,2,8
1647,2.5663570000000036,2.5697469999999996,2.5684673333333348,2.5692980000000016,0.0015034472240657761,0,2,22544384,my_ring_all_reduce,2,8
1648,2.614576000000001,2.618740000000005,2.616072333333335,2.6149009999999997,0.0018909856924094986,0,2,22675456,my_ring_all_reduce,2,8
1649,2.664500000000004,2.6711880000000057,2.668180333333337,2.6688530000000013,0.002771485321788902,0,2,22806528,my_ring_all_reduce,2,8
1650,2.7057470000000032,2.7091689999999997,2.707357666666667,2.707156999999999,0.0014042130259396266,0,2,22937600,my_ring_all_reduce,2,8
1651,2.7417780000000023,2.7449540000000017,2.7434013333333334,2.743471999999998,0.0012975590759401788,0,2,23068672,my_ring_all_reduce,2,8
1652,2.742482,2.7511529999999986,2.7463110000000017,2.7452980000000062,0.0036116650822935357,0,2,23199744,my_ring_all_reduce,2,8
1653,2.7429,2.74933,2.7452766666666673,2.743600000000002,0.0028803510588502747,0,2,23330816,my_ring_all_reduce,2,8
1654,2.745457999999999,2.7470920000000008,2.7462263333333348,2.7461290000000047,0.0006706187855676863,0,2,23461888,my_ring_all_reduce,2,8
1655,2.7445610000000014,2.7516029999999976,2.7474113333333334,2.7460700000000005,0.003027300484294954,0,2,23592960,my_ring_all_reduce,2,8
1656,2.7443079999999993,2.7482099999999994,2.7468880000000007,2.748146000000004,0.0018245225859579908,0,2,23724032,my_ring_all_reduce,2,8
1657,2.749107,2.751122999999999,2.7502706666666668,2.7505820000000023,0.0008519625709044301,0,2,23855104,my_ring_all_reduce,2,8
1658,2.749361000000001,2.7526569999999975,2.7514309999999984,2.752274999999998,0.001471995471006013,0,2,23986176,my_ring_all_reduce,2,8
1659,2.747728999999999,2.7490740000000007,2.748604666666667,2.749011000000002,0.0006197237735933674,0,2,24117248,my_ring_all_reduce,2,8
1660,2.753872999999996,2.759698,2.7559653333333327,2.754325000000003,0.002645836519683689,0,2,24248320,my_ring_all_reduce,2,8
1661,2.7503539999999975,2.752720999999994,2.751143666666664,2.750356,0.0011153433950509808,0,2,24379392,my_ring_all_reduce,2,8
1662,2.749429,2.755955000000002,2.752169666666667,2.751125,0.0027647381230224153,0,2,24510464,my_ring_all_reduce,2,8
1663,2.7556700000000003,2.761395,2.758089333333334,2.7572030000000005,0.0024197928745151717,0,2,24641536,my_ring_all_reduce,2,8
1664,2.7573639999999977,2.7590889999999995,2.7583973333333325,2.758739,0.0007445169948072695,0,2,24772608,my_ring_all_reduce,2,8
1665,2.753845000000005,2.7599590000000025,2.7562876666666707,2.7550590000000046,0.002642910684999234,0,2,24903680,my_ring_all_reduce,2,8
1666,2.7595059999999996,2.762833999999999,2.761660333333333,2.7626409999999995,0.0015253800255089307,0,2,25034752,my_ring_all_reduce,2,8
1667,2.756403999999999,2.760597999999998,2.7584096666666653,2.758226999999999,0.0017170584019055137,0,2,25165824,my_ring_all_reduce,2,8
1668,2.7619079999999996,2.766390000000005,2.764523000000002,2.7652710000000007,0.001904680025622948,0,2,25296896,my_ring_all_reduce,2,8
1669,2.7635359999999967,2.771284999999998,2.767581666666665,2.767924,0.003172763709380133,0,2,25427968,my_ring_all_reduce,2,8
1670,2.7669619999999995,2.7692980000000027,2.7684133333333336,2.7689799999999996,0.00103442651852326,0,2,25559040,my_ring_all_reduce,2,8
1671,2.7660980000000053,2.772371000000003,2.769608333333336,2.770356,0.0026149424892748722,0,2,25690112,my_ring_all_reduce,2,8
1672,2.7702260000000005,2.775955000000009,2.7735966666666703,2.774609000000001,0.0024459455340561935,0,2,25821184,my_ring_all_reduce,2,8
1673,2.7701969999999965,2.7781349999999967,2.7749006666666642,2.776369999999999,0.003403152100953658,0,2,25952256,my_ring_all_reduce,2,8
1674,2.7720490000000026,2.7745790000000015,2.7735750000000015,2.7740970000000016,0.0010968403104670715,0,2,26083328,my_ring_all_reduce,2,8
1675,2.784146999999999,2.7863260000000047,2.7852360000000007,2.785234999999998,0.0008895733059567448,0,2,26214400,my_ring_all_reduce,2,8
1676,2.7944180000000016,2.8001770000000015,2.7971383333333346,2.79682,0.0023618527096799,0,2,26345472,my_ring_all_reduce,2,8
1677,2.811572,2.812021000000008,2.811763333333337,2.811697000000002,0.00018920946652727165,0,2,26476544,my_ring_all_reduce,2,8
1678,2.8305160000000034,2.8374900000000016,2.833875000000002,2.833619,0.0028528723537275596,0,2,26607616,my_ring_all_reduce,2,8
1679,2.8464199999999993,2.8526270000000005,2.8502270000000003,2.851634,0.002722308946464813,0,2,26738688,my_ring_all_reduce,2,8
1680,2.8643379999999996,2.873653,2.8677853333333325,2.8653649999999997,0.004170197144287502,0,2,26869760,my_ring_all_reduce,2,8
1681,2.880721999999999,2.886545999999991,2.882897999999997,2.8814259999999994,0.002595487365919375,0,2,27000832,my_ring_all_reduce,2,8
1682,2.9061940000000033,2.9075080000000018,2.906930666666668,2.90709,0.0005481419118756039,0,2,27131904,my_ring_all_reduce,2,8
1683,2.9242459999999957,2.927761999999995,2.9265473333333305,2.927634000000002,0.0016281272131582253,0,2,27262976,my_ring_all_reduce,2,8
1684,2.9428640000000015,2.945522000000001,2.9445303333333332,2.9452049999999983,0.0011853613607477327,0,2,27394048,my_ring_all_reduce,2,8
1685,2.9581639999999982,2.963923999999999,2.961384666666664,2.962065999999995,0.0024003557143797787,0,2,27525120,my_ring_all_reduce,2,8
1686,2.9704809999999964,2.972594000000001,2.9718039999999992,2.9723370000000013,0.0009413674450876163,0,2,27656192,my_ring_all_reduce,2,8
1687,2.992402000000002,2.998064999999995,2.9950260000000015,2.994611000000008,0.0023304593252513623,0,2,27787264,my_ring_all_reduce,2,8
1688,3.0007249999999988,3.007380999999998,3.0035609999999995,3.0025770000000014,0.002804968924366662,0,2,27918336,my_ring_all_reduce,2,8
1689,3.014065000000002,3.0172639999999973,3.0156966666666656,3.0157609999999986,0.0013067783115548884,0,2,28049408,my_ring_all_reduce,2,8
1690,3.0314150000000084,3.035567999999999,3.0340666666666674,3.035216999999993,0.0018804790760693427,0,2,28180480,my_ring_all_reduce,2,8
1691,3.041746000000003,3.0491389999999976,3.046578333333334,3.048850000000002,0.0034190119755389005,0,2,28311552,my_ring_all_reduce,2,8
1692,3.0489779999999955,3.0546079999999964,3.052166333333331,3.0529130000000007,0.002358298586317318,0,2,28442624,my_ring_all_reduce,2,8
1693,3.052594000000002,3.058257999999998,3.0554633333333334,3.0555380000000003,0.0023129210007150395,0,2,28573696,my_ring_all_reduce,2,8
1694,3.0526879999999994,3.056147000000001,3.0547266666666673,3.0553450000000013,0.0014782697844297262,0,2,28704768,my_ring_all_reduce,2,8
1695,3.060115999999998,3.0609510000000117,3.0604686666666723,3.0603390000000075,0.0003530026754749547,0,2,28835840,my_ring_all_reduce,2,8
1696,3.0793120000000016,3.101841999999999,3.0882963333333304,3.0837349999999897,0.00974694982488894,0,2,28966912,my_ring_all_reduce,2,8
1697,3.1463520000000065,3.1539369999999947,3.1496916666666657,3.1487859999999963,0.0031620911154163346,0,2,29097984,my_ring_all_reduce,2,8
1698,3.193680999999993,3.200655999999992,3.1979489999999946,3.19951,0.0030539806810137428,0,2,29229056,my_ring_all_reduce,2,8
1699,3.2479519999999975,3.249488000000005,3.248709666666667,3.2486889999999993,0.0006272396316873831,0,2,29360128,my_ring_all_reduce,2,8
1700,3.2920169999999995,3.305581000000001,3.2984483333333317,3.2977469999999958,0.005559641795016799,0,2,29491200,my_ring_all_reduce,2,8
1701,3.336591999999997,3.3409750000000025,3.339278999999999,3.3402699999999985,0.0019216716681075825,0,2,29622272,my_ring_all_reduce,2,8
1702,3.3737460000000006,3.384017,3.3802299999999996,3.3829269999999996,0.004606424282093817,0,2,29753344,my_ring_all_reduce,2,8
1703,3.4265750000000046,3.429583999999999,3.4282506666666683,3.4285930000000007,0.0012520421540625395,0,2,29884416,my_ring_all_reduce,2,8
1704,3.464881999999998,3.467313000000002,3.466171333333333,3.4663189999999995,0.0009979293005479546,0,2,30015488,my_ring_all_reduce,2,8
1705,3.504433000000002,3.514129,3.509457333333334,3.509810000000001,0.003966222748268554,0,2,30146560,my_ring_all_reduce,2,8
1706,3.506706999999995,3.5102260000000007,3.5085619999999964,3.5087529999999933,0.001442960151912029,0,2,30277632,my_ring_all_reduce,2,8
1707,3.504848000000001,3.5099039999999952,3.5078886666666644,3.508913999999997,0.002187733276448221,0,2,30408704,my_ring_all_reduce,2,8
1708,3.5083379999999997,3.512912000000004,3.511355000000002,3.5128150000000007,0.0021337086649006356,0,2,30539776,my_ring_all_reduce,2,8
1709,3.5124319999999973,3.5179060000000026,3.514277666666666,3.512494999999999,0.002565748017420983,0,2,30670848,my_ring_all_reduce,2,8
1710,3.5117289999999985,3.518032000000001,3.515206333333332,3.5158579999999966,0.0026141224573891513,0,2,30801920,my_ring_all_reduce,2,8
1711,3.5194400000000017,3.522926999999996,3.521199000000001,3.521230000000005,0.0014237305456652814,0,2,30932992,my_ring_all_reduce,2,8
1712,3.5175190000000005,3.520368000000002,3.5192366666666666,3.5198229999999966,0.001234784821560127,0,2,31064064,my_ring_all_reduce,2,8
1713,3.516655999999999,3.5235689999999886,3.519461999999996,3.518161,0.002968371382869319,0,2,31195136,my_ring_all_reduce,2,8
1714,3.524050999999996,3.52616,3.525158,3.5252630000000047,0.0008641909511231992,0,2,31326208,my_ring_all_reduce,2,8
1715,3.5225779999999998,3.523506000000001,3.522972333333334,3.5228330000000008,0.0003914556878574514,0,2,31457280,my_ring_all_reduce,2,8
1716,3.522766999999999,3.528530000000001,3.5261389999999984,3.5271199999999956,0.0024528640402599737,0,2,31588352,my_ring_all_reduce,2,8
1717,3.5293269999999994,3.5307699999999933,3.5302679999999973,3.5307069999999987,0.000665884374345677,0,2,31719424,my_ring_all_reduce,2,8
1718,3.5318239999999967,3.533744999999981,3.532613666666659,3.5322720000000007,0.0008206145393602692,0,2,31850496,my_ring_all_reduce,2,8
1719,3.532369999999999,3.535471,3.5339676666666655,3.5340619999999983,0.0012677340239799616,0,2,31981568,my_ring_all_reduce,2,8
1720,3.5358569999999965,3.5375179999999964,3.5364739999999983,3.536047000000002,0.0007422834139767554,0,2,32112640,my_ring_all_reduce,2,8
1721,3.536563000000002,3.5379980000000013,3.537104666666668,3.5367530000000005,0.0006364266563311673,0,2,32243712,my_ring_all_reduce,2,8
1722,3.5379680000000007,3.5408809999999993,3.5396430000000003,3.540080000000002,0.0012287172172632769,0,2,32374784,my_ring_all_reduce,2,8
1723,3.5430240000000013,3.547088000000002,3.5451686666666675,3.5453940000000004,0.001666754397691136,0,2,32505856,my_ring_all_reduce,2,8
1724,3.547952000000005,3.5525600000000033,3.5505650000000024,3.551182999999999,0.001931296455750767,0,2,32636928,my_ring_all_reduce,2,8
1725,3.5580329999999996,3.5647200000000003,3.5618836666666684,3.5628980000000046,0.00282260474660559,0,2,32768000,my_ring_all_reduce,2,8
1726,3.579058000000019,3.5890080000000015,3.582502666666672,3.5794419999999953,0.004602635863161619,0,2,32899072,my_ring_all_reduce,2,8
1727,3.5979030000000023,3.6016470000000047,3.5993333333333397,3.5984500000000117,0.0016511798475293577,0,2,33030144,my_ring_all_reduce,2,8
1728,3.6124670000000005,3.6210099999999965,3.6160173333333314,3.614574999999997,0.0036337268594211483,0,2,33161216,my_ring_all_reduce,2,8
1729,3.630706000000004,3.6362710000000025,3.632891000000003,3.631696000000004,0.002423953382389342,0,2,33292288,my_ring_all_reduce,2,8
1730,3.6482710000000007,3.657328999999998,3.653690666666666,3.6554719999999996,0.003906550254237253,0,2,33423360,my_ring_all_reduce,2,8
1731,3.667055000000004,3.6722379999999957,3.6696569999999995,3.6696779999999998,0.0021160029930631864,0,2,33554432,my_ring_all_reduce,2,8
1732,3.6855509999999994,3.692080000000009,3.688634666666669,3.6882729999999975,0.0026776933273955153,0,2,33685504,my_ring_all_reduce,2,8
1733,3.7001110000000046,3.7048490000000003,3.7025330000000025,3.702639000000003,0.0019357320751229774,0,2,33816576,my_ring_all_reduce,2,8
1734,3.718031999999999,3.7207189999999972,3.7191626666666657,3.718737000000001,0.0011375078998493889,0,2,33947648,my_ring_all_reduce,2,8
1735,3.7368799999999993,3.7372970000000008,3.737157666666667,3.7372960000000024,0.00019634040734391325,0,2,34078720,my_ring_all_reduce,2,8
1736,3.7494869999999936,3.7551849999999996,3.752581666666671,3.7530730000000188,0.0023520001889684255,0,2,34209792,my_ring_all_reduce,2,8
1737,3.765903999999995,3.773324999999997,3.7688683333333306,3.7673760000000005,0.0032081255517134007,0,2,34340864,my_ring_all_reduce,2,8
1738,3.789231,3.7943809999999996,3.7921530000000003,3.792847000000002,0.002158989269697013,0,2,34471936,my_ring_all_reduce,2,8
1739,3.800723000000002,3.8086870000000017,3.804997333333335,3.805582000000002,0.0032774685692195347,0,2,34603008,my_ring_all_reduce,2,8
1740,3.8236969999999997,3.8262539999999974,3.825285333333332,3.825904999999999,0.0011321225885714402,0,2,34734080,my_ring_all_reduce,2,8
1741,3.842896999999997,3.8451670000000013,3.8438983333333323,3.8436309999999994,0.0009458066516077097,0,2,34865152,my_ring_all_reduce,2,8
1742,3.8557909999999973,3.8595679999999994,3.8573593333333314,3.8567189999999973,0.001607057836200061,0,2,34996224,my_ring_all_reduce,2,8
1743,3.864880999999998,3.8676950000000034,3.8661816666666673,3.865969000000001,0.0011586110458479074,0,2,35127296,my_ring_all_reduce,2,8
1744,3.878701999999999,3.881007000000005,3.880152666666668,3.880749,0.0010311696702737787,0,2,35258368,my_ring_all_reduce,2,8
1745,3.8993120000000054,3.9026729999999987,3.9011690000000017,3.901522000000001,0.0013946414114957466,0,2,35389440,my_ring_all_reduce,2,8
1746,3.898991,3.9042059999999985,3.901582,3.901549000000001,0.0021291427069747753,0,2,35520512,my_ring_all_reduce,2,8
1747,3.9052960000000003,3.905773999999998,3.9054870000000004,3.9053910000000034,0.0002066123584541812,0,2,35651584,my_ring_all_reduce,2,8
1748,3.9021900000000005,3.9046250000000002,3.9034709999999984,3.903597999999995,0.000998132589722421,0,2,35782656,my_ring_all_reduce,2,8
1749,3.90107,3.9039490000000114,3.9029153333333366,3.903726999999999,0.001307991420294168,0,2,35913728,my_ring_all_reduce,2,8
1750,3.9068000000000023,3.9094230000000025,3.908185333333335,3.9083330000000007,0.0010759139783871917,0,2,36044800,my_ring_all_reduce,2,8
1751,3.9178399999999964,3.927534000000003,3.9224579999999993,3.9219999999999993,0.003970787663258847,0,2,36175872,my_ring_all_reduce,2,8
1752,3.969968000000001,3.9747030000000003,3.972014666666667,3.971373,0.0019855911518289553,0,2,36306944,my_ring_all_reduce,2,8
1753,4.028941,4.040688,4.0337526666666665,4.031629000000001,0.0050253008091281255,0,2,36438016,my_ring_all_reduce,2,8
1754,4.0714080000000035,4.086221999999987,4.079907999999995,4.082093999999997,0.006242200253109549,0,2,36569088,my_ring_all_reduce,2,8
1755,4.110798000000003,4.117392,4.114053666666667,4.113970999999999,0.0026926237926755787,0,2,36700160,my_ring_all_reduce,2,8
1756,4.152014999999996,4.160237999999999,4.1551399999999985,4.153167000000001,0.003635379760080531,0,2,36831232,my_ring_all_reduce,2,8
1757,4.1954400000000005,4.199022000000005,4.196772000000002,4.195854,0.001599942498968869,0,2,36962304,my_ring_all_reduce,2,8
1758,4.239950000000001,4.243214000000014,4.241176333333338,4.240364999999999,0.0014507745823896581,0,2,37093376,my_ring_all_reduce,2,8
1759,4.290253999999999,4.299630999999998,4.293689,4.291182000000001,0.004218674278331892,0,2,37224448,my_ring_all_reduce,2,8
1760,4.284814000000001,4.2869610000000025,4.2860960000000015,4.286513000000003,0.0009247770902591721,0,2,37355520,my_ring_all_reduce,2,8
1761,4.287119999999999,4.288911999999996,4.287739333333332,4.287186000000002,0.0008296382076256946,0,2,37486592,my_ring_all_reduce,2,8
1762,4.294639000000003,4.3031789999999965,4.297678,4.295216000000001,0.003896920408046209,0,2,37617664,my_ring_all_reduce,2,8
1763,4.289678000000004,4.296014999999998,4.291907666666667,4.290029999999999,0.0029078762391498265,0,2,37748736,my_ring_all_reduce,2,8
1764,4.292588000000002,4.298798000000002,4.295160333333331,4.294094999999987,0.0026447717397852753,0,2,37879808,my_ring_all_reduce,2,8
1765,4.298413000000008,4.309101000000002,4.304994000000003,4.307468000000001,0.00470098167052777,0,2,38010880,my_ring_all_reduce,2,8
1766,4.302252999999999,4.305869,4.303758666666666,4.303153999999998,0.001536897379644238,0,2,38141952,my_ring_all_reduce,2,8
1767,4.298702999999994,4.300590000000004,4.299907999999999,4.300431000000001,0.0008545326207972287,0,2,38273024,my_ring_all_reduce,2,8
1768,4.302446999999993,4.306222000000002,4.304078333333332,4.303565999999999,0.0015831446203362304,0,2,38404096,my_ring_all_reduce,2,8
1769,4.303565999999999,4.309681,4.305827333333333,4.3042349999999985,0.0027386067422856927,0,2,38535168,my_ring_all_reduce,2,8
1770,4.300845000000002,4.3050370000000004,4.302392666666667,4.301295999999999,0.0018788692225792394,0,2,38666240,my_ring_all_reduce,2,8
1771,4.3085890000000004,4.31626999999999,4.3125043333333295,4.312653999999998,0.0031375404733954954,0,2,38797312,my_ring_all_reduce,2,8
1772,4.308304,4.312875999999997,4.3099556666666645,4.308686999999998,0.0020708987313605752,0,2,38928384,my_ring_all_reduce,2,8
1773,4.310992000000002,4.312047000000006,4.311417666666668,4.311213999999996,0.00045414119194868934,0,2,39059456,my_ring_all_reduce,2,8
1774,4.314160999999999,4.3344830000000005,4.321626333333334,4.3162350000000025,0.009130380690615164,0,2,39190528,my_ring_all_reduce,2,8
1775,4.332015000000001,4.33374300000001,4.332878000000005,4.332876000000004,0.000705454463452525,0,2,39321600,my_ring_all_reduce,2,8
1776,4.34318,4.351502000000001,4.346883000000002,4.345967000000004,0.0034586329669393035,0,2,39452672,my_ring_all_reduce,2,8
1777,4.368236999999997,4.381899000000001,4.376503999999998,4.379375999999997,0.0059357026542788535,0,2,39583744,my_ring_all_reduce,2,8
1778,4.397392,4.399948000000002,4.398702666666666,4.398767999999997,0.0010445047736720738,0,2,39714816,my_ring_all_reduce,2,8
1779,4.406988999999998,4.422636000000006,4.415469666666673,4.416784000000014,0.006455114578555269,0,2,39845888,my_ring_all_reduce,2,8
1780,4.442830999999998,4.451564,4.4462220000000015,4.444271000000004,0.003822836904708312,0,2,39976960,my_ring_all_reduce,2,8
1781,4.450474999999995,4.457998000000003,4.455234999999999,4.457232,0.0033803243434157096,0,2,40108032,my_ring_all_reduce,2,8
1782,4.464815000000002,4.472909000000007,4.468601000000002,4.468078999999998,0.0033249132319526616,0,2,40239104,my_ring_all_reduce,2,8
1783,4.4846840000000014,4.496237999999997,4.489676333333329,4.488106999999989,0.004845673969863979,0,2,40370176,my_ring_all_reduce,2,8
1784,4.499503000000001,4.506509999999999,4.503427999999997,4.504270999999993,0.0029220425504530596,0,2,40501248,my_ring_all_reduce,2,8
1785,4.515949000000022,4.5254530000000015,4.519554666666675,4.517262000000002,0.004205056030800448,0,2,40632320,my_ring_all_reduce,2,8
1786,4.536172999999995,4.556909,4.54584766666667,4.544461000000011,0.00852203251708435,0,2,40763392,my_ring_all_reduce,2,8
1787,4.553836000000003,4.557967000000004,4.55584266666667,4.5557250000000025,0.0016885248657404134,0,2,40894464,my_ring_all_reduce,2,8
1788,4.572882000000002,4.581420000000006,4.575951000000003,4.573551000000003,0.003876799453158922,0,2,41025536,my_ring_all_reduce,2,8
1789,4.5876940000000035,4.594220000000005,4.590135000000003,4.588491,0.002906799041329666,0,2,41156608,my_ring_all_reduce,2,8
1790,4.603725000000006,4.6107320000000005,4.606071000000005,4.603756000000009,0.003295849005437814,0,2,41287680,my_ring_all_reduce,2,8
1791,4.615406000000003,4.619469,4.617037333333335,4.616237000000003,0.0017525966132809446,0,2,41418752,my_ring_all_reduce,2,8
1792,4.634862,4.6364279999999995,4.635683000000001,4.635759000000002,0.0006415715080954384,0,2,41549824,my_ring_all_reduce,2,8
1793,4.653484999999997,4.654126000000001,4.653901666666665,4.654093999999997,0.00029491731421318646,0,2,41680896,my_ring_all_reduce,2,8
1794,4.666348000000002,4.6693549999999995,4.6679053333333345,4.668013000000003,0.0012299610653268298,0,2,41811968,my_ring_all_reduce,2,8
1795,4.6850969999999945,4.693485000000001,4.688117999999997,4.685771999999997,0.0038050337712059773,0,2,41943040,my_ring_all_reduce,2,8
1796,4.70046100000001,4.7238859999999985,4.7084293333333305,4.700940999999984,0.010931270384645583,0,2,42074112,my_ring_all_reduce,2,8
1797,4.712363000000001,4.721482999999993,4.715745666666663,4.713390999999996,0.004078557043309946,0,2,42205184,my_ring_all_reduce,2,8
1798,4.728202,4.733454000000002,4.730849,4.730891,0.002144325690437576,0,2,42336256,my_ring_all_reduce,2,8
1799,4.748108000000004,4.753228000000001,4.750925000000002,4.751439000000002,0.002121594840364605,0,2,42467328,my_ring_all_reduce,2,8
1800,4.748684999999997,4.760016999999996,4.752750666666665,4.749549999999999,0.005150194581004803,0,2,42598400,my_ring_all_reduce,2,8
1801,4.752233000000015,4.765294999999998,4.757441666666671,4.754796999999999,0.005650938407807231,0,2,42729472,my_ring_all_reduce,2,8
1802,4.753449999999999,4.759885999999995,4.756289333333332,4.7555320000000005,0.002681503226838637,0,2,42860544,my_ring_all_reduce,2,8
1803,4.751274999999994,4.753932999999997,4.7530039999999945,4.753803999999993,0.0012237213735164032,0,2,42991616,my_ring_all_reduce,2,8
1804,4.755402000000002,4.75847600000001,4.757324666666677,4.75809600000002,0.001368353105830993,0,2,43122688,my_ring_all_reduce,2,8
1805,4.755598000000005,4.758413000000001,4.757154666666669,4.757453000000002,0.0011684201108980972,0,2,43253760,my_ring_all_reduce,2,8
1806,4.761325000000004,4.771883999999991,4.765377999999998,4.762925,0.004646577737068197,0,2,43384832,my_ring_all_reduce,2,8
1807,4.7998210000000014,4.808556000000004,4.8032443333333354,4.801356,0.0038078347594880714,0,2,43515904,my_ring_all_reduce,2,8
1808,4.8389890000000015,4.852653000000002,4.845783333333336,4.845708000000006,0.005578558973626034,0,2,43646976,my_ring_all_reduce,2,8
1809,4.881036000000002,4.898506000000001,4.8881286666666695,4.884844000000005,0.007500755576754377,0,2,43778048,my_ring_all_reduce,2,8
1810,4.930281999999997,4.932782999999996,4.931467999999995,4.931338999999992,0.001025095442710583,0,2,43909120,my_ring_all_reduce,2,8
1811,4.964044999999999,4.968939999999999,4.967126999999998,4.968395999999997,0.002190590027062424,0,2,44040192,my_ring_all_reduce,2,8
1812,5.0139629999999995,5.023405999999995,5.018348000000002,5.01767500000001,0.003884349709622853,0,2,44171264,my_ring_all_reduce,2,8
1813,5.058634999999999,5.065674000000003,5.063221666666667,5.0653559999999995,0.0032458603721607303,0,2,44302336,my_ring_all_reduce,2,8
1814,5.058732999999999,5.0710179999999925,5.065844666666664,5.067783000000003,0.005199240863389293,0,2,44433408,my_ring_all_reduce,2,8
1815,5.063242999999999,5.077866000000001,5.068992333333334,5.065868000000001,0.006365486435109558,0,2,44564480,my_ring_all_reduce,2,8
1816,5.066157000000007,5.082026999999998,5.071468666666669,5.066222000000001,0.007465916256931734,0,2,44695552,my_ring_all_reduce,2,8
1817,5.067501000000008,5.0725529999999965,5.069675666666668,5.068972999999998,0.002121474539607983,0,2,44826624,my_ring_all_reduce,2,8
1818,5.070157000000003,5.073420000000003,5.071372333333337,5.070540000000008,0.0014563370336405962,0,2,44957696,my_ring_all_reduce,2,8
1819,5.071084000000002,5.0786370000000005,5.074422333333334,5.073545999999999,0.0031451467727628734,0,2,45088768,my_ring_all_reduce,2,8
1820,5.06993099999999,5.080588000000003,5.076607999999997,5.079304999999997,0.004750317112226882,0,2,45219840,my_ring_all_reduce,2,8
1821,5.069866000000002,5.073963000000011,5.071370666666671,5.070283000000003,0.001840944745387407,0,2,45350912,my_ring_all_reduce,2,8
1822,5.078958000000006,5.082604000000007,5.080321333333338,5.079402000000002,0.0016242350678271349,0,2,45481984,my_ring_all_reduce,2,8
1823,5.082667999999991,5.084267,5.083467999999995,5.083468999999996,0.0006527893994272315,0,2,45613056,my_ring_all_reduce,2,8
1824,5.084078000000001,5.093805000000008,5.087543333333337,5.084747000000003,0.004436082531045533,0,2,45744128,my_ring_all_reduce,2,8
1825,5.092520000000004,5.10430000000001,5.099520000000006,5.101740000000006,0.005058879981447356,0,2,45875200,my_ring_all_reduce,2,8
1826,5.1047780000000005,5.122254000000011,5.114946333333337,5.117807000000001,0.007415758191554628,0,2,46006272,my_ring_all_reduce,2,8
1827,5.122797000000002,5.136398999999998,5.130051999999999,5.130959999999999,0.005589988014296791,0,2,46137344,my_ring_all_reduce,2,8
1828,5.157677,5.1609380000000025,5.158881666666667,5.158029999999999,0.0014611712957623005,0,2,46268416,my_ring_all_reduce,2,8
1829,5.173324000000008,5.1801379999999995,5.177163000000003,5.178027,0.002848101238833541,0,2,46399488,my_ring_all_reduce,2,8
1830,5.195022,5.205290999999999,5.1990306666666655,5.1967789999999985,0.004484461493745656,0,2,46530560,my_ring_all_reduce,2,8
1831,5.209294000000002,5.229770999999993,5.220288666666664,5.221800999999999,0.008427820846587032,0,2,46661632,my_ring_all_reduce,2,8
1832,5.233389999999999,5.240170999999995,5.236386333333331,5.235598,0.00282389711017901,0,2,46792704,my_ring_all_reduce,2,8
1833,5.256170000000005,5.268969000000005,5.263296333333336,5.264749999999997,0.005325314409079026,0,2,46923776,my_ring_all_reduce,2,8
1834,5.274922000000006,5.287786999999982,5.282516666666663,5.284841,0.0055032687458267835,0,2,47054848,my_ring_all_reduce,2,8
1835,5.299370000000002,5.302317000000003,5.300512333333337,5.2998500000000055,0.0012910503045537541,0,2,47185920,my_ring_all_reduce,2,8
1836,5.322700000000005,5.32641199999999,5.324534,5.324490000000005,0.0015157370044463336,0,2,47316992,my_ring_all_reduce,2,8
1837,5.337991000000004,5.348458000000006,5.3436253333333354,5.344426999999999,0.004310570289674647,0,2,47448064,my_ring_all_reduce,2,8
1838,5.360076000000008,5.361835999999999,5.361078333333334,5.361322999999997,0.0007390517949029105,0,2,47579136,my_ring_all_reduce,2,8
1839,5.37463199999999,5.379371000000007,5.376969999999999,5.376906999999999,0.0019352014537750396,0,2,47710208,my_ring_all_reduce,2,8
1840,5.386156999999999,5.398314000000002,5.391371333333335,5.389643,0.005111328224858369,0,2,47841280,my_ring_all_reduce,2,8
1841,5.4027299999999965,5.406315000000003,5.405066000000001,5.406152999999999,0.0016531249196618677,0,2,47972352,my_ring_all_reduce,2,8
1842,5.422601000000003,5.426764000000001,5.424822333333334,5.425101999999999,0.0017110040586994643,0,2,48103424,my_ring_all_reduce,2,8
1843,5.435534,5.438379999999994,5.4368973333333335,5.436778000000006,0.001164934714429546,0,2,48234496,my_ring_all_reduce,2,8
1844,5.446092000000001,5.456011000000002,5.451126000000001,5.451275,0.0040507851913758,0,2,48365568,my_ring_all_reduce,2,8
1845,5.462441999999999,5.468044,5.4643299999999995,5.462503999999997,0.0026263165587321067,0,2,48496640,my_ring_all_reduce,2,8
1846,5.475242999999991,5.478919999999999,5.477652666666661,5.4787949999999945,0.0017046556511208068,0,2,48627712,my_ring_all_reduce,2,8
1847,5.492041000000005,5.497358000000007,5.494667666666671,5.494604,0.002171122955729019,0,2,48758784,my_ring_all_reduce,2,8
1848,5.507849000000001,5.515593000000008,5.512756666666668,5.514827999999994,0.0034842694435934644,0,2,48889856,my_ring_all_reduce,2,8
1849,5.526797000000006,5.530507,5.528971666666668,5.529610999999999,0.0015806296916775456,0,2,49020928,my_ring_all_reduce,2,8
1850,5.542537000000004,5.548137999999995,5.545183333333334,5.544875000000003,0.0022969693559570467,0,2,49152000,my_ring_all_reduce,2,8
1851,5.562313999999992,5.565481000000007,5.564159,5.564682000000001,0.001344772347530837,0,2,49283072,my_ring_all_reduce,2,8
1852,5.574536999999997,5.581449000000001,5.577471666666668,5.576429000000004,0.0029165391972156597,0,2,49414144,my_ring_all_reduce,2,8
1853,5.5895800000000095,5.599177,5.594753000000003,5.595502000000001,0.003953593555231446,0,2,49545216,my_ring_all_reduce,2,8
1854,5.5977690000000075,5.603947,5.600340666666668,5.599305999999997,0.002626127990447343,0,2,49676288,my_ring_all_reduce,2,8
1855,5.602025000000001,5.609163000000008,5.605514333333335,5.605354999999996,0.002916253456446929,0,2,49807360,my_ring_all_reduce,2,8
1856,5.599048999999999,5.605928999999996,5.60259133333333,5.602795999999995,0.0028124741579047333,0,2,49938432,my_ring_all_reduce,2,8
1857,5.6006219999999995,5.608680999999999,5.603936,5.602504999999999,0.003442159302918045,0,2,50069504,my_ring_all_reduce,2,8
1858,5.608459,5.610919999999991,5.609768666666665,5.609927000000003,0.0010109178447740724,0,2,50200576,my_ring_all_reduce,2,8
1859,5.6076250000000005,5.609739000000001,5.608564666666669,5.608330000000002,0.0008788440640347409,0,2,50331648,my_ring_all_reduce,2,8
1860,5.626251000000004,5.628555,5.627243333333335,5.626923999999999,0.0009673277050134654,0,2,50462720,my_ring_all_reduce,2,8
1861,5.627724000000002,5.6333540000000015,5.630560333333335,5.630602999999999,0.0022986358756634725,0,2,50593792,my_ring_all_reduce,2,8
1862,5.641417999999998,5.644650999999984,5.64263466666666,5.6418349999999995,0.001435890509591675,0,2,50724864,my_ring_all_reduce,2,8
1863,5.671306999999993,5.678887999999995,5.673919999999998,5.671565000000003,0.003514485168554748,0,2,50855936,my_ring_all_reduce,2,8
1864,5.706028000000001,5.710570999999996,5.707626666666669,5.70628100000001,0.0020845185428626316,0,2,50987008,my_ring_all_reduce,2,8
1865,5.749453000000009,5.755529999999995,5.753013666666668,5.754057999999997,0.0025884945860848788,0,2,51118080,my_ring_all_reduce,2,8
1866,5.796617000000002,5.801065000000002,5.799007333333331,5.799339999999989,0.0018310609553533119,0,2,51249152,my_ring_all_reduce,2,8
1867,5.846726999999998,5.852586000000003,5.848916,5.847435,0.002611128874646186,0,2,51380224,my_ring_all_reduce,2,8
1868,5.860552000000018,5.865738000000003,5.862377666666672,5.860842999999994,0.0023790825028877733,0,2,51511296,my_ring_all_reduce,2,8
1869,5.858120999999992,5.868717000000001,5.8641713333333305,5.865676,0.004454721864373274,0,2,51642368,my_ring_all_reduce,2,8
1870,5.866855999999992,5.874697999999999,5.869758666666665,5.867722000000001,0.003510484233772321,0,2,51773440,my_ring_all_reduce,2,8
1871,5.873929999999997,5.87536800000001,5.874783,5.875050999999992,0.0006168895092889298,0,2,51904512,my_ring_all_reduce,2,8
1872,5.875626,5.878823999999994,5.8768526666666645,5.876107999999999,0.0014077635533762236,0,2,52035584,my_ring_all_reduce,2,8
1873,5.876204000000009,5.88769200000001,5.8810243333333405,5.879177000000004,0.004868471103837351,0,2,52166656,my_ring_all_reduce,2,8
1874,5.8822160000000006,5.884328000000002,5.883026666666666,5.882535999999993,0.0009294088921957121,0,2,52297728,my_ring_all_reduce,2,8
1875,5.883914000000001,5.897926000000002,5.889076333333335,5.885389000000003,0.00628656537564222,0,2,52428800,my_ring_all_reduce,2,8
1876,5.894539000000004,5.904712,5.898356333333337,5.895818000000006,0.0045243662048438625,0,2,52559872,my_ring_all_reduce,2,8
1877,5.903306000000011,5.912808999999987,5.906696666666669,5.903975000000006,0.0043306931187511695,0,2,52690944,my_ring_all_reduce,2,8
1878,5.928489999999983,5.933803999999997,5.93082699999999,5.930186999999991,0.0022161301105057423,0,2,52822016,my_ring_all_reduce,2,8
1879,5.947271000000001,5.961638999999988,5.953309666666663,5.9510190000000005,0.006085240139508678,0,2,52953088,my_ring_all_reduce,2,8
1880,5.971657999999989,5.979627000000001,5.975252,5.974471000000013,0.003299869795414409,0,2,53084160,my_ring_all_reduce,2,8
1881,5.995466,6.002088000000011,5.998378000000003,5.997579999999998,0.0027616811305243827,0,2,53215232,my_ring_all_reduce,2,8
1882,6.015209999999999,6.022249000000004,6.018772333333334,6.018857999999996,0.002874298097895778,0,2,53346304,my_ring_all_reduce,2,8
1883,6.033259999999995,6.046089000000007,6.0390923333333335,6.037928,0.005301733322440524,0,2,53477376,my_ring_all_reduce,2,8
1884,6.056938999999995,6.070535000000018,6.064703333333337,6.0666359999999955,0.005716304420017446,0,2,53608448,my_ring_all_reduce,2,8
1885,6.082249999999999,6.085769000000015,6.084222333333339,6.084648,0.0014678179572317407,0,2,53739520,my_ring_all_reduce,2,8
1886,6.106825999999994,6.114117999999999,6.109469333333326,6.107463999999985,0.0032974067925541613,0,2,53870592,my_ring_all_reduce,2,8
1887,6.118185999999998,6.132519999999997,6.1236779999999955,6.120327999999994,0.006313095595664744,0,2,54001664,my_ring_all_reduce,2,8
1888,6.148069000000001,6.150279999999997,6.149318666666665,6.149606999999996,0.0009253764399160317,0,2,54132736,my_ring_all_reduce,2,8
1889,6.1587279999999955,6.16103300000001,6.160051333333334,6.1603929999999965,0.000971530865300824,0,2,54263808,my_ring_all_reduce,2,8
1890,6.182378000000001,6.199018000000011,6.188873333333337,6.185223999999999,0.0072668482546170326,0,2,54394880,my_ring_all_reduce,2,8
1891,6.192142,6.203591000000001,6.198825333333332,6.200742999999995,0.004866756916971282,0,2,54525952,my_ring_all_reduce,2,8
1892,6.212677999999992,6.224617000000013,6.2177673333333345,6.216006999999999,0.005030507617425261,0,2,54657024,my_ring_all_reduce,2,8
1893,6.23108,6.242565999999999,6.236903333333335,6.2370640000000055,0.004690515915712416,0,2,54788096,my_ring_all_reduce,2,8
1894,6.249447000000007,6.25763900000001,6.254813333333343,6.257354000000014,0.0037963540696619312,0,2,54919168,my_ring_all_reduce,2,8
1895,6.26119400000001,6.266697000000015,6.2631453333333456,6.261545000000013,0.002515492308786311,0,2,55050240,my_ring_all_reduce,2,8
1896,6.282280999999996,6.283332999999992,6.282791666666664,6.282761000000001,0.0004300242887179339,0,2,55181312,my_ring_all_reduce,2,8
1897,6.291944999999997,6.295242000000002,6.294068333333332,6.295017999999996,0.0015042057335659745,0,2,55312384,my_ring_all_reduce,2,8
1898,6.304229999999996,6.309255999999999,6.306034333333332,6.304617,0.0022835344436984324,0,2,55443456,my_ring_all_reduce,2,8
1899,6.312905999999997,6.323753000000001,6.318516333333338,6.318890000000014,0.004436144897945995,0,2,55574528,my_ring_all_reduce,2,8
1900,6.331847999999996,6.338727000000007,6.335272333333333,6.335241999999998,0.0028084218977175108,0,2,55705600,my_ring_all_reduce,2,8
1901,6.345033999999997,6.355271000000001,6.3494589999999995,6.348072,0.004292774471909523,0,2,55836672,my_ring_all_reduce,2,8
1902,6.366058000000005,6.369416999999994,6.367763000000003,6.367814000000006,0.0013717801087107908,0,2,55967744,my_ring_all_reduce,2,8
1903,6.384424999999999,6.387337,6.386270666666667,6.387050000000003,0.001310332358179009,0,2,56098816,my_ring_all_reduce,2,8
1904,6.391018000000011,6.396360000000001,6.393736666666669,6.393831999999995,0.0021819039595890365,0,2,56229888,my_ring_all_reduce,2,8
1905,6.415112000000009,6.424871000000007,6.418962666666666,6.416904999999985,0.004241463138538476,0,2,56360960,my_ring_all_reduce,2,8
1906,6.433320999999997,6.438440999999984,6.43516566666666,6.4337349999999995,0.0023221692923195637,0,2,56492032,my_ring_all_reduce,2,8
1907,6.438920999999987,6.453032999999996,6.4444466666666615,6.4413860000000005,0.006154288279098197,0,2,56623104,my_ring_all_reduce,2,8
1908,6.465672999999995,6.469322,6.467508,6.4675290000000025,0.001489772018354628,0,2,56754176,my_ring_all_reduce,2,8
1909,6.4664730000000015,6.469,6.467934666666667,6.468330999999998,0.0010690314411749319,0,2,56885248,my_ring_all_reduce,2,8
1910,6.467400000000001,6.469962000000007,6.468830000000007,6.469128000000012,0.0010669470464864982,0,2,57016320,my_ring_all_reduce,2,8
1911,6.4706639999999895,6.481417000000001,6.476830333333326,6.478409999999989,0.004529772792932409,0,2,57147392,my_ring_all_reduce,2,8
1912,6.470280999999999,6.477927999999999,6.474215999999998,6.4744389999999985,0.003125854443188089,0,2,57278464,my_ring_all_reduce,2,8
1913,6.473576000000008,6.47898599999999,6.476381999999998,6.476583999999999,0.0022132371464968774,0,2,57409536,my_ring_all_reduce,2,8
1914,6.472264999999999,6.483784999999997,6.478014000000001,6.477992000000006,0.00470304603421969,0,2,57540608,my_ring_all_reduce,2,8
1915,6.476682000000008,6.484295000000013,6.48014833333334,6.479468000000001,0.003145004751809584,0,2,57671680,my_ring_all_reduce,2,8
1916,6.475529,6.481703999999998,6.477704333333325,6.475879999999976,0.002831819242509294,0,2,57802752,my_ring_all_reduce,2,8
1917,6.481252999999997,6.485286000000007,6.483590333333335,6.4842319999999996,0.0017078396359831445,0,2,57933824,my_ring_all_reduce,2,8
1918,6.484169000000001,6.487910999999995,6.4859170000000015,6.48567100000001,0.0015375365578277867,0,2,58064896,my_ring_all_reduce,2,8
1919,6.510695000000007,6.514217,6.512583333333336,6.512838000000004,0.0014490830050578613,0,2,58195968,my_ring_all_reduce,2,8
1920,6.5603899999999955,6.566055000000023,6.563377333333339,6.563686999999998,0.002323069281992646,0,2,58327040,my_ring_all_reduce,2,8
1921,6.602276999999995,6.609191000000003,6.604870999999998,6.603144999999997,0.0030751862816238104,0,2,58458112,my_ring_all_reduce,2,8
1922,6.622789999999994,6.631462999999989,6.6271436666666625,6.627178000000007,0.0035408206518932357,0,2,58589184,my_ring_all_reduce,2,8
1923,6.6502160000000075,6.658343000000008,6.654173666666672,6.653962,0.003321208046613823,0,2,58720256,my_ring_all_reduce,2,8
1924,6.675303000000015,6.6776049999999945,6.676327333333336,6.676073999999997,0.0009567076646193008,0,2,58851328,my_ring_all_reduce,2,8
1925,6.679590999999979,6.686634999999998,6.682131666666657,6.680168999999995,0.0031930684650127417,0,2,58982400,my_ring_all_reduce,2,8
1926,6.6939930000000025,6.701606999999998,6.697319333333333,6.6963579999999965,0.0031818621731433826,0,2,59113472,my_ring_all_reduce,2,8
1927,6.695498,6.702344999999994,6.699368999999998,6.700264000000001,0.0028660217491596023,0,2,59244544,my_ring_all_reduce,2,8
1928,6.695654999999999,6.700328000000005,6.697735666666664,6.697223999999988,0.0019417490969665986,0,2,59375616,my_ring_all_reduce,2,8
1929,6.696072,6.720294000000009,6.707346333333337,6.705673000000003,0.009959128286265604,0,2,59506688,my_ring_all_reduce,2,8
1930,6.715207999999999,6.727462999999989,6.722663999999997,6.725321000000002,0.005344217622811902,0,2,59637760,my_ring_all_reduce,2,8
1931,6.730759999999999,6.744137000000003,6.738514666666663,6.740646999999983,0.005665460636366077,0,2,59768832,my_ring_all_reduce,2,8
1932,6.754182999999998,6.7688380000000015,6.762514333333332,6.764521999999998,0.006148999936757084,0,2,59899904,my_ring_all_reduce,2,8
1933,6.782789999999986,6.785958000000001,6.7842093333333295,6.78388,0.001314128693179,0,2,60030976,my_ring_all_reduce,2,8
1934,6.8056719999999915,6.811396999999998,6.808145999999997,6.807369000000002,0.0024009307917294384,0,2,60162048,my_ring_all_reduce,2,8
1935,6.830277999999999,6.835144000000008,6.833436666666671,6.8348880000000065,0.0022359584571810427,0,2,60293120,my_ring_all_reduce,2,8
1936,6.843558999999999,6.857347000000002,6.851675333333332,6.8541199999999955,0.005888380214928345,0,2,60424192,my_ring_all_reduce,2,8
1937,6.870666000000001,6.880454999999994,6.877074666666665,6.880103000000003,0.004533889598223346,0,2,60555264,my_ring_all_reduce,2,8
1938,6.897258,6.908583000000006,6.903730666666671,6.905351000000004,0.004763263330488977,0,2,60686336,my_ring_all_reduce,2,8
1939,6.912934,6.923686999999991,6.918695333333329,6.919464999999997,0.004423501051828216,0,2,60817408,my_ring_all_reduce,2,8
1940,6.925448,6.939433000000019,6.932978666666674,6.9340550000000025,0.005759856846221995,0,2,60948480,my_ring_all_reduce,2,8
1941,6.9521359999999985,6.955304,6.954152666666662,6.955017999999989,0.0014307707324671577,0,2,61079552,my_ring_all_reduce,2,8
1942,6.971753,6.976646999999997,6.974557,6.975271000000001,0.002060769435590478,0,2,61210624,my_ring_all_reduce,2,8
1943,6.987176,7.002729000000007,6.994920000000003,6.994855000000001,0.006349652011465043,0,2,61341696,my_ring_all_reduce,2,8
1944,7.007784000000029,7.016965000000004,7.012646333333346,7.013190000000001,0.00376779071722496,0,2,61472768,my_ring_all_reduce,2,8
1945,7.030438000000009,7.032325999999999,7.031303333333338,7.031146000000008,0.000778760268342651,0,2,61603840,my_ring_all_reduce,2,8
1946,7.047717000000004,7.0571290000000015,7.0524666666666675,7.052553999999996,0.0038429291201132116,0,2,61734912,my_ring_all_reduce,2,8
1947,7.067910999999989,7.076486999999987,7.073543666666661,7.076233000000007,0.003984246422547733,0,2,61865984,my_ring_all_reduce,2,8
1948,7.0798140000000025,7.095049000000003,7.087313666666669,7.087078000000001,0.006221894691776667,0,2,61997056,my_ring_all_reduce,2,8
1949,7.0969650000000035,7.102536000000001,7.099696333333331,7.099587999999989,0.0022756409109416,0,2,62128128,my_ring_all_reduce,2,8
1950,7.111940999999999,7.115429000000002,7.113477000000006,7.113061000000016,0.0014540353044769257,0,2,62259200,my_ring_all_reduce,2,8
1951,7.131045999999988,7.139332999999999,7.134363666666665,7.132712000000007,0.00357906825243256,0,2,62390272,my_ring_all_reduce,2,8
1952,7.137090999999994,7.151075999999986,7.142692666666668,7.139911000000022,0.006038670291446315,0,2,62521344,my_ring_all_reduce,2,8
1953,7.149476999999999,7.156263000000013,7.1535750000000045,7.154985000000001,0.002944319276170116,0,2,62652416,my_ring_all_reduce,2,8
1954,7.1691579999999995,7.170471999999995,7.1699906666666635,7.170341999999997,0.0005911713419589252,0,2,62783488,my_ring_all_reduce,2,8
1955,7.174214,7.180648,7.177063,7.1763270000000015,0.0026777305067286097,0,2,62914560,my_ring_all_reduce,2,8
1956,7.200902000000016,7.203845000000001,7.202085666666673,7.2015100000000025,0.00126855727326094,0,2,63045632,my_ring_all_reduce,2,8
1957,7.216615999999995,7.2234320000000025,7.220467,7.221353000000003,0.0028522752321647024,0,2,63176704,my_ring_all_reduce,2,8
1958,7.221221000000005,7.2307929999999905,7.226459666666666,7.227365,0.003959841523197998,0,2,63307776,my_ring_all_reduce,2,8
1959,7.234596999999995,7.245415000000008,7.240678,7.242021999999998,0.00451752387930006,0,2,63438848,my_ring_all_reduce,2,8
1960,7.247749999999998,7.256135999999999,7.252497000000003,7.253605000000011,0.0035120741260226507,0,2,63569920,my_ring_all_reduce,2,8
1961,7.260485999999996,7.265511999999996,7.263452,7.264358000000008,0.0021495419667161187,0,2,63700992,my_ring_all_reduce,2,8
1962,7.264807,7.268966000000008,7.266684333333335,7.266279999999997,0.0017218080290500365,0,2,63832064,my_ring_all_reduce,2,8
1963,7.277287999999986,7.282984999999986,7.280124333333326,7.280100000000006,0.0023258541561229727,0,2,63963136,my_ring_all_reduce,2,8
1964,7.284486000000005,7.293001000000004,7.287345333333334,7.284548999999992,0.003999242956140872,0,2,64094208,my_ring_all_reduce,2,8
1965,7.2926110000000195,7.294661000000004,7.293903000000005,7.2944369999999905,0.0009181474100865006,0,2,64225280,my_ring_all_reduce,2,8
1966,7.301286,7.3065950000000015,7.304741333333333,7.306342999999997,0.0024454546044081235,0,2,64356352,my_ring_all_reduce,2,8
1967,7.3007719999999905,7.315721000000002,7.307141666666666,7.304932000000004,0.006299741811291352,0,2,64487424,my_ring_all_reduce,2,8
1968,7.3055080000000014,7.318596999999987,7.313637666666661,7.316807999999997,0.005794752818038592,0,2,64618496,my_ring_all_reduce,2,8
1969,7.3214770000000025,7.324711,7.322876000000001,7.322440000000002,0.001355792757023287,0,2,64749568,my_ring_all_reduce,2,8
1970,7.316358,7.3264719999999945,7.321222333333332,7.320837000000002,0.004138003571232817,0,2,64880640,my_ring_all_reduce,2,8
1971,7.320324999999997,7.332548999999999,7.324761999999999,7.321412,0.00552409383217495,0,2,65011712,my_ring_all_reduce,2,8
1972,7.328101999999984,7.331526000000002,7.330149666666661,7.330820999999997,0.0014762475703318184,0,2,65142784,my_ring_all_reduce,2,8
1973,7.3307550000000195,7.334243999999999,7.332686333333342,7.333060000000005,0.0014486776345564803,0,2,65273856,my_ring_all_reduce,2,8
1974,7.33123999999999,7.338150999999987,7.3348979999999955,7.335303000000008,0.002835900679971854,0,2,65404928,my_ring_all_reduce,2,8
1975,7.366692999999993,7.375493999999999,7.369680999999997,7.366856,0.004110950336196792,0,2,65536000,my_ring_all_reduce,2,8
1976,7.397668999999987,7.403750999999997,7.400751999999994,7.4008359999999955,0.0024836764416257917,0,2,65667072,my_ring_all_reduce,2,8
1977,7.4385019999999935,7.444354999999996,7.440901666666664,7.439848000000002,0.002502939915823485,0,2,65798144,my_ring_all_reduce,2,8
1978,7.474341000000001,7.484548999999996,7.47979199999999,7.480485999999975,0.004196192162739842,0,2,65929216,my_ring_all_reduce,2,8
1979,7.486405000000002,7.495875,7.491493000000001,7.492199,0.0038982091614815756,0,2,66060288,my_ring_all_reduce,2,8
1980,7.510437999999994,7.513572999999989,7.511599333333332,7.510787000000011,0.0014028471841959639,0,2,66191360,my_ring_all_reduce,2,8
1981,7.515299999999992,7.520036,7.517135999999997,7.516072,0.0020746880890092157,0,2,66322432,my_ring_all_reduce,2,8
1982,7.5217659999999995,7.528356,7.524581666666667,7.523623000000005,0.0027744436479323654,0,2,66453504,my_ring_all_reduce,2,8
1983,7.532228999999999,7.536423000000003,7.534063666666667,7.533538999999999,0.001751925670672458,0,2,66584576,my_ring_all_reduce,2,8
1984,7.541636999999995,7.5481340000000205,7.544027666666673,7.542312000000002,0.0029166632000085487,0,2,66715648,my_ring_all_reduce,2,8
1985,7.5574429999999975,7.5633329999999805,7.560206999999994,7.559845000000001,0.0024181684529061523,0,2,66846720,my_ring_all_reduce,2,8
1986,7.577032000000007,7.591430000000001,7.583558999999998,7.582214999999989,0.005954289938074039,0,2,66977792,my_ring_all_reduce,2,8
1987,7.6077489999999965,7.614883000000002,7.610542333333335,7.608995000000006,0.003111180840489148,0,2,67108864,my_ring_all_reduce,2,8
1988,0.298621000000001,0.4789409999999989,0.3588129999999999,0.29887699999999995,0.08494338770420296,0,4,2048,my_ring_all_reduce,4,8
1989,0.314813000000001,0.31599600000000055,0.3154530000000004,0.3155499999999997,0.0004878039223565333,0,4,10240,my_ring_all_reduce,4,8
1990,0.316605,0.5654669999999996,0.39955899999999983,0.316605,0.11731467185309753,0,4,18432,my_ring_all_reduce,4,8
1991,0.31667100000000026,0.5643179999999993,0.39956133333333305,0.3176949999999997,0.11650130629405898,0,4,26624,my_ring_all_reduce,4,8
1992,0.31862199999999985,0.3267800000000007,0.32183233333333344,0.3200949999999998,0.0035498343936337406,0,4,34816,my_ring_all_reduce,4,8
1993,0.3174069999999997,0.5643160000000016,0.4010426666666669,0.3214049999999993,0.11546321790750412,0,4,43008,my_ring_all_reduce,4,8
1994,0.3181749999999997,0.43705199999999966,0.3579816666666664,0.31871799999999983,0.055911608349449374,0,4,51200,my_ring_all_reduce,4,8
1995,0.3166059999999998,0.5658199999999998,0.399848,0.3171180000000004,0.11736011282657592,0,4,59392,my_ring_all_reduce,4,8
1996,0.3150390000000007,0.5727969999999969,0.40139466666666596,0.3163480000000004,0.12120093034387898,0,4,67584,my_ring_all_reduce,4,8
1997,0.3089879999999994,0.5609890000000005,0.3936076666666665,0.31084599999999957,0.11835890644513831,0,4,75776,my_ring_all_reduce,4,8
1998,0.31250900000000004,0.48073099999999885,0.36869033333333306,0.31283100000000014,0.07922482422967016,0,4,83968,my_ring_all_reduce,4,8
1999,0.3117099999999996,0.5493399999999993,0.3910899999999988,0.31221999999999756,0.11189984182294482,0,4,92160,my_ring_all_reduce,4,8
2000,0.3131820000000007,0.36194799999999944,0.3294583333333334,0.3132450000000001,0.022973678015405695,0,4,100352,my_ring_all_reduce,4,8
2001,0.31260699999999997,0.5612780000000003,0.3955399999999997,0.31273499999999876,0.11719447535044801,0,4,108544,my_ring_all_reduce,4,8
2002,0.313598,0.4856260000000002,0.3716336666666668,0.31567700000000015,0.08060922033420805,0,4,116736,my_ring_all_reduce,4,8
2003,0.3148140000000003,0.569052999999999,0.39966633333333307,0.3151320000000001,0.11977453099980016,0,4,124928,my_ring_all_reduce,4,8
2004,0.313087,0.5633879999999999,0.39721466666666677,0.31516900000000053,0.11750536502456181,0,4,133120,my_ring_all_reduce,4,8
2005,0.3140450000000001,0.5636449999999995,0.3976613333333335,0.3152940000000008,0.11736928388731917,0,4,141312,my_ring_all_reduce,4,8
2006,0.312605,0.5056289999999999,0.3771383333333331,0.31318099999999915,0.09085692602230304,0,4,149504,my_ring_all_reduce,4,8
2007,0.3126680000000001,0.5794540000000007,0.4026743333333336,0.3159009999999998,0.12500906895723862,0,4,157696,my_ring_all_reduce,4,8
2008,0.3125739999999987,0.46815799999999946,0.36530933333333265,0.3151959999999999,0.07273286692792721,0,4,165888,my_ring_all_reduce,4,8
2009,0.3151019999999999,0.48070100000000093,0.37047233333333346,0.31561399999999956,0.07794371795226547,0,4,174080,my_ring_all_reduce,4,8
2010,0.3126369999999993,0.5761230000000005,0.40051933333333317,0.3127979999999998,0.12417056089732247,0,4,182272,my_ring_all_reduce,4,8
2011,0.3125730000000003,0.5720920000000006,0.3991540000000002,0.3127969999999996,0.12228566671800395,0,4,190464,my_ring_all_reduce,4,8
2012,0.3197399999999984,0.5883490000000001,0.4092986666666658,0.3198069999999989,0.12660770782837721,0,4,198656,my_ring_all_reduce,4,8
2013,0.31283100000000014,0.4107180000000003,0.3477420000000002,0.31967700000000016,0.04461837708837029,0,4,206848,my_ring_all_reduce,4,8
2014,0.31490900000000105,0.48284399999999916,0.3725513333333332,0.3199009999999994,0.07801531583107346,0,4,215040,my_ring_all_reduce,4,8
2015,0.31381999999999927,0.5679010000000008,0.4008610000000001,0.3208620000000001,0.1181500984369746,0,4,223232,my_ring_all_reduce,4,8
2016,0.3129879999999998,0.514973,0.38032733333333324,0.31302099999999994,0.0952088649105511,0,4,231424,my_ring_all_reduce,4,8
2017,0.31282999999999994,0.558813000000001,0.3948570000000003,0.3129279999999999,0.11593440631955117,0,4,239616,my_ring_all_reduce,4,8
2018,0.3135640000000008,0.5552939999999998,0.3951223333333333,0.3165089999999991,0.11326485291367108,0,4,247808,my_ring_all_reduce,4,8
2019,0.31394899999999965,0.3693100000000004,0.33468533333333306,0.3207969999999991,0.02464243538199052,0,4,256000,my_ring_all_reduce,4,8
2020,0.31343600000000016,0.3368939999999993,0.32139433333333284,0.31385299999999916,0.01096124148483579,0,4,264192,my_ring_all_reduce,4,8
2021,0.3137239999999997,0.526719,0.38476533333333324,0.31385300000000005,0.10037641412979233,0,4,272384,my_ring_all_reduce,4,8
2022,0.3135020000000004,0.5692450000000027,0.39876100000000075,0.31353599999999915,0.12055039328292129,0,4,280576,my_ring_all_reduce,4,8
2023,0.31372600000000056,0.5695330000000022,0.4020026666666676,0.322749,0.11851909289880583,0,4,288768,my_ring_all_reduce,4,8
2024,0.31398299999999973,0.5814689999999982,0.4061199999999993,0.3229079999999999,0.1240439915433223,0,4,296960,my_ring_all_reduce,4,8
2025,0.314462,0.5656260000000011,0.4013196666666669,0.32387099999999963,0.11624560407554783,0,4,305152,my_ring_all_reduce,4,8
2026,0.3147189999999996,0.5670059999999985,0.40145999999999943,0.3226550000000002,0.11710352573969117,0,4,313344,my_ring_all_reduce,4,8
2027,0.31459000000000015,0.4815340000000006,0.37042966666666705,0.3151650000000004,0.07856297822059008,0,4,321536,my_ring_all_reduce,4,8
2028,0.31490999999999986,0.3237069999999994,0.31790633333333335,0.31510200000000077,0.004102439626476599,0,4,329728,my_ring_all_reduce,4,8
2029,0.3253439999999996,0.5535629999999965,0.40185233333333215,0.32665000000000033,0.10727696613387487,0,4,337920,my_ring_all_reduce,4,8
2030,0.3244140000000002,0.5570209999999979,0.4026749999999992,0.3265899999999995,0.10914271858748281,0,4,346112,my_ring_all_reduce,4,8
2031,0.3156770000000006,0.5272599999999993,0.3862909999999995,0.3159359999999988,0.09968019191728429,0,4,354304,my_ring_all_reduce,4,8
2032,0.31561200000000056,0.5774679999999994,0.40293133333333314,0.3157139999999995,0.12341606759071319,0,4,362496,my_ring_all_reduce,4,8
2033,0.3166699999999992,0.5689560000000001,0.40419999999999967,0.3269739999999997,0.11657600598179174,0,4,370688,my_ring_all_reduce,4,8
2034,0.33657600000000093,0.5575639999999976,0.4138316666666661,0.3473549999999996,0.10172932859417665,0,4,378880,my_ring_all_reduce,4,8
2035,0.3470369999999998,0.57142,0.4219706666666667,0.3474550000000002,0.10567677482567095,0,4,387072,my_ring_all_reduce,4,8
2036,0.34188599999999997,0.5700439999999999,0.42087166666666675,0.3506850000000004,0.10554191702615376,0,4,395264,my_ring_all_reduce,4,8
2037,0.3513240000000001,0.48242900000000055,0.3951543333333338,0.3517100000000005,0.061712709821847636,0,4,403456,my_ring_all_reduce,4,8
2038,0.3419489999999996,0.4671349999999993,0.38665399999999966,0.3508780000000002,0.05702528843124457,0,4,411648,my_ring_all_reduce,4,8
2039,0.3505250000000001,0.47359799999999996,0.3924343333333334,0.35318000000000027,0.05740161348680782,0,4,419840,my_ring_all_reduce,4,8
2040,0.35254099999999927,0.4519979999999996,0.3857463333333329,0.35269999999999985,0.04684704773574914,0,4,428032,my_ring_all_reduce,4,8
2041,0.342396999999999,0.47369199999999867,0.3861723333333327,0.34242800000000034,0.06188575108123703,0,4,436224,my_ring_all_reduce,4,8
2042,0.34239899999999945,0.5705559999999996,0.4185679999999996,0.3427489999999998,0.10747184044514482,0,4,444416,my_ring_all_reduce,4,8
2043,0.3497570000000001,0.4784290000000001,0.39404566666666657,0.35395099999999957,0.05969258813472773,0,4,452608,my_ring_all_reduce,4,8
2044,0.35391599999999973,0.5485100000000003,0.41913266666666676,0.35497200000000023,0.09148460551492939,0,4,460800,my_ring_all_reduce,4,8
2045,0.3528289999999997,0.3541739999999991,0.3533089999999997,0.35292400000000046,0.0006128757350932713,0,4,468992,my_ring_all_reduce,4,8
2046,0.3530520000000006,0.4708140000000003,0.3924983333333336,0.3536289999999999,0.05537803996972889,0,4,477184,my_ring_all_reduce,4,8
2047,0.35196600000000033,0.5085049999999997,0.40464666666666665,0.35346900000000003,0.07344149510248857,0,4,485376,my_ring_all_reduce,4,8
2048,0.3444119999999994,0.5609889999999996,0.4187696666666659,0.35090799999999855,0.10059921664484081,0,4,493568,my_ring_all_reduce,4,8
2049,0.3527649999999999,0.4737250000000004,0.3943859999999997,0.35666799999999876,0.05612376824483594,0,4,501760,my_ring_all_reduce,4,8
2050,0.35116499999999906,0.562268,0.4226103333333329,0.3543979999999997,0.09876170299035761,0,4,509952,my_ring_all_reduce,4,8
2051,0.3457570000000001,0.576893,0.426418,0.35660400000000003,0.10649400161824449,0,4,518144,my_ring_all_reduce,4,8
2052,0.34572600000000014,0.5168930000000009,0.4030693333333337,0.3465889999999999,0.08048625767725169,0,4,526336,my_ring_all_reduce,4,8
2053,0.3462369999999992,0.5659470000000011,0.42177800000000015,0.3531500000000001,0.1019819356977833,0,4,534528,my_ring_all_reduce,4,8
2054,0.34562900000000174,0.5706530000000003,0.42430633333333373,0.35663699999999926,0.10358025599934025,0,4,542720,my_ring_all_reduce,4,8
2055,0.3475160000000001,0.4779489999999992,0.3930323333333336,0.35363200000000145,0.060097041371064745,0,4,550912,my_ring_all_reduce,4,8
2056,0.3476759999999986,0.5963149999999996,0.43253033333333285,0.35360000000000036,0.11583849740143488,0,4,559104,my_ring_all_reduce,4,8
2057,0.3474190000000003,0.5663940000000003,0.4206780000000001,0.34822099999999956,0.10303729193193453,0,4,567296,my_ring_all_reduce,4,8
2058,0.34802999999999973,0.5941400000000003,0.4301520000000001,0.34828600000000004,0.11595707393111779,0,4,575488,my_ring_all_reduce,4,8
2059,0.3479969999999994,0.5519019999999982,0.4178959999999993,0.35378900000000024,0.09478604975768601,0,4,583680,my_ring_all_reduce,4,8
2060,0.3511660000000002,0.5852120000000005,0.43111166666666684,0.3569569999999999,0.10899103470877289,0,4,591872,my_ring_all_reduce,4,8
2061,0.35091000000000033,0.5599339999999993,0.42129933333333325,0.3530540000000001,0.09803342044198737,0,4,600064,my_ring_all_reduce,4,8
2062,0.35126099999999977,0.5301729999999998,0.4109199999999999,0.351326,0.08432460915217252,0,4,608256,my_ring_all_reduce,4,8
2063,0.3513600000000006,0.4818839999999996,0.39504866666666677,0.35190200000000005,0.06140225173576437,0,4,616448,my_ring_all_reduce,4,8
2064,0.3519010000000003,0.3577569999999998,0.3540556666666667,0.352509,0.002628981720911732,0,4,624640,my_ring_all_reduce,4,8
2065,0.3519970000000003,0.4849559999999992,0.3980019999999998,0.3570529999999999,0.06152039971153159,0,4,632832,my_ring_all_reduce,4,8
2066,0.352414,0.4771189999999997,0.39420666666666687,0.35308700000000093,0.05862851693122991,0,4,641024,my_ring_all_reduce,4,8
2067,0.35292399999999996,0.5086379999999999,0.40497933333333336,0.3533760000000002,0.07329797840474328,0,4,649216,my_ring_all_reduce,4,8
2068,0.3521589999999992,0.5615020000000004,0.42215266666666645,0.3527969999999998,0.09853520280026307,0,4,657408,my_ring_all_reduce,4,8
2069,0.3527670000000007,0.5826860000000015,0.43112300000000076,0.35791599999999996,0.10719183823718474,0,4,665600,my_ring_all_reduce,4,8
2070,0.3535010000000007,0.5596140000000014,0.4223976666666675,0.35407800000000045,0.09702688573219778,0,4,673792,my_ring_all_reduce,4,8
2071,0.3545900000000001,0.45763200000000054,0.38907566666666726,0.355005000000001,0.04847694425417325,0,4,681984,my_ring_all_reduce,4,8
2072,0.35257400000000233,0.47759699999999883,0.39468600000000026,0.35388699999999973,0.05862938076311692,0,4,690176,my_ring_all_reduce,4,8
2073,0.3557399999999998,0.5661409999999997,0.4258953333333333,0.3558050000000003,0.09916866548237664,0,4,698368,my_ring_all_reduce,4,8
2074,0.35554899999999817,0.48281300000000055,0.3980143333333328,0.3556809999999998,0.059961736451026086,0,4,706560,my_ring_all_reduce,4,8
2075,0.3560910000000001,0.5614649999999997,0.42579866666666666,0.35984000000000016,0.09594279285189784,0,4,714752,my_ring_all_reduce,4,8
2076,0.35664000000000035,0.5853399999999965,0.43333066666666564,0.35801200000000016,0.10748828978492733,0,4,722944,my_ring_all_reduce,4,8
2077,0.35561400000000004,0.5689880000000003,0.4271970000000001,0.35698900000000006,0.10026294901241778,0,4,731136,my_ring_all_reduce,4,8
2078,0.3630049999999997,0.4704300000000003,0.40064833333333344,0.3685100000000002,0.049394243985396775,0,4,739328,my_ring_all_reduce,4,8
2079,0.36316499999999996,0.5615640000000003,0.43138900000000024,0.36943800000000054,0.09208324350282197,0,4,747520,my_ring_all_reduce,4,8
2080,0.3642209999999996,0.5697230000000004,0.43483399999999967,0.3705579999999991,0.09541600541139186,0,4,755712,my_ring_all_reduce,4,8
2081,0.363867999999999,0.5857249999999999,0.4401149999999996,0.37075199999999975,0.10300016646912141,0,4,763904,my_ring_all_reduce,4,8
2082,0.36402899999999866,0.5749069999999993,0.43736266666666596,0.37315200000000004,0.09732981730978207,0,4,772096,my_ring_all_reduce,4,8
2083,0.37094199999999955,0.5533709999999992,0.4318986666666662,0.3713829999999998,0.08589409930968589,0,4,780288,my_ring_all_reduce,4,8
2084,0.37113299999999894,0.47065300000000027,0.4045623333333332,0.3719010000000003,0.046734210319874354,0,4,788480,my_ring_all_reduce,4,8
2085,0.3742679999999996,0.5488000000000011,0.4327653333333336,0.37522800000000006,0.08204983567456012,0,4,796672,my_ring_all_reduce,4,8
2086,0.3674570000000008,0.4850520000000006,0.40872333333333327,0.37366099999999824,0.05403191291778966,0,4,804864,my_ring_all_reduce,4,8
2087,0.36560200000000076,0.5664940000000015,0.43526266666666763,0.37369200000000047,0.0928533221855253,0,4,813056,my_ring_all_reduce,4,8
2088,0.37414100000000006,0.5620440000000017,0.43733966666666735,0.3758340000000003,0.08818198843427351,0,4,821248,my_ring_all_reduce,4,8
2089,0.36502,0.36774099999999976,0.3661406666666666,0.36566100000000007,0.001161470428188024,0,4,829440,my_ring_all_reduce,4,8
2090,0.370364,0.5756769999999988,0.44037999999999977,0.3750990000000004,0.09568895343072019,0,4,837632,my_ring_all_reduce,4,8
2091,0.3739799999999991,0.507866,0.4192919999999996,0.37602999999999975,0.06263686737590493,0,4,845824,my_ring_all_reduce,4,8
2092,0.375837,0.6054690000000005,0.45295700000000033,0.37756500000000054,0.10784457675748013,0,4,854016,my_ring_all_reduce,4,8
2093,0.37516499999999997,0.4810529999999999,0.4107700000000003,0.37609200000000104,0.04969902681139714,0,4,862208,my_ring_all_reduce,4,8
2094,0.3724770000000008,0.48908499999999916,0.41241300000000053,0.3756770000000015,0.05423102855991731,0,4,870400,my_ring_all_reduce,4,8
2095,0.3713229999999994,0.3812110000000007,0.37603833333333253,0.3755809999999974,0.004049691456011671,0,4,878592,my_ring_all_reduce,4,8
2096,0.36777499999999963,0.4715159999999987,0.40526666666666616,0.37650900000000004,0.04698085648668161,0,4,886784,my_ring_all_reduce,4,8
2097,0.36822000000000027,0.5649879999999985,0.4338629999999994,0.3683809999999994,0.09271939998008265,0,4,894976,my_ring_all_reduce,4,8
2098,0.37734100000000037,0.48015999999999986,0.411646,0.3774369999999999,0.04844672985868073,0,4,903168,my_ring_all_reduce,4,8
2099,0.3694689999999987,0.47897200000000156,0.4084763333333336,0.37698800000000054,0.049942387503559046,0,4,911360,my_ring_all_reduce,4,8
2100,0.375357,0.5595169999999998,0.43774500000000005,0.37836100000000034,0.08611453997244971,0,4,919552,my_ring_all_reduce,4,8
2101,0.3776600000000001,0.5651820000000007,0.4402633333333334,0.3779479999999994,0.08833091454801638,0,4,927744,my_ring_all_reduce,4,8
2102,0.3772759999999996,0.4813109999999979,0.4122856666666654,0.3782699999999986,0.04880996817818568,0,4,935936,my_ring_all_reduce,4,8
2103,0.3774069999999997,0.5521879999999983,0.4361459999999992,0.3788429999999994,0.08205617932043006,0,4,944128,my_ring_all_reduce,4,8
2104,0.3725410000000002,0.47477899999999956,0.4083170000000002,0.37763100000000077,0.04704164897903375,0,4,952320,my_ring_all_reduce,4,8
2105,0.3730510000000002,0.5756439999999984,0.4424603333333328,0.3786859999999997,0.0942031673435422,0,4,960512,my_ring_all_reduce,4,8
2106,0.38901899999999934,0.5770200000000004,0.4544816666666665,0.3974059999999997,0.08671531119832471,0,4,968704,my_ring_all_reduce,4,8
2107,0.38934000000000013,0.5671329999999989,0.4494686666666665,0.3919330000000005,0.08320798205434046,0,4,976896,my_ring_all_reduce,4,8
2108,0.391197000000001,0.49110199999999987,0.42472233333333365,0.39186800000000016,0.046938311788511565,0,4,985088,my_ring_all_reduce,4,8
2109,0.3940109999999995,0.575451,0.45717966666666654,0.402077,0.08369526591683017,0,4,993280,my_ring_all_reduce,4,8
2110,0.3912280000000001,0.4821399999999994,0.42470066666666645,0.4007339999999999,0.040800725233205506,0,4,1001472,my_ring_all_reduce,4,8
2111,0.3919639999999999,0.5627199999999984,0.45209333333333285,0.40159600000000023,0.07832363793616481,0,4,1009664,my_ring_all_reduce,4,8
2112,0.39778699999999984,0.5649270000000006,0.45438666666666666,0.40044599999999947,0.0781713568187796,0,4,1017856,my_ring_all_reduce,4,8
2113,0.39369000000000004,0.568762999999999,0.45301866666666624,0.3966029999999996,0.0818522425525949,0,4,1026048,my_ring_all_reduce,4,8
2114,0.3929249999999993,0.39369400000000043,0.39335200000000015,0.3934370000000008,0.000319644594302813,0,4,1034240,my_ring_all_reduce,4,8
2115,0.3932140000000004,0.4631650000000009,0.4167113333333338,0.39375500000000013,0.0328484452228043,0,4,1042432,my_ring_all_reduce,4,8
2116,0.39314700000000175,0.5182050000000008,0.4348763333333341,0.3932769999999996,0.05892228916877633,0,4,1048576,my_ring_all_reduce,4,8
2117,0.3982390000000005,0.577982,0.45864300000000036,0.39970800000000056,0.08438754718953873,0,4,1081344,my_ring_all_reduce,4,8
2118,0.3977240000000011,0.5343349999999991,0.4434319999999999,0.3982369999999996,0.06427846891455898,0,4,1114112,my_ring_all_reduce,4,8
2119,0.40079800000000027,0.5626849999999995,0.4558900000000002,0.4041870000000008,0.07552814199135707,0,4,1146880,my_ring_all_reduce,4,8
2120,0.4041850000000004,0.5622380000000003,0.4587903333333337,0.4099480000000003,0.07318637325956853,0,4,1179648,my_ring_all_reduce,4,8
2121,0.40972400000000014,0.41593400000000064,0.41349000000000014,0.4148119999999997,0.00270207179771382,0,4,1212416,my_ring_all_reduce,4,8
2122,0.4141399999999976,0.48089200000000165,0.43661500000000014,0.41481300000000104,0.03130977247868045,0,4,1245184,my_ring_all_reduce,4,8
2123,0.42447699999999894,0.5626509999999999,0.4708339999999997,0.42537400000000025,0.0649254560707895,0,4,1277952,my_ring_all_reduce,4,8
2124,0.43503600000000053,0.5004129999999996,0.459249333333333,0.44229899999999905,0.029257744072676076,0,4,1310720,my_ring_all_reduce,4,8
2125,0.4415039999999999,0.46341899999999897,0.4503963333333328,0.4462659999999996,0.009411395445002564,0,4,1343488,my_ring_all_reduce,4,8
2126,0.4546210000000001,0.5618189999999995,0.49081266666666656,0.45599800000000007,0.05021220676511036,0,4,1376256,my_ring_all_reduce,4,8
2127,0.45135699999999995,0.5800290000000005,0.4945680000000002,0.4523180000000002,0.060431326153466865,0,4,1409024,my_ring_all_reduce,4,8
2128,0.46268600000000015,0.4805080000000007,0.4701303333333337,0.46719700000000014,0.007565679274783777,0,4,1441792,my_ring_all_reduce,4,8
2129,0.4673249999999998,0.5993879999999999,0.5116760000000004,0.4683150000000014,0.06202306685419514,0,4,1474560,my_ring_all_reduce,4,8
2130,0.486619999999999,0.4944300000000001,0.49164433333333296,0.4938829999999998,0.003559751520667153,0,4,1507328,my_ring_all_reduce,4,8
2131,0.48594700000000013,0.4942669999999989,0.4893719999999997,0.48790200000000006,0.003552114393803039,0,4,1540096,my_ring_all_reduce,4,8
2132,0.4951339999999982,0.5731809999999987,0.5222579999999993,0.49845900000000076,0.03603357557427023,0,4,1572864,my_ring_all_reduce,4,8
2133,0.49721299999999974,0.5585890000000018,0.5176716666666671,0.49721299999999974,0.028932923868071322,0,4,1605632,my_ring_all_reduce,4,8
2134,0.500989,0.5518999999999987,0.5207329999999997,0.5093100000000004,0.02229867226241592,0,4,1638400,my_ring_all_reduce,4,8
2135,0.5001559999999999,0.510299000000001,0.5036333333333335,0.5004449999999997,0.004714814548020656,0,4,1671168,my_ring_all_reduce,4,8
2136,0.5045730000000008,0.5775329999999994,0.5315056666666668,0.5124110000000001,0.03270316112481363,0,4,1703936,my_ring_all_reduce,4,8
2137,0.5074520000000002,0.5113579999999998,0.5100133333333332,0.5112299999999996,0.0018118898666552464,0,4,1736704,my_ring_all_reduce,4,8
2138,0.5194230000000002,0.5231970000000001,0.5211279999999999,0.5207639999999992,0.0015620800235583822,0,4,1769472,my_ring_all_reduce,4,8
2139,0.5734989999999998,0.580924,0.5764010000000002,0.5747800000000006,0.0032407187474385647,0,4,1802240,my_ring_all_reduce,4,8
2140,0.5751659999999993,0.5804440000000017,0.5770636666666665,0.5755809999999983,0.0023962535109823707,0,4,1835008,my_ring_all_reduce,4,8
2141,0.5758029999999998,0.5778500000000013,0.5765613333333337,0.576031,0.0009159666417998559,0,4,1867776,my_ring_all_reduce,4,8
2142,0.5784930000000014,0.5819810000000016,0.5798156666666676,0.578973,0.0015436107741990533,0,4,1900544,my_ring_all_reduce,4,8
2143,0.5815,0.5865550000000003,0.5835373333333334,0.5825569999999998,0.002177008089608969,0,4,1933312,my_ring_all_reduce,4,8
2144,0.5840590000000002,0.5870040000000009,0.5855956666666674,0.5857240000000011,0.0012057109474868219,0,4,1966080,my_ring_all_reduce,4,8
2145,0.5870690000000004,0.5883490000000011,0.587835333333334,0.5880880000000006,0.0005522561804897915,0,4,1998848,my_ring_all_reduce,4,8
2146,0.593308000000001,0.5955800000000004,0.5944923333333337,0.5945889999999999,0.0009300553149616737,0,4,2031616,my_ring_all_reduce,4,8
2147,0.6083769999999986,0.6094030000000003,0.6087199999999997,0.6083800000000001,0.0004829554844914783,0,4,2064384,my_ring_all_reduce,4,8
2148,0.6330170000000007,0.6411809999999969,0.6362609999999992,0.6345850000000001,0.0035373677595996215,0,4,2097152,my_ring_all_reduce,4,8
2149,0.6340750000000007,0.6342330000000002,0.6341390000000003,0.6341090000000004,6.790189000785204e-05,0,4,2129920,my_ring_all_reduce,4,8
2150,0.6374350000000004,0.6379790000000012,0.6377016666666678,0.6376910000000017,0.00022221511099762832,0,4,2162688,my_ring_all_reduce,4,8
2151,0.6401559999999991,0.6406980000000003,0.6404966666666662,0.6406359999999991,0.00024221386326081444,0,4,2195456,my_ring_all_reduce,4,8
2152,0.6425239999999994,0.6449229999999998,0.643450333333333,0.6429039999999996,0.0010528248772813695,0,4,2228224,my_ring_all_reduce,4,8
2153,0.647003999999999,0.6493089999999988,0.6480709999999992,0.6478999999999997,0.0009487490008776862,0,4,2260992,my_ring_all_reduce,4,8
2154,0.6503630000000012,0.6506499999999987,0.6505016666666666,0.6504920000000002,0.00011736647259182205,0,4,2293760,my_ring_all_reduce,4,8
2155,0.6554499999999999,0.6577889999999997,0.6566559999999994,0.6567289999999985,0.0009562869164986515,0,4,2326528,my_ring_all_reduce,4,8
2156,0.6683799999999996,0.6717390000000001,0.6699153333333331,0.6696269999999995,0.0013863795375808115,0,4,2359296,my_ring_all_reduce,4,8
2157,0.6874820000000018,0.6901409999999987,0.6890203333333348,0.6894380000000038,0.0011249901727957833,0,4,2392064,my_ring_all_reduce,4,8
2158,0.6893070000000007,0.6903339999999999,0.6898413333333334,0.6898829999999998,0.0004203049157718036,0,4,2424832,my_ring_all_reduce,4,8
2159,0.6905879999999998,0.6914490000000001,0.6911413333333335,0.6913870000000006,0.00039208360786414996,0,4,2457600,my_ring_all_reduce,4,8
2160,0.6894360000000015,0.6925400000000009,0.6908540000000006,0.6905859999999994,0.0012812941374510452,0,4,2490368,my_ring_all_reduce,4,8
2161,0.6916109999999999,0.6918050000000012,0.6916973333333335,0.6916759999999995,8.062395563556045e-05,0,4,2523136,my_ring_all_reduce,4,8
2162,0.6920269999999992,0.6929209999999985,0.6925176666666667,0.6926050000000024,0.0003701615263037863,0,4,2555904,my_ring_all_reduce,4,8
2163,0.6934979999999987,0.6945569999999989,0.6940533333333324,0.6941049999999997,0.0004338758142859608,0,4,2588672,my_ring_all_reduce,4,8
2164,0.6935959999999987,0.6953229999999985,0.6941936666666662,0.6936620000000012,0.0007990136975595841,0,4,2621440,my_ring_all_reduce,4,8
2165,0.693661000000001,0.6946849999999996,0.6940770000000002,0.6938850000000002,0.00043953915259757116,0,4,2654208,my_ring_all_reduce,4,8
2166,0.6933069999999998,0.6948770000000004,0.6939816666666666,0.6937609999999995,0.0006596692774079818,0,4,2686976,my_ring_all_reduce,4,8
2167,0.6951000000000004,0.6971480000000001,0.6960810000000001,0.6959949999999999,0.0008383010596835077,0,4,2719744,my_ring_all_reduce,4,8
2168,0.6950339999999997,0.6960920000000006,0.6957283333333345,0.696059000000003,0.0004911526126264897,0,4,2752512,my_ring_all_reduce,4,8
2169,0.6967289999999998,0.6978179999999993,0.6971356666666663,0.6968599999999997,0.00048543748882356406,0,4,2785280,my_ring_all_reduce,4,8
2170,0.697116,0.700156,0.6987473333333328,0.6989699999999984,0.0012510223374859065,0,4,2818048,my_ring_all_reduce,4,8
2171,0.6981699999999992,0.6987490000000003,0.698395333333333,0.6982669999999999,0.00025319601541577415,0,4,2850816,my_ring_all_reduce,4,8
2172,0.6986850000000004,0.700924,0.6995913333333338,0.6991650000000009,0.0009624968686814951,0,4,2883584,my_ring_all_reduce,4,8
2173,0.6991620000000012,0.7005730000000012,0.6996970000000008,0.6993559999999998,0.0006244683071758072,0,4,2916352,my_ring_all_reduce,4,8
2174,0.6999949999999999,0.7012750000000014,0.7005170000000005,0.7002809999999999,0.0005485568946494287,0,4,2949120,my_ring_all_reduce,4,8
2175,0.720411000000001,0.7228119999999999,0.7218840000000001,0.7224289999999992,0.0010532391308080578,0,4,2981888,my_ring_all_reduce,4,8
2176,0.7231670000000003,0.7238679999999995,0.7234743333333334,0.7233880000000008,0.00029262072532314784,0,4,3014656,my_ring_all_reduce,4,8
2177,0.7236150000000002,0.7243179999999994,0.7239326666666663,0.7238649999999998,0.000290959714660554,0,4,3047424,my_ring_all_reduce,4,8
2178,0.7237749999999996,0.724860999999999,0.7242323333333328,0.7240609999999997,0.000459612397086149,0,4,3080192,my_ring_all_reduce,4,8
2179,0.7244119999999975,0.726652,0.7256383333333325,0.7258510000000001,0.0009267579091781517,0,4,3112960,my_ring_all_reduce,4,8
2180,0.7404440000000032,0.7510009999999984,0.7469273333333332,0.7493369999999977,0.0046344674151622,0,4,3145728,my_ring_all_reduce,4,8
2181,0.7423010000000013,0.7513239999999997,0.7482313333333339,0.7510690000000004,0.004194670931338609,0,4,3178496,my_ring_all_reduce,4,8
2182,0.7450190000000012,0.753434000000002,0.7504913333333344,0.7530209999999997,0.003873195608566827,0,4,3211264,my_ring_all_reduce,4,8
2183,0.7485429999999997,0.7590990000000011,0.7528500000000005,0.7509080000000004,0.004522964146074062,0,4,3244032,my_ring_all_reduce,4,8
2184,0.7447290000000012,0.7614979999999987,0.7508530000000001,0.7463320000000003,0.0075555463513005735,0,4,3276800,my_ring_all_reduce,4,8
2185,0.7453720000000013,0.7567030000000013,0.7514423333333343,0.7522520000000005,0.004661155817558071,0,4,3309568,my_ring_all_reduce,4,8
2186,0.7433869999999992,0.758424,0.7516639999999999,0.7531810000000005,0.006231843440481423,0,4,3342336,my_ring_all_reduce,4,8
2187,0.7472330000000001,0.750714,0.7492876666666665,0.7499159999999992,0.0014889464582566537,0,4,3375104,my_ring_all_reduce,4,8
2188,0.7514200000000001,0.7551620000000003,0.7535203333333332,0.7539789999999994,0.001561713233030405,0,4,3407872,my_ring_all_reduce,4,8
2189,0.7512579999999999,0.7539809999999998,0.7525923333333329,0.7525379999999987,0.0011123237937858698,0,4,3440640,my_ring_all_reduce,4,8
2190,0.7519630000000007,0.7565400000000004,0.7541180000000006,0.7538510000000006,0.001878066204015778,0,4,3473408,my_ring_all_reduce,4,8
2191,0.745882999999999,0.7564099999999999,0.7526243333333329,0.7555799999999999,0.004778870601117644,0,4,3506176,my_ring_all_reduce,4,8
2192,0.7477399999999998,0.7585219999999999,0.7513770000000001,0.7478690000000006,0.005052552424270199,0,4,3538944,my_ring_all_reduce,4,8
2193,0.7748449999999993,0.7772750000000015,0.7764010000000008,0.7770830000000014,0.0011030466898559626,0,4,3571712,my_ring_all_reduce,4,8
2194,0.7737199999999994,0.7775659999999999,0.7753439999999995,0.7747459999999992,0.0016260651893453663,0,4,3604480,my_ring_all_reduce,4,8
2195,0.7773379999999998,0.7886029999999996,0.7814876666666665,0.7785219999999999,0.005054466034002786,0,4,3637248,my_ring_all_reduce,4,8
2196,0.7776590000000005,0.7806070000000009,0.7791003333333338,0.7790349999999999,0.0012044022952856376,0,4,3670016,my_ring_all_reduce,4,8
2197,0.7698499999999977,0.7835149999999999,0.7777116666666659,0.77977,0.005765449293469414,0,4,3702784,my_ring_all_reduce,4,8
2198,0.7706520000000001,0.7794520000000003,0.776252,0.778652,0.0039732438468670405,0,4,3735552,my_ring_all_reduce,4,8
2199,0.779482,0.7897559999999995,0.7855416666666667,0.7873870000000006,0.004392623387250655,0,4,3768320,my_ring_all_reduce,4,8
2200,0.7747140000000018,0.7921530000000012,0.7826286666666679,0.7810190000000002,0.007209852071220804,0,4,3801088,my_ring_all_reduce,4,8
2201,0.779581000000002,0.7821080000000001,0.7806470000000006,0.780252,0.0010687846680531193,0,4,3833856,my_ring_all_reduce,4,8
2202,0.7763469999999961,0.7816940000000004,0.7789086666666659,0.7786850000000013,0.0021886254945885117,0,4,3866624,my_ring_all_reduce,4,8
2203,0.7727000000000016,0.7815930000000008,0.7777436666666672,0.7789379999999992,0.003727482289993899,0,4,3899392,my_ring_all_reduce,4,8
2204,0.7742330000000002,0.7826199999999999,0.7788853333333333,0.7798029999999999,0.0034849224126544506,0,4,3932160,my_ring_all_reduce,4,8
2205,0.7788109999999997,0.7827139999999999,0.7809756666666662,0.7814019999999992,0.0016216601233167342,0,4,3964928,my_ring_all_reduce,4,8
2206,0.773884,0.785018,0.7793546666666673,0.7791620000000021,0.004547477640284615,0,4,3997696,my_ring_all_reduce,4,8
2207,0.778812,0.785661,0.7819383333333337,0.7813420000000014,0.0028277093595739104,0,4,4030464,my_ring_all_reduce,4,8
2208,0.7819459999999999,0.7851769999999997,0.7837586666666666,0.7841530000000002,0.0013481998697851666,0,4,4063232,my_ring_all_reduce,4,8
2209,0.7803489999999984,0.7862029999999995,0.7828759999999996,0.782076000000001,0.0024559219585865927,0,4,4096000,my_ring_all_reduce,4,8
2210,0.7762510000000039,0.7859759999999997,0.7799203333333344,0.7775339999999996,0.0043139190483301015,0,4,4128768,my_ring_all_reduce,4,8
2211,0.8002190000000028,0.8093420000000001,0.8050200000000006,0.8054989999999989,0.00373981844478994,0,4,4161536,my_ring_all_reduce,4,8
2212,0.8013729999999996,0.8054969999999985,0.8035786666666661,0.803866,0.0016958310319390812,0,4,4194304,my_ring_all_reduce,4,8
2213,0.8037399999999989,0.804893000000001,0.8042839999999997,0.8042189999999991,0.00047294890492261086,0,4,4227072,my_ring_all_reduce,4,8
2214,0.8079000000000011,0.8112279999999983,0.8095313333333327,0.8094659999999986,0.0013594355037609748,0,4,4259840,my_ring_all_reduce,4,8
2215,0.7989709999999995,0.8076099999999997,0.8043893333333333,0.8065870000000005,0.00385403548965981,0,4,4292608,my_ring_all_reduce,4,8
2216,0.8012729999999992,0.807324999999999,0.8049119999999994,0.8061379999999999,0.002618394291673195,0,4,4325376,my_ring_all_reduce,4,8
2217,0.8023640000000014,0.8078030000000008,0.8056273333333343,0.8067150000000006,0.002349885718261097,0,4,4358144,my_ring_all_reduce,4,8
2218,0.8080249999999997,0.809019000000002,0.8085700000000003,0.8086659999999993,0.00041143731802956146,0,4,4390912,my_ring_all_reduce,4,8
2219,0.8070359999999992,0.809018,0.8083149999999995,0.8088909999999991,0.0009058745314153756,0,4,4423680,my_ring_all_reduce,4,8
2220,0.8086669999999995,0.8108420000000011,0.8095093333333333,0.8090189999999994,0.0009532318127771091,0,4,4456448,my_ring_all_reduce,4,8
2221,0.805945999999999,0.8127600000000003,0.8093056666666675,0.809211000000003,0.0027826091273403975,0,4,4489216,my_ring_all_reduce,4,8
2222,0.8119339999999993,0.812346,0.812082333333333,0.8119669999999997,0.00018692660472938638,0,4,4521984,my_ring_all_reduce,4,8
2223,0.8179480000000021,0.8202839999999997,0.8192596666666674,0.8195470000000005,0.0009750707096856661,0,4,4554752,my_ring_all_reduce,4,8
2224,0.815067,0.8191629999999995,0.8177443333333327,0.8190029999999988,0.00189428708372151,0,4,4587520,my_ring_all_reduce,4,8
2225,0.816186999999999,0.8270019999999995,0.8200893333333329,0.8170790000000002,0.004901539644732925,0,4,4620288,my_ring_all_reduce,4,8
2226,0.8113559999999997,0.8124740000000001,0.8118776666666673,0.8118030000000017,0.00045946514799523325,0,4,4653056,my_ring_all_reduce,4,8
2227,0.8112910000000002,0.8131789999999997,0.8122823333333334,0.8123770000000005,0.0007736740628683633,0,4,4685824,my_ring_all_reduce,4,8
2228,0.8074500000000008,0.8153279999999995,0.8119316666666673,0.8130170000000017,0.0033064767082530548,0,4,4718592,my_ring_all_reduce,4,8
2229,1.004282000000001,1.0161539999999996,1.010937666666667,1.0123770000000005,0.004952430806067197,0,4,4751360,my_ring_all_reduce,4,8
2230,1.0220419999999995,1.0252440000000016,1.0235256666666672,1.0232910000000006,0.0013177006066975787,0,4,4784128,my_ring_all_reduce,4,8
2231,1.028251000000002,1.0340440000000017,1.0308006666666685,1.0301070000000019,0.002415311206081252,0,4,4816896,my_ring_all_reduce,4,8
2232,1.0343269999999993,1.0371460000000006,1.0359610000000006,1.0364100000000016,0.0011938428148916113,0,4,4849664,my_ring_all_reduce,4,8
2233,1.0420079999999998,1.0473850000000002,1.0443333333333331,1.043606999999999,0.002254433015687852,0,4,4882432,my_ring_all_reduce,4,8
2234,1.0450819999999985,1.047675000000001,1.0462233333333337,1.0459130000000014,0.001081092759922747,0,4,4915200,my_ring_all_reduce,4,8
2235,1.065723,1.068857,1.0673433333333346,1.0674500000000045,0.001281671391408829,0,4,4947968,my_ring_all_reduce,4,8
2236,1.0666500000000014,1.0743320000000003,1.071557333333333,1.073689999999997,0.0034798928463695114,0,4,4980736,my_ring_all_reduce,4,8
2237,1.077017,1.0782019999999974,1.0775953333333321,1.077566999999999,0.0004841888979395474,0,4,5013504,my_ring_all_reduce,4,8
2238,1.0742970000000005,1.0785210000000025,1.0768150000000019,1.0776270000000023,0.001817516987541869,0,4,5046272,my_ring_all_reduce,4,8
2239,1.1058490000000039,1.1104880000000004,1.1075343333333347,1.1062660000000006,0.002095484404352543,0,4,5079040,my_ring_all_reduce,4,8
2240,1.1201849999999978,1.1226170000000002,1.1213906666666664,1.1213700000000009,0.0009929673822559168,0,4,5111808,my_ring_all_reduce,4,8
2241,1.127961000000001,1.1320579999999991,1.1298603333333335,1.129562,0.0016858438704556483,0,4,5144576,my_ring_all_reduce,4,8
2242,1.1322160000000003,1.1375290000000005,1.135289333333333,1.1361229999999978,0.0022477013937697143,0,4,5177344,my_ring_all_reduce,4,8
2243,1.1657520000000003,1.1751279999999997,1.1703390000000002,1.1701370000000006,0.003830400066137304,0,4,5210112,my_ring_all_reduce,4,8
2244,1.1910689999999977,1.19468,1.1927193333333326,1.192409,0.0014904273063648607,0,4,5242880,my_ring_all_reduce,4,8
2245,1.202038999999999,1.203096,1.2025839999999999,1.2026170000000003,0.00043214889409441703,0,4,5275648,my_ring_all_reduce,4,8
2246,1.2035769999999975,1.2082499999999983,1.205816999999998,1.205623999999998,0.0019126193208968468,0,4,5308416,my_ring_all_reduce,4,8
2247,1.2125379999999986,1.2166320000000006,1.215054333333334,1.2159930000000023,0.0017983381834979543,0,4,5341184,my_ring_all_reduce,4,8
2248,1.215128999999999,1.2200550000000003,1.2176666666666667,1.2178160000000007,0.002013801435649624,0,4,5373952,my_ring_all_reduce,4,8
2249,1.2215930000000008,1.2271279999999998,1.2237263333333332,1.2224579999999987,0.0024311257109046495,0,4,5406720,my_ring_all_reduce,4,8
2250,1.2135650000000004,1.2170480000000008,1.215514666666668,1.2159310000000023,0.0014520840961263555,0,4,5439488,my_ring_all_reduce,4,8
2251,1.2129219999999987,1.2211779999999999,1.2164313333333328,1.2151939999999994,0.003482205176162361,0,4,5472256,my_ring_all_reduce,4,8
2252,1.2171129999999994,1.2182009999999992,1.2176669999999992,1.217686999999999,0.0004443992199212042,0,4,5505024,my_ring_all_reduce,4,8
2253,1.2228109999999988,1.2273849999999997,1.2244313333333323,1.2230979999999982,0.0020918416659866774,0,4,5537792,my_ring_all_reduce,4,8
2254,1.2238320000000003,1.2250469999999996,1.2245466666666665,1.2247609999999995,0.0005186587402990084,0,4,5570560,my_ring_all_reduce,4,8
2255,1.2285729999999995,1.229496000000001,1.229177666666667,1.229464,0.00042776343410343875,0,4,5603328,my_ring_all_reduce,4,8
2256,1.2434810000000025,1.249016999999999,1.2467016666666673,1.2476070000000008,0.00234897783916374,0,4,5636096,my_ring_all_reduce,4,8
2257,1.253181999999999,1.2583599999999988,1.2555349999999992,1.255063,0.002140094857710626,0,4,5668864,my_ring_all_reduce,4,8
2258,1.2555129999999972,1.263382999999999,1.2593096666666659,1.2590330000000014,0.0032188645341009706,0,4,5701632,my_ring_all_reduce,4,8
2259,1.2598970000000027,1.2636079999999994,1.2615603333333345,1.261176000000001,0.001539191201752233,0,4,5734400,my_ring_all_reduce,4,8
2260,1.2631939999999977,1.2713819999999987,1.2672666666666654,1.2672240000000001,0.003342873148788552,0,4,5767168,my_ring_all_reduce,4,8
2261,1.259546000000002,1.2665829999999987,1.2632989999999997,1.2637679999999982,0.002891921276013248,0,4,5799936,my_ring_all_reduce,4,8
2262,1.2564709999999986,1.2623289999999998,1.2599706666666661,1.261112,0.002524020910285536,0,4,5832704,my_ring_all_reduce,4,8
2263,1.2524419999999992,1.2568250000000007,1.254147333333333,1.2531749999999993,0.0019168978990959102,0,4,5865472,my_ring_all_reduce,4,8
2264,1.2548770000000005,1.2620740000000015,1.258202000000001,1.2576550000000006,0.002963512443031502,0,4,5898240,my_ring_all_reduce,4,8
2265,1.2739770000000017,1.2788100000000013,1.2756090000000013,1.274040000000001,0.002263594928426907,0,4,5931008,my_ring_all_reduce,4,8
2266,1.2808560000000007,1.2872240000000001,1.284494333333334,1.2854030000000016,0.0026779485100019884,0,4,5963776,my_ring_all_reduce,4,8
2267,1.2835750000000008,1.2913850000000002,1.2877146666666672,1.288184000000001,0.0032056440157251166,0,4,5996544,my_ring_all_reduce,4,8
2268,1.291608000000002,1.2971119999999996,1.2945840000000004,1.2950319999999993,0.0022692189552049923,0,4,6029312,my_ring_all_reduce,4,8
2269,1.2932749999999988,1.2981679999999989,1.2954173333333323,1.2948089999999992,0.0020433492658432474,0,4,6062080,my_ring_all_reduce,4,8
2270,1.2988409999999995,1.307129,1.3031069999999998,1.3033509999999997,0.0033879578903327724,0,4,6094848,my_ring_all_reduce,4,8
2271,1.3048549999999997,1.3079919999999994,1.3064453333333332,1.3064890000000005,0.0012810470543876574,0,4,6127616,my_ring_all_reduce,4,8
2272,1.3056270000000005,1.3100719999999983,1.3071609999999996,1.3057839999999996,0.002059385507053808,0,4,6160384,my_ring_all_reduce,4,8
2273,1.3062310000000008,1.3118310000000002,1.309261666666667,1.309723,0.0023093464202859596,0,4,6193152,my_ring_all_reduce,4,8
2274,1.3018810000000012,1.3078629999999993,1.3043549999999995,1.3033209999999982,0.00254924145580558,0,4,6225920,my_ring_all_reduce,4,8
2275,1.3092729999999992,1.3153559999999997,1.3114383333333328,1.3096859999999997,0.0027753349747774636,0,4,6258688,my_ring_all_reduce,4,8
2276,1.3129549999999945,1.3146810000000013,1.313795666666665,1.3137509999999992,0.0007053440452900152,0,4,6291456,my_ring_all_reduce,4,8
2277,1.320088999999998,1.3259129999999997,1.322191,1.3205710000000017,0.0026391973527318323,0,4,6324224,my_ring_all_reduce,4,8
2278,1.323735999999999,1.3321859999999996,1.3279066666666663,1.3277980000000003,0.003450553707579537,0,4,6356992,my_ring_all_reduce,4,8
2279,1.3250139999999992,1.333307999999999,1.3284616666666669,1.3270630000000028,0.0035274930033785987,0,4,6389760,my_ring_all_reduce,4,8
2280,1.327192000000001,1.3301360000000004,1.328994666666667,1.3296559999999995,0.0012896524941062289,0,4,6422528,my_ring_all_reduce,4,8
2281,1.3280589999999983,1.3357990000000017,1.331620666666667,1.3310040000000007,0.00318978665256744,0,4,6455296,my_ring_all_reduce,4,8
2282,1.326295000000002,1.3312249999999994,1.329379333333334,1.3306180000000005,0.002194986155359037,0,4,6488064,my_ring_all_reduce,4,8
2283,1.330938000000002,1.3338459999999996,1.33259,1.3329859999999984,0.0012197617253643467,0,4,6520832,my_ring_all_reduce,4,8
2284,1.3349079999999987,1.3386169999999966,1.3366343333333317,1.3363779999999996,0.0015250028050966655,0,4,6553600,my_ring_all_reduce,4,8
2285,1.3390989999999965,1.344760000000001,1.3426493333333325,1.3440889999999999,0.0025253660240775484,0,4,6586368,my_ring_all_reduce,4,8
2286,1.347192000000001,1.3506509999999998,1.3491773333333335,1.3496889999999995,0.0014577430805485373,0,4,6619136,my_ring_all_reduce,4,8
2287,1.356216000000002,1.360855999999999,1.3588513333333336,1.3594819999999992,0.0019460567537673424,0,4,6651904,my_ring_all_reduce,4,8
2288,1.3600230000000002,1.3694300000000021,1.365409333333334,1.3667749999999996,0.0039599407683567145,0,4,6684672,my_ring_all_reduce,4,8
2289,1.3650779999999996,1.3669660000000003,1.3660596666666667,1.3661350000000003,0.0007726113008639791,0,4,6717440,my_ring_all_reduce,4,8
2290,1.373661,1.3805990000000001,1.3763986666666668,1.3749359999999997,0.0030153503205359346,0,4,6750208,my_ring_all_reduce,4,8
2291,1.3789349999999996,1.3870949999999975,1.3818683333333321,1.3795749999999989,0.0037050356123636374,0,4,6782976,my_ring_all_reduce,4,8
2292,1.381978000000001,1.3898790000000008,1.3854003333333342,1.384344000000001,0.0033109243757931802,0,4,6815744,my_ring_all_reduce,4,8
2293,1.3849520000000022,1.3935299999999988,1.3898596666666674,1.3910970000000007,0.003609595206605045,0,4,6848512,my_ring_all_reduce,4,8
2294,1.390808,1.397496,1.3938586666666675,1.3932720000000027,0.0027616986721136993,0,4,6881280,my_ring_all_reduce,4,8
2295,1.3871939999999996,1.3981029999999974,1.392931666666666,1.3934980000000015,0.004471548600751437,0,4,6914048,my_ring_all_reduce,4,8
2296,1.3974349999999978,1.3987440000000024,1.3982220000000003,1.398487,0.0005662973306211963,0,4,6946816,my_ring_all_reduce,4,8
2297,1.3914800000000014,1.4068100000000014,1.3999710000000014,1.4016230000000014,0.006366529824009334,0,4,6979584,my_ring_all_reduce,4,8
2298,1.393657000000001,1.4020089999999992,1.3976780000000009,1.3973680000000022,0.003416728552284245,0,4,7012352,my_ring_all_reduce,4,8
2299,1.3930800000000028,1.4020710000000018,1.3970590000000007,1.396025999999998,0.003742533633783432,0,4,7045120,my_ring_all_reduce,4,8
2300,1.396918999999999,1.4035800000000018,1.3991406666666666,1.3969229999999988,0.0031390831287013846,0,4,7077888,my_ring_all_reduce,4,8
2301,1.4031929999999992,1.4063900000000003,1.4051976666666661,1.4060099999999993,0.0014259771698346805,0,4,7110656,my_ring_all_reduce,4,8
2302,1.4044710000000005,1.4097219999999997,1.4067986666666672,1.4062030000000014,0.002184698962226529,0,4,7143424,my_ring_all_reduce,4,8
2303,1.4110959999999977,1.4180069999999996,1.4153619999999991,1.416983,0.003045347380295491,0,4,7176192,my_ring_all_reduce,4,8
2304,1.4134619999999996,1.421335,1.4164593333333333,1.414581,0.0034777516044454723,0,4,7208960,my_ring_all_reduce,4,8
2305,1.415353000000001,1.4198639999999978,1.417667333333333,1.4177849999999999,0.0018434866120707655,0,4,7241728,my_ring_all_reduce,4,8
2306,1.4192879999999988,1.4269390000000004,1.4238323333333334,1.4252700000000005,0.0032847744045663018,0,4,7274496,my_ring_all_reduce,4,8
2307,1.4226179999999986,1.4261059999999979,1.4247396666666658,1.4254950000000008,0.0015208401917655092,0,4,7307264,my_ring_all_reduce,4,8
2308,1.4268360000000002,1.4334950000000009,1.4299533333333336,1.4295290000000005,0.002735033739381835,0,4,7340032,my_ring_all_reduce,4,8
2309,1.4338479999999982,1.4361170000000012,1.4351803333333333,1.435576,0.0009676446776707493,0,4,7372800,my_ring_all_reduce,4,8
2310,1.4377529999999998,1.446487000000001,1.441260333333333,1.4395409999999975,0.003767206686953719,0,4,7405568,my_ring_all_reduce,4,8
2311,1.4407299999999996,1.4475760000000009,1.443054,1.4408559999999997,0.0031979505937402525,0,4,7438336,my_ring_all_reduce,4,8
2312,1.448308,1.4543589999999986,1.452152666666665,1.4537909999999974,0.002728461389785618,0,4,7471104,my_ring_all_reduce,4,8
2313,1.4470319999999974,1.4523409999999968,1.4498889999999978,1.450293999999999,0.002186227953957692,0,4,7503872,my_ring_all_reduce,4,8
2314,1.4574660000000004,1.4583290000000015,1.4579343333333343,1.4580080000000017,0.0003561482213291686,0,4,7536640,my_ring_all_reduce,4,8
2315,1.4675740000000006,1.4722150000000038,1.4695480000000025,1.4688550000000031,0.001957022738755114,0,4,7569408,my_ring_all_reduce,4,8
2316,1.4748370000000004,1.4796730000000007,1.4778590000000014,1.4790670000000028,0.0021511503899082174,0,4,7602176,my_ring_all_reduce,4,8
2317,1.491353000000001,1.5015600000000031,1.4963976666666678,1.4962799999999998,0.00416782088013582,0,4,7634944,my_ring_all_reduce,4,8
2318,1.4959619999999996,1.5022640000000003,1.4994483333333335,1.5001190000000006,0.002616122618601304,0,4,7667712,my_ring_all_reduce,4,8
2319,1.5033810000000012,1.5100399999999992,1.505985,1.5045339999999996,0.002905697965491721,0,4,7700480,my_ring_all_reduce,4,8
2320,1.5095899999999984,1.5178809999999998,1.5134099999999997,1.5127590000000009,0.0034159450620098873,0,4,7733248,my_ring_all_reduce,4,8
2321,1.5199619999999996,1.5280220000000009,1.5241406666666668,1.5244380000000002,0.003297191262609082,0,4,7766016,my_ring_all_reduce,4,8
2322,1.5189349999999986,1.5269979999999996,1.522753333333333,1.522327000000001,0.0033054815416553845,0,4,7798784,my_ring_all_reduce,4,8
2323,1.5226480000000011,1.530167999999998,1.5273093333333332,1.529112000000001,0.00332413450723884,0,4,7831552,my_ring_all_reduce,4,8
2324,1.5290179999999982,1.5372700000000004,1.5341249999999993,1.5360869999999995,0.0036433463555738013,0,4,7864320,my_ring_all_reduce,4,8
2325,1.5237649999999994,1.5353819999999991,1.5290673333333322,1.5280549999999986,0.00479633793175117,0,4,7897088,my_ring_all_reduce,4,8
2326,1.5301010000000024,1.5419140000000007,1.5343063333333342,1.5309039999999996,0.005389412233464785,0,4,7929856,my_ring_all_reduce,4,8
2327,1.5300750000000007,1.5353830000000026,1.5321310000000015,1.5309350000000013,0.002326159639119872,0,4,7962624,my_ring_all_reduce,4,8
2328,1.5364719999999998,1.5426450000000023,1.540471666666667,1.5422979999999988,0.0028317370797606165,0,4,7995392,my_ring_all_reduce,4,8
2329,1.546294999999999,1.5497510000000003,1.5478316666666665,1.5474490000000005,0.0014366185606799408,0,4,8028160,my_ring_all_reduce,4,8
2330,1.5510970000000015,1.5518630000000002,1.5514896666666678,1.5515090000000018,0.0003130168614551601,0,4,8060928,my_ring_all_reduce,4,8
2331,1.547445999999998,1.5558599999999998,1.5514886666666658,1.5511599999999999,0.003442853984060334,0,4,8093696,my_ring_all_reduce,4,8
2332,1.553141999999998,1.557335000000001,1.5553826666666672,1.555671000000002,0.0017238840512711102,0,4,8126464,my_ring_all_reduce,4,8
2333,1.5561190000000025,1.5591280000000007,1.5581240000000005,1.5591249999999983,0.0014177496252851082,0,4,8159232,my_ring_all_reduce,4,8
2334,1.5530789999999979,1.558009,1.5554586666666663,1.5552880000000013,0.002016278805677776,0,4,8192000,my_ring_all_reduce,4,8
2335,1.5530149999999994,1.5610480000000007,1.5579323333333335,1.5597340000000004,0.003518216814745713,0,4,8224768,my_ring_all_reduce,4,8
2336,1.5578499999999986,1.5673500000000022,1.561868666666667,1.560406,0.004013896306030771,0,4,8257536,my_ring_all_reduce,4,8
2337,1.5495290000000004,1.5631899999999987,1.557943666666666,1.5611119999999992,0.006010240279906783,0,4,8290304,my_ring_all_reduce,4,8
2338,1.5552219999999979,1.5670940000000082,1.5614096666666688,1.5619130000000006,0.004859773954509499,0,4,8323072,my_ring_all_reduce,4,8
2339,1.5618479999999981,1.5630979999999994,1.562338666666666,1.5620699999999998,0.0005445250733950718,0,4,8355840,my_ring_all_reduce,4,8
2340,1.5534959999999973,1.5645339999999996,1.5603963333333308,1.563158999999996,0.0049114564257688505,0,4,8388608,my_ring_all_reduce,4,8
2341,1.5567919999999977,1.5649209999999985,1.5608146666666665,1.5607310000000034,0.003319177642462644,0,4,8421376,my_ring_all_reduce,4,8
2342,1.5606630000000006,1.562585000000001,1.5617733333333332,1.5620719999999984,0.0008125771074521737,0,4,8454144,my_ring_all_reduce,4,8
2343,1.5571449999999987,1.560089,1.5585203333333333,1.5583270000000011,0.0012096328184853008,0,4,8486912,my_ring_all_reduce,4,8
2344,1.5620409999999956,1.571735999999999,1.565496333333332,1.5627120000000014,0.004420606318394032,0,4,8519680,my_ring_all_reduce,4,8
2345,1.5633509999999988,1.5663610000000046,1.565207000000001,1.5659089999999998,0.0013252994630163853,0,4,8552448,my_ring_all_reduce,4,8
2346,1.5648889999999984,1.5737829999999995,1.5689726666666663,1.5682460000000011,0.0036671371516335456,0,4,8585216,my_ring_all_reduce,4,8
2347,1.5721189999999987,1.5777520000000005,1.5742096666666658,1.572757999999999,0.0025183558569483676,0,4,8617984,my_ring_all_reduce,4,8
2348,1.5759260000000013,1.582167000000005,1.579009333333336,1.5789350000000013,0.0025484196846078376,0,4,8650752,my_ring_all_reduce,4,8
2349,1.580982999999999,1.5820729999999985,1.5814309999999996,1.5812370000000011,0.0004656550941052912,0,4,8683520,my_ring_all_reduce,4,8
2350,1.587192000000001,1.5903920000000007,1.5891120000000003,1.5897519999999996,0.0013825580156600133,0,4,8716288,my_ring_all_reduce,4,8
2351,1.5921209999999975,1.5929840000000004,1.5924939999999994,1.5923770000000004,0.00036190145988569986,0,4,8749056,my_ring_all_reduce,4,8
2352,1.593273000000001,1.5968550000000032,1.5954056666666678,1.596088999999999,0.0015401059126642557,0,4,8781824,my_ring_all_reduce,4,8
2353,1.5965339999999997,1.5973030000000017,1.5970256666666653,1.5972399999999944,0.000348610894200369,0,4,8814592,my_ring_all_reduce,4,8
2354,1.5929829999999994,1.597972999999998,1.5961179999999995,1.597398000000001,0.0022291739875268724,0,4,8847360,my_ring_all_reduce,4,8
2355,1.594776,1.598135000000002,1.5966100000000008,1.596919,0.0013886038551973034,0,4,8880128,my_ring_all_reduce,4,8
2356,1.5952570000000015,1.6002169999999987,1.5970913333333339,1.5958000000000012,0.002221269356820537,0,4,8912896,my_ring_all_reduce,4,8
2357,1.5963139999999985,1.600278000000002,1.5988393333333335,1.5999259999999995,0.001791453289620787,0,4,8945664,my_ring_all_reduce,4,8
2358,1.595415000000001,1.5982289999999995,1.5970243333333336,1.5974290000000002,0.001183910281885495,0,4,8978432,my_ring_all_reduce,4,8
2359,1.6252700000000004,1.631223,1.6273616666666664,1.6255919999999988,0.0027335376752887896,0,4,9011200,my_ring_all_reduce,4,8
2360,1.6425820000000022,1.6534629999999988,1.6489076666666664,1.650677999999998,0.004615163437576218,0,4,9043968,my_ring_all_reduce,4,8
2361,1.6628719999999995,1.6687600000000011,1.6649946666666666,1.663351999999999,0.0026696942812914357,0,4,9076736,my_ring_all_reduce,4,8
2362,1.672375,1.6857189999999995,1.6786683333333332,1.6779110000000002,0.005473922988943743,0,4,9109504,my_ring_all_reduce,4,8
2363,1.6800550000000003,1.6859079999999995,1.6831159999999983,1.6833849999999948,0.0023970360865029883,0,4,9142272,my_ring_all_reduce,4,8
2364,1.6833199999999997,1.6941669999999978,1.6899856666666662,1.6924700000000013,0.004763981971231562,0,4,9175040,my_ring_all_reduce,4,8
2365,1.6862610000000005,1.694931999999997,1.691807999999999,1.6942309999999998,0.0039327477247668,0,4,9207808,my_ring_all_reduce,4,8
2366,1.694103000000001,1.7022969999999995,1.696855000000001,1.694165000000002,0.0038481583473993827,0,4,9240576,my_ring_all_reduce,4,8
2367,1.693013999999992,1.6985519999999996,1.6953933333333309,1.6946140000000014,0.0023270698791040506,0,4,9273344,my_ring_all_reduce,4,8
2368,1.6981980000000003,1.6996059999999997,1.6987843333333332,1.6985489999999992,0.000598415871744231,0,4,9306112,my_ring_all_reduce,4,8
2369,1.6915409999999975,1.7080230000000012,1.6991369999999997,1.6978469999999999,0.006790294838960945,0,4,9338880,my_ring_all_reduce,4,8
2370,1.6959909999999982,1.7111950000000011,1.7024880000000004,1.7002780000000013,0.00640070199275144,0,4,9371648,my_ring_all_reduce,4,8
2371,1.6997669999999998,1.703189999999995,1.7014943333333312,1.701525999999999,0.0013976132830234363,0,4,9404416,my_ring_all_reduce,4,8
2372,1.7022000000000008,1.706518,1.7037890000000004,1.7026490000000003,0.0019383809395125428,0,4,9437184,my_ring_all_reduce,4,8
2373,1.7998950000000005,1.8101009999999997,1.8047253333333346,1.804180000000004,0.004184387675899351,0,4,9469952,my_ring_all_reduce,4,8
2374,1.8158300000000054,1.8173979999999974,1.8165440000000004,1.8164039999999986,0.0006477427472868832,0,4,9502720,my_ring_all_reduce,4,8
2375,1.8208219999999984,1.8233500000000022,1.8217610000000004,1.8211110000000008,0.0011297701831211979,0,4,9535488,my_ring_all_reduce,4,8
2376,1.8242139999999964,1.8253379999999997,1.8247489999999988,1.8246949999999997,0.0004604570193490573,0,4,9568256,my_ring_all_reduce,4,8
2377,1.8273169999999954,1.8374310000000014,1.8323520000000004,1.8323080000000045,0.0041291404270969705,0,4,9601024,my_ring_all_reduce,4,8
2378,1.8397990000000009,1.8416549999999998,1.8407483333333332,1.8407909999999994,0.0007583092303857476,0,4,9633792,my_ring_all_reduce,4,8
2379,1.8401840000000012,1.8490460000000022,1.8443316666666683,1.8437650000000012,0.0036400177960497376,0,4,9666560,my_ring_all_reduce,4,8
2380,1.851318000000003,1.8557689999999993,1.853420333333334,1.8531739999999992,0.0018254424729958595,0,4,9699328,my_ring_all_reduce,4,8
2381,1.8541989999999968,1.8601179999999986,1.857751333333331,1.858936999999998,0.0025577326330611682,0,4,9732096,my_ring_all_reduce,4,8
2382,1.8554819999999983,1.8645319999999956,1.8603309999999986,1.8609790000000013,0.003722951606811522,0,4,9764864,my_ring_all_reduce,4,8
2383,1.8793489999999984,1.88575,1.8816753333333354,1.879927000000007,0.0028908709568023494,0,4,9797632,my_ring_all_reduce,4,8
2384,1.9010140000000002,1.906519000000002,1.9035213333333338,1.903030999999999,0.0022739944786417158,0,4,9830400,my_ring_all_reduce,4,8
2385,1.9224209999999986,1.925842999999997,1.9243409999999983,1.9247589999999992,0.0014279505126807855,0,4,9863168,my_ring_all_reduce,4,8
2386,1.9446619999999986,1.9540710000000017,1.948470666666666,1.9466789999999983,0.004044739162035154,0,4,9895936,my_ring_all_reduce,4,8
2387,1.9735259999999981,1.9798630000000048,1.9764273333333342,1.9758930000000001,0.0026145141464977485,0,4,9928704,my_ring_all_reduce,4,8
2388,1.9923729999999986,1.9957679999999982,1.9937396666666654,1.9930779999999986,0.0014628416030298783,0,4,9961472,my_ring_all_reduce,4,8
2389,2.0137789999999987,2.0219429999999994,2.018292666666667,2.019156000000003,0.0033883852922731595,0,4,9994240,my_ring_all_reduce,4,8
2390,2.0368229999999987,2.043061,2.039764999999998,2.0394109999999963,0.0025589252952498633,0,4,10027008,my_ring_all_reduce,4,8
2391,2.054070999999999,2.0608860000000013,2.058442333333334,2.0603700000000025,0.00309816938781009,0,4,10059776,my_ring_all_reduce,4,8
2392,2.072597000000002,2.0762750000000008,2.0748046666666675,2.0755419999999996,0.001589479229880057,0,4,10092544,my_ring_all_reduce,4,8
2393,2.083025999999998,2.0938790000000007,2.0894709999999996,2.0915079999999997,0.004658964763407934,0,4,10125312,my_ring_all_reduce,4,8
2394,2.1010780000000016,2.105780999999999,2.103871333333333,2.104754999999999,0.0020191090994670993,0,4,10158080,my_ring_all_reduce,4,8
2395,2.119477999999999,2.123157000000003,2.121152,2.120820999999998,0.0015200725859879905,0,4,10190848,my_ring_all_reduce,4,8
2396,2.1344200000000018,2.140341000000008,2.1378120000000034,2.138674999999999,0.0024930753431606154,0,4,10223616,my_ring_all_reduce,4,8
2397,2.1458729999999995,2.152053,2.149982999999999,2.1520229999999976,0.002906234677378641,0,4,10256384,my_ring_all_reduce,4,8
2398,2.165107,2.16866,2.1671776666666664,2.167765999999999,0.001508985163022486,0,4,10289152,my_ring_all_reduce,4,8
2399,2.1871889999999987,2.1889149999999975,2.187839,2.1874130000000025,0.0007663228214432361,0,4,10321920,my_ring_all_reduce,4,8
2400,2.204278000000002,2.2091720000000015,2.2062503333333336,2.2053009999999977,0.0021077214131751333,0,4,10354688,my_ring_all_reduce,4,8
2401,2.2136519999999984,2.222966000000002,2.2183463333333333,2.2184209999999984,0.003802791109466044,0,4,10387456,my_ring_all_reduce,4,8
2402,2.237202999999998,2.239349000000002,2.238312999999998,2.238386999999995,0.0008776620458179952,0,4,10420224,my_ring_all_reduce,4,8
2403,2.241396000000001,2.249013000000003,2.245087666666668,2.244854,0.0031140137372145382,0,4,10452992,my_ring_all_reduce,4,8
2404,2.244725999999995,2.2507720000000004,2.246900999999999,2.245205000000001,0.0027441867040480313,0,4,10485760,my_ring_all_reduce,4,8
2405,2.2465470000000005,2.2676659999999993,2.2579713333333333,2.259701000000001,0.008708113088123528,0,4,10518528,my_ring_all_reduce,4,8
2406,2.2577779999999983,2.2635060000000005,2.2613629999999985,2.2628049999999966,0.0025510806860364445,0,4,10551296,my_ring_all_reduce,4,8
2407,2.2687260000000022,2.278005000000001,2.2729170000000005,2.2720199999999986,0.0038408694328235815,0,4,10584064,my_ring_all_reduce,4,8
2408,2.2709330000000008,2.2814910000000017,2.276030000000001,2.2756660000000006,0.004317963486027895,0,4,10616832,my_ring_all_reduce,4,8
2409,2.279636999999999,2.2871239999999964,2.2839239999999985,2.2850110000000003,0.0031517158289830986,0,4,10649600,my_ring_all_reduce,4,8
2410,2.2803079999999993,2.299769000000004,2.2927896666666694,2.298292000000005,0.00884644502360114,0,4,10682368,my_ring_all_reduce,4,8
2411,2.289237,2.3122740000000013,2.302291666666666,2.3053639999999977,0.00965247002355147,0,4,10715136,my_ring_all_reduce,4,8
2412,2.2964660000000006,2.3080209999999997,2.3041156666666662,2.307859999999999,0.005409530499240737,0,4,10747904,my_ring_all_reduce,4,8
2413,2.303125,2.313938000000002,2.3086490000000004,2.308883999999998,0.004417515214085095,0,4,10780672,my_ring_all_reduce,4,8
2414,2.302037000000004,2.321651000000001,2.310494333333336,2.307795000000002,0.00823172923644872,0,4,10813440,my_ring_all_reduce,4,8
2415,2.325013000000002,2.3415859999999977,2.334174000000002,2.3359230000000064,0.006878000339244737,0,4,10846208,my_ring_all_reduce,4,8
2416,2.262229999999996,2.269586000000001,2.2667926666666656,2.2685619999999997,0.0032532639336881005,0,4,10878976,my_ring_all_reduce,4,8
2417,2.2728830000000007,2.288851999999999,2.2813533333333336,2.2823250000000006,0.00655542230184656,0,4,10911744,my_ring_all_reduce,4,8
2418,2.267797999999999,2.2766590000000013,2.2727346666666652,2.2737469999999957,0.0036876319712735874,0,4,10944512,my_ring_all_reduce,4,8
2419,2.2816840000000003,2.2856189999999987,2.2832726666666665,2.2825149999999996,0.0016934383825676924,0,4,10977280,my_ring_all_reduce,4,8
2420,2.275507999999998,2.2856190000000063,2.2799343333333346,2.2786759999999995,0.0042226083829293775,0,4,11010048,my_ring_all_reduce,4,8
2421,2.2805319999999956,2.3004680000000044,2.288809,2.2854270000000008,0.008482903080120839,0,4,11042816,my_ring_all_reduce,4,8
2422,2.289396000000001,2.2973980000000047,2.292404333333335,2.290419,0.0035556679947518796,0,4,11075584,my_ring_all_reduce,4,8
2423,2.298004000000001,2.318900999999998,2.30786,2.3066749999999994,0.008572215621800838,0,4,11108352,my_ring_all_reduce,4,8
2424,2.3308050000000002,2.3695869999999997,2.3557856666666663,2.366965,0.01769640267273404,0,4,11141120,my_ring_all_reduce,4,8
2425,2.36453,2.3721170000000056,2.368927000000002,2.370134000000001,0.0032128158988671174,0,4,11173888,my_ring_all_reduce,4,8
2426,2.3691420000000036,2.371861000000001,2.370762333333335,2.3712840000000015,0.0011697128802485965,0,4,11206656,my_ring_all_reduce,4,8
2427,2.320402000000002,2.3252989999999993,2.3235606666666677,2.3249810000000033,0.0022372844154362696,0,4,11239424,my_ring_all_reduce,4,8
2428,2.328948999999997,2.331858999999993,2.3299399999999975,2.3290120000000023,0.001357181638540544,0,4,11272192,my_ring_all_reduce,4,8
2429,2.3276689999999998,2.3330759999999975,2.3299829999999995,2.3292040000000016,0.002275088716217679,0,4,11304960,my_ring_all_reduce,4,8
2430,2.3212669999999997,2.326225999999999,2.323336666666664,2.3225169999999924,0.002105834804115557,0,4,11337728,my_ring_all_reduce,4,8
2431,2.324947999999997,2.330484,2.326814666666666,2.3250120000000014,0.0025947420338494,0,4,11370496,my_ring_all_reduce,4,8
2432,2.322772000000001,2.3332040000000016,2.329417666666668,2.3322770000000017,0.004714410273006089,0,4,11403264,my_ring_all_reduce,4,8
2433,2.3219440000000033,2.333077000000001,2.3258993333333353,2.3226770000000014,0.0050841909440489455,0,4,11436032,my_ring_all_reduce,4,8
2434,2.351954999999998,2.3668029999999995,2.358749666666665,2.3574909999999982,0.006126660718169693,0,4,11468800,my_ring_all_reduce,4,8
2435,2.3845639999999984,2.3954750000000042,2.390632000000001,2.391857,0.004537837150011035,0,4,11501568,my_ring_all_reduce,4,8
2436,2.403125,2.403507999999998,2.4032633333333338,2.403157000000003,0.00017349799870615816,0,4,11534336,my_ring_all_reduce,4,8
2437,2.364787,2.370292000000005,2.3675936666666684,2.3677020000000013,0.002248711977013551,0,4,11567104,my_ring_all_reduce,4,8
2438,2.3122110000000067,2.316659000000003,2.315026333333336,2.316208999999999,0.001999200062244612,0,4,11599872,my_ring_all_reduce,4,8
2439,2.3129180000000016,2.322485000000001,2.316149333333335,2.313045000000002,0.004480292872370958,0,4,11632640,my_ring_all_reduce,4,8
2440,2.3184850000000017,2.325079999999998,2.3211839999999992,2.3199869999999976,0.0028223055586985035,0,4,11665408,my_ring_all_reduce,4,8
2441,2.319349000000002,2.3231220000000032,2.3210760000000037,2.3207570000000053,0.0015567493910927154,0,4,11698176,my_ring_all_reduce,4,8
2442,2.194742000000002,2.202261999999999,2.1992753333333326,2.2008219999999965,0.0032590114383879774,0,4,11730944,my_ring_all_reduce,4,8
2443,2.1931720000000006,2.202706000000002,2.197151000000002,2.1955750000000043,0.004048631126689709,0,4,11763712,my_ring_all_reduce,4,8
2444,2.198164999999999,2.2042110000000013,2.201748999999998,2.2028709999999956,0.002592642410103584,0,4,11796480,my_ring_all_reduce,4,8
2445,2.1966909999999973,2.2117009999999997,2.2037750000000007,2.2029330000000047,0.00615666294892576,0,4,11829248,my_ring_all_reduce,4,8
2446,2.198324,2.2053669999999985,2.200725333333333,2.1984850000000007,0.003282812039834657,0,4,11862016,my_ring_all_reduce,4,8
2447,2.199093000000001,2.203763000000001,2.2010016666666687,2.200149000000005,0.001999584178994831,0,4,11894784,my_ring_all_reduce,4,8
2448,2.203957000000002,2.214326000000001,2.2080533333333343,2.2058769999999996,0.0045041729047134585,0,4,11927552,my_ring_all_reduce,4,8
2449,2.265235999999997,2.3486609999999994,2.2946126666666653,2.269940999999999,0.038266181834908444,0,4,11960320,my_ring_all_reduce,4,8
2450,2.398321,2.4126600000000034,2.4078263333333347,2.412498,0.0067216110337402135,0,4,11993088,my_ring_all_reduce,4,8
2451,2.4080490000000045,2.4091380000000027,2.408721333333334,2.4089769999999953,0.00047993356021445,0,4,12025856,my_ring_all_reduce,4,8
2452,2.376630000000001,2.386995000000003,2.381833333333337,2.3818750000000075,0.004231596100239539,0,4,12058624,my_ring_all_reduce,4,8
2453,2.380178999999993,2.383219,2.381491333333331,2.381076000000001,0.001275349973756775,0,4,12091392,my_ring_all_reduce,4,8
2454,2.3614919999999984,2.3679529999999995,2.365224999999999,2.3662299999999976,0.002731745351724474,0,4,12124160,my_ring_all_reduce,4,8
2455,2.3589599999999993,2.3739720000000015,2.3656610000000007,2.3640510000000003,0.00623346404497622,0,4,12156928,my_ring_all_reduce,4,8
2456,2.308020000000004,2.311125,2.309823000000002,2.3103240000000023,0.0013161831179574076,0,4,12189696,my_ring_all_reduce,4,8
2457,2.322165,2.323768000000002,2.3227523333333338,2.3223239999999996,0.0007211122581750898,0,4,12222464,my_ring_all_reduce,4,8
2458,2.326165000000001,2.331475000000006,2.327955333333334,2.3262259999999952,0.00248890475689755,0,4,12255232,my_ring_all_reduce,4,8
2459,2.3266739999999992,2.3295880000000033,2.3279136666666678,2.3274790000000003,0.0012286985888436883,0,4,12288000,my_ring_all_reduce,4,8
2460,2.3210449999999985,2.3280490000000063,2.3245103333333357,2.324437000000002,0.0028598411766344208,0,4,12320768,my_ring_all_reduce,4,8
2461,2.319988999999998,2.3264830000000076,2.3234543333333355,2.3238910000000015,0.0026690844039813236,0,4,12353536,my_ring_all_reduce,4,8
2462,2.3206919999999993,2.323604000000003,2.321961333333333,2.321587999999996,0.001217776480131099,0,4,12386304,my_ring_all_reduce,4,8
2463,2.2947729999999984,2.3020380000000005,2.298868999999999,2.2997959999999984,0.0030374938134374945,0,4,12419072,my_ring_all_reduce,4,8
2464,2.300692000000001,2.3017800000000017,2.3013110000000014,2.301461000000001,0.0004566625303951157,0,4,12451840,my_ring_all_reduce,4,8
2465,2.3036710000000014,2.3097160000000003,2.306934333333334,2.3074159999999995,0.0024912524739348217,0,4,12484608,my_ring_all_reduce,4,8
2466,2.289174,2.291766999999996,2.290358333333333,2.290134000000002,0.0010704068800624007,0,4,12517376,my_ring_all_reduce,4,8
2467,2.2867060000000055,2.292758000000002,2.289993000000002,2.290515,0.00249813783980351,0,4,12550144,my_ring_all_reduce,4,8
2468,2.285268000000002,2.2921800000000023,2.288841666666666,2.289076999999994,0.002826714504312062,0,4,12582912,my_ring_all_reduce,4,8
2469,2.3000520000000035,2.3047860000000036,2.3023240000000027,2.302134000000002,0.0019373115392213596,0,4,12615680,my_ring_all_reduce,4,8
2470,2.356849999999998,2.3589310000000006,2.3580133333333326,2.358259,0.00086714256164957,0,4,12648448,my_ring_all_reduce,4,8
2471,2.2978770000000006,2.3089139999999997,2.304062666666668,2.3053970000000046,0.004603562123206633,0,4,12681216,my_ring_all_reduce,4,8
2472,2.3033539999999975,2.3085329999999993,2.3061139999999987,2.3064549999999984,0.0021280227129121085,0,4,12713984,my_ring_all_reduce,4,8
2473,2.3029320000000006,2.3196999999999988,2.310131999999999,2.3077639999999975,0.007047317409245851,0,4,12746752,my_ring_all_reduce,4,8
2474,2.3063550000000106,2.311126999999997,2.3092153333333374,2.3101640000000043,0.002060416193119094,0,4,12779520,my_ring_all_reduce,4,8
2475,2.305812,2.3119869999999976,2.308702666666666,2.3083090000000013,0.002536255288586559,0,4,12812288,my_ring_all_reduce,4,8
2476,2.302132999999998,2.305942999999999,2.304479999999998,2.3053639999999977,0.0016763287267122413,0,4,12845056,my_ring_all_reduce,4,8
2477,2.3069320000000006,2.3155400000000044,2.311838333333335,2.3130429999999995,0.0036159675822058797,0,4,12877824,my_ring_all_reduce,4,8
2478,2.3128510000000007,2.315285999999999,2.314398999999998,2.315059999999994,0.001098482893204463,0,4,12910592,my_ring_all_reduce,4,8
2479,2.3137149999999993,2.432242999999999,2.386216666666667,2.412692000000003,0.05188403191948629,0,4,12943360,my_ring_all_reduce,4,8
2480,2.425174999999992,2.4399849999999996,2.433117666666664,2.434192999999999,0.0060937826967817224,0,4,12976128,my_ring_all_reduce,4,8
2481,2.3658110000000017,2.376920000000002,2.3712853333333346,2.371125,0.004536647097680182,0,4,13008896,my_ring_all_reduce,4,8
2482,2.3136850000000004,2.3229960000000003,2.3173220000000003,2.3152850000000007,0.004064948298154077,0,4,13041664,my_ring_all_reduce,4,8
2483,2.3226440000000004,2.3302290000000014,2.326921333333334,2.3278909999999997,0.003171565999453709,0,4,13074432,my_ring_all_reduce,4,8
2484,2.3227400000000005,2.327157000000003,2.3253853333333354,2.326259000000002,0.0019061203762859736,0,4,13107200,my_ring_all_reduce,4,8
2485,2.326072000000004,2.332789000000001,2.330027000000001,2.3312199999999983,0.0028690252700159266,0,4,13139968,my_ring_all_reduce,4,8
2486,2.333649999999998,2.334898999999998,2.3342479999999988,2.334195,0.0005112774849987231,0,4,13172736,my_ring_all_reduce,4,8
2487,2.337204999999999,2.344403000000002,2.339955666666665,2.3382589999999945,0.0031740415176190395,0,4,13205504,my_ring_all_reduce,4,8
2488,2.33999,2.3511879999999947,2.3464729999999983,2.348241000000001,0.004739421132021538,0,4,13238272,my_ring_all_reduce,4,8
2489,2.2906779999999998,2.2976180000000057,2.2950073333333347,2.2967259999999987,0.0030828840753799602,0,4,13271040,my_ring_all_reduce,4,8
2490,2.296917000000003,2.306036,2.301130000000003,2.3004370000000054,0.003754928050796155,0,4,13303808,my_ring_all_reduce,4,8
2491,2.299158000000001,2.313364999999998,2.3061336666666654,2.305877999999997,0.005802800262707126,0,4,13336576,my_ring_all_reduce,4,8
2492,2.316019999999997,2.318516,2.317172333333333,2.3169810000000033,0.0010279300667963925,0,4,13369344,my_ring_all_reduce,4,8
2493,2.319603000000003,2.3313509999999997,2.3248736666666674,2.3236670000000004,0.004871407006421279,0,4,13402112,my_ring_all_reduce,4,8
2494,2.3324369999999943,2.3418459999999977,2.3377916666666643,2.3390920000000004,0.00394972322518551,0,4,13434880,my_ring_all_reduce,4,8
2495,2.335378999999999,2.3429630000000032,2.339443999999999,2.3399899999999945,0.0031201336509847992,0,4,13467648,my_ring_all_reduce,4,8
2496,2.309364000000002,2.3178149999999995,2.3133656666666664,2.312917999999998,0.0034645975555922105,0,4,13500416,my_ring_all_reduce,4,8
2497,2.321429,2.3339740000000013,2.328459,2.329973999999998,0.005232314656695339,0,4,13533184,my_ring_all_reduce,4,8
2498,2.3480529999999997,2.355699000000002,2.3518393333333365,2.351766000000007,0.0031218971084200687,0,4,13565952,my_ring_all_reduce,4,8
2499,2.3404670000000016,2.3516329999999996,2.345191666666667,2.3434749999999993,0.004717350763110195,0,4,13598720,my_ring_all_reduce,4,8
2500,2.2960820000000015,2.3211739999999974,2.3085549999999997,2.3084089999999997,0.010244286309937147,0,4,13631488,my_ring_all_reduce,4,8
2501,2.29842,2.316276,2.307743333333333,2.308533999999998,0.00731108971965779,0,4,13664256,my_ring_all_reduce,4,8
2502,2.310515000000003,2.3235730000000006,2.3173320000000017,2.3179080000000014,0.005346442617914733,0,4,13697024,my_ring_all_reduce,4,8
2503,2.318419000000002,2.323988999999998,2.320617000000001,2.319443000000003,0.002420734323848251,0,4,13729792,my_ring_all_reduce,4,8
2504,2.2952220000000008,2.302738000000001,2.2991243333333338,2.2994130000000004,0.003075175911860903,0,4,13762560,my_ring_all_reduce,4,8
2505,2.3116370000000024,2.313972999999998,2.312532333333333,2.3119869999999993,0.00102867725205034,0,4,13795328,my_ring_all_reduce,4,8
2506,2.3127260000000023,2.3219079999999956,2.3170656666666662,2.3165630000000004,0.003765349592738338,0,4,13828096,my_ring_all_reduce,4,8
2507,2.3260070000000006,2.3341619999999965,2.329823666666668,2.329302000000007,0.0033496376255064114,0,4,13860864,my_ring_all_reduce,4,8
2508,2.326195999999998,2.334931999999997,2.3316576666666653,2.333845000000001,0.0038873936712863974,0,4,13893632,my_ring_all_reduce,4,8
2509,2.3335570000000025,2.3435099999999998,2.3372696666666677,2.3347420000000003,0.004439022139564943,0,4,13926400,my_ring_all_reduce,4,8
2510,2.344049999999994,2.3497209999999997,2.3462926666666637,2.3451069999999983,0.002462304385915486,0,4,13959168,my_ring_all_reduce,4,8
2511,2.3148690000000025,2.3218449999999975,2.3175033333333332,2.315796,0.003093259805158686,0,4,13991936,my_ring_all_reduce,4,8
2512,2.3235409999999974,2.3291760000000012,2.326016666666666,2.3253329999999988,0.0023507241910163935,0,4,14024704,my_ring_all_reduce,4,8
2513,2.3278620000000028,2.3375880000000033,2.3320956666666697,2.3308370000000034,0.004069148177308176,0,4,14057472,my_ring_all_reduce,4,8
2514,2.3283709999999993,2.330132999999999,2.3292146666666658,2.3291399999999993,0.0007212684813729978,0,4,14090240,my_ring_all_reduce,4,8
2515,2.304724,2.3082790000000006,2.306219000000001,2.3056540000000023,0.0015053072776014158,0,4,14123008,my_ring_all_reduce,4,8
2516,2.3191899999999985,2.3233819999999996,2.3207683333333327,2.3197330000000003,0.0018613887885723691,0,4,14155776,my_ring_all_reduce,4,8
2517,2.3117970000000003,2.319253999999999,2.3162130000000007,2.3175880000000033,0.0031957973444301504,0,4,14188544,my_ring_all_reduce,4,8
2518,2.2944529999999994,2.3037330000000003,2.2989319999999975,2.2986099999999934,0.003795379910716536,0,4,14221312,my_ring_all_reduce,4,8
2519,2.305750000000002,2.3079870000000002,2.3065700000000007,2.305973,0.0010060977421035597,0,4,14254080,my_ring_all_reduce,4,8
2520,2.3040880000000006,2.3085010000000077,2.306815666666671,2.307858000000004,0.001946533043361767,0,4,14286848,my_ring_all_reduce,4,8
2521,2.3063899999999995,2.3180340000000017,2.312159666666667,2.3120550000000004,0.004754219202164621,0,4,14319616,my_ring_all_reduce,4,8
2522,2.313462000000007,2.323315999999999,2.3174176666666693,2.3154750000000024,0.004250944548630263,0,4,14352384,my_ring_all_reduce,4,8
2523,2.3187740000000012,2.3266450000000005,2.321524666666667,2.319154999999999,0.0036239619509900183,0,4,14385152,my_ring_all_reduce,4,8
2524,2.3308359999999992,2.333011999999995,2.331603999999999,2.330964000000004,0.0009969767633505426,0,4,14417920,my_ring_all_reduce,4,8
2525,2.3120509999999994,2.320531999999999,2.3165003333333347,2.316918000000005,0.0034749267937933767,0,4,14450688,my_ring_all_reduce,4,8
2526,2.316918,2.3234749999999984,2.319903666666666,2.3193179999999995,0.00270872864807194,0,4,14483456,my_ring_all_reduce,4,8
2527,2.335381000000003,2.3386769999999997,2.3368633333333326,2.3365319999999956,0.0013658307199478005,0,4,14516224,my_ring_all_reduce,4,8
2528,2.3428059999999986,2.3592220000000017,2.3517223333333335,2.353139,0.006776256209902271,0,4,14548992,my_ring_all_reduce,4,8
2529,2.322742000000002,2.3297790000000007,2.3271893333333336,2.3290469999999988,0.0031589065970494285,0,4,14581760,my_ring_all_reduce,4,8
2530,2.347509000000002,2.351285,2.3498760000000005,2.3508340000000008,0.001683818477943539,0,4,14614528,my_ring_all_reduce,4,8
2531,2.366611999999999,2.3777830000000013,2.372490333333334,2.373076000000001,0.004579305939648241,0,4,14647296,my_ring_all_reduce,4,8
2532,2.3702299999999923,2.3837959999999985,2.3768846666666623,2.376627999999997,0.0055412692489100876,0,4,14680064,my_ring_all_reduce,4,8
2533,2.3946169999999984,2.4017469999999994,2.397728999999997,2.3968229999999933,0.002980475577264875,0,4,14712832,my_ring_all_reduce,4,8
2534,2.4119879999999996,2.419668999999998,2.4169800000000015,2.4192830000000067,0.0035333927982429234,0,4,14745600,my_ring_all_reduce,4,8
2535,2.4284029999999985,2.438612000000001,2.4338003333333327,2.4343859999999986,0.004188330959013364,0,4,14778368,my_ring_all_reduce,4,8
2536,2.452949999999999,2.4573279999999995,2.4551556666666663,2.4551890000000003,0.0017874664254812964,0,4,14811136,my_ring_all_reduce,4,8
2537,2.4644350000000013,2.472594000000001,2.4693840000000007,2.4711229999999995,0.0035506253909225274,0,4,14843904,my_ring_all_reduce,4,8
2538,2.478772000000001,2.487894000000002,2.4838930000000015,2.485013000000001,0.0038073193544367967,0,4,14876672,my_ring_all_reduce,4,8
2539,2.4977499999999964,2.5066129999999993,2.501290333333333,2.499508000000002,0.0038315120020986737,0,4,14909440,my_ring_all_reduce,4,8
2540,2.5117980000000024,2.5165949999999992,2.514622666666668,2.515475000000002,0.002049008920320071,0,4,14942208,my_ring_all_reduce,4,8
2541,2.528882999999998,2.537010999999999,2.5337156666666663,2.535253000000001,0.003491765678787674,0,4,14974976,my_ring_all_reduce,4,8
2542,2.5524030000000004,2.562869,2.5561579999999995,2.5532019999999975,0.004756591286485604,0,4,15007744,my_ring_all_reduce,4,8
2543,2.5695249999999996,2.5797639999999955,2.575369666666664,2.576819999999996,0.00430401985228617,0,4,15040512,my_ring_all_reduce,4,8
2544,2.582804000000003,2.591508999999998,2.5876683333333332,2.588691999999999,0.0036267686566520394,0,4,15073280,my_ring_all_reduce,4,8
2545,2.6083399999999948,2.611701000000001,2.609663333333332,2.6089489999999995,0.0014621409720777052,0,4,15106048,my_ring_all_reduce,4,8
2546,2.622706000000002,2.6270300000000026,2.6249590000000005,2.625140999999996,0.0017699504701167604,0,4,15138816,my_ring_all_reduce,4,8
2547,2.6385480000000023,2.6472530000000005,2.644318333333335,2.6471540000000022,0.004080441996755392,0,4,15171584,my_ring_all_reduce,4,8
2548,2.6574909999999945,2.662483000000004,2.6600833333333327,2.660276,0.002042523983271196,0,4,15204352,my_ring_all_reduce,4,8
2549,2.6734610000000014,2.6917939999999945,2.682109666666664,2.681073999999997,0.007520158523740065,0,4,15237120,my_ring_all_reduce,4,8
2550,2.682835000000003,2.6900670000000004,2.687368333333334,2.6892029999999996,0.003224898689191155,0,4,15269888,my_ring_all_reduce,4,8
2551,2.7036020000000063,2.707284000000003,2.7052883333333373,2.704979000000003,0.0015190010606377904,0,4,15302656,my_ring_all_reduce,4,8
2552,2.712404999999995,2.716400999999998,2.7138006666666645,2.7125960000000013,0.0018403659660211741,0,4,15335424,my_ring_all_reduce,4,8
2553,2.724599000000002,2.7265160000000033,2.725471666666668,2.7252999999999994,0.0007919698366877876,0,4,15368192,my_ring_all_reduce,4,8
2554,2.730961000000001,2.741715,2.7359329999999993,2.735122999999996,0.004427505241856367,0,4,15400960,my_ring_all_reduce,4,8
2555,2.7291710000000005,2.738229000000003,2.734463000000001,2.7359889999999996,0.0038521291082559096,0,4,15433728,my_ring_all_reduce,4,8
2556,2.731987000000001,2.7369170000000014,2.7342386666666694,2.7338120000000052,0.0020351508270612956,0,4,15466496,my_ring_all_reduce,4,8
2557,2.731988999999998,2.7374609999999984,2.7341326666666634,2.7329479999999933,0.0023858293223867504,0,4,15499264,my_ring_all_reduce,4,8
2558,2.734548999999999,2.740111999999997,2.7375983333333327,2.738134000000001,0.002302454680455893,0,4,15532032,my_ring_all_reduce,4,8
2559,2.733907000000001,2.737940000000004,2.7354646666666684,2.7345469999999987,0.001769718684488701,0,4,15564800,my_ring_all_reduce,4,8
2560,2.7313459999999976,2.736339,2.7330540000000005,2.7314770000000026,0.0023234613546747078,0,4,15597568,my_ring_all_reduce,4,8
2561,2.7328830000000015,2.733587000000003,2.73321366666667,2.733171000000006,0.0002889859665955482,0,4,15630336,my_ring_all_reduce,4,8
2562,2.7317630000000026,2.7340360000000037,2.732786333333335,2.7325599999999994,0.0009416483184060458,0,4,15663104,my_ring_all_reduce,4,8
2563,2.734134000000002,2.742449999999999,2.737652,2.7363719999999994,0.0035135702639897287,0,4,15695872,my_ring_all_reduce,4,8
2564,2.7370129999999993,2.7412349999999934,2.7392519999999982,2.7395080000000016,0.001733103766847031,0,4,15728640,my_ring_all_reduce,4,8
2565,2.736465999999998,2.7389949999999983,2.7380033333333316,2.738548999999999,0.0011022021391542823,0,4,15761408,my_ring_all_reduce,4,8
2566,2.7350920000000043,2.7415550000000004,2.737343333333335,2.7353829999999997,0.002980466667411443,0,4,15794176,my_ring_all_reduce,4,8
2567,2.740114999999998,2.745266999999996,2.7423976666666667,2.741811000000005,0.0021438142539756265,0,4,15826944,my_ring_all_reduce,4,8
2568,2.7328870000000025,2.7419720000000054,2.737099000000003,2.736438000000002,0.0037382702773711175,0,4,15859712,my_ring_all_reduce,4,8
2569,2.7390270000000054,2.7470609999999978,2.742558333333335,2.741587000000003,0.0033510103285726667,0,4,15892480,my_ring_all_reduce,4,8
2570,2.738069000000001,2.7427690000000005,2.7404893333333358,2.740630000000005,0.0019213433379334976,0,4,15925248,my_ring_all_reduce,4,8
2571,2.731858999999997,2.7432510000000003,2.738525666666666,2.7404669999999998,0.004849123448855123,0,4,15958016,my_ring_all_reduce,4,8
2572,2.7370749999999973,2.739921000000002,2.738664333333334,2.7389970000000012,0.0011854476885240935,0,4,15990784,my_ring_all_reduce,4,8
2573,2.738578999999998,2.7459399999999987,2.743155666666665,2.7449480000000004,0.003261433665669151,0,4,16023552,my_ring_all_reduce,4,8
2574,2.741266999999998,2.7438900000000013,2.742792,2.7432190000000003,0.0011125882736528448,0,4,16056320,my_ring_all_reduce,4,8
2575,2.7304830000000004,2.7398580000000003,2.7346116666666664,2.733493999999999,0.003908072016850466,0,4,16089088,my_ring_all_reduce,4,8
2576,2.740563000000002,2.7422280000000003,2.7414483333333344,2.7415540000000003,0.0006838276261026499,0,4,16121856,my_ring_all_reduce,4,8
2577,2.7427420000000056,2.7445639999999996,2.743935000000002,2.744499,0.0008439956555942579,0,4,16154624,my_ring_all_reduce,4,8
2578,2.744051999999996,2.753650000000001,2.7487339999999993,2.748500000000001,0.00392185908297097,0,4,16187392,my_ring_all_reduce,4,8
2579,2.741042999999994,2.747125,2.7443823333333324,2.744979000000003,0.002518556376624623,0,4,16220160,my_ring_all_reduce,4,8
2580,2.7412999999999994,2.7449130000000004,2.7431973333333333,2.743379000000002,0.0014805841940115937,0,4,16252928,my_ring_all_reduce,4,8
2581,2.7386450000000004,2.743635999999997,2.741833000000001,2.7432180000000046,0.0022607062318369003,0,4,16285696,my_ring_all_reduce,4,8
2582,2.7384529999999976,2.747633000000001,2.7442223333333318,2.746580999999998,0.004102079255966495,0,4,16318464,my_ring_all_reduce,4,8
2583,2.7403709999999992,2.7441489999999975,2.7417573333333323,2.7407519999999996,0.0016983015698689118,0,4,16351232,my_ring_all_reduce,4,8
2584,2.7349959999999958,2.7453960000000044,2.739848666666667,2.7391540000000005,0.004274101958959946,0,4,16384000,my_ring_all_reduce,4,8
2585,2.7404680000000026,2.7448190000000032,2.7427923333333353,2.74309,0.00178871542982367,0,4,16416768,my_ring_all_reduce,4,8
2586,2.7363389999999965,2.749232000000002,2.743655333333333,2.7453950000000007,0.00540537956319878,0,4,16449536,my_ring_all_reduce,4,8
2587,2.733751000000004,2.744178,2.7404153333333343,2.7433169999999993,0.004725486524038569,0,4,16482304,my_ring_all_reduce,4,8
2588,2.7417169999999995,2.7506109999999997,2.745299333333333,2.7435699999999996,0.003831340438483126,0,4,16515072,my_ring_all_reduce,4,8
2589,2.740821,2.7559559999999985,2.747763333333334,2.746513000000003,0.006241770920356815,0,4,16547840,my_ring_all_reduce,4,8
2590,2.7432210000000015,2.7475070000000015,2.745459666666667,2.7456509999999983,0.001754974896939697,0,4,16580608,my_ring_all_reduce,4,8
2591,2.7414890000000014,2.751543000000005,2.7458433333333363,2.7444980000000014,0.004213325712020125,0,4,16613376,my_ring_all_reduce,4,8
2592,2.742837999999998,2.7457790000000006,2.7441056666666657,2.7436999999999974,0.001234448414836322,0,4,16646144,my_ring_all_reduce,4,8
2593,2.7416490000000033,2.7496810000000043,2.7468333333333343,2.7491699999999946,0.00367180830412078,0,4,16678912,my_ring_all_reduce,4,8
2594,2.7415889999999963,2.747029000000002,2.744159,2.7438589999999996,0.0022309788584110924,0,4,16711680,my_ring_all_reduce,4,8
2595,2.742580000000002,2.7513169999999993,2.746015000000001,2.744148000000001,0.003803337043526197,0,4,16744448,my_ring_all_reduce,4,8
2596,2.744049999999999,2.751989999999998,2.748201333333332,2.7485639999999987,0.003251619630617775,0,4,16777216,my_ring_all_reduce,4,8
2597,2.741875000000001,2.7508359999999956,2.7450013333333314,2.742292999999998,0.004129260009033892,0,4,16777216,my_ring_all_reduce,4,8
2598,2.744818999999992,2.752948,2.747731333333333,2.745427000000007,0.003697082122732286,0,4,16908288,my_ring_all_reduce,4,8
2599,2.748146999999999,2.7509339999999973,2.7495343333333335,2.7495220000000047,0.0011378214075829036,0,4,17039360,my_ring_all_reduce,4,8
2600,2.7531720000000024,2.764916000000005,2.75917666666667,2.759442000000001,0.004798137509030409,0,4,17170432,my_ring_all_reduce,4,8
2601,2.747985999999999,2.7582580000000054,2.7546096666666675,2.7575849999999993,0.0046916914031336025,0,4,17301504,my_ring_all_reduce,4,8
2602,2.761362000000001,2.7618420000000024,2.7616180000000043,2.761650000000009,0.00019726124809594896,0,4,17432576,my_ring_all_reduce,4,8
2603,2.7837320000000036,2.7920170000000017,2.787912333333336,2.7879880000000012,0.003382760247029571,0,4,17563648,my_ring_all_reduce,4,8
2604,2.8022589999999945,2.8115700000000032,2.8060026666666658,2.804179,0.004013975613060943,0,4,17694720,my_ring_all_reduce,4,8
2605,2.836499,2.8429320000000007,2.8390490000000015,2.837716000000004,0.0027902854095352256,0,4,17825792,my_ring_all_reduce,4,8
2606,2.8721490000000003,2.877236999999999,2.874622333333333,2.874481,0.002079570041030989,0,4,17956864,my_ring_all_reduce,4,8
2607,2.886230999999998,2.888818000000001,2.887625666666663,2.8878279999999905,0.0010657849480813322,0,4,18087936,my_ring_all_reduce,4,8
2608,2.9230249999999978,2.9294919999999967,2.9271449999999977,2.928917999999999,0.00292268928671291,0,4,18219008,my_ring_all_reduce,4,8
2609,2.953557000000001,2.960756999999998,2.958281666666668,2.9605310000000062,0.0033421176254323087,0,4,18350080,my_ring_all_reduce,4,8
2610,2.959858,2.9674100000000037,2.9633676666666666,2.9628349999999957,0.003106013128685504,0,4,18481152,my_ring_all_reduce,4,8
2611,2.9989619999999997,3.0001460000000004,2.9995596666666664,2.999570999999998,0.0004834324036400198,0,4,18612224,my_ring_all_reduce,4,8
2612,3.0133960000000006,3.0244020000000056,3.0184730000000015,3.017620999999999,0.004533389975138589,0,4,18743296,my_ring_all_reduce,4,8
2613,3.021458000000006,3.0297769999999993,3.0266410000000015,3.0286879999999985,0.00369180145728004,0,4,18874368,my_ring_all_reduce,4,8
2614,3.0403380000000015,3.0434110000000003,3.042322,3.043216999999997,0.0014051336828441521,0,4,19005440,my_ring_all_reduce,4,8
2615,3.038384999999995,3.052721999999998,3.0453193333333304,3.0448509999999995,0.005862416699243461,0,4,19136512,my_ring_all_reduce,4,8
2616,3.057012,3.0608499999999994,3.059145333333332,3.0595739999999987,0.0015959067084956426,0,4,19267584,my_ring_all_reduce,4,8
2617,3.141584999999999,3.1435060000000012,3.1426206666666645,3.1427709999999935,0.0007914165920821174,0,4,19398656,my_ring_all_reduce,4,8
2618,3.218321,3.232497000000003,3.2237826666666662,3.2205299999999952,0.00622760651365491,0,4,19529728,my_ring_all_reduce,4,8
2619,3.295664000000019,3.3015220000000083,3.297884000000009,3.2964660000000006,0.0025932070234861836,0,4,19660800,my_ring_all_reduce,4,8
2620,3.3561140000000016,3.3634389999999987,3.3601983333333343,3.361042000000001,0.0030493426978420255,0,4,19791872,my_ring_all_reduce,4,8
2621,3.424432000000001,3.4309279999999998,3.4272910000000003,3.426512999999999,0.002708439526122936,0,4,19922944,my_ring_all_reduce,4,8
2622,3.4820029999999935,3.4916320000000014,3.486406999999998,3.485585999999999,0.003973658348007667,0,4,20054016,my_ring_all_reduce,4,8
2623,3.4986080000000146,3.512336000000003,3.5068853333333387,3.5097119999999995,0.0059501837133110165,0,4,20185088,my_ring_all_reduce,4,8
2624,3.506513000000006,3.516592999999997,3.5114300000000007,3.5111839999999974,0.004118817548759645,0,4,20316160,my_ring_all_reduce,4,8
2625,3.5113750000000072,3.5162720000000047,3.5135093333333374,3.5128809999999997,0.0020479671763859123,0,4,20447232,my_ring_all_reduce,4,8
2626,3.508274000000005,3.512781999999999,3.511067666666668,3.512147,0.0019923581226473155,0,4,20578304,my_ring_all_reduce,4,8
2627,3.509938000000002,3.5241130000000003,3.518076,3.520176999999999,0.005974574294457308,0,4,20709376,my_ring_all_reduce,4,8
2628,3.5192140000000016,3.5204019999999985,3.519953000000001,3.5202430000000025,0.000526568134242114,0,4,20840448,my_ring_all_reduce,4,8
2629,3.513168000000005,3.5198899999999957,3.517157999999997,3.5184159999999904,0.002884815880890344,0,4,20971520,my_ring_all_reduce,4,8
2630,3.515858999999993,3.5316659999999995,3.5241879999999974,3.525039,0.006481175973543344,0,4,21102592,my_ring_all_reduce,4,8
2631,3.5187679999999966,3.522574999999999,3.5203456666666653,3.5196939999999994,0.0016210725530414881,0,4,21233664,my_ring_all_reduce,4,8
2632,3.519664999999999,3.535759999999995,3.5262996666666644,3.5234739999999984,0.006867825970096438,0,4,21364736,my_ring_all_reduce,4,8
2633,3.5250739999999987,3.5306709999999986,3.528368333333334,3.5293600000000045,0.002390140070280224,0,4,21495808,my_ring_all_reduce,4,8
2634,3.5255190000000005,3.530224999999999,3.527802666666668,3.5276640000000046,0.0019237169461450935,0,4,21626880,my_ring_all_reduce,4,8
2635,3.536658000000003,3.540337000000003,3.53854466666667,3.538639000000003,0.0015034259394980278,0,4,21757952,my_ring_all_reduce,4,8
2636,3.555375,3.569742999999988,3.5623406666666657,3.5619040000000095,0.005873832612144498,0,4,21889024,my_ring_all_reduce,4,8
2637,3.580273000000001,3.5886909999999954,3.583963999999998,3.582927999999998,0.0035138443334878345,0,4,22020096,my_ring_all_reduce,4,8
2638,3.5995399999999975,3.6131679999999977,3.608006666666667,3.6113120000000056,0.006034595669049206,0,4,22151168,my_ring_all_reduce,4,8
2639,3.6398600000000005,3.642637999999999,3.641157333333331,3.6409739999999946,0.0011414988197780559,0,4,22282240,my_ring_all_reduce,4,8
2640,3.655696,3.6688160000000027,3.6612953333333316,3.6593739999999926,0.005525832747702325,0,4,22413312,my_ring_all_reduce,4,8
2641,3.6850700000000005,3.6945420000000087,3.6897740000000074,3.6897100000000136,0.003867192607912358,0,4,22544384,my_ring_all_reduce,4,8
2642,3.7108699999999954,3.7161750000000002,3.7133296666666635,3.712943999999996,0.0021828590324536597,0,4,22675456,my_ring_all_reduce,4,8
2643,3.7317929999999997,3.7405570000000017,3.7359090000000017,3.735377000000004,0.0035976095767427645,0,4,22806528,my_ring_all_reduce,4,8
2644,3.767889000000003,3.770416000000005,3.7688170000000034,3.7681460000000007,0.001135521319337402,0,4,22937600,my_ring_all_reduce,4,8
2645,3.787281000000001,3.7948609999999974,3.791182666666666,3.791405999999999,0.003098548943545404,0,4,23068672,my_ring_all_reduce,4,8
2646,3.8113439999999974,3.8133920000000034,3.8120370000000015,3.8113750000000035,0.0009582132678425148,0,4,23199744,my_ring_all_reduce,4,8
2647,3.8297150000000038,3.835183000000001,3.8325600000000026,3.832782000000003,0.0022378142609836833,0,4,23330816,my_ring_all_reduce,4,8
2648,3.862063000000002,3.863955000000002,3.863269333333335,3.863790000000001,0.0008556620568632454,0,4,23461888,my_ring_all_reduce,4,8
2649,3.872654999999999,3.882831999999995,3.8769543333333303,3.8753759999999966,0.004302029314429362,0,4,23592960,my_ring_all_reduce,4,8
2650,3.878254000000008,3.889263999999996,3.8836643333333343,3.8834749999999985,0.004496807040057539,0,4,23724032,my_ring_all_reduce,4,8
2651,3.892877000000004,3.8961770000000033,3.8944583333333367,3.8943210000000037,0.0013507147079311647,0,4,23855104,my_ring_all_reduce,4,8
2652,3.874768,3.8865430000000014,3.880483333333336,3.8801390000000064,0.00481328580308987,0,4,23986176,my_ring_all_reduce,4,8
2653,3.9059349999999995,3.911405999999999,3.9086980000000033,3.9087530000000115,0.0022338649616004793,0,4,24117248,my_ring_all_reduce,4,8
2654,3.9928459999999997,3.996883,3.9952163333333353,3.9959200000000057,0.0017215695035515412,0,4,24248320,my_ring_all_reduce,4,8
2655,4.044654000000002,4.052621999999998,4.0488566666666665,4.049293999999998,0.003267588441375348,0,4,24379392,my_ring_all_reduce,4,8
2656,4.125678999999996,4.129615000000013,4.1280360000000025,4.128813999999998,0.0016984280968054923,0,4,24510464,my_ring_all_reduce,4,8
2657,4.194316999999995,4.196560000000002,4.195203999999998,4.194734999999998,0.0009739038282456382,0,4,24641536,my_ring_all_reduce,4,8
2658,4.245135000000002,4.248878,4.2469800000000015,4.246927000000003,0.0015285328477544905,0,4,24772608,my_ring_all_reduce,4,8
2659,4.275534000000003,4.27889499999999,4.276952666666663,4.276428999999997,0.0014212084841923977,0,4,24903680,my_ring_all_reduce,4,8
2660,4.2824449999999965,4.290896000000003,4.287215,4.288304000000001,0.0035349956152757093,0,4,25034752,my_ring_all_reduce,4,8
2661,4.26551899999999,4.272656000000003,4.2699986666666625,4.2718209999999965,0.003185892479184003,0,4,25165824,my_ring_all_reduce,4,8
2662,4.2862240000000025,4.289866000000005,4.2877136666666695,4.287051,0.0015589283356077358,0,4,25296896,my_ring_all_reduce,4,8
2663,4.287342000000004,4.295408999999999,4.291619999999997,4.292108999999989,0.0033114410760245938,0,4,25427968,my_ring_all_reduce,4,8
2664,4.290989000000009,4.293615000000002,4.29225966666667,4.292174999999999,0.001073730361349256,0,4,25559040,my_ring_all_reduce,4,8
2665,4.303116999999999,4.3041100000000005,4.303512666666667,4.303311000000002,0.00042973971450445533,0,4,25690112,my_ring_all_reduce,4,8
2666,4.2986040000000045,4.307532000000001,4.30396966666667,4.305773000000001,0.0038614595110583773,0,4,25821184,my_ring_all_reduce,4,8
2667,4.302189000000006,4.308684999999998,4.305474666666669,4.305550000000003,0.0026525158288322383,0,4,25952256,my_ring_all_reduce,4,8
2668,4.298607,4.312397999999994,4.307309666666665,4.310924000000003,0.006183066894528114,0,4,26083328,my_ring_all_reduce,4,8
2669,4.3242709999999995,4.331982000000001,4.328258666666668,4.3285230000000015,0.0031535466101242147,0,4,26214400,my_ring_all_reduce,4,8
2670,4.352943000000007,4.363565999999997,4.357795000000002,4.356876000000004,0.004385236823703299,0,4,26345472,my_ring_all_reduce,4,8
2671,4.382700999999999,4.3872430000000024,4.385249333333334,4.385804,0.0018952893065599464,0,4,26476544,my_ring_all_reduce,4,8
2672,4.4128479999999985,4.418185999999994,4.416034666666664,4.41707,0.0022989123998571215,0,4,26607616,my_ring_all_reduce,4,8
2673,4.445712999999996,4.451342,4.449187999999999,4.4505089999999985,0.002480616993144054,0,4,26738688,my_ring_all_reduce,4,8
2674,4.468236000000001,4.475663999999997,4.472397999999999,4.473294,0.0030979464165785237,0,4,26869760,my_ring_all_reduce,4,8
2675,4.501648000000005,4.506285,4.504194333333334,4.504649999999998,0.0019202719136137173,0,4,27000832,my_ring_all_reduce,4,8
2676,4.522382000000005,4.526574000000001,4.524088000000002,4.523307999999997,0.0017980574703452018,0,4,27131904,my_ring_all_reduce,4,8
2677,4.548941999999999,4.558282000000006,4.552289666666667,4.5496449999999955,0.00424692801394024,0,4,27262976,my_ring_all_reduce,4,8
2678,4.570862000000008,4.577804000000004,4.574392000000005,4.574510000000002,0.0028352876397273056,0,4,27394048,my_ring_all_reduce,4,8
2679,4.589581999999991,4.593038000000008,4.591842666666667,4.592908000000003,0.0015994135036248131,0,4,27525120,my_ring_all_reduce,4,8
2680,4.615436999999998,4.621514000000005,4.618188000000001,4.6176129999999995,0.002514020816676086,0,4,27656192,my_ring_all_reduce,4,8
2681,4.635595999999994,4.640970000000001,4.637974666666664,4.637357999999998,0.002236839635639469,0,4,27787264,my_ring_all_reduce,4,8
2682,4.659243999999995,4.666476,4.664001333333329,4.666283999999992,0.003364855750582344,0,4,27918336,my_ring_all_reduce,4,8
2683,4.6806860000000015,4.689514000000003,4.685057333333337,4.684972000000009,0.003604520988364279,0,4,28049408,my_ring_all_reduce,4,8
2684,4.704843999999993,4.707209999999999,4.70634733333333,4.706987999999997,0.001066873729904563,0,4,28180480,my_ring_all_reduce,4,8
2685,4.729770999999993,4.734219000000001,4.732651666666665,4.733964999999999,0.002039576644527472,0,4,28311552,my_ring_all_reduce,4,8
2686,4.7377090000000095,4.741133000000001,4.738914333333341,4.737901000000012,0.0015707911665383612,0,4,28442624,my_ring_all_reduce,4,8
2687,4.733035999999997,4.740172000000002,4.73603433333333,4.734894999999989,0.003022602006369573,0,4,28573696,my_ring_all_reduce,4,8
2688,4.734988000000001,4.741230000000003,4.737910333333336,4.7375130000000025,0.0025637272779217048,0,4,28704768,my_ring_all_reduce,4,8
2689,4.735146,4.742025999999998,4.738911999999999,4.739564,0.002846334250691973,0,4,28835840,my_ring_all_reduce,4,8
2690,4.755210999999996,4.7680139999999955,4.76046133333333,4.758159,0.0054744714407464305,0,4,28966912,my_ring_all_reduce,4,8
2691,4.821482999999993,4.822666999999997,4.822027333333329,4.821931999999997,0.0004880439415571571,0,4,29097984,my_ring_all_reduce,4,8
2692,4.884427000000003,4.888716999999997,4.886155333333334,4.885322,0.0018478561151273048,0,4,29229056,my_ring_all_reduce,4,8
2693,4.946153999999999,4.956587000000003,4.9510726666666685,4.950477000000003,0.0042800300881617685,0,4,29360128,my_ring_all_reduce,4,8
2694,5.012938000000002,5.017931000000004,5.015243000000003,5.0148600000000005,0.0020562958606852844,0,4,29491200,my_ring_all_reduce,4,8
2695,5.037065999999991,5.041992999999999,5.03956233333333,5.039628,0.0020119752041798866,0,4,29622272,my_ring_all_reduce,4,8
2696,5.046058999999998,5.055817999999992,5.049322333333329,5.046089999999997,0.004593147383751942,0,4,29753344,my_ring_all_reduce,4,8
2697,5.0401380000000024,5.04433200000001,5.042923666666671,5.044301,0.0019698044460199435,0,4,29884416,my_ring_all_reduce,4,8
2698,5.041002000000001,5.045352999999996,5.0438199999999975,5.045104999999996,0.0019951974004237955,0,4,30015488,my_ring_all_reduce,4,8
2699,5.052491999999998,5.061643999999993,5.057217666666666,5.057517000000007,0.0037422788363343134,0,4,30146560,my_ring_all_reduce,4,8
2700,5.039531999999996,5.048752999999999,5.045356999999998,5.047786,0.004137772428092221,0,4,30277632,my_ring_all_reduce,4,8
2701,5.055850000000006,5.060009000000005,5.058292000000004,5.059017,0.0017736100661259668,0,4,30408704,my_ring_all_reduce,4,8
2702,5.070349000000002,5.082251,5.076108000000001,5.075724000000001,0.004866552030612635,0,4,30539776,my_ring_all_reduce,4,8
2703,5.082350000000001,5.091150000000002,5.0858896666666675,5.084169,0.003793021691944186,0,4,30670848,my_ring_all_reduce,4,8
2704,5.125006000000005,5.139147999999998,5.133366666666666,5.135945999999996,0.0060546820083450924,0,4,30801920,my_ring_all_reduce,4,8
2705,5.160138999999997,5.173323000000004,5.165130666666667,5.16193,0.0058388163374313165,0,4,30932992,my_ring_all_reduce,4,8
2706,5.171243999999999,5.178985999999999,5.176107999999998,5.178093999999995,0.0034585920063896934,0,4,31064064,my_ring_all_reduce,4,8
2707,5.217067,5.226092999999997,5.22184633333333,5.222378999999994,0.003704049075747307,0,4,31195136,my_ring_all_reduce,4,8
2708,5.256107000000004,5.257352000000003,5.2566926666666705,5.256619000000006,0.0005109313935239839,0,4,31326208,my_ring_all_reduce,4,8
2709,5.265258000000002,5.276106000000003,5.271519333333334,5.273193999999996,0.004584259833628382,0,4,31457280,my_ring_all_reduce,4,8
2710,5.30967500000001,5.312780999999989,5.310796,5.309932000000001,0.0014075228831687372,0,4,31588352,my_ring_all_reduce,4,8
2711,5.338985000000001,5.342283000000003,5.341013000000004,5.341771000000008,0.0014491661970497153,0,4,31719424,my_ring_all_reduce,4,8
2712,5.361482000000011,5.3719160000000015,5.367467333333337,5.369003999999999,0.00439606622131439,0,4,31850496,my_ring_all_reduce,4,8
2713,5.392107,5.395082000000002,5.393205333333331,5.392426999999989,0.001333418747267271,0,4,31981568,my_ring_all_reduce,4,8
2714,5.413674999999996,5.417898000000001,5.415262000000003,5.414213000000011,0.001876829418638,0,4,32112640,my_ring_all_reduce,4,8
2715,5.434667000000001,5.441066000000006,5.4371406666666715,5.435689000000006,0.002806813416592666,0,4,32243712,my_ring_all_reduce,4,8
2716,5.456074000000008,5.459273999999998,5.457673666666669,5.457673000000002,0.0013063946145319538,0,4,32374784,my_ring_all_reduce,4,8
2717,5.482057000000015,5.4874360000000015,5.484192000000007,5.483083000000006,0.002331783437623913,0,4,32505856,my_ring_all_reduce,4,8
2718,5.503432999999998,5.512234000000004,5.507296,5.506220999999998,0.0036725212956069896,0,4,32636928,my_ring_all_reduce,4,8
2719,5.528233999999997,5.533357999999993,5.529984999999996,5.528362999999998,0.0023856525312772503,0,4,32768000,my_ring_all_reduce,4,8
2720,5.547977000000007,5.560811,5.554954000000002,5.556073999999998,0.00529897405164136,0,4,32899072,my_ring_all_reduce,4,8
2721,5.5830519999999995,5.584329000000006,5.583883,5.584267999999996,0.0005881332048674683,0,4,33030144,my_ring_all_reduce,4,8
2722,5.586473999999995,5.5916599999999965,5.588575333333329,5.587591999999997,0.0022284310374995012,0,4,33161216,my_ring_all_reduce,4,8
2723,5.5915629999999945,5.592971000000005,5.59250066666667,5.592968000000008,0.000663031589666961,0,4,33292288,my_ring_all_reduce,4,8
2724,5.592168999999998,5.596490999999995,5.593909333333332,5.593068,0.0018620423076689146,0,4,33423360,my_ring_all_reduce,4,8
2725,5.5918480000000015,5.599052000000011,5.594527333333338,5.592682000000001,0.003217488185254424,0,4,33554432,my_ring_all_reduce,4,8
2726,5.59332499999999,5.5975800000000016,5.595467999999997,5.595498999999997,0.001737234775924831,0,4,33685504,my_ring_all_reduce,4,8
2727,5.600238000000005,5.604455999999998,5.602080333333337,5.601547000000006,0.0017628035120824974,0,4,33816576,my_ring_all_reduce,4,8
2728,5.645672999999995,5.656330000000009,5.6523186666666705,5.654953000000005,0.004732701577564178,0,4,33947648,my_ring_all_reduce,4,8
2729,5.717035000000011,5.722249,5.7198073333333355,5.720137999999995,0.00214140986786761,0,4,34078720,my_ring_all_reduce,4,8
2730,5.7865670000000025,5.793577000000001,5.788904,5.786567999999999,0.003304310013704376,0,4,34209792,my_ring_all_reduce,4,8
2731,5.816327000000005,5.821033999999993,5.818835999999998,5.819146999999997,0.0019341670041600001,0,4,34340864,my_ring_all_reduce,4,8
2732,5.831914000000005,5.840328999999998,5.8362653333333325,5.836552999999992,0.003441426093283815,0,4,34471936,my_ring_all_reduce,4,8
2733,5.835628000000004,5.852647999999994,5.843316333333334,5.841673000000004,0.00704488033176052,0,4,34603008,my_ring_all_reduce,4,8
2734,5.843210000000001,5.862409000000015,5.853449666666672,5.85473,0.00789007141215909,0,4,34734080,my_ring_all_reduce,4,8
2735,5.850794,5.858758000000005,5.8539599999999945,5.8523279999999795,0.003450013719785258,0,4,34865152,my_ring_all_reduce,4,8
2736,5.860104,5.889480999999993,5.8704303333333305,5.861705999999998,0.013486722515946724,0,4,34996224,my_ring_all_reduce,4,8
2737,5.877258000000009,5.885449999999997,5.881290000000001,5.881161999999997,0.003345594516171044,0,4,35127296,my_ring_all_reduce,4,8
2738,5.896490999999995,5.903820999999996,5.900970666666663,5.902599999999999,0.003206583886666482,0,4,35258368,my_ring_all_reduce,4,8
2739,5.924137999999977,5.9319460000000035,5.928319333333324,5.928873999999989,0.0032116410481700126,0,4,35389440,my_ring_all_reduce,4,8
2740,5.956458000000014,5.972263999999996,5.966014333333336,5.969321,0.00686332972315787,0,4,35520512,my_ring_all_reduce,4,8
2741,5.991271000000001,5.995977999999996,5.994024999999996,5.99482599999999,0.002003357681490465,0,4,35651584,my_ring_all_reduce,4,8
2742,6.022859999999993,6.034951000000008,6.028308666666671,6.027115000000013,0.005007773978752749,0,4,35782656,my_ring_all_reduce,4,8
2743,6.050312999999998,6.057832000000002,6.054642666666666,6.055783,0.003173758059813572,0,4,35913728,my_ring_all_reduce,4,8
2744,6.093417000000001,6.105193999999999,6.098505666666665,6.096905999999997,0.004939205896587357,0,4,36044800,my_ring_all_reduce,4,8
2745,6.1137690000000005,6.117960000000006,6.115945000000001,6.116105999999998,0.001714751877096953,0,4,36175872,my_ring_all_reduce,4,8
2746,6.139113999999994,6.146730000000002,6.143679,6.1451930000000035,0.003288364436416946,0,4,36306944,my_ring_all_reduce,4,8
2747,6.178443000000007,6.186248999999997,6.18136433333333,6.1794009999999835,0.0034760530618628445,0,4,36438016,my_ring_all_reduce,4,8
2748,6.191529999999999,6.1943759999999966,6.193128666666664,6.193479999999996,0.001188137290980748,0,4,36569088,my_ring_all_reduce,4,8
2749,6.220972000000009,6.232742000000002,6.227155333333335,6.2277519999999935,0.004823569448260364,0,4,36700160,my_ring_all_reduce,4,8
2750,6.247303,6.259365999999996,6.253734333333331,6.254534,0.004957055062118734,0,4,36831232,my_ring_all_reduce,4,8
2751,6.252967999999997,6.258277999999999,6.255058999999996,6.25393099999999,0.002309879217623471,0,4,36962304,my_ring_all_reduce,4,8
2752,6.285863999999994,6.288841999999975,6.287710333333322,6.288424999999999,0.001316607340431136,0,4,37093376,my_ring_all_reduce,4,8
2753,6.309768000000004,6.317607000000006,6.314397666666667,6.315817999999992,0.003354150695613293,0,4,37224448,my_ring_all_reduce,4,8
2754,6.322057000000001,6.32480599999999,6.323260999999998,6.322920000000002,0.0011478853020468476,0,4,37355520,my_ring_all_reduce,4,8
2755,6.364712000000007,6.374468999999998,6.370950666666669,6.3736710000000025,0.00442341665331889,0,4,37486592,my_ring_all_reduce,4,8
2756,6.387945,6.391782999999996,6.390217,6.390923000000003,0.0016444630329269046,0,4,37617664,my_ring_all_reduce,4,8
2757,6.39543,6.3979600000000065,6.396669333333335,6.396618000000002,0.0010335057920629353,0,4,37748736,my_ring_all_reduce,4,8
2758,6.426886000000006,6.430055000000001,6.428914000000003,6.429801000000003,0.0014377568176369034,0,4,37879808,my_ring_all_reduce,4,8
2759,6.430439000000013,6.440232000000002,6.436146333333343,6.437768000000011,0.004159171739123314,0,4,38010880,my_ring_all_reduce,4,8
2760,6.436775000000002,6.441706000000002,6.4399760000000015,6.441447,0.002265917180010155,0,4,38141952,my_ring_all_reduce,4,8
2761,6.443687000000013,6.443911,6.44381533333334,6.443848000000005,9.431978700791931e-05,0,4,38273024,my_ring_all_reduce,4,8
2762,6.441702999999994,6.447624,6.444018000000003,6.442727000000014,0.002583869320740564,0,4,38404096,my_ring_all_reduce,4,8
2763,6.445577999999994,6.452521000000008,6.449097333333337,6.449193000000006,0.002835274981770685,0,4,38535168,my_ring_all_reduce,4,8
2764,6.449477000000006,6.452711000000003,6.450854333333335,6.450374999999993,0.0013630870193142618,0,4,38666240,my_ring_all_reduce,4,8
2765,6.481736000000004,6.485830999999998,6.48347333333333,6.482852999999988,0.0017283646091666464,0,4,38797312,my_ring_all_reduce,4,8
2766,6.5509849999999865,6.563625000000007,6.555698999999997,6.552486999999998,0.005637972921782283,0,4,38928384,my_ring_all_reduce,4,8
2767,6.595399999999994,6.599525999999998,6.597212666666664,6.596711999999999,0.0017212339243189852,0,4,39059456,my_ring_all_reduce,4,8
2768,6.625765000000003,6.641445000000004,6.634172333333336,6.635307000000001,0.0064514185175734914,0,4,39190528,my_ring_all_reduce,4,8
2769,6.653992999999995,6.662696,6.658375666666664,6.658437999999995,0.0035532582543683256,0,4,39321600,my_ring_all_reduce,4,8
2770,6.657894999999997,6.661448,6.659645000000002,6.6595920000000115,0.0014509902365865638,0,4,39452672,my_ring_all_reduce,4,8
2771,6.668422999999992,6.676903000000006,6.6740439999999985,6.676805999999997,0.003974844483335576,0,4,39583744,my_ring_all_reduce,4,8
2772,6.680679000000002,6.689447,6.684604999999995,6.683688999999984,0.003637650157267955,0,4,39714816,my_ring_all_reduce,4,8
2773,6.693382999999998,6.7123889999999955,6.701851666666663,6.699782999999996,0.007895844701837847,0,4,39845888,my_ring_all_reduce,4,8
2774,6.728418999999999,6.745798999999999,6.739162666666665,6.743270000000001,0.007666756825557226,0,4,39976960,my_ring_all_reduce,4,8
2775,6.770022999999994,6.775783000000007,6.772679000000005,6.772231000000015,0.0023727519887296257,0,4,40108032,my_ring_all_reduce,4,8
2776,6.80017,6.820164000000005,6.807293333333341,6.801546000000017,0.009118256022335897,0,4,40239104,my_ring_all_reduce,4,8
2777,6.833956999999999,6.842980000000003,6.839258666666667,6.840839,0.0038493914959251557,0,4,40370176,my_ring_all_reduce,4,8
2778,6.861640000000014,6.863719000000005,6.8625243333333374,6.862213999999993,0.0008766566539337361,0,4,40501248,my_ring_all_reduce,4,8
2779,6.890471999999995,6.904872000000007,6.89800166666667,6.898661000000008,0.005897233268430698,0,4,40632320,my_ring_all_reduce,4,8
2780,6.923079000000006,6.933702999999998,6.926834000000002,6.923720000000001,0.004864160838894963,0,4,40763392,my_ring_all_reduce,4,8
2781,6.948197,6.958470000000001,6.953201000000001,6.952936000000002,0.004198118705642879,0,4,40894464,my_ring_all_reduce,4,8
2782,6.98106299999998,6.988231,6.984539666666664,6.984325000000012,0.002930257933288348,0,4,41025536,my_ring_all_reduce,4,8
2783,7.002246000000007,7.009254999999998,7.0062663333333335,7.007297999999995,0.002952938912709965,0,4,41156608,my_ring_all_reduce,4,8
2784,7.030535000000004,7.032519000000008,7.031772000000004,7.032261999999999,0.0008809612174591044,0,4,41287680,my_ring_all_reduce,4,8
2785,7.0543769999999935,7.059525999999998,7.0573523333333315,7.058154000000006,0.0021771621181948275,0,4,41418752,my_ring_all_reduce,4,8
2786,7.079045000000006,7.080872000000003,7.0800066666666694,7.080103000000001,0.0007489736681309043,0,4,41549824,my_ring_all_reduce,4,8
2787,7.09207,7.101223000000001,7.096731333333335,7.096901000000005,0.003738622057509078,0,4,41680896,my_ring_all_reduce,4,8
2788,7.113285000000004,7.12169999999999,7.118693666666669,7.121096000000012,0.003832445723321791,0,4,41811968,my_ring_all_reduce,4,8
2789,7.1337969999999915,7.1456390000000045,7.138704666666665,7.136678,0.005042405136004485,0,4,41943040,my_ring_all_reduce,4,8
2790,7.151334000000005,7.152580999999999,7.152122000000001,7.152451000000001,0.0005597219547811317,0,4,42074112,my_ring_all_reduce,4,8
2791,7.171618000000002,7.181123999999996,7.176356999999997,7.176328999999991,0.0038808587537614873,0,4,42205184,my_ring_all_reduce,4,8
2792,7.198656999999992,7.204354999999996,7.202030333333333,7.203079000000012,0.0024415264806215585,0,4,42336256,my_ring_all_reduce,4,8
2793,7.203078000000024,7.210825000000004,7.205789000000011,7.203464000000007,0.0035644748093690832,0,4,42467328,my_ring_all_reduce,4,8
2794,7.220646000000008,7.225413999999997,7.222748,7.222183999999994,0.0019869621704129287,0,4,42598400,my_ring_all_reduce,4,8
2795,7.241765000000004,7.244582999999997,7.243579666666665,7.244390999999996,0.001285554960142466,0,4,42729472,my_ring_all_reduce,4,8
2796,7.23696699999999,7.246376000000004,7.243068666666663,7.245862999999997,0.004319609884653898,0,4,42860544,my_ring_all_reduce,4,8
2797,7.259205999999977,7.262918000000016,7.261104333333332,7.261189000000003,0.0015165997787609596,0,4,42991616,my_ring_all_reduce,4,8
2798,7.272198999999993,7.278979999999996,7.274821666666664,7.273286000000004,0.0029736839479371454,0,4,43122688,my_ring_all_reduce,4,8
2799,7.266404000000002,7.268869000000006,7.267663333333332,7.2677169999999895,0.001007047279041343,0,4,43253760,my_ring_all_reduce,4,8
2800,7.2809659999999985,7.2863709999999955,7.283599666666667,7.283462000000007,0.0022087281911126757,0,4,43384832,my_ring_all_reduce,4,8
2801,7.2892189999999975,7.293732,7.291428666666668,7.291335000000006,0.0018436146259163681,0,4,43515904,my_ring_all_reduce,4,8
2802,7.284324000000008,7.287334000000003,7.286321000000005,7.287305000000008,0.0014121418720027987,0,4,43646976,my_ring_all_reduce,4,8
2803,7.352774999999998,7.3570940000000045,7.355653333333336,7.357091000000008,0.0020352893870172434,0,4,43778048,my_ring_all_reduce,4,8
2804,7.413955000000002,7.428547999999996,7.422564000000004,7.425189000000013,0.006240025694390929,0,4,43909120,my_ring_all_reduce,4,8
2805,7.429221999999995,7.436228000000003,7.432943333333334,7.433380000000005,0.0028768057903822983,0,4,44040192,my_ring_all_reduce,4,8
2806,7.458980999999996,7.461671999999999,7.460389999999997,7.460516999999992,0.001102260404805659,0,4,44171264,my_ring_all_reduce,4,8
2807,7.474081999999998,7.477444000000003,7.475608666666665,7.475299999999995,0.0013897763209338287,0,4,44302336,my_ring_all_reduce,4,8
2808,7.492739000000016,7.509220000000001,7.501732000000007,7.503237000000001,0.006811980084129357,0,4,44433408,my_ring_all_reduce,4,8
2809,7.513895000000004,7.533122999999993,7.521796999999997,7.518372999999992,0.008214695287508025,0,4,44564480,my_ring_all_reduce,4,8
2810,7.551111000000005,7.5743060000000115,7.561412000000004,7.558818999999996,0.009645197181330091,0,4,44695552,my_ring_all_reduce,4,8
2811,7.583269999999999,7.598370999999999,7.59064,7.590278999999999,0.006170239919700782,0,4,44826624,my_ring_all_reduce,4,8
2812,7.615909000000007,7.633571000000003,7.62702266666667,7.631588,0.007900137649993748,0,4,44957696,my_ring_all_reduce,4,8
2813,7.652584999999992,7.666051999999996,7.65848066666666,7.656804999999993,0.005624109786349073,0,4,45088768,my_ring_all_reduce,4,8
2814,7.683811999999996,7.685988000000001,7.684612666666664,7.684037999999993,0.0009768743806453121,0,4,45219840,my_ring_all_reduce,4,8
2815,7.708932999999997,7.7165169999999925,7.71253733333333,7.712162,0.003107509220507959,0,4,45350912,my_ring_all_reduce,4,8
2816,7.742053,7.744610000000015,7.743054666666672,7.742501000000002,0.0011148908267494962,0,4,45481984,my_ring_all_reduce,4,8
2817,7.769095000000001,7.7720989999999945,7.770223666666663,7.769476999999992,0.001335199693760656,0,4,45613056,my_ring_all_reduce,4,8
2818,7.783588000000001,7.794663000000015,7.789723000000007,7.790918000000005,0.004599632231680759,0,4,45744128,my_ring_all_reduce,4,8
2819,7.819621999999996,7.827716000000001,7.822424999999998,7.819936999999999,0.003743511453169504,0,4,45875200,my_ring_all_reduce,4,8
2820,7.839683999999994,7.8516200000000245,7.844846666666673,7.8432360000000045,0.0050041788759344836,0,4,46006272,my_ring_all_reduce,4,8
2821,7.857445999999989,7.860996999999992,7.859141333333324,7.858980999999993,0.0014541160736197586,0,4,46137344,my_ring_all_reduce,4,8
2822,7.88461099999999,7.893793999999994,7.888099333333329,7.885893000000004,0.004060607699456546,0,4,46268416,my_ring_all_reduce,4,8
2823,7.9031399999999925,7.906467000000005,7.9050389999999995,7.905510000000002,0.0013984784589025866,0,4,46399488,my_ring_all_reduce,4,8
2824,7.920994999999995,7.923912000000011,7.922427000000002,7.922374,0.0011914498171061987,0,4,46530560,my_ring_all_reduce,4,8
2825,7.930115000000005,7.938050000000003,7.934712333333337,7.935972000000001,0.0033596752157832154,0,4,46661632,my_ring_all_reduce,4,8
2826,7.945895000000005,7.952868000000002,7.949392000000003,7.949413000000004,0.0028467540579862663,0,4,46792704,my_ring_all_reduce,4,8
2827,7.958950999999972,7.965191000000006,7.962599666666662,7.963657000000007,0.0026549156086345584,0,4,46923776,my_ring_all_reduce,4,8
2828,7.976226999999992,7.983904999999999,7.979095666666666,7.977155000000006,0.003421750169464088,0,4,47054848,my_ring_all_reduce,4,8
2829,7.987204000000027,7.993411000000007,7.991236000000011,7.993093000000001,0.0028540087596115277,0,4,47185920,my_ring_all_reduce,4,8
2830,8.002915999999999,8.008358999999997,8.006340999999999,8.007748,0.002434652473488601,0,4,47316992,my_ring_all_reduce,4,8
2831,8.019298000000024,8.020259000000006,8.019682333333341,8.01948999999999,0.00041523032430179933,0,4,47448064,my_ring_all_reduce,4,8
2832,8.028995999999985,8.035554999999993,8.03181066666666,8.030881000000004,0.0027572124006377827,0,4,47579136,my_ring_all_reduce,4,8
2833,8.043333000000013,8.052550000000004,8.047333666666674,8.046118000000005,0.00385976306123353,0,4,47710208,my_ring_all_reduce,4,8
2834,8.057539,8.075300999999996,8.065710000000001,8.064290000000009,0.0073204945643468725,0,4,47841280,my_ring_all_reduce,4,8
2835,8.07053,8.074723000000013,8.07284666666668,8.073287000000025,0.001739872089813774,0,4,47972352,my_ring_all_reduce,4,8
2836,8.087682999999975,8.094468000000008,8.090328999999999,8.088836000000011,0.00296432600547259,0,4,48103424,my_ring_all_reduce,4,8
2837,8.102566000000007,8.105831,8.104602333333341,8.105410000000019,0.001450126507891697,0,4,48234496,my_ring_all_reduce,4,8
2838,8.115364999999992,8.118659,8.117251666666661,8.117730999999992,0.0013868259523924836,0,4,48365568,my_ring_all_reduce,4,8
2839,8.136838000000008,8.141796000000003,8.139141,8.13878899999999,0.0020393412335020884,0,4,48496640,my_ring_all_reduce,4,8
2840,8.194789000000004,8.200773000000002,8.19864966666667,8.200387000000003,0.002734448065372305,0,4,48627712,my_ring_all_reduce,4,8
2841,8.238339,8.242307000000004,8.240632666666668,8.241252000000001,0.001678081510404221,0,4,48758784,my_ring_all_reduce,4,8
2842,8.260771000000009,8.266339,8.262819333333333,8.261347999999991,0.002499902975894505,0,4,48889856,my_ring_all_reduce,4,8
2843,8.287714999999997,8.305057000000001,8.293794,8.28861,0.007972520847679836,0,4,49020928,my_ring_all_reduce,4,8
2844,8.293314,8.299843000000001,8.295864000000003,8.294435000000012,0.0028505544489899697,0,4,49152000,my_ring_all_reduce,4,8
2845,8.319298000000003,8.327618000000003,8.323842666666671,8.324612000000009,0.0034399133064013415,0,4,49283072,my_ring_all_reduce,4,8
2846,8.35613100000003,8.36518700000002,8.360088000000015,8.358945999999996,0.0037842574789064944,0,4,49414144,my_ring_all_reduce,4,8
2847,8.358499,8.36950900000002,8.365017333333341,8.367044000000002,0.0047177366277645705,0,4,49545216,my_ring_all_reduce,4,8
2848,8.397890000000007,8.404867,8.401881000000003,8.402886000000002,0.0029356601756074146,0,4,49676288,my_ring_all_reduce,4,8
2849,8.437441999999995,8.439209000000004,8.438073666666666,8.43757,0.0008045008114106698,0,4,49807360,my_ring_all_reduce,4,8
2850,8.438788,8.446148,8.442948000000001,8.443908,0.0030804328700147123,0,4,49938432,my_ring_all_reduce,4,8
2851,8.476865000000002,8.488290000000008,8.481975666666678,8.480772000000027,0.004741256256404549,0,4,50069504,my_ring_all_reduce,4,8
2852,8.512736999999994,8.521313999999999,8.51618433333333,8.514502,0.0036981000827763033,0,4,50200576,my_ring_all_reduce,4,8
2853,8.506819000000004,8.51395300000001,8.509208000000005,8.506851999999999,0.003355248724018382,0,4,50331648,my_ring_all_reduce,4,8
2854,8.539777999999991,8.556773999999997,8.54607299999999,8.541666999999979,0.007605946401779683,0,4,50462720,my_ring_all_reduce,4,8
2855,8.575682,8.57638499999998,8.575980999999993,8.575876000000001,0.00029644673494792225,0,4,50593792,my_ring_all_reduce,4,8
2856,8.593572,8.611009999999998,8.602253666666668,8.602179000000003,0.007119229468293136,0,4,50724864,my_ring_all_reduce,4,8
2857,8.621377000000008,8.625827999999995,8.623085333333336,8.622051000000006,0.001958780970110362,0,4,50855936,my_ring_all_reduce,4,8
2858,8.633923000000003,8.641090999999985,8.638562999999996,8.640674999999996,0.0032853679651794845,0,4,50987008,my_ring_all_reduce,4,8
2859,8.66819400000001,8.674593000000009,8.670732666666673,8.669411,0.002774515252957426,0,4,51118080,my_ring_all_reduce,4,8
2860,8.683554000000004,8.697285999999986,8.688249666666664,8.683909,0.0063912959735974925,0,4,51249152,my_ring_all_reduce,4,8
2861,8.702244999999996,8.711266000000004,8.705644666666666,8.703422999999997,0.004003869989012628,0,4,51380224,my_ring_all_reduce,4,8
2862,8.72029200000001,8.727462000000006,8.723193000000009,8.721825000000011,0.0030828334369519604,0,4,51511296,my_ring_all_reduce,4,8
2863,8.737443999999996,8.749381000000001,8.742756,8.741443,0.004960911811352685,0,4,51642368,my_ring_all_reduce,4,8
2864,8.755105000000004,8.764483,8.760343666666673,8.761443000000014,0.003906671331054895,0,4,51773440,my_ring_all_reduce,4,8
2865,8.773728999999992,8.780929999999993,8.778006999999995,8.779362000000003,0.0030919916989986165,0,4,51904512,my_ring_all_reduce,4,8
2866,8.788801000000003,8.791619000000006,8.790358333333339,8.790655000000006,0.0011694127681129052,0,4,52035584,my_ring_all_reduce,4,8
2867,8.806018999999997,8.814338999999995,8.811480999999995,8.814084999999992,0.0038636090209352224,0,4,52166656,my_ring_all_reduce,4,8
2868,8.830148000000001,8.836480999999992,8.83397533333333,8.835296999999999,0.0027491603970797086,0,4,52297728,my_ring_all_reduce,4,8
2869,8.842688999999998,8.846467000000004,8.844225999999999,8.843521999999997,0.00162070622466756,0,4,52428800,my_ring_all_reduce,4,8
2870,8.86198599999999,8.868801999999997,8.866017666666663,8.867265,0.0029190574201692623,0,4,52559872,my_ring_all_reduce,4,8
2871,8.883940000000003,8.889539000000005,8.887459000000002,8.888897999999998,0.0025020313080903744,0,4,52690944,my_ring_all_reduce,4,8
2872,8.907775999999991,8.909794999999999,8.908685000000004,8.90848400000002,0.0008364173599358194,0,4,52822016,my_ring_all_reduce,4,8
2873,8.927553999999999,8.934273999999998,8.931788333333335,8.933537000000012,0.0030092054691512864,0,4,52953088,my_ring_all_reduce,4,8
2874,8.950688,8.953154999999999,8.951905666666674,8.951874000000025,0.0010073974168889163,0,4,53084160,my_ring_all_reduce,4,8
2875,8.972003000000026,8.976706999999996,8.975107333333348,8.976612000000022,0.0021954377442445754,0,4,53215232,my_ring_all_reduce,4,8
2876,9.006691000000007,9.018208,9.012908333333334,9.013825999999995,0.004746360453602445,0,4,53346304,my_ring_all_reduce,4,8
2877,9.047872999999992,9.05514,9.052620666666664,9.054848999999999,0.0033592086700459916,0,4,53477376,my_ring_all_reduce,4,8
2878,9.072961000000001,9.084261000000014,9.079074000000004,9.079999999999997,0.00465944252746054,0,4,53608448,my_ring_all_reduce,4,8
2879,9.101156,9.112063999999998,9.108417999999999,9.112034,0.005135024050576293,0,4,53739520,my_ring_all_reduce,4,8
2880,9.119647999999987,9.13779,9.128042666666667,9.126690000000018,0.007467945783298245,0,4,53870592,my_ring_all_reduce,4,8
2881,9.183875,9.18944200000001,9.187564666666669,9.189376999999993,0.002609123266966485,0,4,54001664,my_ring_all_reduce,4,8
2882,9.230115999999995,9.24947200000001,9.23760166666667,9.233217000000005,0.008488527957718813,0,4,54132736,my_ring_all_reduce,4,8
2883,9.28905799999999,9.295808000000019,9.293377333333332,9.29526599999999,0.0030622346234301235,0,4,54263808,my_ring_all_reduce,4,8
2884,9.330947000000007,9.337312000000006,9.334240666666679,9.334463000000017,0.00260325185531891,0,4,54394880,my_ring_all_reduce,4,8
2885,9.356544999999985,9.369120000000002,9.362411000000003,9.361568000000029,0.005168213295397301,0,4,54525952,my_ring_all_reduce,4,8
2886,9.377859999999986,9.391715000000003,9.384994666666662,9.385409,0.0056638626592020475,0,4,54657024,my_ring_all_reduce,4,8
2887,9.413602999999974,9.415715999999993,9.414797333333318,9.415072999999989,0.0008843778729913857,0,4,54788096,my_ring_all_reduce,4,8
2888,9.426302999999994,9.445538,9.433343666666664,9.428189999999995,0.008657040153671167,0,4,54919168,my_ring_all_reduce,4,8
2889,9.438944999999993,9.448897999999994,9.444683999999992,9.446208999999989,0.004203948223594781,0,4,55050240,my_ring_all_reduce,4,8
2890,9.453311999999997,9.463424999999999,9.457461666666667,9.455648000000002,0.004323211177919929,0,4,55181312,my_ring_all_reduce,4,8
2891,9.47149100000001,9.483043000000002,9.475883999999999,9.473117999999987,0.0051055683980017,0,4,55312384,my_ring_all_reduce,4,8
2892,9.460610000000004,9.470720999999983,9.464374666666663,9.461793000000002,0.00451344896453594,0,4,55443456,my_ring_all_reduce,4,8
2893,9.484705000000002,9.498783999999999,9.49291833333334,9.495266000000019,0.005982653498983866,0,4,55574528,my_ring_all_reduce,4,8
2894,9.495299,9.503582999999995,9.499873666666664,9.500738999999996,0.003436836271273936,0,4,55705600,my_ring_all_reduce,4,8
2895,9.491360999999998,9.499234000000012,9.494720333333333,9.493565999999992,0.003316162072175574,0,4,55836672,my_ring_all_reduce,4,8
2896,9.512159,9.523047999999992,9.515916999999996,9.512543999999997,0.005044827516044138,0,4,55967744,my_ring_all_reduce,4,8
2897,9.528000999999975,9.538945999999967,9.533910666666634,9.53478499999996,0.004510846212798845,0,4,56098816,my_ring_all_reduce,4,8
2898,9.519681000000004,9.522498999999996,9.520631333333336,9.519714000000008,0.0013207084798990255,0,4,56229888,my_ring_all_reduce,4,8
2899,9.538115000000005,9.550016000000003,9.54458766666667,9.545632000000005,0.004914361561337231,0,4,56360960,my_ring_all_reduce,4,8
2900,9.557248000000007,9.565760999999998,9.560608,9.558814999999992,0.0036994530226312945,0,4,56492032,my_ring_all_reduce,4,8
2901,9.565442000000003,9.569987000000008,9.567724666666669,9.567744999999997,0.001855544184930811,0,4,56623104,my_ring_all_reduce,4,8
2902,9.596802999999985,9.604546000000003,9.60114333333332,9.602080999999977,0.0032298530754390517,0,4,56754176,my_ring_all_reduce,4,8
2903,9.621119000000006,9.628160000000019,9.625653333333341,9.627680999999997,0.0032122156770003443,0,4,56885248,my_ring_all_reduce,4,8
2904,9.641155,9.652257000000002,9.647148333333336,9.648033000000003,0.004575338044585798,0,4,57016320,my_ring_all_reduce,4,8
2905,9.667581999999996,9.670240000000003,9.669119333333326,9.669535999999978,0.001124410759267276,0,4,57147392,my_ring_all_reduce,4,8
2906,9.682946000000012,9.694943000000015,9.689014000000007,9.689152999999996,0.004898740858629815,0,4,57278464,my_ring_all_reduce,4,8
2907,9.706976999999984,9.713854999999995,9.710549333333324,9.710815999999992,0.002814255891394385,0,4,57409536,my_ring_all_reduce,4,8
2908,9.729280999999999,9.739872999999992,9.73392166666666,9.73261099999999,0.0044223674906327054,0,4,57540608,my_ring_all_reduce,4,8
2909,9.756097999999998,9.764259000000006,9.760706,9.761760999999998,0.0034142104016428843,0,4,57671680,my_ring_all_reduce,4,8
2910,9.784959000000002,9.79228899999999,9.789067000000005,9.789953000000024,0.003057337839796526,0,4,57802752,my_ring_all_reduce,4,8
2911,9.81151999999999,9.814303000000011,9.812885333333334,9.812833,0.001136757474387638,0,4,57933824,my_ring_all_reduce,4,8
2912,9.837953000000002,9.84947200000001,9.845418000000004,9.848829000000002,0.00528507527540381,0,4,58064896,my_ring_all_reduce,4,8
2913,9.87619200000001,9.885600000000005,9.87955333333334,9.876868000000002,0.00428453632912028,0,4,58195968,my_ring_all_reduce,4,8
2914,9.903170000000014,9.906979999999981,9.90513366666666,9.90525099999999,0.0015576371706895844,0,4,58327040,my_ring_all_reduce,4,8
2915,9.917469999999996,9.931233,9.925033666666664,9.926397999999994,0.005700941228332803,0,4,58458112,my_ring_all_reduce,4,8
2916,9.941054000000003,9.944894,9.942472333333335,9.941469,0.0017207378908148123,0,4,58589184,my_ring_all_reduce,4,8
2917,9.975105,9.979489000000003,9.976907333333335,9.976128000000005,0.0018726779992545809,0,4,58720256,my_ring_all_reduce,4,8
2918,10.016097000000013,10.029506000000001,10.022912333333338,10.023133999999999,0.005476444852472306,0,4,58851328,my_ring_all_reduce,4,8
2919,10.087709000000018,10.107362999999994,10.09613800000001,10.09334200000002,0.008263701390205552,0,4,58982400,my_ring_all_reduce,4,8
2920,10.145215000000032,10.153856000000015,10.149450333333348,10.14928,0.0035297290106809597,0,4,59113472,my_ring_all_reduce,4,8
2921,10.188095,10.191420999999995,10.18999366666667,10.190465000000012,0.0013981381270176043,0,4,59244544,my_ring_all_reduce,4,8
2922,10.220099999999992,10.235646999999997,10.22597333333333,10.222173000000003,0.006892469433293984,0,4,59375616,my_ring_all_reduce,4,8
2923,10.24291,10.263838999999978,10.255102333333332,10.258558000000018,0.008886768604061526,0,4,59506688,my_ring_all_reduce,4,8
2924,10.267934999999998,10.281150999999998,10.274410333333329,10.27414499999999,0.005398670535933495,0,4,59637760,my_ring_all_reduce,4,8
2925,10.276478000000024,10.28707,10.28159866666667,10.281247999999986,0.004331269354605358,0,4,59768832,my_ring_all_reduce,4,8
2926,10.285120000000024,10.293631999999999,10.29077200000001,10.293564000000003,0.003996663942162304,0,4,59899904,my_ring_all_reduce,4,8
2927,10.294880000000012,10.301503000000004,10.298911000000006,10.300349999999998,0.0028889528668083883,0,4,60030976,my_ring_all_reduce,4,8
2928,10.297471999999994,10.309663999999998,10.30433033333333,10.305854999999996,0.005092783936339653,0,4,60162048,my_ring_all_reduce,4,8
2929,10.307196000000012,10.31251200000001,10.309055666666675,10.307459000000003,0.0024463540672250337,0,4,60293120,my_ring_all_reduce,4,8
2930,10.311648000000009,10.318013000000006,10.315828000000005,10.317822999999997,0.0029567239753901273,0,4,60424192,my_ring_all_reduce,4,8
2931,10.32163000000002,10.324798999999992,10.322890000000005,10.322241000000002,0.0013727201705512285,0,4,60555264,my_ring_all_reduce,4,8
2932,10.321186000000017,10.340833000000005,10.330410666666674,10.329213000000003,0.008065438873499257,0,4,60686336,my_ring_all_reduce,4,8
2933,10.329088000000008,10.340318999999997,10.334292333333336,10.333470000000002,0.004621761160227155,0,4,60817408,my_ring_all_reduce,4,8
2934,10.336991000000001,10.344032000000002,10.34078866666667,10.341343000000009,0.0029010784584749213,0,4,60948480,my_ring_all_reduce,4,8
2935,10.351326000000016,10.36527700000001,10.356755666666677,10.353664000000004,0.006100623046504652,0,4,61079552,my_ring_all_reduce,4,8
2936,10.374876999999993,10.384319999999978,10.379891666666657,10.380478,0.0038773188617283187,0,4,61210624,my_ring_all_reduce,4,8
2937,10.3904,10.396767999999982,10.393182666666661,10.392380000000005,0.0026609598936306413,0,4,61341696,my_ring_all_reduce,4,8
2938,10.412576999999997,10.42137199999999,10.416126333333322,10.414429999999978,0.003785601346622417,0,4,61472768,my_ring_all_reduce,4,8
2939,10.441181000000006,10.459101999999985,10.447934333333336,10.443520000000019,0.007954257322677348,0,4,61603840,my_ring_all_reduce,4,8
2940,10.455324999999968,10.45926400000001,10.456661333333328,10.455395000000003,0.0018405851122940725,0,4,61734912,my_ring_all_reduce,4,8
2941,10.484763,10.50336100000002,10.493128666666674,10.491262000000003,0.007706479279737494,0,4,61865984,my_ring_all_reduce,4,8
2942,10.51395200000002,10.516574999999998,10.515112666666662,10.514810999999973,0.001091874331387937,0,4,61997056,my_ring_all_reduce,4,8
2943,10.513629000000009,10.520763,10.517319333333333,10.517565999999992,0.0029176614303583043,0,4,62128128,my_ring_all_reduce,4,8
2944,10.550239000000001,10.552030000000002,10.551305333333335,10.551647000000004,0.0007700529563326474,0,4,62259200,my_ring_all_reduce,4,8
2945,10.586621,10.589116000000002,10.58775266666666,10.58752099999998,0.0010316680129261087,0,4,62390272,my_ring_all_reduce,4,8
2946,10.593628000000011,10.603422000000005,10.597821666666675,10.59641500000001,0.004120246136118828,0,4,62521344,my_ring_all_reduce,4,8
2947,10.634526000000013,10.645759999999989,10.639465666666668,10.638111000000004,0.004685227161564285,0,4,62652416,my_ring_all_reduce,4,8
2948,10.661179000000008,10.681662999999986,10.668967333333327,10.66405999999999,0.009053912757592512,0,4,62783488,my_ring_all_reduce,4,8
2949,10.679391000000004,10.687648999999999,10.682975333333333,10.681885999999999,0.0034581908886307353,0,4,62914560,my_ring_all_reduce,4,8
2950,10.71679800000001,10.72054200000003,10.718089333333346,10.716927999999996,0.0017351090904032397,0,4,63045632,my_ring_all_reduce,4,8
2951,10.727355999999986,10.734844000000004,10.73218866666666,10.734365999999994,0.0034227787282069834,0,4,63176704,my_ring_all_reduce,4,8
2952,10.74444600000001,10.754365000000005,10.748349666666682,10.746238000000027,0.004315938857557921,0,4,63307776,my_ring_all_reduce,4,8
2953,10.765435999999987,10.770143000000004,10.767346666666663,10.766460999999996,0.002021099755640366,0,4,63438848,my_ring_all_reduce,4,8
2954,10.80652500000001,10.827775,10.81585966666667,10.813279000000001,0.0088651191130652,0,4,63569920,my_ring_all_reduce,4,8
2955,10.866946000000004,10.878528,10.870954666666668,10.86739,0.005358222176139578,0,4,63700992,my_ring_all_reduce,4,8
2956,10.922748000000007,10.929277999999991,10.926919999999997,10.928733999999997,0.002958397313855635,0,4,63832064,my_ring_all_reduce,4,8
2957,10.964766000000003,10.975358,10.971133666666674,10.973277000000017,0.004582068261775322,0,4,63963136,my_ring_all_reduce,4,8
2958,11.02300600000001,11.035392999999996,11.028104666666666,11.025914999999994,0.005288693747562871,0,4,64094208,my_ring_all_reduce,4,8
2959,11.047388000000007,11.059228000000003,11.05479066666667,11.057756000000005,0.005268858278179363,0,4,64225280,my_ring_all_reduce,4,8
2960,11.068603000000007,11.082364999999998,11.076147,11.077472999999998,0.005696014279004332,0,4,64356352,my_ring_all_reduce,4,8
2961,11.088511000000006,11.098268000000003,11.09241266666667,11.090459000000003,0.0042160307030287125,0,4,64487424,my_ring_all_reduce,4,8
2962,11.096029999999999,11.106556000000012,11.102429000000003,11.104701,0.004587712356578642,0,4,64618496,my_ring_all_reduce,4,8
2963,11.107457000000009,11.111324999999997,11.10927833333333,11.109052999999985,0.001587122623558029,0,4,64749568,my_ring_all_reduce,4,8
2964,11.110880000000005,11.118492000000005,11.115411000000007,11.116861000000005,0.003272360106508267,0,4,64880640,my_ring_all_reduce,4,8
2965,11.112733999999989,11.12163100000001,11.118292666666662,11.120512999999992,0.003956982211518302,0,4,65011712,my_ring_all_reduce,4,8
2966,11.12374500000001,11.13401300000002,11.129961333333346,11.132126000000005,0.004462607035755721,0,4,65142784,my_ring_all_reduce,4,8
2967,11.12652500000001,11.132924,11.130248333333332,11.131295999999988,0.002715388779196876,0,4,65273856,my_ring_all_reduce,4,8
2968,11.139583000000014,11.142524999999994,11.14087233333334,11.140509000000012,0.0012282370382789324,0,4,65404928,my_ring_all_reduce,4,8
2969,11.145947999999997,11.160571000000001,11.151431666666669,11.147776000000013,0.006505431388888872,0,4,65536000,my_ring_all_reduce,4,8
2970,11.153660999999992,11.170493999999977,11.16158633333332,11.160603999999992,0.006907059496543715,0,4,65667072,my_ring_all_reduce,4,8
2971,11.183037000000004,11.186556999999999,11.184764666666666,11.184699999999998,0.001437761299920619,0,4,65798144,my_ring_all_reduce,4,8
2972,11.206845000000001,11.211291000000012,11.208935666666669,11.208670999999997,0.0018246945558748335,0,4,65929216,my_ring_all_reduce,4,8
2973,11.241087,11.287038,11.260200666666664,11.252476999999992,0.019538250865646638,0,4,66060288,my_ring_all_reduce,4,8
2974,11.271517999999997,11.284315000000003,11.27652966666667,11.27375600000001,0.005580365718800536,0,4,66191360,my_ring_all_reduce,4,8
2975,11.28943599999998,11.292283000000003,11.290705666666659,11.290397999999987,0.0011824681344167112,0,4,66322432,my_ring_all_reduce,4,8
2976,11.300701000000002,11.315869,11.308904333333329,11.310142999999982,0.006253946878214375,0,4,66453504,my_ring_all_reduce,4,8
2977,11.319932999999999,11.327069999999992,11.323548666666662,11.323642999999997,0.0029144314863918984,0,4,66584576,my_ring_all_reduce,4,8
2978,11.338781999999993,11.350204999999987,11.344391999999997,11.344189000000013,0.0046656288607902505,0,4,66715648,my_ring_all_reduce,4,8
2979,11.356158000000011,11.365048999999999,11.359378000000012,11.356927000000026,0.004022273072107011,0,4,66846720,my_ring_all_reduce,4,8
2980,11.385887000000002,11.394943,11.389822000000002,11.388636000000005,0.0037910184207750326,0,4,66977792,my_ring_all_reduce,4,8
2981,11.405758000000002,11.417882999999987,11.411516666666659,11.410908999999986,0.004968624915960025,0,4,67108864,my_ring_all_reduce,4,8
