,time_stats.my_ring_all_reduce.min,time_stats.my_ring_all_reduce.max,time_stats.my_ring_all_reduce.mean,time_stats.my_ring_all_reduce.median,time_stats.my_ring_all_reduce.std,rank,num_workers,size,collective,devices_per_node,max_devices_per_node
0,0.4273580000000147,0.8733989999999995,0.5808490000000047,0.44178999999999996,0.2069479766044236,0,8,2048,my_ring_all_reduce,8,8
1,0.38233100000000103,0.4192630000000004,0.3954320000000006,0.3847020000000002,0.01687883943482674,0,8,10240,my_ring_all_reduce,8,8
2,0.42105199999999926,0.7217249999999995,0.521638666666666,0.4221389999999992,0.1414830990668341,0,8,18432,my_ring_all_reduce,8,8
3,0.422779,0.8717710000000006,0.5725083333333332,0.422974999999999,0.21161067608438172,0,8,26624,my_ring_all_reduce,8,8
4,0.4222050000000018,0.6862019999999993,0.5103533333333338,0.4226530000000003,0.12434391917133981,0,8,34816,my_ring_all_reduce,8,8
5,0.42044499999999996,0.8853670000000002,0.5757716666666668,0.4215030000000002,0.21891738572245828,0,8,43008,my_ring_all_reduce,8,8
6,0.4178560000000002,0.8956740000000009,0.5774050000000005,0.4186850000000004,0.22505042261828076,0,8,51200,my_ring_all_reduce,8,8
7,0.41833200000000126,1.2259449999999987,0.6875796666666663,0.4184619999999986,0.38068178165525834,0,8,59392,my_ring_all_reduce,8,8
8,0.41439400000000026,0.8546509999999998,0.5613390000000006,0.41497200000000156,0.2074030384364377,0,8,67584,my_ring_all_reduce,8,8
9,0.417947000000001,0.7478390000000009,0.5280070000000006,0.4182349999999997,0.1554447423877697,0,8,75776,my_ring_all_reduce,8,8
10,0.4165739999999996,0.8749050000000016,0.5698630000000003,0.4181099999999997,0.21569817824450996,0,8,83968,my_ring_all_reduce,8,8
11,0.41788700000000156,0.6073910000000006,0.4813426666666671,0.4187499999999991,0.08913032758955977,0,8,92160,my_ring_all_reduce,8,8
12,0.4187180000000003,0.8764770000000008,0.5714536666666677,0.419166000000002,0.21568414496563137,0,8,100352,my_ring_all_reduce,8,8
13,0.41900799999999844,0.8734670000000005,0.5705566666666668,0.41919500000000154,0.214189964396613,0,8,108544,my_ring_all_reduce,8,8
14,0.41810799999999926,0.8783299999999982,0.5716863333333329,0.418621000000001,0.21682991725056874,0,8,116736,my_ring_all_reduce,8,8
15,0.4180430000000006,0.8768909999999996,0.5715256666666669,0.4196430000000005,0.2159268859302967,0,8,124928,my_ring_all_reduce,8,8
16,0.4161549999999998,0.8620099999999984,0.5656166666666661,0.418685,0.2095842809918926,0,8,133120,my_ring_all_reduce,8,8
17,0.41676199999999836,0.8801230000000005,0.5715999999999996,0.417915,0.21815921326560325,0,8,141312,my_ring_all_reduce,8,8
18,0.41724400000000106,0.8735010000000011,0.5701186666666673,0.4196109999999999,0.2145258815874882,0,8,149504,my_ring_all_reduce,8,8
19,0.4164440000000004,0.8261699999999992,0.5542673333333334,0.42018800000000056,0.19227029496576425,0,8,157696,my_ring_all_reduce,8,8
20,0.4196750000000011,0.8717069999999967,0.5704483333333327,0.4199630000000002,0.21302207853855923,0,8,165888,my_ring_all_reduce,8,8
21,0.41858999999999924,0.8835469999999996,0.5736603333333329,0.4188439999999998,0.219122987934985,0,8,174080,my_ring_all_reduce,8,8
22,0.41893899999999895,0.8934369999999999,0.5773083333333328,0.4195489999999995,0.22353686264437245,0,8,182272,my_ring_all_reduce,8,8
23,0.41798000000000046,0.8721870000000008,0.5704923333333339,0.4213100000000004,0.2133346762660858,0,8,190464,my_ring_all_reduce,8,8
24,0.4200300000000007,0.8661080000000002,0.5687860000000002,0.4202199999999998,0.21023841670509855,0,8,198656,my_ring_all_reduce,8,8
25,0.41836599999999907,0.867802999999999,0.568571999999999,0.41954699999999867,0.21158881856248143,0,8,206848,my_ring_all_reduce,8,8
26,0.4189750000000004,0.9186839999999993,0.5862899999999999,0.4212110000000002,0.23503982407385016,0,8,215040,my_ring_all_reduce,8,8
27,0.41858899999999905,0.8702690000000003,0.5694903333333332,0.4196130000000003,0.21268304568901508,0,8,223232,my_ring_all_reduce,8,8
28,0.41887600000000114,0.8823940000000002,0.5739583333333336,0.4206049999999991,0.21809809370148617,0,8,231424,my_ring_all_reduce,8,8
29,0.41909799999999997,0.7398390000000036,0.5260656666666682,0.41926000000000113,0.15116058810491131,0,8,239616,my_ring_all_reduce,8,8
30,0.4197410000000009,0.8804450000000001,0.5734566666666677,0.420184000000002,0.21707360758405267,0,8,247808,my_ring_all_reduce,8,8
31,0.41791599999999973,0.9122510000000003,0.583143333333333,0.419262999999999,0.23271491256661891,0,8,256000,my_ring_all_reduce,8,8
32,0.41708400000000256,0.5265559999999996,0.4547910000000008,0.4207330000000002,0.05076737941500012,0,8,264192,my_ring_all_reduce,8,8
33,0.4194199999999992,0.910585000000001,0.6432596666666671,0.5997740000000013,0.20286122795371506,0,8,272384,my_ring_all_reduce,8,8
34,0.41807600000000184,0.8768239999999978,0.5719306666666668,0.42089200000000077,0.2155952086624875,0,8,280576,my_ring_all_reduce,8,8
35,0.4199030000000012,0.5792279999999992,0.4733203333333331,0.42082999999999904,0.07488898551114724,0,8,288768,my_ring_all_reduce,8,8
36,0.42095600000000016,0.5520270000000009,0.4646783333333336,0.4210519999999997,0.06176484696186239,0,8,296960,my_ring_all_reduce,8,8
37,0.42021999999999843,0.7307800000000025,0.5246570000000005,0.4229710000000005,0.14575529801005666,0,8,305152,my_ring_all_reduce,8,8
38,0.4212449999999999,0.8689549999999999,0.5711426666666668,0.42322800000000055,0.2105866765116496,0,8,313344,my_ring_all_reduce,8,8
39,0.43932500000000074,0.7962840000000005,0.5596340000000003,0.44329299999999966,0.16734466056814218,0,8,321536,my_ring_all_reduce,8,8
40,0.44095799999999963,0.7319330000000009,0.539623666666667,0.44598000000000004,0.13599868844057172,0,8,329728,my_ring_all_reduce,8,8
41,0.44456999999999974,0.7196440000000003,0.5367949999999998,0.4461709999999994,0.12929541987505494,0,8,337920,my_ring_all_reduce,8,8
42,0.44374200000000114,0.7567279999999992,0.5483466666666664,0.4445699999999988,0.14734824160772594,0,8,346112,my_ring_all_reduce,8,8
43,0.4430700000000002,0.905049,0.5975210000000002,0.44444400000000045,0.21745585767690861,0,8,354304,my_ring_all_reduce,8,8
44,0.4444119999999998,0.9002500000000009,0.5969123333333338,0.4460750000000007,0.2144931955507113,0,8,362496,my_ring_all_reduce,8,8
45,0.44550199999999995,0.7286660000000001,0.5400180000000002,0.44588600000000045,0.13339437217514086,0,8,370688,my_ring_all_reduce,8,8
46,0.44620499999999946,0.5272300000000005,0.47354366666666636,0.44719599999999904,0.037964126139759906,0,8,378880,my_ring_all_reduce,8,8
47,0.44550400000000084,0.7578510000000006,0.550077666666667,0.4468779999999997,0.1469190037681384,0,8,387072,my_ring_all_reduce,8,8
48,0.4457570000000005,0.7422349999999988,0.5445939999999997,0.44578999999999996,0.13975329198984832,0,8,395264,my_ring_all_reduce,8,8
49,0.4469100000000003,0.8794830000000002,0.5914423333333342,0.447934000000002,0.20367593767933262,0,8,403456,my_ring_all_reduce,8,8
50,0.44706900000000044,0.8954509999999991,0.5972013333333328,0.44908399999999893,0.21089596614813533,0,8,411648,my_ring_all_reduce,8,8
51,0.4463629999999994,0.7426509999999998,0.5456593333333327,0.44796399999999903,0.13929567677506113,0,8,419840,my_ring_all_reduce,8,8
52,0.446876999999999,0.7572739999999994,0.5504703333333323,0.4472599999999984,0.14623235866782583,0,8,428032,my_ring_all_reduce,8,8
53,0.4492430000000004,0.6020099999999993,0.5002503333333331,0.4494979999999996,0.07195502565877873,0,8,436224,my_ring_all_reduce,8,8
54,0.4493090000000011,0.7228410000000013,0.5413080000000012,0.4517740000000013,0.12836715993067183,0,8,444416,my_ring_all_reduce,8,8
55,0.4470989999999997,0.7287670000000007,0.5414469999999999,0.44847499999999946,0.13245643345140626,0,8,452608,my_ring_all_reduce,8,8
56,0.44879899999999906,0.7989720000000016,0.5661633333333336,0.45071900000000004,0.16462245301767275,0,8,460800,my_ring_all_reduce,8,8
57,0.4438360000000025,0.729722999999999,0.5416603333333337,0.4514219999999996,0.13301644458319914,0,8,468992,my_ring_all_reduce,8,8
58,0.4444429999999993,0.893433,0.5956419999999994,0.4490499999999993,0.21057843490886435,0,8,477184,my_ring_all_reduce,8,8
59,0.4500750000000003,0.7569889999999996,0.552614666666667,0.4507800000000011,0.14451476360642904,0,8,485376,my_ring_all_reduce,8,8
60,0.44914600000000066,0.7329860000000008,0.5442610000000003,0.4506509999999994,0.13345014168844768,0,8,493568,my_ring_all_reduce,8,8
61,0.4519980000000014,0.7259440000000031,0.5436216666666682,0.45292300000000024,0.1289219113270607,0,8,501760,my_ring_all_reduce,8,8
62,0.45154900000000137,0.7412769999999982,0.5484553333333336,0.45254000000000133,0.13634610829877697,0,8,509952,my_ring_all_reduce,8,8
63,0.45253899999999975,0.4552919999999986,0.4543316666666651,0.455163999999997,0.0012686833945288703,0,8,518144,my_ring_all_reduce,8,8
64,0.45253799999999955,0.71129,0.5392586666666669,0.4539480000000008,0.12164588432915517,0,8,526336,my_ring_all_reduce,8,8
65,0.45305199999999696,0.6500450000000001,0.5194953333333321,0.4553889999999992,0.0923174847734115,0,8,534528,my_ring_all_reduce,8,8
66,0.44854,0.7223640000000005,0.5410736666666666,0.4523169999999991,0.12820089742882326,0,8,542720,my_ring_all_reduce,8,8
67,0.4454330000000009,0.7364099999999995,0.5450403333333335,0.45327800000000024,0.1353566843475246,0,8,550912,my_ring_all_reduce,8,8
68,0.4530540000000019,0.5587170000000024,0.4887653333333352,0.45452500000000146,0.049466943253944046,0,8,559104,my_ring_all_reduce,8,8
69,0.44873099999999977,0.5284109999999983,0.47551533333333285,0.44940400000000047,0.0374038937040271,0,8,567296,my_ring_all_reduce,8,8
70,0.44505300000000036,0.7303009999999995,0.5431429999999999,0.45407499999999984,0.13239193541400696,0,8,575488,my_ring_all_reduce,8,8
71,0.4519959999999974,0.7348399999999993,0.5472693333333313,0.45497199999999705,0.13263805484433625,0,8,583680,my_ring_all_reduce,8,8
72,0.45593100000000025,0.8614040000000005,0.5911423333333333,0.4560919999999992,0.19110386849796898,0,8,591872,my_ring_all_reduce,8,8
73,0.4564120000000012,0.7488619999999974,0.5541936666666667,0.45730700000000163,0.13765178351752305,0,8,600064,my_ring_all_reduce,8,8
74,0.4511670000000004,0.5327660000000005,0.47904800000000036,0.45321100000000025,0.03799352687849173,0,8,608256,my_ring_all_reduce,8,8
75,0.4546529999999998,0.6679320000000016,0.5264823333333337,0.45686199999999966,0.10002408400091652,0,8,616448,my_ring_all_reduce,8,8
76,0.4563190000000004,0.7654040000000032,0.5594740000000011,0.45669899999999963,0.14561458208801445,0,8,624640,my_ring_all_reduce,8,8
77,0.45113499999999934,0.7365110000000014,0.5467400000000003,0.45257400000000053,0.13418964692056853,0,8,632832,my_ring_all_reduce,8,8
78,0.45538800000000174,0.7650510000000013,0.5587476666666676,0.4558040000000001,0.14587858483988983,0,8,641024,my_ring_all_reduce,8,8
79,0.45647800000000005,0.6397070000000004,0.5179586666666665,0.4576909999999989,0.08609049635638628,0,8,649216,my_ring_all_reduce,8,8
80,0.45446000000000186,0.745499999999999,0.552102666666667,0.456348,0.13675473798332785,0,8,657408,my_ring_all_reduce,8,8
81,0.45442699999999786,0.5190689999999991,0.47703066666666577,0.45759600000000045,0.029753730772608844,0,8,665600,my_ring_all_reduce,8,8
82,0.45426499999999986,0.7340739999999997,0.5494883333333332,0.4601260000000002,0.1305437068171251,0,8,673792,my_ring_all_reduce,8,8
83,0.46156399999999986,0.5174339999999997,0.4814996666666666,0.4655010000000002,0.025460194112029374,0,8,681984,my_ring_all_reduce,8,8
84,0.4541749999999993,0.5513870000000015,0.4881456666666672,0.4588750000000009,0.04475952175298143,0,8,690176,my_ring_all_reduce,8,8
85,0.4566690000000003,0.665723,0.5266940000000001,0.45769000000000004,0.09830923232670798,0,8,698368,my_ring_all_reduce,8,8
86,0.45868299999999634,0.6895929999999999,0.5358449999999993,0.45925900000000186,0.10871650770697192,0,8,706560,my_ring_all_reduce,8,8
87,0.45404400000000034,0.7993539999999993,0.571483666666666,0.46105299999999805,0.16115406320316253,0,8,714752,my_ring_all_reduce,8,8
88,0.4598059999999996,0.5871929999999984,0.502715999999999,0.461148999999999,0.059736775713680905,0,8,722944,my_ring_all_reduce,8,8
89,0.45577299999999926,0.7497560000000003,0.5553883333333327,0.4606359999999986,0.13745303337584952,0,8,731136,my_ring_all_reduce,8,8
90,0.451387999999999,0.526110000000002,0.47973066666666697,0.461694,0.0330639312981528,0,8,739328,my_ring_all_reduce,8,8
91,0.46227000000000046,0.7419800000000014,0.5558790000000007,0.46338700000000016,0.13159406920019917,0,8,747520,my_ring_all_reduce,8,8
92,0.45762699999999584,0.5947489999999999,0.5052016666666651,0.4632289999999994,0.0633608148165912,0,8,755712,my_ring_all_reduce,8,8
93,0.459194,0.7515489999999981,0.5577133333333326,0.4623969999999995,0.1370687517424085,0,8,763904,my_ring_all_reduce,8,8
94,0.4555820000000003,0.7439620000000005,0.5522199999999994,0.45711599999999725,0.13558351475996955,0,8,772096,my_ring_all_reduce,8,8
95,0.4547480000000005,0.7268759999999984,0.548742666666666,0.46460399999999935,0.12602353885242512,0,8,780288,my_ring_all_reduce,8,8
96,0.4679660000000004,0.7593220000000002,0.5658626666666667,0.4702999999999997,0.13679972497373266,0,8,788480,my_ring_all_reduce,8,8
97,0.46754599999999935,0.8997999999999993,0.6120369999999996,0.4687650000000003,0.20347977723760796,0,8,796672,my_ring_all_reduce,8,8
98,0.4661710000000012,0.586781,0.5071636666666673,0.4685390000000007,0.05630625590662347,0,8,804864,my_ring_all_reduce,8,8
99,0.4708420000000001,0.7415920000000006,0.5612203333333338,0.47122700000000034,0.12754212548104357,0,8,813056,my_ring_all_reduce,8,8
100,0.4702029999999991,0.6814669999999997,0.5408483333333333,0.47087500000000093,0.09943279122882716,0,8,821248,my_ring_all_reduce,8,8
101,0.48345199999999844,0.7124750000000004,0.5617773333333326,0.48940499999999887,0.10658705239172221,0,8,829440,my_ring_all_reduce,8,8
102,0.48226899999999845,0.8833239999999997,0.6193993333333324,0.4926049999999991,0.1866706198634975,0,8,837632,my_ring_all_reduce,8,8
103,0.4894350000000004,0.5294040000000013,0.5028756666666679,0.4897880000000023,0.01875891795623854,0,8,845824,my_ring_all_reduce,8,8
104,0.4885719999999974,0.5475779999999996,0.5098509999999993,0.4934030000000007,0.02674982289037976,0,8,854016,my_ring_all_reduce,8,8
105,0.48502000000000134,0.7062039999999997,0.5619373333333334,0.4945879999999993,0.10208669514790925,0,8,862208,my_ring_all_reduce,8,8
106,0.4856610000000003,0.7372749999999978,0.5719856666666662,0.4930210000000002,0.11691582494921414,0,8,870400,my_ring_all_reduce,8,8
107,0.48758100000000015,0.7242520000000013,0.5697876666666675,0.4975300000000009,0.10929827188122558,0,8,878592,my_ring_all_reduce,8,8
108,0.4919319999999998,0.5360600000000004,0.5082523333333336,0.4967650000000008,0.01976173434246666,0,8,886784,my_ring_all_reduce,8,8
109,0.4940749999999998,0.7372759999999989,0.5752709999999998,0.49446200000000046,0.11455494303608148,0,8,894976,my_ring_all_reduce,8,8
110,0.4941100000000006,0.7523140000000004,0.5804326666666672,0.49487400000000026,0.12153885657224558,0,8,903168,my_ring_all_reduce,8,8
111,0.4896279999999988,0.737594000000001,0.5744696666666669,0.4961870000000008,0.11537739875248107,0,8,911360,my_ring_all_reduce,8,8
112,0.49608900000000267,0.8890489999999991,0.627567333333334,0.49756400000000034,0.18489644021872118,0,8,919552,my_ring_all_reduce,8,8
113,0.4944599999999991,0.5002170000000006,0.4968696666666659,0.495931999999998,0.0024420177904537974,0,8,927744,my_ring_all_reduce,8,8
114,0.49714800000000015,0.7593580000000039,0.5852550000000013,0.499259,0.12311242839237274,0,8,935936,my_ring_all_reduce,8,8
115,0.4966680000000015,0.6039299999999994,0.5334246666666664,0.49967599999999857,0.04986992104353943,0,8,944128,my_ring_all_reduce,8,8
116,0.4971779999999999,0.5597069999999967,0.5189716666666655,0.5000299999999998,0.02882775297444238,0,8,952320,my_ring_all_reduce,8,8
117,0.4995819999999985,0.594203,0.5315486666666662,0.5008609999999999,0.044306380837176536,0,8,960512,my_ring_all_reduce,8,8
118,0.5020769999999993,0.5217560000000003,0.5088183333333335,0.5026220000000008,0.00915101707765635,0,8,968704,my_ring_all_reduce,8,8
119,0.4994500000000003,0.7706159999999964,0.5921006666666656,0.5062359999999999,0.12625979995055875,0,8,976896,my_ring_all_reduce,8,8
120,0.5006370000000002,0.7253380000000007,0.5761233333333333,0.502394999999999,0.10551314358042001,0,8,985088,my_ring_all_reduce,8,8
121,0.5031320000000006,0.6503289999999997,0.5525816666666666,0.5042839999999996,0.06911940227525744,0,8,993280,my_ring_all_reduce,8,8
122,0.503485999999999,0.751291000000001,0.5874089999999993,0.507449999999998,0.11589337273833628,0,8,1001472,my_ring_all_reduce,8,8
123,0.5074839999999995,0.8816279999999989,0.6330733333333325,0.5101079999999992,0.17575795493676943,0,8,1009664,my_ring_all_reduce,8,8
124,0.5086650000000018,0.7660420000000031,0.5945216666666681,0.5088579999999993,0.12128321640505683,0,8,1017856,my_ring_all_reduce,8,8
125,0.510202000000002,0.7340719999999992,0.5861373333333343,0.5141380000000018,0.10461794691585483,0,8,1026048,my_ring_all_reduce,8,8
126,0.5084429999999965,0.9070659999999989,0.6417656666666659,0.5097880000000024,0.18759646835043423,0,8,1034240,my_ring_all_reduce,8,8
127,0.5106200000000004,0.7453390000000009,0.5889870000000005,0.5110020000000004,0.11055766944299575,0,8,1042432,my_ring_all_reduce,8,8
128,0.507737000000001,0.7414350000000023,0.5882080000000008,0.5154519999999994,0.1083936205164625,0,8,1048576,my_ring_all_reduce,8,8
129,0.5282510000000002,0.7557049999999991,0.6043586666666664,0.5291199999999999,0.10701860663869991,0,8,1081344,my_ring_all_reduce,8,8
130,0.5374700000000002,0.7512600000000003,0.6092890000000001,0.5391369999999998,0.10039096358072619,0,8,1114112,my_ring_all_reduce,8,8
131,0.5401540000000005,0.8681219999999994,0.6502986666666665,0.5426199999999994,0.15402764621399023,0,8,1146880,my_ring_all_reduce,8,8
132,0.554235999999999,0.7415630000000001,0.6175953333333327,0.5569869999999992,0.08766557205020094,0,8,1179648,my_ring_all_reduce,8,8
133,0.5559629999999998,0.7331480000000001,0.6161983333333337,0.5594840000000013,0.08270839441609817,0,8,1212416,my_ring_all_reduce,8,8
134,0.5631010000000006,0.5682190000000019,0.5652646666666675,0.5644740000000001,0.0021629218406802597,0,8,1245184,my_ring_all_reduce,8,8
135,0.578621,0.5842190000000019,0.5816813333333339,0.5822039999999997,0.002315064625928461,0,8,1277952,my_ring_all_reduce,8,8
136,0.5897869999999985,0.5941699999999992,0.5918556666666658,0.5916099999999996,0.001797764599594852,0,8,1310720,my_ring_all_reduce,8,8
137,0.5998339999999999,0.8958330000000014,0.6987346666666672,0.6005370000000003,0.13936986356295156,0,8,1343488,my_ring_all_reduce,8,8
138,0.5975950000000003,0.7266519999999982,0.6410946666666659,0.5990369999999994,0.06050103473678882,0,8,1376256,my_ring_all_reduce,8,8
139,0.6020759999999982,0.7582970000000014,0.654224666666667,0.6023010000000013,0.07359030996145036,0,8,1409024,my_ring_all_reduce,8,8
140,0.6043810000000003,0.7415949999999993,0.651025333333333,0.6070999999999994,0.06405204462171517,0,8,1441792,my_ring_all_reduce,8,8
141,0.6013390000000017,0.6086989999999997,0.6039096666666673,0.6016910000000008,0.0033896176119955442,0,8,1474560,my_ring_all_reduce,8,8
142,0.622973,0.8897519999999995,0.7123679999999996,0.624378999999999,0.12543074264575918,0,8,1507328,my_ring_all_reduce,8,8
143,0.6726009999999969,0.6753550000000014,0.6737223333333322,0.6732109999999984,0.001181023661445117,0,8,1540096,my_ring_all_reduce,8,8
144,0.6731180000000004,0.6750639999999994,0.6738933333333326,0.6734979999999978,0.0008421976542883514,0,8,1572864,my_ring_all_reduce,8,8
145,0.669690999999997,0.6779790000000003,0.6743409999999995,0.675353000000001,0.0034584046418366537,0,8,1605632,my_ring_all_reduce,8,8
146,0.6778149999999996,0.9176880000000011,0.7587440000000002,0.6807289999999998,0.11239667611040288,0,8,1638400,my_ring_all_reduce,8,8
147,0.682205,0.7659139999999998,0.7115789999999999,0.6866179999999995,0.03846286356994238,0,8,1671168,my_ring_all_reduce,8,8
148,0.6809540000000034,0.6889229999999993,0.6857756666666677,0.6874500000000003,0.003462059534758206,0,8,1703936,my_ring_all_reduce,8,8
149,0.6922200000000057,0.7479999999999991,0.7116236666666679,0.6946509999999989,0.025741091149278663,0,8,1736704,my_ring_all_reduce,8,8
150,0.7078980000000001,0.876889000000001,0.7644950000000005,0.7086980000000004,0.0794752306361342,0,8,1769472,my_ring_all_reduce,8,8
151,0.7302029999999986,0.7403780000000015,0.7347036666666682,0.7335300000000043,0.004236018282408078,0,8,1802240,my_ring_all_reduce,8,8
152,0.7365090000000001,0.8605379999999987,0.7783416666666666,0.737978000000001,0.05812467863901518,0,8,1835008,my_ring_all_reduce,8,8
153,0.738170000000001,0.7430660000000002,0.7400046666666672,0.7387780000000003,0.0021788739191505747,0,8,1867776,my_ring_all_reduce,8,8
154,0.735896999999999,0.743835,0.7403889999999999,0.7414350000000004,0.0033240084235758574,0,8,1900544,my_ring_all_reduce,8,8
155,0.746715000000001,0.7490820000000004,0.7479516666666676,0.7480580000000013,0.0009692444938654103,0,8,1933312,my_ring_all_reduce,8,8
156,0.7496899999999969,0.7561819999999998,0.7531663333333317,0.7536269999999986,0.0026702904128381496,0,8,1966080,my_ring_all_reduce,8,8
157,0.7543620000000001,0.7599619999999996,0.7572526666666667,0.7574340000000002,0.0022897832988199238,0,8,1998848,my_ring_all_reduce,8,8
158,0.7855320000000007,0.8191629999999995,0.7987466666666655,0.7915449999999965,0.014643748207189305,0,8,2031616,my_ring_all_reduce,8,8
159,0.7875150000000003,0.7908749999999991,0.7892643333333327,0.7894029999999989,0.0013752142459343597,0,8,2064384,my_ring_all_reduce,8,8
160,0.7850510000000013,0.8023949999999986,0.7933596666666668,0.7926330000000003,0.007099277772342303,0,8,2097152,my_ring_all_reduce,8,8
161,0.7836730000000043,0.7861719999999995,0.784826333333335,0.7846340000000009,0.001029237365990823,0,8,2129920,my_ring_all_reduce,8,8
162,0.7829079999999995,0.9030379999999987,0.825659333333333,0.7910320000000011,0.05481540772041632,0,8,2162688,my_ring_all_reduce,8,8
163,0.7895619999999999,0.8990980000000008,0.8283253333333338,0.7963160000000007,0.05011973589537609,0,8,2195456,my_ring_all_reduce,8,8
164,0.7921239999999998,0.7960889999999982,0.794481666666666,0.7952319999999999,0.0017034389399742185,0,8,2228224,my_ring_all_reduce,8,8
165,0.7921880000000006,0.7960569999999993,0.7938826666666667,0.7934030000000003,0.0016155185613977174,0,8,2260992,my_ring_all_reduce,8,8
166,0.7958029999999999,0.7968599999999997,0.7964429999999996,0.7966659999999993,0.00045942645403427467,0,8,2293760,my_ring_all_reduce,8,8
167,0.7903639999999996,0.7992549999999993,0.7950446666666661,0.7955149999999994,0.003644939901958308,0,8,2326528,my_ring_all_reduce,8,8
168,0.7938490000000001,0.798939000000004,0.7963783333333346,0.7963469999999998,0.0020781019117363016,0,8,2359296,my_ring_all_reduce,8,8
169,0.7964110000000001,0.8003779999999988,0.7985859999999994,0.7989689999999992,0.0016420087291683014,0,8,2392064,my_ring_all_reduce,8,8
170,0.7992570000000006,0.8015000000000019,0.8006026666666676,0.801051,0.0009690250541426535,0,8,2424832,my_ring_all_reduce,8,8
171,0.7952919999999986,0.8805709999999999,0.824827,0.7986180000000013,0.039440340777770526,0,8,2457600,my_ring_all_reduce,8,8
172,0.7971789999999992,0.8016580000000022,0.8001206666666675,0.801525000000001,0.002080780996539609,0,8,2490368,my_ring_all_reduce,8,8
173,0.7964740000000001,0.8022650000000012,0.7997163333333329,0.8004099999999972,0.0024145117288779934,0,8,2523136,my_ring_all_reduce,8,8
174,0.8140389999999997,0.913817000000001,0.847333333333334,0.8141440000000012,0.047011071081419165,0,8,2555904,my_ring_all_reduce,8,8
175,0.8246029999999983,0.8272919999999986,0.8255086666666642,0.8246309999999958,0.0012610589024932021,0,8,2588672,my_ring_all_reduce,8,8
176,0.8244429999999994,0.9014669999999988,0.8513539999999988,0.8281519999999982,0.03546757906407858,0,8,2621440,my_ring_all_reduce,8,8
177,0.8267780000000011,0.8288590000000003,0.827898666666667,0.8280589999999993,0.0008570960013644127,0,8,2654208,my_ring_all_reduce,8,8
178,0.823679,0.8269410000000026,0.8252343333333344,0.8250830000000006,0.0013359983366600403,0,8,2686976,my_ring_all_reduce,8,8
179,0.8252430000000004,0.8289240000000009,0.8272176666666674,0.8274860000000008,0.0015146930015318366,0,8,2719744,my_ring_all_reduce,8,8
180,0.8199600000000019,0.8257869999999998,0.8228300000000003,0.8227429999999994,0.0023796580986903777,0,8,2752512,my_ring_all_reduce,8,8
181,0.8242830000000013,0.8309699999999975,0.8279733333333333,0.8286670000000013,0.002773670532383876,0,8,2785280,my_ring_all_reduce,8,8
182,0.8258499999999994,0.8278360000000002,0.8270986666666671,0.8276100000000015,0.0008877482125524139,0,8,2818048,my_ring_all_reduce,8,8
183,0.827899999999996,0.8322860000000029,0.8301080000000005,0.8301380000000027,0.001790702655387022,0,8,2850816,my_ring_all_reduce,8,8
184,0.8267789999999986,0.8338839999999991,0.830106999999999,0.8296579999999995,0.0029179281462482247,0,8,2883584,my_ring_all_reduce,8,8
185,0.8240910000000012,0.8324740000000038,0.8283353333333346,0.8284409999999989,0.003423160949896433,0,8,2916352,my_ring_all_reduce,8,8
186,0.826042999999997,0.8304609999999993,0.8287629999999987,0.8297849999999999,0.0019430292500812554,0,8,2949120,my_ring_all_reduce,8,8
187,0.8294650000000038,0.8319280000000017,0.8310016666666694,0.8316120000000028,0.0010942188487168274,0,8,2981888,my_ring_all_reduce,8,8
188,0.8328580000000011,0.91446,0.8614990000000008,0.837179000000001,0.03749060683246713,0,8,3014656,my_ring_all_reduce,8,8
189,0.8549699999999976,0.8598009999999995,0.8574656666666658,0.8576260000000002,0.0019755033676404662,0,8,3047424,my_ring_all_reduce,8,8
190,0.8563780000000006,0.8579810000000002,0.8572966666666669,0.8575309999999999,0.0006750734939411552,0,8,3080192,my_ring_all_reduce,8,8
191,0.8577200000000011,0.8602520000000013,0.859141333333334,0.8594519999999993,0.0010567690802103648,0,8,3112960,my_ring_all_reduce,8,8
192,0.8545870000000009,0.8577859999999992,0.856057666666667,0.8558000000000011,0.001318634226091605,0,8,3145728,my_ring_all_reduce,8,8
193,0.854521999999999,0.8598010000000013,0.8572630000000002,0.8574660000000004,0.002159917745348343,0,8,3178496,my_ring_all_reduce,8,8
194,0.8609549999999981,0.8889890000000005,0.8710559999999985,0.8632239999999965,0.012714334613604555,0,8,3211264,my_ring_all_reduce,8,8
195,0.8576589999999978,0.862205,0.8606249999999994,0.8620110000000004,0.002098773610152205,0,8,3244032,my_ring_all_reduce,8,8
196,0.8589089999999997,0.8666499999999987,0.863225999999999,0.8641189999999987,0.0032227169696800576,0,8,3276800,my_ring_all_reduce,8,8
197,0.8633850000000003,0.865308000000001,0.8641440000000005,0.863739,0.0008356638079997197,0,8,3309568,my_ring_all_reduce,8,8
198,0.8627159999999995,0.8669090000000002,0.8653626666666668,0.8664630000000006,0.0018803124444864033,0,8,3342336,my_ring_all_reduce,8,8
199,0.8592900000000027,0.8676769999999988,0.8648060000000011,0.8674510000000019,0.0039014921077272315,0,8,3375104,my_ring_all_reduce,8,8
200,0.864317,0.8680269999999982,0.8660759999999991,0.8658839999999991,0.0015206737541841313,0,8,3407872,my_ring_all_reduce,8,8
201,0.8614999999999982,0.8683809999999998,0.8640706666666654,0.8623309999999983,0.0030666888042686895,0,8,3440640,my_ring_all_reduce,8,8
202,0.8711629999999987,0.8769560000000002,0.8739486666666666,0.8737270000000008,0.002370170786158295,0,8,3473408,my_ring_all_reduce,8,8
203,0.8702639999999997,0.8799970000000004,0.8751740000000008,0.8752610000000023,0.003973956802315412,0,8,3506176,my_ring_all_reduce,8,8
204,0.8689890000000015,0.8746489999999986,0.8724543333333331,0.8737249999999994,0.0024792264026404697,0,8,3538944,my_ring_all_reduce,8,8
205,0.9632890000000007,0.9659169999999995,0.9648693333333321,0.9654019999999964,0.0011370711890143397,0,8,3571712,my_ring_all_reduce,8,8
206,0.9673230000000022,0.9675469999999987,0.9674183333333332,0.9673849999999984,9.443633952039283e-05,0,8,3604480,my_ring_all_reduce,8,8
207,0.9615319999999997,0.9649200000000001,0.9627883333333335,0.9619130000000005,0.0015153200615345298,0,8,3637248,my_ring_all_reduce,8,8
208,0.9765369999999999,0.980157000000001,0.9781163333333328,0.977654999999997,0.0015134334768635719,0,8,3670016,my_ring_all_reduce,8,8
209,0.9785850000000019,0.980695999999999,0.9796736666666676,0.9797400000000016,0.0008630876098173482,0,8,3702784,my_ring_all_reduce,8,8
210,0.97929,0.985817,0.9820520000000004,0.981049000000001,0.002757406873616257,0,8,3735552,my_ring_all_reduce,8,8
211,0.9827429999999977,0.984983000000001,0.9837679999999992,0.9835779999999991,0.000924292522240231,0,8,3768320,my_ring_all_reduce,8,8
212,0.980634,0.9851769999999979,0.9822979999999993,0.9810830000000001,0.002043996249180128,0,8,3801088,my_ring_all_reduce,8,8
213,0.9786159999999996,0.9808259999999973,0.9800776666666656,0.9807910000000002,0.001033653176306265,0,8,3833856,my_ring_all_reduce,8,8
214,0.9827749999999996,0.987637999999999,0.9845466666666663,0.9832270000000007,0.0021936776325507186,0,8,3866624,my_ring_all_reduce,8,8
215,0.9851769999999997,0.9873539999999975,0.9865319999999999,0.9870650000000023,0.0009653665970326241,0,8,3899392,my_ring_all_reduce,8,8
216,0.9827119999999977,0.9881220000000007,0.9845909999999995,0.9829390000000003,0.0024985132912736076,0,8,3932160,my_ring_all_reduce,8,8
217,0.987387999999999,0.9896240000000016,0.988751666666667,0.9892430000000009,0.00097672252400105,0,8,3964928,my_ring_all_reduce,8,8
218,0.9854709999999995,0.9888240000000006,0.9871720000000005,0.9872210000000013,0.0013692949523999136,0,8,3997696,my_ring_all_reduce,8,8
219,0.9859790000000012,0.9877750000000005,0.9869616666666671,0.9871309999999994,0.0007429263459825673,0,8,4030464,my_ring_all_reduce,8,8
220,1.1797369999999991,1.1900730000000004,1.186413666666666,1.1894309999999988,0.004728385865059152,0,8,4063232,my_ring_all_reduce,8,8
221,1.201433,1.2067460000000028,1.2049640000000008,1.2067129999999997,0.0024968303907159967,0,8,4096000,my_ring_all_reduce,8,8
222,1.2091420000000017,1.2149680000000016,1.211511666666668,1.2104250000000012,0.002499493593154889,0,8,4128768,my_ring_all_reduce,8,8
223,1.2149349999999977,1.2229029999999967,1.2176883333333317,1.2152270000000007,0.0036892526192822146,0,8,4161536,my_ring_all_reduce,8,8
224,1.217755000000002,1.2231299999999992,1.2207076666666674,1.2212380000000012,0.0022261470950690043,0,8,4194304,my_ring_all_reduce,8,8
225,1.2302980000000008,1.2348390000000036,1.2320350000000013,1.2309679999999998,0.002001505599960329,0,8,4227072,my_ring_all_reduce,8,8
226,1.243226999999999,1.2464570000000004,1.244600666666666,1.2441179999999985,0.0013620940577743167,0,8,4259840,my_ring_all_reduce,8,8
227,1.2459429999999976,1.2522780000000007,1.248513666666666,1.2473199999999998,0.002720500730054715,0,8,4292608,my_ring_all_reduce,8,8
228,1.2514479999999994,1.2556409999999978,1.2536996666666662,1.2540100000000012,0.0017257930222230478,0,8,4325376,my_ring_all_reduce,8,8
229,1.2956060000000034,1.3020759999999956,1.2978806666666662,1.29596,0.0029700668155567466,0,8,4358144,my_ring_all_reduce,8,8
230,1.3083120000000008,1.3087909999999956,1.3086203333333333,1.3087580000000034,0.00021844043174712178,0,8,4390912,my_ring_all_reduce,8,8
231,1.3090460000000004,1.3108089999999992,1.3101350000000014,1.3105500000000048,0.0007772648626223652,0,8,4423680,my_ring_all_reduce,8,8
232,1.3422309999999997,1.3470950000000004,1.3448963333333337,1.3453630000000012,0.002012950957067002,0,8,4456448,my_ring_all_reduce,8,8
233,1.3631579999999985,1.3715780000000033,1.3669036666666656,1.3659749999999948,0.0034996110577566577,0,8,4489216,my_ring_all_reduce,8,8
234,1.3752569999999997,1.3788419999999997,1.377038,1.3770150000000012,0.0014636604797561203,0,8,4521984,my_ring_all_reduce,8,8
235,1.3834450000000007,1.3867759999999998,1.3849393333333335,1.3845970000000007,0.0013812516867758359,0,8,4554752,my_ring_all_reduce,8,8
236,1.392117000000002,1.395032000000003,1.3933773333333355,1.392983000000002,0.001222273928199619,0,8,4587520,my_ring_all_reduce,8,8
237,1.3999909999999964,1.4019779999999973,1.400663999999998,1.4000229999999994,0.0009292301473080624,0,8,4620288,my_ring_all_reduce,8,8
238,1.3972380000000013,1.400536000000001,1.3987646666666669,1.3985199999999987,0.001357472487955278,0,8,4653056,my_ring_all_reduce,8,8
239,1.4026809999999987,1.4068739999999997,1.404141000000001,1.402868000000004,0.0019340301617772207,0,8,4685824,my_ring_all_reduce,8,8
240,1.3988729999999923,1.4053980000000001,1.402498333333331,1.4032240000000002,0.0027127907319907047,0,8,4718592,my_ring_all_reduce,8,8
241,1.4057179999999971,1.4062609999999987,1.4059306666666647,1.4058129999999982,0.00023677884665331084,0,8,4751360,my_ring_all_reduce,8,8
242,1.3998349999999955,1.4039580000000025,1.4020399999999995,1.4023269999999999,0.0016953974951840743,0,8,4784128,my_ring_all_reduce,8,8
243,1.4122759999999999,1.417947000000001,1.4146256666666674,1.4136540000000013,0.002414975822285538,0,8,4816896,my_ring_all_reduce,8,8
244,1.4232869999999993,1.4265179999999982,1.424609333333332,1.4240229999999992,0.0013826738186888169,0,8,4849664,my_ring_all_reduce,8,8
245,1.4259089999999996,1.430456999999995,1.4285989999999977,1.4294309999999988,0.0019476899137166935,0,8,4882432,my_ring_all_reduce,8,8
246,1.4300719999999982,1.4357970000000004,1.4334833333333332,1.434581000000001,0.002462730237404746,0,8,4915200,my_ring_all_reduce,8,8
247,1.4381989999999916,1.4410770000000013,1.4397233333333326,1.4398940000000058,0.0011811199017172636,0,8,4947968,my_ring_all_reduce,8,8
248,1.4371409999999987,1.439767999999999,1.4385719999999997,1.4388070000000017,0.0010852652517552783,0,8,4980736,my_ring_all_reduce,8,8
249,1.4395100000000003,1.444632999999998,1.4416559999999974,1.4408249999999936,0.0021724338118032393,0,8,5013504,my_ring_all_reduce,8,8
250,1.434937,1.4369169999999978,1.4360553333333341,1.4363120000000054,0.0008284557253641259,0,8,5046272,my_ring_all_reduce,8,8
251,1.4444389999999998,1.4448250000000007,1.4446949999999987,1.4448209999999964,0.00018102670152895614,0,8,5079040,my_ring_all_reduce,8,8
252,1.4510969999999999,1.455349000000002,1.4529293333333344,1.4523420000000016,0.0017848615881607384,0,8,5111808,my_ring_all_reduce,8,8
253,1.4599930000000023,1.4643740000000007,1.4627216666666687,1.4637980000000026,0.001943735292905735,0,8,5144576,my_ring_all_reduce,8,8
254,1.466933,1.4696880000000019,1.4681396666666682,1.4677980000000017,0.0011503791645469507,0,8,5177344,my_ring_all_reduce,8,8
255,1.472405999999999,1.4786810000000024,1.4745403333333342,1.4725340000000007,0.0029283597608381244,0,8,5210112,my_ring_all_reduce,8,8
256,1.473014000000003,1.475607000000002,1.474689333333335,1.475447000000001,0.0011864390231082142,0,8,5242880,my_ring_all_reduce,8,8
257,1.4743259999999991,1.4800220000000008,1.4763960000000005,1.474840000000002,0.002572541674427818,0,8,5275648,my_ring_all_reduce,8,8
258,1.4747749999999997,1.4784209999999984,1.4771843333333319,1.4783569999999973,0.0017038562798015638,0,8,5308416,my_ring_all_reduce,8,8
259,1.4871580000000069,1.4918289999999979,1.4902196666666672,1.4916719999999968,0.002165873854945417,0,8,5341184,my_ring_all_reduce,8,8
260,1.4953169999999982,1.4995410000000067,1.4971513333333346,1.4965959999999987,0.0017685851847080566,0,8,5373952,my_ring_all_reduce,8,8
261,1.4916699999999983,1.498070999999999,1.494220999999999,1.4929219999999992,0.002769927917233197,0,8,5406720,my_ring_all_reduce,8,8
262,1.4966289999999982,1.5047559999999995,1.5007996666666639,1.5010139999999939,0.003321293556566743,0,8,5439488,my_ring_all_reduce,8,8
263,1.4967290000000066,1.5047260000000007,1.5013026666666702,1.5024530000000031,0.003364565581994096,0,8,5472256,my_ring_all_reduce,8,8
264,1.4973380000000016,1.5040559999999987,1.501528000000001,1.5031900000000025,0.002983796686549329,0,8,5505024,my_ring_all_reduce,8,8
265,1.4998920000000018,1.5076359999999986,1.5045223333333333,1.5060389999999997,0.0033384220157953257,0,8,5537792,my_ring_all_reduce,8,8
266,1.5051469999999973,1.5062930000000005,1.5058783333333325,1.5061949999999997,0.0005186760924606763,0,8,5570560,my_ring_all_reduce,8,8
267,1.5088860000000004,1.5097160000000032,1.509386666666667,1.5095579999999982,0.0003598530564307855,0,8,5603328,my_ring_all_reduce,8,8
268,1.514967999999999,1.5182960000000003,1.5164719999999996,1.5161520000000002,0.0013773636653651175,0,8,5636096,my_ring_all_reduce,8,8
269,1.5128869999999988,1.5222649999999995,1.5175490000000007,1.5174950000000045,0.003828742874626374,0,8,5668864,my_ring_all_reduce,8,8
270,1.5212389999999987,1.5266439999999994,1.524427666666669,1.5254000000000087,0.0023112161781689506,0,8,5701632,my_ring_all_reduce,8,8
271,1.5293340000000026,1.5330149999999994,1.530775000000001,1.5299760000000016,0.0016054575671738162,0,8,5734400,my_ring_all_reduce,8,8
272,1.5356370000000006,1.5366000000000004,1.5362143333333336,1.536405999999999,0.00041584799573319393,0,8,5767168,my_ring_all_reduce,8,8
273,1.5342610000000005,1.5406950000000035,1.536512333333335,1.5345810000000002,0.002960475787588462,0,8,5799936,my_ring_all_reduce,8,8
274,1.5460079999999998,1.5494599999999983,1.5474369999999984,1.546842999999997,0.001470533463293397,0,8,5832704,my_ring_all_reduce,8,8
275,1.5524710000000006,1.5555419999999958,1.5538146666666643,1.553430999999997,0.001282747138845999,0,8,5865472,my_ring_all_reduce,8,8
276,1.5549329999999946,1.5584549999999973,1.5567476666666626,1.5568549999999959,0.0014398521529050744,0,8,5898240,my_ring_all_reduce,8,8
277,1.559126000000002,1.5667109999999993,1.562444666666668,1.561497000000003,0.0031682392937109204,0,8,5931008,my_ring_all_reduce,8,8
278,1.562520000000001,1.5656229999999995,1.5635856666666685,1.562614000000005,0.0014411232501828574,0,8,5963776,my_ring_all_reduce,8,8
279,1.563928,1.569049000000001,1.5658900000000004,1.5646930000000003,0.002255477333072074,0,8,5996544,my_ring_all_reduce,8,8
280,1.5666150000000016,1.568824000000001,1.5675963333333336,1.5673499999999985,0.0009184880087525931,0,8,6029312,my_ring_all_reduce,8,8
281,1.572659000000007,1.5744249999999975,1.5736120000000013,1.5737519999999987,0.0007277311774692703,0,8,6062080,my_ring_all_reduce,8,8
282,1.5750629999999965,1.5814620000000004,1.577238333333332,1.5751899999999988,0.0029870333480277646,0,8,6094848,my_ring_all_reduce,8,8
283,1.5777819999999956,1.581780999999999,1.5794886666666637,1.5789029999999966,0.0016842910147082772,0,8,6127616,my_ring_all_reduce,8,8
284,1.5813659999999945,1.5849830000000003,1.5827319999999985,1.5818470000000007,0.0016037645296837254,0,8,6160384,my_ring_all_reduce,8,8
285,1.5828369999999996,1.5874130000000004,1.5853443333333344,1.585783000000003,0.0018937203829739496,0,8,6193152,my_ring_all_reduce,8,8
286,1.5933000000000066,1.5953500000000058,1.5941646666666724,1.5938440000000047,0.0008670814392097267,0,8,6225920,my_ring_all_reduce,8,8
287,1.5929829999999965,1.5943609999999995,1.5935803333333325,1.5933970000000017,0.0005773094683297135,0,8,6258688,my_ring_all_reduce,8,8
288,1.5954789999999994,1.6022639999999992,1.5989459999999995,1.5990949999999995,0.0027719676525288445,0,8,6291456,my_ring_all_reduce,8,8
289,1.5997329999999994,1.605047999999999,1.602528999999999,1.602805999999999,0.002178662127698049,0,8,6324224,my_ring_all_reduce,8,8
290,1.6126289999999972,1.6194479999999984,1.6165773333333318,1.617654999999999,0.0028862564373641256,0,8,6356992,my_ring_all_reduce,8,8
291,1.6191249999999964,1.6207269999999998,1.6196699999999986,1.6191579999999994,0.000747533276852192,0,8,6389760,my_ring_all_reduce,8,8
292,1.6190940000000082,1.6275419999999976,1.623319000000003,1.6233210000000036,0.003448881847783426,0,8,6422528,my_ring_all_reduce,8,8
293,1.6244699999999976,1.6268079999999983,1.625259999999998,1.6245019999999977,0.0010946792528714919,0,8,6455296,my_ring_all_reduce,8,8
294,1.6390919999999987,1.647351000000006,1.6433393333333344,1.643574999999999,0.0033758381017028297,0,8,6488064,my_ring_all_reduce,8,8
295,1.6583250000000007,1.6595419999999994,1.6589656666666672,1.6590300000000016,0.0004989163813256575,0,8,6520832,my_ring_all_reduce,8,8
296,1.6650480000000007,1.6698799999999938,1.6675746666666644,1.6677959999999985,0.001978854438526972,0,8,6553600,my_ring_all_reduce,8,8
297,1.672821,1.682804999999999,1.679294333333332,1.682256999999996,0.004582801860093768,0,8,6586368,my_ring_all_reduce,8,8
298,1.6879260000000005,1.6911290000000028,1.689110666666668,1.688277,0.0014343528931980275,0,8,6619136,my_ring_all_reduce,8,8
299,1.6957050000000018,1.6989009999999998,1.6972816666666664,1.6972389999999977,0.0013051102975943536,0,8,6651904,my_ring_all_reduce,8,8
300,1.7026450000000013,1.7071919999999992,1.704213666666667,1.7028040000000002,0.002106999815429274,0,8,6684672,my_ring_all_reduce,8,8
301,1.6981660000000005,1.704566999999999,1.7013243333333332,1.7012399999999999,0.002613877621890343,0,8,6717440,my_ring_all_reduce,8,8
302,1.699637999999999,1.7049799999999977,1.702410333333335,1.7026130000000086,0.0021855657289485677,0,8,6750208,my_ring_all_reduce,8,8
303,1.7004700000000013,1.7086309999999998,1.7047470000000005,1.7051400000000003,0.0033432835157465503,0,8,6782976,my_ring_all_reduce,8,8
304,1.701942000000001,1.7074140000000007,1.705068,1.7058479999999987,0.0023010136896590505,0,8,6815744,my_ring_all_reduce,8,8
305,1.7115099999999985,1.7165010000000003,1.7139836666666664,1.7139400000000005,0.0020378011570215643,0,8,6848512,my_ring_all_reduce,8,8
306,1.7211719999999993,1.7236370000000008,1.7223456666666663,1.7222279999999992,0.001009765759416598,0,8,6881280,my_ring_all_reduce,8,8
307,1.7221629999999988,1.7282450000000027,1.7256736666666663,1.7266129999999975,0.0025702712351477895,0,8,6914048,my_ring_all_reduce,8,8
308,1.7260360000000001,1.7328509999999988,1.7289906666666661,1.7280849999999992,0.0028549641367658874,0,8,6946816,my_ring_all_reduce,8,8
309,1.7356080000000038,1.7368189999999994,1.7362983333333357,1.7364680000000043,0.0005087372166001806,0,8,6979584,my_ring_all_reduce,8,8
310,1.7378449999999956,1.742099000000002,1.7402776666666668,1.7408890000000028,0.0017896788042084345,0,8,7012352,my_ring_all_reduce,8,8
311,1.733592999999999,1.740724000000001,1.7366940000000002,1.7357650000000004,0.0029844118348519694,0,8,7045120,my_ring_all_reduce,8,8
312,1.7397019999999994,1.7420350000000018,1.740777333333333,1.7405949999999977,0.0009611300062380118,0,8,7077888,my_ring_all_reduce,8,8
313,1.8071579999999885,1.8108670000000002,1.8087876666666622,1.808337999999998,0.0015472169279825093,0,8,7110656,my_ring_all_reduce,8,8
314,1.8081160000000036,1.8120230000000028,1.8101123333333355,1.8101980000000004,0.0015961759162305311,0,8,7143424,my_ring_all_reduce,8,8
315,1.8126279999999988,1.8154799999999995,1.8141133333333315,1.8142319999999963,0.001167343803494084,0,8,7176192,my_ring_all_reduce,8,8
316,1.814101999999999,1.8164080000000105,1.8152433333333369,1.8152200000000016,0.0009415651272736,0,8,7208960,my_ring_all_reduce,8,8
317,1.816243999999995,1.818265999999998,1.817142666666664,1.8169179999999987,0.0008406256928961616,0,8,7241728,my_ring_all_reduce,8,8
318,1.8171089999999985,1.819574999999999,1.818400666666666,1.818518,0.001010153233700752,0,8,7274496,my_ring_all_reduce,8,8
319,1.8140699999999979,1.817078999999998,1.8158196666666655,1.8163100000000003,0.0012764117238923056,0,8,7307264,my_ring_all_reduce,8,8
320,1.8170120000000007,1.823091999999997,1.8199569999999998,1.8197670000000017,0.002485782908191871,0,8,7340032,my_ring_all_reduce,8,8
321,1.824886000000004,1.8285950000000002,1.8268040000000016,1.8269310000000005,0.001516853541599129,0,8,7372800,my_ring_all_reduce,8,8
322,1.8401489999999994,1.8433160000000062,1.8416736666666684,1.841556,0.0012955967308141412,0,8,7405568,my_ring_all_reduce,8,8
323,1.8459710000000005,1.8461699999999948,1.846037666666665,1.8459719999999997,9.357468793296069e-05,0,8,7438336,my_ring_all_reduce,8,8
324,1.8493959999999998,1.856020999999997,1.8526506666666667,1.8525350000000036,0.00270588128999574,0,8,7471104,my_ring_all_reduce,8,8
325,1.8579429999999992,1.8654600000000001,1.860630999999998,1.8584899999999944,0.0034219130127278773,0,8,7503872,my_ring_all_reduce,8,8
326,1.8605700000000016,1.8650129999999991,1.8627329999999998,1.8626159999999983,0.0018157329098731755,0,8,7536640,my_ring_all_reduce,8,8
327,1.861748999999999,1.8638289999999944,1.8628259999999977,1.8628999999999998,0.0008507671048316585,0,8,7569408,my_ring_all_reduce,8,8
328,1.8602139999999971,1.8656520000000019,1.8631563333333352,1.8636030000000066,0.0022424085761147262,0,8,7602176,my_ring_all_reduce,8,8
329,1.860502000000001,1.8700369999999966,1.865525666666666,1.8660380000000005,0.003909468875547622,0,8,7634944,my_ring_all_reduce,8,8
330,1.8660049999999992,1.8696230000000014,1.8673066666666636,1.8662919999999905,0.0016420804554684288,0,8,7667712,my_ring_all_reduce,8,8
331,1.8719570000000012,1.8779129999999986,1.8746253333333371,1.8740060000000123,0.0024706496221733472,0,8,7700480,my_ring_all_reduce,8,8
332,1.9094289999999965,1.9104530000000033,1.9097813333333342,1.909462000000003,0.0004751310930229591,0,8,7733248,my_ring_all_reduce,8,8
333,1.9294310000000006,1.9327249999999996,1.931488000000001,1.9323080000000028,0.0014644473360283107,0,8,7766016,my_ring_all_reduce,8,8
334,1.9452370000000048,1.946196,1.9456636666666693,1.9455580000000028,0.0003985760766620968,0,8,7798784,my_ring_all_reduce,8,8
335,1.9531059999999925,1.959415,1.9559566666666637,1.9553489999999984,0.002611233978199509,0,8,7831552,my_ring_all_reduce,8,8
336,1.962612000000003,1.9641469999999972,1.9634859999999996,1.9636989999999988,0.0006445065295740302,0,8,7864320,my_ring_all_reduce,8,8
337,1.9609840000000005,1.96799,1.9646409999999996,1.9649489999999987,0.0028684673027010374,0,8,7897088,my_ring_all_reduce,8,8
338,1.9644360000000052,1.9710610000000033,1.9683096666666697,1.9694320000000007,0.002818673486272474,0,8,7929856,my_ring_all_reduce,8,8
339,1.9687880000000004,1.970099000000002,1.9695776666666678,1.9698460000000013,0.0005678511150729654,0,8,7962624,my_ring_all_reduce,8,8
340,1.9715730000000005,1.9733640000000015,1.9723093333333352,1.9719910000000036,0.0007650369635224059,0,8,7995392,my_ring_all_reduce,8,8
341,1.9662309999999925,1.973782000000001,1.9710726666666645,1.9732049999999999,0.003431669596894212,0,8,8028160,my_ring_all_reduce,8,8
342,1.9721160000000018,1.9773299999999983,1.9748356666666673,1.9750610000000015,0.002134561677616671,0,8,8060928,my_ring_all_reduce,8,8
343,2.054129000000002,2.0568499999999985,2.0555063333333323,2.0555399999999975,0.0011110986554843437,0,8,8093696,my_ring_all_reduce,8,8
344,2.0869019999999985,2.090771999999997,2.088627999999998,2.0882099999999992,0.0016073307064813835,0,8,8126464,my_ring_all_reduce,8,8
345,2.0937160000000024,2.1032210000000013,2.0992096666666673,2.100691999999999,0.004019472629862817,0,8,8159232,my_ring_all_reduce,8,8
346,2.097843999999997,2.1070930000000008,2.1014926666666662,2.099541000000001,0.004020178464806894,0,8,8192000,my_ring_all_reduce,8,8
347,2.110549000000001,2.1168199999999997,2.1137156666666654,2.113777999999995,0.0025605044207901114,0,8,8224768,my_ring_all_reduce,8,8
348,2.113939000000004,2.1166909999999954,2.1151239999999984,2.1147419999999966,0.0011555140270285698,0,8,8257536,my_ring_all_reduce,8,8
349,2.126133999999998,2.1298110000000015,2.127785000000001,2.1274100000000034,0.0015243689404700494,0,8,8290304,my_ring_all_reduce,8,8
350,2.128182999999999,2.1358960000000007,2.132822333333334,2.1343880000000026,0.0033377713456081183,0,8,8323072,my_ring_all_reduce,8,8
351,2.135763999999999,2.1412380000000004,2.1376956666666667,2.136085000000001,0.0025082336857285433,0,8,8355840,my_ring_all_reduce,8,8
352,2.15141,2.1590600000000015,2.1550279999999997,2.154613999999998,0.0031367894414520646,0,8,8388608,my_ring_all_reduce,8,8
353,2.183633000000001,2.186421,2.1852250000000004,2.1856210000000003,0.0011721342357707996,0,8,8421376,my_ring_all_reduce,8,8
354,2.2003070000000045,2.217237999999998,2.208010000000001,2.2064850000000007,0.006995660988543519,0,8,8454144,my_ring_all_reduce,8,8
355,2.232597000000005,2.2362089999999997,2.233939333333335,2.233012000000001,0.0016138145976381515,0,8,8486912,my_ring_all_reduce,8,8
356,2.2534620000000003,2.256658000000001,2.2554223333333336,2.256146999999999,0.0014017751444349582,0,8,8519680,my_ring_all_reduce,8,8
357,2.2596999999999934,2.2719889999999996,2.2661533333333312,2.2667710000000008,0.005035938464899013,0,8,8552448,my_ring_all_reduce,8,8
358,2.2858430000000007,2.291185999999997,2.2886693333333326,2.2889789999999994,0.0021922336148813577,0,8,8585216,my_ring_all_reduce,8,8
359,2.311669000000009,2.319957999999999,2.3169490000000037,2.319220000000003,0.003745660689380519,0,8,8617984,my_ring_all_reduce,8,8
360,2.3211380000000026,2.322292000000003,2.3216943333333355,2.321653000000002,0.0004720242460818263,0,8,8650752,my_ring_all_reduce,8,8
361,2.2464190000000017,2.2550589999999993,2.249480666666667,2.246964,0.003950747467954511,0,8,8683520,my_ring_all_reduce,8,8
362,2.260401999999999,2.2697159999999985,2.2661636666666665,2.2683730000000013,0.004110840492594827,0,8,8716288,my_ring_all_reduce,8,8
363,2.2826110000000064,2.285587999999999,2.2838700000000007,2.2834109999999965,0.001257946209764569,0,8,8749056,my_ring_all_reduce,8,8
364,2.2980049999999936,2.302866,2.3011926666666644,2.3027070000000003,0.002254955185564125,0,8,8781824,my_ring_all_reduce,8,8
365,2.3165619999999945,2.322001000000001,2.3201569999999987,2.321908,0.0025423323936918083,0,8,8814592,my_ring_all_reduce,8,8
366,2.3121190000000005,2.3253949999999968,2.317631000000001,2.3153790000000045,0.00564899235852213,0,8,8847360,my_ring_all_reduce,8,8
367,2.297874999999999,2.3090769999999976,2.303283,2.302897000000003,0.004581335176560826,0,8,8880128,my_ring_all_reduce,8,8
368,2.327093,2.345746999999996,2.334536666666663,2.330769999999993,0.008067786244619674,0,8,8912896,my_ring_all_reduce,8,8
369,2.2728509999999953,2.286611999999998,2.2780139999999975,2.2745789999999997,0.00612049556817142,0,8,8945664,my_ring_all_reduce,8,8
370,2.2897809999999956,2.2943890000000047,2.2925219999999995,2.2933959999999987,0.0019801217134340584,0,8,8978432,my_ring_all_reduce,8,8
371,2.3005939999999954,2.309299000000001,2.304136666666665,2.302517,0.003733786847456218,0,8,9011200,my_ring_all_reduce,8,8
372,2.2498450000000014,2.261205,2.256501,2.2584529999999994,0.004838741434160255,0,8,9043968,my_ring_all_reduce,8,8
373,2.2669310000000022,2.274388000000001,2.2695983333333345,2.2674760000000003,0.0033941062970322916,0,8,9076736,my_ring_all_reduce,8,8
374,2.246069000000003,2.260819000000007,2.2546983333333377,2.2572070000000024,0.0062775091309295195,0,8,9109504,my_ring_all_reduce,8,8
375,2.250485999999999,2.255607,2.252299666666667,2.2508060000000025,0.002342283833260595,0,8,9142272,my_ring_all_reduce,8,8
376,2.2578439999999973,2.259795999999995,2.258610999999997,2.2581929999999995,0.0008499486258969425,0,8,9175040,my_ring_all_reduce,8,8
377,2.2299059999999953,2.2405679999999992,2.235689,2.2365930000000045,0.004399429735774671,0,8,9207808,my_ring_all_reduce,8,8
378,2.239635000000002,2.247541000000005,2.2426656666666687,2.240820999999998,0.0034812167732326377,0,8,9240576,my_ring_all_reduce,8,8
379,2.248561999999998,2.250452000000005,2.2497683333333356,2.2502910000000047,0.0008555350502625768,0,8,9273344,my_ring_all_reduce,8,8
380,2.252052,2.2521450000000014,2.2521050000000007,2.252118000000001,3.9064049969881806e-05,0,8,9306112,my_ring_all_reduce,8,8
381,2.2525969999999944,2.2628359999999956,2.2588689999999976,2.2611740000000027,0.004486576200179369,0,8,9338880,my_ring_all_reduce,8,8
382,2.2629959999999993,2.2703259999999936,2.2655029999999994,2.2631870000000056,0.003411267310932788,0,8,9371648,my_ring_all_reduce,8,8
383,2.4946730000000024,2.502195,2.497298666666668,2.4950280000000022,0.003465262504084578,0,8,9404416,my_ring_all_reduce,8,8
384,2.2516049999999996,2.254355999999996,2.2533110000000014,2.253972000000009,0.0012164678376355052,0,8,9437184,my_ring_all_reduce,8,8
385,2.2508700000000026,2.256534,2.2527690000000016,2.2509030000000023,0.0026622911185656194,0,8,9469952,my_ring_all_reduce,8,8
386,2.2579399999999987,2.2616179999999986,2.2595283333333307,2.259026999999995,0.0015428161120356048,0,8,9502720,my_ring_all_reduce,8,8
387,2.2640519999999995,2.2666780000000006,2.265087,2.264530999999999,0.0011418759418903902,0,8,9535488,my_ring_all_reduce,8,8
388,2.2707700000000015,2.2739710000000013,2.272178333333336,2.271794000000005,0.0013347619846078762,0,8,9568256,my_ring_all_reduce,8,8
389,2.274260000000002,2.276755000000001,2.2756243333333344,2.2758580000000004,0.0010318935130240144,0,8,9601024,my_ring_all_reduce,8,8
390,2.2488850000000005,2.253622000000003,2.251722000000001,2.2526589999999995,0.002044222590620399,0,8,9633792,my_ring_all_reduce,8,8
391,2.2515720000000012,2.253813000000002,2.252820333333336,2.2530760000000045,0.0009325750491103549,0,8,9666560,my_ring_all_reduce,8,8
392,2.2295869999999995,2.2353160000000063,2.232233000000002,2.231796,0.002359178811934438,0,8,9699328,my_ring_all_reduce,8,8
393,2.234612000000001,2.240180000000004,2.237032333333337,2.236305000000006,0.0023305816632104184,0,8,9732096,my_ring_all_reduce,8,8
394,2.2387080000000026,2.2425810000000004,2.241173000000002,2.2422300000000033,0.0017488985104912227,0,8,9764864,my_ring_all_reduce,8,8
395,2.240560999999996,2.243221000000002,2.2415026666666673,2.2407260000000035,0.0012169109343847084,0,8,9797632,my_ring_all_reduce,8,8
396,2.463189000000002,2.4640200000000005,2.4635083333333343,2.4633160000000007,0.00036549905000588797,0,8,9830400,my_ring_all_reduce,8,8
397,2.207475999999999,2.2107720000000044,2.2085966666666685,2.2075420000000014,0.001538428924442645,0,8,9863168,my_ring_all_reduce,8,8
398,2.2118939999999965,2.216629000000001,2.213663999999997,2.212468999999994,0.00210967217042788,0,8,9895936,my_ring_all_reduce,8,8
399,2.4546419999999998,2.4582909999999973,2.456967666666665,2.4579699999999978,0.001649707920275205,0,8,9928704,my_ring_all_reduce,8,8
400,2.317589,2.3248510000000007,2.3220043333333322,2.3235729999999966,0.0031654064860962465,0,8,9961472,my_ring_all_reduce,8,8
401,2.2341290000000007,2.245427,2.240957,2.2433149999999986,0.004904509761433264,0,8,9994240,my_ring_all_reduce,8,8
402,2.2396380000000065,2.2459090000000033,2.243797000000004,2.245844000000001,0.002940976821849248,0,8,10027008,my_ring_all_reduce,8,8
403,2.2418410000000004,2.2444680000000043,2.2430480000000004,2.2428349999999972,0.0010829924591938943,0,8,10059776,my_ring_all_reduce,8,8
404,2.239765000000003,2.245683000000001,2.243508333333334,2.2450769999999993,0.0026584729116949308,0,8,10092544,my_ring_all_reduce,8,8
405,2.2420360000000037,2.2456169999999993,2.243485000000001,2.242801999999999,0.0015396443312215452,0,8,10125312,my_ring_all_reduce,8,8
406,2.2287870000000005,2.385813000000002,2.3325639999999987,2.3830919999999933,0.07338982789188028,0,8,10158080,my_ring_all_reduce,8,8
407,2.4159240000000013,2.418707000000002,2.4176303333333338,2.4182599999999983,0.0012202820256897947,0,8,10190848,my_ring_all_reduce,8,8
408,2.262962000000001,2.267989999999998,2.2657903333333342,2.2664190000000035,0.002100255910332319,0,8,10223616,my_ring_all_reduce,8,8
409,2.261586999999996,2.262962999999996,2.2621543333333336,2.261913000000008,0.000587097569023819,0,8,10256384,my_ring_all_reduce,8,8
410,2.2614620000000034,2.2673179999999995,2.2649269999999997,2.2660009999999966,0.002508424605203211,0,8,10289152,my_ring_all_reduce,8,8
411,2.265810999999998,2.267411000000001,2.2664623333333314,2.2661649999999955,0.0006861998413177956,0,8,10321920,my_ring_all_reduce,8,8
412,2.2644040000000025,2.269268999999993,2.2664953333333298,2.2658129999999947,0.0020438917670809404,0,8,10354688,my_ring_all_reduce,8,8
413,2.260341999999997,2.2670570000000008,2.264404666666664,2.265814999999995,0.00291714316107851,0,8,10387456,my_ring_all_reduce,8,8
414,2.263444999999989,2.2670930000000045,2.264746666666665,2.263702000000001,0.0016624223958543324,0,8,10420224,my_ring_all_reduce,8,8
415,2.2656550000000006,2.2690080000000017,2.267092666666667,2.266615,0.0014099116599597611,0,8,10452992,my_ring_all_reduce,8,8
416,2.2686590000000013,2.397747000000001,2.330792333333333,2.325970999999998,0.05281011189367267,0,8,10485760,my_ring_all_reduce,8,8
417,2.480180000000008,2.486290999999994,2.482728000000001,2.4817130000000014,0.0025959903697762576,0,8,10518528,my_ring_all_reduce,8,8
418,2.3687560000000047,2.384243999999999,2.3744620000000007,2.3703859999999985,0.006948854485931153,0,8,10551296,my_ring_all_reduce,8,8
419,2.371476000000001,2.3747059999999984,2.3726593333333326,2.3717959999999985,0.00145309631094673,0,8,10584064,my_ring_all_reduce,8,8
420,2.371540000000001,2.373137999999999,2.372553,2.372981,0.0007191610853387855,0,8,10616832,my_ring_all_reduce,8,8
421,2.346964000000004,2.3503549999999978,2.348637666666668,2.348594000000002,0.0013847142505039273,0,8,10649600,my_ring_all_reduce,8,8
422,2.349011000000002,2.3540019999999986,2.3516243333333335,2.3518600000000007,0.002044370210003473,0,8,10682368,my_ring_all_reduce,8,8
423,2.2894590000000026,2.292433999999999,2.2909630000000014,2.290996000000003,0.001214762802634061,0,8,10715136,my_ring_all_reduce,8,8
424,2.2879259999999997,2.2908689999999954,2.2895029999999976,2.2897139999999983,0.001210703101505849,0,8,10747904,my_ring_all_reduce,8,8
425,2.2884680000000017,2.2945459999999946,2.291080666666667,2.290228000000005,0.0025535336735990214,0,8,10780672,my_ring_all_reduce,8,8
426,2.2883090000000013,2.295445,2.2925643333333334,2.293939,0.003071145859265755,0,8,10813440,my_ring_all_reduce,8,8
427,2.2925310000000025,2.293971999999998,2.2933530000000015,2.293556000000004,0.0006055449336465218,0,8,10846208,my_ring_all_reduce,8,8
428,2.2923739999999997,2.304116999999995,2.297003999999997,2.294520999999997,0.005105453228328349,0,8,10878976,my_ring_all_reduce,8,8
429,2.2975880000000015,2.2981630000000015,2.2979500000000037,2.2980990000000077,0.0002573026752042738,0,8,10911744,my_ring_all_reduce,8,8
430,2.2932670000000037,2.2963090000000004,2.294921333333335,2.295188000000002,0.0012561248168681805,0,8,10944512,my_ring_all_reduce,8,8
431,2.2924040000000003,2.300629000000001,2.2968200000000025,2.297427000000007,0.003385163019216568,0,8,10977280,my_ring_all_reduce,8,8
432,2.29109,2.298517999999993,2.294452999999997,2.2937509999999985,0.0030728270371079194,0,8,11010048,my_ring_all_reduce,8,8
433,2.561559000000003,2.565807000000001,2.563325666666667,2.5626109999999973,0.0018063660266461289,0,8,11042816,my_ring_all_reduce,8,8
434,2.305361000000001,2.313269999999997,2.3104399999999985,2.3126889999999984,0.0035992194524168404,0,8,11075584,my_ring_all_reduce,8,8
435,2.3055879999999997,2.3121460000000003,2.3097359999999982,2.3114739999999947,0.0029458811924439458,0,8,11108352,my_ring_all_reduce,8,8
436,2.3117299999999994,2.315475999999999,2.3133529999999993,2.312852999999999,0.0015696345646889136,0,8,11141120,my_ring_all_reduce,8,8
437,2.3047559999999985,2.310998999999998,2.3087046666666655,2.310359,0.002804327172226869,0,8,11173888,my_ring_all_reduce,8,8
438,2.310706999999995,2.3153500000000005,2.3136949999999987,2.3150279999999994,0.0021169205622027253,0,8,11206656,my_ring_all_reduce,8,8
439,2.3149959999999994,2.322741000000002,2.3197746666666657,2.321586999999996,0.003411712212690758,0,8,11239424,my_ring_all_reduce,8,8
440,2.317204999999998,2.324275000000003,2.320649333333335,2.3204680000000026,0.002889162085374779,0,8,11272192,my_ring_all_reduce,8,8
441,2.3227090000000006,2.328692,2.3265700000000007,2.3283090000000013,0.0027346130743977235,0,8,11304960,my_ring_all_reduce,8,8
442,2.328213,2.3329160000000013,2.3310920000000004,2.332147000000001,0.0020598253971317896,0,8,11337728,my_ring_all_reduce,8,8
443,2.330902000000002,2.3453620000000046,2.337811333333336,2.3371700000000017,0.005920663326202256,0,8,11370496,my_ring_all_reduce,8,8
444,2.338966999999997,2.3439579999999984,2.3419316666666656,2.342870000000001,0.0021428753787593436,0,8,11403264,my_ring_all_reduce,8,8
445,2.3460329999999976,2.3487200000000032,2.347335666666666,2.3472539999999973,0.0010984820840114445,0,8,11436032,my_ring_all_reduce,8,8
446,2.356691000000001,2.360340000000004,2.358248666666668,2.3577150000000002,0.001536749889287952,0,8,11468800,my_ring_all_reduce,8,8
447,2.370996999999998,2.371859,2.371551333333335,2.3717980000000063,0.0003927631460444948,0,8,11501568,my_ring_all_reduce,8,8
448,2.3739700000000012,2.3889470000000004,2.3795390000000007,2.3757000000000006,0.006689846684839862,0,8,11534336,my_ring_all_reduce,8,8
449,2.383255000000001,2.396338999999998,2.389321666666667,2.388371000000003,0.005383653612762148,0,8,11567104,my_ring_all_reduce,8,8
450,2.396599000000002,2.4046259999999986,2.399561333333332,2.397458999999995,0.0035984289473167588,0,8,11599872,my_ring_all_reduce,8,8
451,2.406610000000006,2.410641999999996,2.4081780000000017,2.407282000000003,0.0017637777637746006,0,8,11632640,my_ring_all_reduce,8,8
452,2.4111550000000026,2.4203079999999937,2.4153476666666647,2.414579999999998,0.003775918107630029,0,8,11665408,my_ring_all_reduce,8,8
453,2.4131360000000024,2.424753999999999,2.419452666666665,2.4204679999999934,0.004797058635824473,0,8,11698176,my_ring_all_reduce,8,8
454,2.425557999999999,2.4266740000000047,2.426036000000001,2.4258759999999997,0.00046944222221937456,0,8,11730944,my_ring_all_reduce,8,8
455,2.4323400000000075,2.4406289999999973,2.435978000000001,2.4349649999999987,0.0034589504188372276,0,8,11763712,my_ring_all_reduce,8,8
456,2.437426999999998,2.4462590000000017,2.442387333333334,2.4434760000000026,0.0036869094856762175,0,8,11796480,my_ring_all_reduce,8,8
457,2.4515390000000044,2.4546419999999998,2.4535539999999987,2.4544809999999924,0.001426335397673328,0,8,11829248,my_ring_all_reduce,8,8
458,2.460049000000001,2.4611070000000037,2.4606276666666687,2.4607270000000008,0.00043760052813388744,0,8,11862016,my_ring_all_reduce,8,8
459,2.461589000000001,2.4694590000000063,2.4660576666666705,2.467125000000004,0.0033003661749725767,0,8,11894784,my_ring_all_reduce,8,8
460,2.4694280000000037,2.4840200000000006,2.4775783333333337,2.4792869999999967,0.00607844674969414,0,8,11927552,my_ring_all_reduce,8,8
461,2.4824210000000004,2.491123999999996,2.486600666666666,2.4862570000000015,0.0035612855668810998,0,8,11960320,my_ring_all_reduce,8,8
462,2.484117999999995,2.490708,2.488170333333331,2.489684999999998,0.0028957078965657847,0,8,11993088,my_ring_all_reduce,8,8
463,2.48885,2.494131999999996,2.4914856666666654,2.4914749999999994,0.0021563806610960215,0,8,12025856,my_ring_all_reduce,8,8
464,2.4916049999999923,2.5023219999999964,2.4960736666666636,2.494294000000001,0.004552576730698308,0,8,12058624,my_ring_all_reduce,8,8
465,2.497939999999999,2.503284000000007,2.501032666666668,2.501873999999998,0.002261336674528394,0,8,12091392,my_ring_all_reduce,8,8
466,2.5096199999999973,2.5144550000000017,2.512244666666664,2.5126589999999926,0.0019955050043102794,0,8,12124160,my_ring_all_reduce,8,8
467,2.5232819999999956,2.5292980000000025,2.5266106666666674,2.5272520000000043,0.002497538165655327,0,8,12156928,my_ring_all_reduce,8,8
468,2.533010999999998,2.5378439999999993,2.535678333333333,2.5361800000000003,0.0020046985364949718,0,8,12189696,my_ring_all_reduce,8,8
469,2.539922999999999,2.545264000000003,2.542717000000002,2.5429640000000027,0.0021874379229304126,0,8,12222464,my_ring_all_reduce,8,8
470,2.542676000000007,2.5550309999999956,2.548596999999998,2.548083999999992,0.005056934710535991,0,8,12255232,my_ring_all_reduce,8,8
471,2.5502599999999984,2.5568220000000004,2.5539726666666662,2.5548359999999994,0.0027476012972942766,0,8,12288000,my_ring_all_reduce,8,8
472,2.5615549999999976,2.565684000000001,2.563049000000003,2.5619080000000105,0.001868791231428158,0,8,12320768,my_ring_all_reduce,8,8
473,2.5613969999999937,2.5684360000000015,2.5658216666666647,2.567631999999998,0.0031458819996265292,0,8,12353536,my_ring_all_reduce,8,8
474,2.5713109999999944,2.573012999999999,2.57212533333333,2.5720519999999962,0.000696770805615647,0,8,12386304,my_ring_all_reduce,8,8
475,2.5848510000000005,2.594256999999994,2.5896829999999973,2.589940999999997,0.0038443145899687376,0,8,12419072,my_ring_all_reduce,8,8
476,2.6038270000000048,2.6089149999999974,2.606962333333334,2.6081450000000004,0.0022391905283403626,0,8,12451840,my_ring_all_reduce,8,8
477,2.6280170000000034,2.631825000000001,2.6300130000000004,2.6301969999999963,0.0015600444438101416,0,8,12484608,my_ring_all_reduce,8,8
478,2.6230920000000006,2.6293020000000036,2.625833666666668,2.6251070000000007,0.0025867686835565644,0,8,12517376,my_ring_all_reduce,8,8
479,2.644179999999997,2.6482399999999946,2.646599666666664,2.647379,0.0017466959921199794,0,8,12550144,my_ring_all_reduce,8,8
480,2.666839000000007,2.6765960000000013,2.6725006666666693,2.674066999999999,0.004134393331820059,0,8,12582912,my_ring_all_reduce,8,8
481,2.714643,2.7199210000000056,2.7167429999999997,2.715664999999994,0.002285590222827087,0,8,12615680,my_ring_all_reduce,8,8
482,2.7366549999999914,2.7465129999999998,2.7430669999999995,2.746033000000007,0.004538201405848986,0,8,12648448,my_ring_all_reduce,8,8
483,2.7539349999999905,2.767187999999993,2.7617033333333274,2.7639869999999993,0.00564634703936192,0,8,12681216,my_ring_all_reduce,8,8
484,2.7793169999999994,2.7900020000000003,2.7862916666666657,2.789555999999999,0.004935194040990014,0,8,12713984,my_ring_all_reduce,8,8
485,2.7980310000000026,2.806097,2.8029390000000034,2.804689000000006,0.0035177610303522336,0,8,12746752,my_ring_all_reduce,8,8
486,2.819632999999998,2.824659000000003,2.822792333333334,2.824085000000001,0.0022462426899673166,0,8,12779520,my_ring_all_reduce,8,8
487,2.8373609999999934,2.8440840000000027,2.841598666666666,2.8433510000000024,0.0030113879782554804,0,8,12812288,my_ring_all_reduce,8,8
488,2.8622880000000044,2.8651669999999996,2.8638046666666703,2.863959000000006,0.0011804022854736296,0,8,12845056,my_ring_all_reduce,8,8
489,2.885973000000001,2.902162000000004,2.893032333333336,2.890962000000003,0.00676932494583022,0,8,12877824,my_ring_all_reduce,8,8
490,2.9051399999999994,2.92149,2.913085666666666,2.9126269999999996,0.006682734287367593,0,8,12910592,my_ring_all_reduce,8,8
491,2.928751999999986,2.930480999999999,2.9296383333333282,2.9296820000000006,0.0007065363087366882,0,8,12943360,my_ring_all_reduce,8,8
492,2.943988999999999,2.951988999999994,2.9466659999999965,2.944019999999997,0.0037639506727177867,0,8,12976128,my_ring_all_reduce,8,8
493,2.9678280000000012,2.976594000000005,2.9728610000000004,2.9741609999999965,0.0036948783471184624,0,8,13008896,my_ring_all_reduce,8,8
494,2.994479999999996,3.001615999999998,2.997424666666665,2.996178,0.0030437101628700393,0,8,13041664,my_ring_all_reduce,8,8
495,3.010766999999999,3.0146080000000004,3.0128373333333336,3.0131370000000017,0.001582333789762547,0,8,13074432,my_ring_all_reduce,8,8
496,3.0259079999999985,3.0372960000000058,3.0305463333333353,3.0284350000000013,0.004882958961761915,0,8,13107200,my_ring_all_reduce,8,8
497,3.0446270000000077,3.0455850000000066,3.0450416666666693,3.044912999999993,0.0004015447947901724,0,8,13139968,my_ring_all_reduce,8,8
498,3.0536799999999995,3.0655529999999964,3.059707999999997,3.059890999999996,0.0048488589035621775,0,8,13172736,my_ring_all_reduce,8,8
499,3.060756999999998,3.068594000000002,3.064125000000002,3.063024000000005,0.0032927995181415352,0,8,13205504,my_ring_all_reduce,8,8
500,3.0660039999999973,3.0697119999999996,3.067911999999998,3.068019999999997,0.0015157097347456416,0,8,13238272,my_ring_all_reduce,8,8
501,3.0587700000000115,3.0693309999999983,3.0653396666666715,3.067918000000005,0.0046811346440269195,0,8,13271040,my_ring_all_reduce,8,8
502,3.0806880000000203,3.0893600000000006,3.0863536666666733,3.089012999999999,0.004008735156564777,0,8,13303808,my_ring_all_reduce,8,8
503,3.082672999999999,3.0846900000000135,3.0838253333333383,3.084113000000001,0.000848188789262791,0,8,13336576,my_ring_all_reduce,8,8
504,3.0826740000000066,3.0874729999999944,3.085810333333336,3.087284000000007,0.0022190644174687195,0,8,13369344,my_ring_all_reduce,8,8
505,3.080720000000005,3.0931359999999994,3.0878990000000015,3.0898409999999994,0.00525152593696737,0,8,13402112,my_ring_all_reduce,8,8
506,3.0792180000000116,3.0948330000000026,3.0861510000000014,3.084401999999991,0.006493653671083191,0,8,13434880,my_ring_all_reduce,8,8
507,3.0927200000000084,3.0935249999999943,3.093192333333334,3.0933319999999984,0.00034315820775775684,0,8,13467648,my_ring_all_reduce,8,8
508,3.0877259999999995,3.0940329999999885,3.0909276666666634,3.0910240000000013,0.002575722854307016,0,8,13500416,my_ring_all_reduce,8,8
509,3.0927189999999936,3.0992190000000046,3.095995666666667,3.096049000000003,0.0026538818528549783,0,8,13533184,my_ring_all_reduce,8,8
510,3.099760999999997,3.101714000000009,3.100689000000001,3.100591999999997,0.0008002537097748396,0,8,13565952,my_ring_all_reduce,8,8
511,3.092368999999999,3.097970999999994,3.0955273333333317,3.096242000000002,0.0023421731124924545,0,8,13598720,my_ring_all_reduce,8,8
512,3.0898090000000047,3.0989919999999964,3.0950563333333343,3.0963680000000013,0.0038619705102703183,0,8,13631488,my_ring_all_reduce,8,8
513,3.096114000000005,3.1052970000000024,3.10073166666667,3.1007840000000035,0.0037491266834932674,0,8,13664256,my_ring_all_reduce,8,8
514,3.0939059999999956,3.0997590000000055,3.096977333333335,3.0972670000000035,0.002398239956490747,0,8,13697024,my_ring_all_reduce,8,8
515,3.091506999999998,3.097169999999995,3.093511333333332,3.0918570000000036,0.0025910109138214763,0,8,13729792,my_ring_all_reduce,8,8
516,3.0969759999999935,3.107505000000001,3.100679666666666,3.097558000000001,0.0048320845973113995,0,8,13762560,my_ring_all_reduce,8,8
517,3.0925299999999916,3.1014890000000013,3.096113666666664,3.094321999999999,0.0038706995348276063,0,8,13795328,my_ring_all_reduce,8,8
518,3.094158999999996,3.105998999999998,3.1012096666666644,3.1034709999999994,0.005091274976751976,0,8,13828096,my_ring_all_reduce,8,8
519,3.089904999999999,3.100627000000008,3.094375666666668,3.0925949999999975,0.004554733898805421,0,8,13860864,my_ring_all_reduce,8,8
520,3.097903999999999,3.104914000000001,3.101851666666667,3.102737000000003,0.002929492144080375,0,8,13893632,my_ring_all_reduce,8,8
521,3.1040170000000034,3.1058759999999968,3.1050323333333325,3.105203999999998,0.0007685797869346705,0,8,13926400,my_ring_all_reduce,8,8
522,3.101936000000005,3.106417000000005,3.1048903333333375,3.106318000000003,0.0020894200683969563,0,8,13959168,my_ring_all_reduce,8,8
523,3.096753999999997,3.1034090000000005,3.1002946666666684,3.1007210000000067,0.002733566209593619,0,8,13991936,my_ring_all_reduce,8,8
524,3.1018420000000044,3.106065999999998,3.1046053333333377,3.1059080000000105,0.001955036117881527,0,8,14024704,my_ring_all_reduce,8,8
525,3.1019400000000004,3.1056850000000016,3.1038806666666656,3.1040169999999963,0.0015319260933728653,0,8,14057472,my_ring_all_reduce,8,8
526,3.1028979999999993,3.104117999999995,3.1035276666666647,3.103566999999999,0.0004988388740068972,0,8,14090240,my_ring_all_reduce,8,8
527,3.096175999999996,3.103185000000001,3.098789999999999,3.097008999999998,0.0031262854422908462,0,8,14123008,my_ring_all_reduce,8,8
528,3.1043389999999964,3.105169,3.1046159999999996,3.1043400000000028,0.0003910302631086841,0,8,14155776,my_ring_all_reduce,8,8
529,3.1467710000000007,3.1529119999999966,3.1502036666666644,3.1509279999999964,0.002558836237214006,0,8,14188544,my_ring_all_reduce,8,8
530,3.157360999999997,3.1632529999999988,3.160434666666666,3.1606900000000007,0.002412165325088453,0,8,14221312,my_ring_all_reduce,8,8
531,3.155760999999995,3.164628000000001,3.160903,3.1623200000000034,0.003756047479291049,0,8,14254080,my_ring_all_reduce,8,8
532,3.156017000000007,3.1574580000000023,3.1566266666666665,3.1564049999999915,0.0006088088552427116,0,8,14286848,my_ring_all_reduce,8,8
533,3.158737000000005,3.1661619999999995,3.163378000000004,3.165235000000008,0.0033034318518767912,0,8,14319616,my_ring_all_reduce,8,8
534,3.1643679999999987,3.1685600000000016,3.1669923333333316,3.1680489999999955,0.0018673732591235111,0,8,14352384,my_ring_all_reduce,8,8
535,3.156309999999983,3.170546000000002,3.1642856666666614,3.166001,0.00593704193087666,0,8,14385152,my_ring_all_reduce,8,8
536,3.1619380000000095,3.169647999999994,3.1662143333333357,3.1670570000000042,0.0032034970821770334,0,8,14417920,my_ring_all_reduce,8,8
537,3.1698430000000006,3.173165000000001,3.1717603333333337,3.172273000000001,0.0014038141694051255,0,8,14450688,my_ring_all_reduce,8,8
538,3.162832999999988,3.1745409999999956,3.168677333333329,3.1686580000000033,0.0047797905346976316,0,8,14483456,my_ring_all_reduce,8,8
539,3.1677009999999974,3.1702600000000056,3.1688410000000027,3.1685620000000054,0.001063171670054401,0,8,14516224,my_ring_all_reduce,8,8
540,3.1604020000000017,3.172560999999996,3.1670679999999987,3.1682409999999983,0.005032710800351667,0,8,14548992,my_ring_all_reduce,8,8
541,3.164817000000003,3.1706749999999957,3.1674846666666654,3.1669619999999976,0.0024199072066662885,0,8,14581760,my_ring_all_reduce,8,8
542,3.167666000000005,3.1721810000000006,3.170653000000002,3.1721120000000003,0.0021123157907829357,0,8,14614528,my_ring_all_reduce,8,8
543,3.1717940000000056,3.182742,3.1761576666666684,3.173936999999999,0.004737312623088626,0,8,14647296,my_ring_all_reduce,8,8
544,3.1636349999999984,3.169297000000006,3.167260333333335,3.1688489999999994,0.0025700139212788083,0,8,14680064,my_ring_all_reduce,8,8
545,3.1657800000000025,3.173521999999997,3.170204000000002,3.171310000000005,0.003255975839384641,0,8,14712832,my_ring_all_reduce,8,8
546,3.1723369999999957,3.179089,3.1757396666666646,3.175792999999998,0.002756750421945754,0,8,14745600,my_ring_all_reduce,8,8
547,3.1708070000000044,3.178259000000002,3.1751990000000014,3.1765309999999993,0.003184728559860411,0,8,14778368,my_ring_all_reduce,8,8
548,3.166641000000007,3.1808199999999998,3.174812666666669,3.176977000000001,0.005987445996041891,0,8,14811136,my_ring_all_reduce,8,8
549,3.1701629999999894,3.186355000000007,3.1795166666666668,3.182032000000003,0.006845455540404772,0,8,14843904,my_ring_all_reduce,8,8
550,3.1700650000000032,3.177137999999999,3.173523333333327,3.1733669999999803,0.0028896553812200808,0,8,14876672,my_ring_all_reduce,8,8
551,3.1720159999999926,3.181554,3.1763813333333313,3.1755740000000006,0.003935496693207115,0,8,14909440,my_ring_all_reduce,8,8
552,3.1803359999999996,3.1884630000000036,3.1833869999999997,3.1813619999999974,0.003613631691251413,0,8,14942208,my_ring_all_reduce,8,8
553,3.1846259999999975,3.1886240000000035,3.1868436666666664,3.187280999999999,0.0016612136794814855,0,8,14974976,my_ring_all_reduce,8,8
554,3.1948010000000067,3.206834999999997,3.2006583333333354,3.200339000000002,0.004918046314901649,0,8,15007744,my_ring_all_reduce,8,8
555,3.2026709999999947,3.20980899999999,3.206310999999996,3.2064530000000016,0.0029158056633899056,0,8,15040512,my_ring_all_reduce,8,8
556,3.206386999999999,3.2104219999999986,3.2089256666666657,3.209968,0.0018046514591158907,0,8,15073280,my_ring_all_reduce,8,8
557,3.201045000000002,3.227445,3.2147299999999994,3.2156999999999973,0.010799557861319135,0,8,15106048,my_ring_all_reduce,8,8
558,3.225746000000003,3.243633999999991,3.2346309999999954,3.2345129999999935,0.007303222074303474,0,8,15138816,my_ring_all_reduce,8,8
559,3.238835000000001,3.244623,3.2409353333333315,3.239347999999995,0.002615970990325803,0,8,15171584,my_ring_all_reduce,8,8
560,3.2425419999999976,3.2513489999999985,3.2457246666666655,3.2432829999999995,0.003988492976328594,0,8,15204352,my_ring_all_reduce,8,8
561,3.2561750000000003,3.260304999999993,3.2588003333333346,3.2599210000000096,0.001862998538795826,0,8,15237120,my_ring_all_reduce,8,8
562,3.2513110000000123,3.2737770000000017,3.260667333333338,3.2569140000000005,0.009547981368967961,0,8,15269888,my_ring_all_reduce,8,8
563,3.2570740000000007,3.2636979999999967,3.260753333333333,3.2614880000000013,0.0027536818181387486,0,8,15302656,my_ring_all_reduce,8,8
564,3.2681440000000004,3.279507999999998,3.2735106666666667,3.272880000000001,0.004660717350603097,0,8,15335424,my_ring_all_reduce,8,8
565,3.28244999999999,3.291761999999999,3.2857029999999967,3.282897000000001,0.0042882446292178,0,8,15368192,my_ring_all_reduce,8,8
566,3.289845000000001,3.3003670000000023,3.295282333333335,3.295635000000002,0.00430282088350887,0,8,15400960,my_ring_all_reduce,8,8
567,3.30008000000002,3.3086230000000034,3.3031843333333413,3.3008500000000005,0.003858544313882204,0,8,15433728,my_ring_all_reduce,8,8
568,3.311600999999995,3.3183849999999984,3.314534999999997,3.3136189999999988,0.0028442873741365772,0,8,15466496,my_ring_all_reduce,8,8
569,3.3174540000000006,3.3220360000000038,3.3198156666666674,3.3199569999999987,0.001873261386519985,0,8,15499264,my_ring_all_reduce,8,8
570,3.3214249999999974,3.3481130000000014,3.3317933333333336,3.3258420000000015,0.011679786308929196,0,8,15532032,my_ring_all_reduce,8,8
571,3.3413950000000012,3.346769000000004,3.343912333333336,3.343573000000004,0.0022070084327494187,0,8,15564800,my_ring_all_reduce,8,8
572,3.34369999999999,3.3453589999999997,3.3446786666666632,3.344977,0.000709376408471117,0,8,15597568,my_ring_all_reduce,8,8
573,3.345138999999999,3.3560210000000117,3.351294000000004,3.3527220000000018,0.0045558657428318135,0,8,15630336,my_ring_all_reduce,8,8
574,3.3581929999999995,3.362864999999999,3.359750333333334,3.358193000000003,0.002202401921134553,0,8,15663104,my_ring_all_reduce,8,8
575,3.358513,3.367859000000015,3.3624920000000036,3.3611039999999957,0.003939698550235039,0,8,15695872,my_ring_all_reduce,8,8
576,3.368978999999992,3.3763039999999966,3.3726779999999947,3.3727509999999947,0.0029908642006413687,0,8,15728640,my_ring_all_reduce,8,8
577,3.369202999999999,3.3798230000000005,3.375825333333331,3.3784499999999937,0.004716125269281019,0,8,15761408,my_ring_all_reduce,8,8
578,3.379443999999996,3.388274000000005,3.3839756666666667,3.3842090000000007,0.0036086062252503274,0,8,15794176,my_ring_all_reduce,8,8
579,3.3889469999999964,3.391953999999991,3.3909303333333285,3.391889999999998,0.0014026718155788842,0,8,15826944,my_ring_all_reduce,8,8
580,3.3932970000000022,3.404528999999999,3.398662999999999,3.3981629999999967,0.004599054685474881,0,8,15859712,my_ring_all_reduce,8,8
581,3.402514000000001,3.4058749999999964,3.4042096666666666,3.4042400000000015,0.0013722901377687027,0,8,15892480,my_ring_all_reduce,8,8
582,3.403216999999997,3.4136180000000005,3.407708333333332,3.406289999999997,0.004363022830817604,0,8,15925248,my_ring_all_reduce,8,8
583,3.4131350000000023,3.421491000000002,3.417723333333335,3.4185440000000007,0.003460327954913185,0,8,15958016,my_ring_all_reduce,8,8
584,3.4191229999999995,3.422225999999997,3.420295666666666,3.4195380000000024,0.0013754263177469838,0,8,15990784,my_ring_all_reduce,8,8
585,3.4207520000000007,3.4267069999999995,3.4239643333333323,3.4244339999999975,0.0024536973914657347,0,8,16023552,my_ring_all_reduce,8,8
586,3.430223000000002,3.4366869999999836,3.4332209999999956,3.432753000000001,0.002659585431345365,0,8,16056320,my_ring_all_reduce,8,8
587,3.43237100000001,3.439027000000002,3.435784000000003,3.435953999999998,0.00271995821045986,0,8,16089088,my_ring_all_reduce,8,8
588,3.4454570000000024,3.4468979999999974,3.4459380000000013,3.4454590000000027,0.0006788230009828226,0,8,16121856,my_ring_all_reduce,8,8
589,3.4460339999999996,3.452114000000009,3.4492440000000033,3.4495840000000006,0.0024937655596876957,0,8,16154624,my_ring_all_reduce,8,8
590,3.453969000000001,3.463156000000001,3.457318666666668,3.454831000000002,0.004142592290931674,0,8,16187392,my_ring_all_reduce,8,8
591,3.447283999999985,3.4608489999999876,3.4541399999999913,3.454287000000001,0.005538863481498654,0,8,16220160,my_ring_all_reduce,8,8
592,3.455859000000008,3.4572660000000033,3.4565303333333346,3.456465999999993,0.0005762038605279446,0,8,16252928,my_ring_all_reduce,8,8
593,3.4529459999999963,3.4646860000000053,3.4581283333333324,3.456752999999995,0.004890504836476074,0,8,16285696,my_ring_all_reduce,8,8
594,3.458096999999994,3.462961999999996,3.461062999999997,3.462130000000001,0.002124605532016221,0,8,16318464,my_ring_all_reduce,8,8
595,3.457518999999993,3.4634739999999984,3.461402666666664,3.4632150000000004,0.0027482018767863757,0,8,16351232,my_ring_all_reduce,8,8
596,3.4559229999999954,3.467855000000007,3.4624720000000004,3.463637999999999,0.004940500851807473,0,8,16384000,my_ring_all_reduce,8,8
597,3.460337000000003,3.4646870000000054,3.4619579999999925,3.4608499999999696,0.0019410260173498332,0,8,16416768,my_ring_all_reduce,8,8
598,3.451857999999993,3.4632460000000065,3.457798666666667,3.4582920000000015,0.004662200434230676,0,8,16449536,my_ring_all_reduce,8,8
599,3.4601459999999933,3.466161000000002,3.4625883333333327,3.4614580000000026,0.0025824144172141607,0,8,16482304,my_ring_all_reduce,8,8
600,3.4694239999999983,3.4740020000000005,3.470993999999996,3.4695559999999896,0.0021276597472370145,0,8,16515072,my_ring_all_reduce,8,8
601,3.4878589999999994,3.503315999999999,3.4951330000000005,3.494224000000002,0.006342944794546364,0,8,16547840,my_ring_all_reduce,8,8
602,3.507697999999997,3.5150240000000124,3.5118783333333368,3.5129130000000006,0.0030790117823078587,0,8,16580608,my_ring_all_reduce,8,8
603,3.5296490000000014,3.5407210000000013,3.535548000000002,3.536274000000005,0.004549183296666374,0,8,16613376,my_ring_all_reduce,8,8
604,3.5547070000000023,3.568720000000003,3.560944666666669,3.559407000000003,0.005823192499728307,0,8,16646144,my_ring_all_reduce,8,8
605,3.578318999999996,3.5896830000000044,3.5849143333333338,3.586741,0.0048157835868721235,0,8,16678912,my_ring_all_reduce,8,8
606,3.6019069999999993,3.617681000000004,3.6085833333333337,3.6061619999999985,0.006663428063360941,0,8,16711680,my_ring_all_reduce,8,8
607,3.6280490000000065,3.6345130000000134,3.632220000000006,3.634097999999998,0.0029542045742748805,0,8,16744448,my_ring_all_reduce,8,8
608,3.647662999999997,3.667121000000003,3.6551630000000004,3.6507050000000016,0.008546296039807758,0,8,16777216,my_ring_all_reduce,8,8
609,3.6457780000000057,3.6574539999999836,3.651579999999999,3.651508000000009,0.0047669789175024645,0,8,16777216,my_ring_all_reduce,8,8
610,3.7337419999999986,3.7404639999999962,3.737924666666667,3.7395680000000064,0.002980126320962517,0,8,16908288,my_ring_all_reduce,8,8
611,3.811605999999998,3.8175519999999996,3.8152609999999996,3.816625,0.00261203637034485,0,8,17039360,my_ring_all_reduce,8,8
612,3.8928149999999953,3.898544999999998,3.8951839999999964,3.8941919999999954,0.002442167479925645,0,8,17170432,my_ring_all_reduce,8,8
613,3.917227999999988,3.9188669999999983,3.9181173333333295,3.9182570000000014,0.0006763679143497782,0,8,17301504,my_ring_all_reduce,8,8
614,3.9204009999999907,3.923278000000002,3.9217443333333324,3.921554000000004,0.0011822160923024186,0,8,17432576,my_ring_all_reduce,8,8
615,3.9188920000000143,3.930608999999997,3.9260636666666713,3.9286900000000022,0.005131292386473603,0,8,17563648,my_ring_all_reduce,8,8
616,3.9243689999999916,3.931407000000004,3.9290079999999983,3.9312479999999996,0.0032809105443507756,0,8,17694720,my_ring_all_reduce,8,8
617,3.9827010000000085,3.985518999999986,3.9840139999999984,3.9838220000000004,0.0011584268067707008,0,8,17825792,my_ring_all_reduce,8,8
618,3.987534999999999,3.990893999999997,3.989219333333328,3.9892289999999884,0.0013713230432274032,0,8,17956864,my_ring_all_reduce,8,8
619,3.984462999999999,3.9916640000000005,3.9886229999999934,3.98974199999998,0.0030444179520321764,0,8,18087936,my_ring_all_reduce,8,8
620,3.9953410000000043,3.9975510000000067,3.9965793333333366,3.9968459999999997,0.000921722421460507,0,8,18219008,my_ring_all_reduce,8,8
621,3.9982909999999965,4.002061000000001,4.00078333333333,4.001997999999992,0.001762533466979542,0,8,18350080,my_ring_all_reduce,8,8
622,3.9979639999999965,4.005358999999993,4.00114533333333,4.000113000000002,0.0031059931673367903,0,8,18481152,my_ring_all_reduce,8,8
623,4.000880000000001,4.014353000000007,4.0060436666666694,4.002898000000001,0.005933062521912337,0,8,18612224,my_ring_all_reduce,8,8
624,4.031884999999998,4.033710999999996,4.033038333333331,4.033518999999999,0.0008192880378036584,0,8,18743296,my_ring_all_reduce,8,8
625,4.0488840000000055,4.057104000000002,4.053639000000001,4.054928999999997,0.003477563802431762,0,8,18874368,my_ring_all_reduce,8,8
626,4.085487,4.095180000000008,4.089710000000001,4.088462999999996,0.004054201031033524,0,8,19005440,my_ring_all_reduce,8,8
627,4.114924999999981,4.121774999999987,4.117773999999991,4.116622000000003,0.0029127252988680914,0,8,19136512,my_ring_all_reduce,8,8
628,4.149774000000005,4.154768999999995,4.152452666666669,4.152815000000006,0.002055232401020871,0,8,19267584,my_ring_all_reduce,8,8
629,4.1749590000000065,4.178062999999998,4.176260000000002,4.175758000000002,0.0013159804963061123,0,8,19398656,my_ring_all_reduce,8,8
630,4.208430000000001,4.214095999999998,4.2119503333333315,4.2133249999999975,0.0025090729142218486,0,8,19529728,my_ring_all_reduce,8,8
631,4.23355000000001,4.238863000000008,4.236942000000006,4.238413,0.002405531542089727,0,8,19660800,my_ring_all_reduce,8,8
632,4.269901999999991,4.272974000000002,4.270956333333331,4.2699929999999995,0.0014271893902230088,0,8,19791872,my_ring_all_reduce,8,8
633,4.291883999999999,4.295052000000004,4.293506333333339,4.293583000000017,0.0012944662563755414,0,8,19922944,my_ring_all_reduce,8,8
634,4.313838999999993,4.320011999999999,4.316845999999997,4.316687,0.002522623369962294,0,8,20054016,my_ring_all_reduce,8,8
635,4.339854000000001,4.345391999999999,4.343514000000002,4.345296000000006,0.0025883075551415857,0,8,20185088,my_ring_all_reduce,8,8
636,4.347471000000012,4.357006000000001,4.353048333333337,4.354667999999999,0.004057630370324451,0,8,20316160,my_ring_all_reduce,8,8
637,4.349964,4.351596999999995,4.351010666666672,4.35147100000002,0.0007418905280157662,0,8,20447232,my_ring_all_reduce,8,8
638,4.357515999999996,4.361068000000003,4.359597666666665,4.360208999999996,0.001513158359931015,0,8,20578304,my_ring_all_reduce,8,8
639,4.394095999999998,4.401963000000018,4.3974206666666715,4.396203,0.0033251021371203653,0,8,20709376,my_ring_all_reduce,8,8
640,4.481548000000002,4.491117999999988,4.487011333333329,4.488367999999995,0.00402298672905807,0,8,20840448,my_ring_all_reduce,8,8
641,4.563499999999997,4.570829000000012,4.565997333333338,4.563663000000003,0.0034171522581816815,0,8,20971520,my_ring_all_reduce,8,8
642,4.658382000000001,4.665611000000012,4.662978333333338,4.664941999999998,0.003261553855997099,0,8,21102592,my_ring_all_reduce,8,8
643,4.708013000000001,4.712460999999996,4.710722333333332,4.7116929999999995,0.0019412747243881584,0,8,21233664,my_ring_all_reduce,8,8
644,4.793932000000015,4.7981899999999955,4.796141000000003,4.796301,0.001741999043236958,0,8,21364736,my_ring_all_reduce,8,8
645,4.794572999999997,4.799850999999995,4.796768666666665,4.795882000000003,0.00224409660120672,0,8,21495808,my_ring_all_reduce,8,8
646,4.79905200000001,4.802572,4.800556333333343,4.80004500000002,0.00148182237651406,0,8,21626880,my_ring_all_reduce,8,8
647,4.822953999999998,4.826414000000004,4.824184000000003,4.823184000000008,0.0015796413094967628,0,8,21757952,my_ring_all_reduce,8,8
648,4.829966000000004,4.836076999999998,4.832332999999999,4.830955999999995,0.0026780810293925363,0,8,21889024,my_ring_all_reduce,8,8
649,4.802830000000002,4.806987999999998,4.804429000000002,4.803469000000005,0.0018281941909958465,0,8,22020096,my_ring_all_reduce,8,8
650,4.809163999999982,4.815787999999993,4.812514666666657,4.812591999999997,0.0027047894968457572,0,8,22151168,my_ring_all_reduce,8,8
651,4.810057999999997,4.816333999999995,4.813772666666662,4.814925999999993,0.0026888259313094342,0,8,22282240,my_ring_all_reduce,8,8
652,4.8262209999999905,4.832526000000005,4.828438999999996,4.826569999999992,0.0028934554889792027,0,8,22413312,my_ring_all_reduce,8,8
653,4.871277999999998,4.885579999999998,4.878988999999997,4.8801089999999965,0.005892232231223103,0,8,22544384,my_ring_all_reduce,8,8
654,4.918444,4.932238000000005,4.923852333333335,4.920875,0.006012043154279471,0,8,22675456,my_ring_all_reduce,8,8
655,4.921452000000005,4.926063,4.923576999999998,4.923215999999989,0.0018996615488017484,0,8,22806528,my_ring_all_reduce,8,8
656,4.954444000000003,4.963979999999996,4.960269,4.962383000000002,0.004170177534188025,0,8,22937600,my_ring_all_reduce,8,8
657,4.988588999999998,4.998446,4.9929193333333375,4.991723000000013,0.004112057257491046,0,8,23068672,my_ring_all_reduce,8,8
658,5.0475,5.048683999999986,5.0479806666666605,5.047757999999995,0.0005083629499513195,0,8,23199744,my_ring_all_reduce,8,8
659,5.079563999999999,5.080076000000008,5.079831000000003,5.079853000000003,0.00020960120865171406,0,8,23330816,my_ring_all_reduce,8,8
660,5.101932000000008,5.112588,5.107193333333336,5.1070600000000015,0.004351315305612854,0,8,23461888,my_ring_all_reduce,8,8
661,5.093483999999997,5.100903999999995,5.097621999999997,5.098477999999996,0.003089083143371777,0,8,23592960,my_ring_all_reduce,8,8
662,5.123337000000018,5.133837999999996,5.127296666666672,5.124715000000004,0.004659506578543026,0,8,23724032,my_ring_all_reduce,8,8
663,5.180942000000001,5.184490000000006,5.182571333333334,5.182281999999995,0.0014628422866333553,0,8,23855104,my_ring_all_reduce,8,8
664,5.204845000000009,5.209867000000005,5.207479333333335,5.207725999999991,0.0020576287863009178,0,8,23986176,my_ring_all_reduce,8,8
665,5.238221999999999,5.245164000000001,5.242540666666667,5.244236000000001,0.0030771694063801416,0,8,24117248,my_ring_all_reduce,8,8
666,5.266413000000015,5.273129999999997,5.270645666666673,5.272394000000007,0.0030079920581982758,0,8,24248320,my_ring_all_reduce,8,8
667,5.244270000000012,5.247883999999998,5.24558133333334,5.244590000000011,0.0016334636682629792,0,8,24379392,my_ring_all_reduce,8,8
668,5.275308000000004,5.2781859999999945,5.276502000000004,5.276012000000013,0.0012249614959878477,0,8,24510464,my_ring_all_reduce,8,8
669,5.281066000000006,5.283628999999993,5.282101333333334,5.281609000000002,0.0011027348830114606,0,8,24641536,my_ring_all_reduce,8,8
670,5.288777000000002,5.291979000000007,5.290879666666673,5.291883000000009,0.001487326311057327,0,8,24772608,my_ring_all_reduce,8,8
671,5.3974199999999986,5.404010000000002,5.400918333333334,5.401325000000004,0.0027056802389721986,0,8,24903680,my_ring_all_reduce,8,8
672,5.482443000000011,5.490892000000008,5.487265000000005,5.488459999999999,0.003551283242245015,0,8,25034752,my_ring_all_reduce,8,8
673,5.5195,5.522091999999999,5.520565333333335,5.520104000000007,0.0011073202889042737,0,8,25165824,my_ring_all_reduce,8,8
674,5.612043000000005,5.634220000000001,5.621642333333334,5.618663999999995,0.009295435594358773,0,8,25296896,my_ring_all_reduce,8,8
675,5.644492000000013,5.6527779999999765,5.648202999999995,5.647338999999996,0.003437472036235157,0,8,25427968,my_ring_all_reduce,8,8
676,5.647178000000007,5.649453000000005,5.648129000000004,5.647756000000001,0.0009654888226519728,0,8,25559040,my_ring_all_reduce,8,8
677,5.649837000000002,5.6556900000000025,5.653440666666669,5.654795000000002,0.00257423986623012,0,8,25690112,my_ring_all_reduce,8,8
678,5.654413000000001,5.658412999999997,5.655756333333335,5.654443000000007,0.0018785869393979587,0,8,25821184,my_ring_all_reduce,8,8
679,5.685868999999995,5.69098799999999,5.689056999999999,5.690314000000013,0.002270987597208709,0,8,25952256,my_ring_all_reduce,8,8
680,5.687815999999999,5.691504000000001,5.690113333333334,5.691020000000001,0.0016364329772074586,0,8,26083328,my_ring_all_reduce,8,8
681,5.710637000000003,5.720649000000012,5.713994333333336,5.710696999999993,0.004705623680479215,0,8,26214400,my_ring_all_reduce,8,8
682,5.756171000000007,5.778794999999999,5.765173666666669,5.760555,0.009796611840605955,0,8,26345472,my_ring_all_reduce,8,8
683,5.7821880000000165,5.803847999999987,5.795114666666664,5.79930799999999,0.009326554681230179,0,8,26476544,my_ring_all_reduce,8,8
684,5.830216000000008,5.8366469999999975,5.833374333333338,5.833260000000007,0.002626689213096821,0,8,26607616,my_ring_all_reduce,8,8
685,5.852457000000002,5.867823999999999,5.860161666666669,5.860204000000006,0.00627362289448497,0,8,26738688,my_ring_all_reduce,8,8
686,5.888746000000014,5.897896000000015,5.892926666666671,5.892137999999985,0.0037768700739602415,0,8,26869760,my_ring_all_reduce,8,8
687,5.927982000000011,5.938123000000007,5.932034333333341,5.929998000000007,0.004383298631040188,0,8,27000832,my_ring_all_reduce,8,8
688,5.962666000000005,5.971947000000004,5.968842000000002,5.971912999999997,0.004367113539472978,0,8,27131904,my_ring_all_reduce,8,8
689,5.978184999999998,5.9886529999999984,5.984586666666665,5.986921999999999,0.00458149119343887,0,8,27262976,my_ring_all_reduce,8,8
690,6.0176430000000005,6.020393000000011,6.018665000000008,6.01795900000001,0.0012286719117299938,0,8,27394048,my_ring_all_reduce,8,8
691,6.035306999999997,6.041928000000001,6.038666333333334,6.038764000000003,0.0027038940232373986,0,8,27525120,my_ring_all_reduce,8,8
692,6.060010999999991,6.069832000000003,6.063668000000003,6.0611610000000145,0.0043838185029348616,0,8,27656192,my_ring_all_reduce,8,8
693,6.081452000000001,6.093417999999999,6.086367666666667,6.084233,0.005112982843267264,0,8,27787264,my_ring_all_reduce,8,8
694,6.114923999999996,6.129191999999995,6.120490333333328,6.117354999999993,0.006232532515403271,0,8,27918336,my_ring_all_reduce,8,8
695,6.1433349999999844,6.14458600000001,6.144040999999997,6.144201999999997,0.00052325328475863,0,8,28049408,my_ring_all_reduce,8,8
696,6.174761000000006,6.181577999999987,6.17733133333333,6.175654999999999,0.0030249454356800205,0,8,28180480,my_ring_all_reduce,8,8
697,6.205545999999995,6.207753000000002,6.206665333333327,6.206696999999986,0.0009012821731071433,0,8,28311552,my_ring_all_reduce,8,8
698,6.267369,6.272138000000006,6.2693323333333355,6.26849,0.0020360066033537367,0,8,28442624,my_ring_all_reduce,8,8
699,6.265606999999997,6.271818000000007,6.269129000000002,6.269962000000003,0.0026031451489858482,0,8,28573696,my_ring_all_reduce,8,8
700,6.27402399999999,6.275755999999987,6.274793666666658,6.274600999999999,0.0007200908893228818,0,8,28704768,my_ring_all_reduce,8,8
701,6.267943999999996,6.272807999999999,6.27093033333333,6.272038999999997,0.0021348661680673587,0,8,28835840,my_ring_all_reduce,8,8
702,6.279435000000005,6.28451799999999,6.281353333333331,6.2801069999999966,0.002254511378443323,0,8,28966912,my_ring_all_reduce,8,8
703,6.329190000000009,6.334056000000002,6.331431333333335,6.331047999999996,0.0020049434461383206,0,8,29097984,my_ring_all_reduce,8,8
704,6.404196999999993,6.412776000000002,6.407697666666668,6.40612000000001,0.00367573886752505,0,8,29229056,my_ring_all_reduce,8,8
705,6.479914000000019,6.4872150000000115,6.484736666666676,6.487080999999998,0.003410579064544872,0,8,29360128,my_ring_all_reduce,8,8
706,6.499110999999982,6.5018669999999945,6.500831666666656,6.501516999999993,0.001225056551987988,0,8,29491200,my_ring_all_reduce,8,8
707,6.508968999999994,6.511178,6.5101636666666645,6.510344000000001,0.0009107909871243796,0,8,29622272,my_ring_all_reduce,8,8
708,6.512712000000014,6.517388000000005,6.515135333333338,6.515305999999997,0.0019127797108414867,0,8,29753344,my_ring_all_reduce,8,8
709,6.514725999999974,6.529385999999992,6.520296333333321,6.516776999999998,0.006481675726405539,0,8,29884416,my_ring_all_reduce,8,8
710,6.529606,6.537065000000001,6.5343873333333375,6.53649100000001,0.003389024474521154,0,8,30015488,my_ring_all_reduce,8,8
711,6.563880999999999,6.567372000000003,6.565418000000001,6.5650010000000005,0.0014553778432666363,0,8,30146560,my_ring_all_reduce,8,8
712,6.600042000000009,6.613704999999994,6.605278666666668,6.602089,0.006016636509614305,0,8,30277632,my_ring_all_reduce,8,8
713,6.6377019999999956,6.649096999999994,6.642417999999997,6.640455000000002,0.004854656390173409,0,8,30408704,my_ring_all_reduce,8,8
714,6.669800000000003,6.674407999999989,6.671900666666661,6.671493999999992,0.0019030588243321334,0,8,30539776,my_ring_all_reduce,8,8
715,6.700970000000002,6.705706000000009,6.703060333333339,6.702505000000005,0.0019729369534361965,0,8,30670848,my_ring_all_reduce,8,8
716,6.747749000000003,6.754086999999999,6.750502666666669,6.749672000000006,0.0026533081657077206,0,8,30801920,my_ring_all_reduce,8,8
717,6.771433999999994,6.783752000000001,6.779134333333325,6.782216999999982,0.005480900554551761,0,8,30932992,my_ring_all_reduce,8,8
718,6.808551000000007,6.823014999999996,6.816230666666665,6.817125999999989,0.005938745116226,0,8,31064064,my_ring_all_reduce,8,8
719,6.847206000000006,6.852715000000002,6.850803000000002,6.8524879999999975,0.002545150814126988,0,8,31195136,my_ring_all_reduce,8,8
720,6.866791999999999,6.870886999999988,6.869500000000005,6.870821000000025,0.0019150347255369638,0,8,31326208,my_ring_all_reduce,8,8
721,6.891368000000003,6.896489000000002,6.893650666666663,6.893094999999986,0.0021272414583742966,0,8,31457280,my_ring_all_reduce,8,8
722,6.9173220000000075,6.9224080000000106,6.919368000000002,6.918373999999989,0.0021920881977431574,0,8,31588352,my_ring_all_reduce,8,8
723,6.9411249999999995,6.948681000000004,6.945682000000005,6.947240000000012,0.003275546468406306,0,8,31719424,my_ring_all_reduce,8,8
724,6.968648999999997,6.980743,6.975197000000001,6.976199000000005,0.004987932905190524,0,8,31850496,my_ring_all_reduce,8,8
725,7.046919000000024,7.0538950000000025,7.050353666666676,7.050247,0.0028489386717700065,0,8,31981568,my_ring_all_reduce,8,8
726,7.074951999999998,7.0815769999999905,7.077981333333331,7.077415000000008,0.002734130737339958,0,8,32112640,my_ring_all_reduce,8,8
727,7.104933000000012,7.107687999999995,7.106619666666668,7.107237999999998,0.0012067196120905564,0,8,32243712,my_ring_all_reduce,8,8
728,7.131332999999999,7.135242000000006,7.133404000000007,7.133637000000017,0.0016043247800902865,0,8,32374784,my_ring_all_reduce,8,8
729,7.145443999999994,7.149988000000001,7.147953000000002,7.1484270000000105,0.0018851155579119349,0,8,32505856,my_ring_all_reduce,8,8
730,7.153221000000009,7.156680000000008,7.155057000000003,7.15526999999999,0.0014201401339289414,0,8,32636928,my_ring_all_reduce,8,8
731,7.154564999999988,7.156996000000007,7.155897666666665,7.156132000000003,0.0010061889595090535,0,8,32768000,my_ring_all_reduce,8,8
732,7.1568689999999915,7.162854999999996,7.159589999999997,7.159046000000003,0.00247386351011376,0,8,32899072,my_ring_all_reduce,8,8
733,7.153191999999992,7.1657649999999995,7.158629999999999,7.156933000000005,0.005271302116177927,0,8,33030144,my_ring_all_reduce,8,8
734,7.161798999999992,7.166279,7.163602333333325,7.162728999999985,0.0019303943178120436,0,8,33161216,my_ring_all_reduce,8,8
735,7.2169680000000085,7.2246440000000005,7.220496999999998,7.219878999999986,0.0031640361354848203,0,8,33292288,my_ring_all_reduce,8,8
736,7.287305999999986,7.28967200000001,7.288563,7.288711000000003,0.0009715681482460726,0,8,33423360,my_ring_all_reduce,8,8
737,7.330278999999999,7.339974999999999,7.334810999999996,7.334178999999989,0.00398352205968587,0,8,33554432,my_ring_all_reduce,8,8
738,7.390564999999999,7.3953989999999905,7.3931263333333375,7.393415000000023,0.0019840002240123747,0,8,33685504,my_ring_all_reduce,8,8
739,7.373538000000015,7.379112000000008,7.375590666666675,7.374122,0.002501347014887682,0,8,33816576,my_ring_all_reduce,8,8
740,7.378536999999997,7.386245000000002,7.381425666666668,7.379495000000003,0.003430152701493783,0,8,33947648,my_ring_all_reduce,8,8
741,7.3979269999999815,7.4028539999999925,7.400155333333326,7.399685000000005,0.0020387483633105053,0,8,34078720,my_ring_all_reduce,8,8
742,7.429797999999997,7.442150999999998,7.435473666666673,7.4344720000000235,0.005092586398109402,0,8,34209792,my_ring_all_reduce,8,8
743,7.506501999999993,7.513062000000006,7.510598666666666,7.5122319999999965,0.002916531425440189,0,8,34340864,my_ring_all_reduce,8,8
744,7.537187999999995,7.551399,7.546639999999997,7.551332999999999,0.006683627607820977,0,8,34471936,my_ring_all_reduce,8,8
745,7.545637999999999,7.5569969999999955,7.551557999999996,7.552038999999995,0.004649748451975793,0,8,34603008,my_ring_all_reduce,8,8
746,7.591079999999998,7.595651,7.593799000000007,7.59466600000002,0.001964226225942868,0,8,34734080,my_ring_all_reduce,8,8
747,7.620324999999998,7.631204999999994,7.625989666666665,7.626439000000002,0.00445309071195262,0,8,34865152,my_ring_all_reduce,8,8
748,7.656900000000006,7.665634999999998,7.661840666666666,7.662986999999994,0.0036570130191448144,0,8,34996224,my_ring_all_reduce,8,8
749,7.719751000000018,7.728323000000004,7.7226820000000105,7.719972000000009,0.003989809602804339,0,8,35127296,my_ring_all_reduce,8,8
750,7.757414,7.765093000000008,7.76019766666667,7.758086000000003,0.0034723778916248495,0,8,35258368,my_ring_all_reduce,8,8
751,7.75322,7.756358999999997,7.754404999999994,7.753635999999984,0.0013920850069845528,0,8,35389440,my_ring_all_reduce,8,8
752,7.831303000000007,7.835810000000001,7.833092999999999,7.83216599999999,0.001953246698875083,0,8,35520512,my_ring_all_reduce,8,8
753,7.852964999999997,7.860580999999977,7.85739233333332,7.858630999999987,0.0032302306763096022,0,8,35651584,my_ring_all_reduce,8,8
754,7.909316999999988,7.913506000000009,7.911014333333323,7.910219999999972,0.0018000285800318845,0,8,35782656,my_ring_all_reduce,8,8
755,7.9360360000000005,7.937767000000014,7.937125333333338,7.937572999999997,0.000774335987945149,0,8,35913728,my_ring_all_reduce,8,8
756,7.958662000000011,7.965926000000014,7.962928333333347,7.964197000000015,0.003098231789623063,0,8,36044800,my_ring_all_reduce,8,8
757,7.945030000000003,7.951554000000004,7.949167333333338,7.950918000000005,0.0029370358451269733,0,8,36175872,my_ring_all_reduce,8,8
758,7.971205000000006,7.97747700000001,7.973669000000009,7.972325000000012,0.002731208279621366,0,8,36306944,my_ring_all_reduce,8,8
759,8.016356,8.019429999999993,8.018373000000008,8.019333000000028,0.0014267840294450412,0,8,36438016,my_ring_all_reduce,8,8
760,8.035075000000012,8.04048399999999,8.037635666666672,8.037348000000012,0.002217563878564803,0,8,36569088,my_ring_all_reduce,8,8
761,8.045319000000003,8.056421000000002,8.050822000000005,8.05072600000001,0.004532880835259573,0,8,36700160,my_ring_all_reduce,8,8
762,8.061025999999984,8.077064000000005,8.06779166666666,8.065284999999989,0.0067831602435010204,0,8,36831232,my_ring_all_reduce,8,8
763,8.038983999999997,8.044356999999996,8.042023333333331,8.042729,0.0022495564501077217,0,8,36962304,my_ring_all_reduce,8,8
764,8.067715999999994,8.078151000000004,8.072623666666662,8.072003999999987,0.00428254568634065,0,8,37093376,my_ring_all_reduce,8,8
765,8.081640999999996,8.087747000000004,8.085072333333331,8.085828999999999,0.0025495381716900078,0,8,37224448,my_ring_all_reduce,8,8
766,8.086342999999964,8.092776000000006,8.09055633333332,8.092549999999989,0.002980704875637759,0,8,37355520,my_ring_all_reduce,8,8
767,8.13773000000001,8.146404999999993,8.142874,8.144487000000002,0.003720683897701627,0,8,37486592,my_ring_all_reduce,8,8
768,8.208773000000031,8.212296000000016,8.210374333333345,8.210053999999989,0.0014559858821015512,0,8,37617664,my_ring_all_reduce,8,8
769,8.208454999999997,8.21809000000001,8.213671666666668,8.214469999999993,0.0039737730461439575,0,8,37748736,my_ring_all_reduce,8,8
770,8.261093999999998,8.266245999999992,8.264495666666665,8.266147000000005,0.0024056811001369515,0,8,37879808,my_ring_all_reduce,8,8
771,8.270438000000002,8.284389000000024,8.279589333333343,8.283941000000006,0.006473554012722514,0,8,38010880,my_ring_all_reduce,8,8
772,8.298787999999979,8.309570999999996,8.305039333333324,8.306758999999998,0.004566998455108601,0,8,38141952,my_ring_all_reduce,8,8
773,8.351365000000028,8.367267,8.36017533333334,8.361893999999992,0.006604733773745135,0,8,38273024,my_ring_all_reduce,8,8
774,8.383745999999999,8.401636000000005,8.393303333333336,8.394528,0.007354720993275427,0,8,38404096,my_ring_all_reduce,8,8
775,8.453026000000005,8.466113999999994,8.459052666666663,8.458017999999992,0.00539301012628196,0,8,38535168,my_ring_all_reduce,8,8
776,8.482339999999997,8.499395000000003,8.491300333333333,8.492165999999997,0.00698952980456646,0,8,38666240,my_ring_all_reduce,8,8
777,8.530372,8.540354999999996,8.534040666666664,8.531394999999996,0.004484397866181575,0,8,38797312,my_ring_all_reduce,8,8
778,8.573445000000044,8.59005299999997,8.581337666666675,8.580515000000007,0.006805096194898178,0,8,38928384,my_ring_all_reduce,8,8
779,8.636866999999999,8.655267999999982,8.64518833333333,8.643430000000007,0.007614372477236572,0,8,39059456,my_ring_all_reduce,8,8
780,8.667362999999998,8.70838800000005,8.688303000000017,8.689157999999999,0.01675929443624362,0,8,39190528,my_ring_all_reduce,8,8
781,8.705155999999995,8.720706999999996,8.711810999999992,8.709569999999985,0.0065434425699843635,0,8,39321600,my_ring_all_reduce,8,8
782,8.720963999999993,8.744487000000023,8.733605333333346,8.73536500000002,0.009683498070900402,0,8,39452672,my_ring_all_reduce,8,8
783,8.759073999999993,8.776033999999992,8.766870999999997,8.765505000000005,0.006990940184742763,0,8,39583744,my_ring_all_reduce,8,8
784,8.788449999999969,8.797252000000004,8.791651999999992,8.789254000000001,0.003973378411387241,0,8,39714816,my_ring_all_reduce,8,8
785,8.796706000000006,8.808002999999998,8.801165333333334,8.798786999999997,0.004909032785474683,0,8,39845888,my_ring_all_reduce,8,8
786,8.819747000000003,8.828901000000013,8.824633000000011,8.82525100000002,0.0037625675630744712,0,8,39976960,my_ring_all_reduce,8,8
787,8.829799999999999,8.83926500000002,8.835012666666673,8.835973,0.003923284026885853,0,8,40108032,my_ring_all_reduce,8,8
788,8.850053000000004,8.860033000000001,8.854861333333332,8.854497999999992,0.004082410099710065,0,8,40239104,my_ring_all_reduce,8,8
789,8.86675600000001,8.87785999999999,8.872068000000006,8.871588000000019,0.004545877546369518,0,8,40370176,my_ring_all_reduce,8,8
790,8.884065999999999,8.896193999999998,8.888876999999999,8.886370999999999,0.005258778248477607,0,8,40501248,my_ring_all_reduce,8,8
791,8.898662999999994,8.908741999999984,8.905039666666665,8.907714000000015,0.004528473203582962,0,8,40632320,my_ring_all_reduce,8,8
792,8.91536499999999,8.916741999999983,8.915898333333322,8.915587999999996,0.0006034690455057543,0,8,40763392,my_ring_all_reduce,8,8
793,8.929666999999986,8.936836000000001,8.934413999999995,8.936738999999994,0.003356869474183307,0,8,40894464,my_ring_all_reduce,8,8
794,8.949955000000031,8.95289900000002,8.951160666666693,8.950628000000027,0.0012595195733072603,0,8,41025536,my_ring_all_reduce,8,8
795,8.969893999999993,8.972741000000024,8.971258333333338,8.97114,0.0011652909031306699,0,8,41156608,my_ring_all_reduce,8,8
796,8.984707000000023,8.989028999999999,8.98632866666667,8.985249999999986,0.0019222490877973143,0,8,41287680,my_ring_all_reduce,8,8
797,9.000961999999998,9.009763,9.005165666666665,9.004771999999997,0.0036037601042376013,0,8,41418752,my_ring_all_reduce,8,8
798,9.020993000000002,9.029508000000002,9.025837999999998,9.027012999999991,0.0035741455855429075,0,8,41549824,my_ring_all_reduce,8,8
799,9.081311999999976,9.089831,9.084174999999991,9.081381999999998,0.003999498051845758,0,8,41680896,my_ring_all_reduce,8,8
800,9.133286000000007,9.135655,9.134223333333338,9.133729000000006,0.0010283690431369145,0,8,41811968,my_ring_all_reduce,8,8
801,9.160643999999971,9.170020000000012,9.165689000000002,9.16640300000002,0.0038608885851325585,0,8,41943040,my_ring_all_reduce,8,8
802,9.177058999999987,9.190370999999985,9.182179666666656,9.179108999999997,0.005852297630462897,0,8,42074112,my_ring_all_reduce,8,8
803,9.196129,9.205986999999965,9.202061666666646,9.204068999999974,0.004267480234919085,0,8,42205184,my_ring_all_reduce,8,8
804,9.229891,9.24307299999999,9.234339333333331,9.230054000000004,0.00617599343335287,0,8,42336256,my_ring_all_reduce,8,8
805,9.258817999999986,9.271457999999999,9.264012333333328,9.261760999999998,0.005400233101969195,0,8,42467328,my_ring_all_reduce,8,8
806,9.333984999999993,9.34425999999998,9.33922399999999,9.339426999999997,0.004197206451910473,0,8,42598400,my_ring_all_reduce,8,8
807,9.370658000000011,9.396447,9.380726000000003,9.375072999999999,0.011261599560746174,0,8,42729472,my_ring_all_reduce,8,8
808,9.396130999999997,9.409762000000017,9.400739000000002,9.396323999999993,0.006380710984427779,0,8,42860544,my_ring_all_reduce,8,8
809,9.431297999999988,9.452672000000003,9.440715666666668,9.43817700000001,0.008908632155891057,0,8,42991616,my_ring_all_reduce,8,8
810,9.455075999999995,9.480640999999997,9.46606066666667,9.462465000000018,0.010742095398734854,0,8,43122688,my_ring_all_reduce,8,8
811,9.472160999999993,9.496389999999993,9.485303333333327,9.487358999999998,0.009997680875527902,0,8,43253760,my_ring_all_reduce,8,8
812,9.515236000000003,9.526468000000015,9.521187666666677,9.521859000000012,0.004609950999985638,0,8,43384832,my_ring_all_reduce,8,8
813,9.534241999999999,9.551074000000023,9.542391333333338,9.541857999999992,0.006881975943653814,0,8,43515904,my_ring_all_reduce,8,8
814,9.558627999999997,9.566180000000008,9.562925666666665,9.56396899999999,0.003170129790546084,0,8,43646976,my_ring_all_reduce,8,8
815,9.580006000000008,9.585123999999983,9.582553333333328,9.582529999999995,0.0020894798927434,0,8,43778048,my_ring_all_reduce,8,8
816,9.606722999999985,9.626528999999994,9.613997666666657,9.608740999999995,0.008899206606336753,0,8,43909120,my_ring_all_reduce,8,8
817,9.623904999999992,9.63696100000001,9.631436,9.633442000000002,0.00551560277758305,0,8,44040192,my_ring_all_reduce,8,8
818,9.642814,9.648512000000009,9.64627166666667,9.647489000000004,0.0024803529766762094,0,8,44171264,my_ring_all_reduce,8,8
819,9.671137999999978,9.677599999999991,9.673547666666655,9.671904999999999,0.0028824903970181294,0,8,44302336,my_ring_all_reduce,8,8
820,9.683554000000012,9.70486599999998,9.691873666666663,9.687200999999998,0.009306832484183519,0,8,44433408,my_ring_all_reduce,8,8
821,9.707492000000013,9.717184000000001,9.711478999999995,9.70976099999997,0.004139030401757454,0,8,44564480,my_ring_all_reduce,8,8
822,9.725185000000012,9.734912000000012,9.731010000000007,9.732932999999994,0.00419738640902201,0,8,44695552,my_ring_all_reduce,8,8
823,9.748096000000002,9.754468999999999,9.75133066666666,9.751426999999982,0.002602657914942609,0,8,44826624,my_ring_all_reduce,8,8
824,9.769408999999992,9.771906000000032,9.770977333333336,9.771616999999985,0.0011152375930311177,0,8,44957696,my_ring_all_reduce,8,8
825,9.790431999999997,9.803968000000037,9.798730666666687,9.801792000000024,0.005934904960408388,0,8,45088768,my_ring_all_reduce,8,8
826,9.821601999999984,9.823679999999992,9.82293566666666,9.823525000000009,0.0009451653588495387,0,8,45219840,my_ring_all_reduce,8,8
827,9.845055999999998,9.850401999999995,9.84733933333333,9.846559999999998,0.002250992275023854,0,8,45350912,my_ring_all_reduce,8,8
828,9.86720199999999,9.878177000000012,9.872780666666666,9.872962999999999,0.004482379601168029,0,8,45481984,my_ring_all_reduce,8,8
829,9.896321999999985,9.899809999999999,9.898081666666664,9.898113000000013,0.0014241423930111078,0,8,45613056,my_ring_all_reduce,8,8
830,9.947969999999998,9.957824,9.953973333333332,9.956126000000001,0.004301225355124565,0,8,45744128,my_ring_all_reduce,8,8
831,9.989858000000007,9.999423999999971,9.994272666666665,9.993536000000015,0.003939889789756567,0,8,45875200,my_ring_all_reduce,8,8
832,10.017087,10.028414999999994,10.02132199999999,10.018463999999978,0.005046914502942435,0,8,46006272,my_ring_all_reduce,8,8
833,10.092577999999987,10.099615999999994,10.094976333333326,10.092735000000001,0.003281365806422018,0,8,46137344,my_ring_all_reduce,8,8
834,10.166814000000013,10.18093,10.175124666666669,10.177629999999994,0.006028979202331028,0,8,46268416,my_ring_all_reduce,8,8
835,10.21363099999998,10.222593999999983,10.216736999999986,10.213985999999997,0.004144059442943391,0,8,46399488,my_ring_all_reduce,8,8
836,10.266207999999985,10.280448000000003,10.271775999999997,10.268672000000006,0.006213990237096529,0,8,46530560,my_ring_all_reduce,8,8
837,10.315740000000005,10.338080999999985,10.32670933333333,10.326307000000002,0.009125110933868214,0,8,46661632,my_ring_all_reduce,8,8
838,10.351711000000007,10.371360000000001,10.35965866666667,10.355905,0.008449390918217718,0,8,46792704,my_ring_all_reduce,8,8
839,10.406496000000013,10.418625,10.414101666666665,10.41718399999998,0.005410098232821804,0,8,46923776,my_ring_all_reduce,8,8
840,10.433827999999998,10.449853000000006,10.44032,10.437278999999995,0.006886504531816138,0,8,47054848,my_ring_all_reduce,8,8
841,10.411998000000008,10.429405999999995,10.421888333333339,10.424261000000014,0.007302135593247212,0,8,47185920,my_ring_all_reduce,8,8
842,10.43744200000001,10.448896999999983,10.441462999999999,10.438050000000002,0.00526248882816394,0,8,47316992,my_ring_all_reduce,8,8
843,10.445569999999979,10.458817,10.452427666666658,10.452895999999994,0.005418194922879465,0,8,47448064,my_ring_all_reduce,8,8
844,10.46397099999999,10.467072,10.465055666666663,10.464123999999996,0.001427130532069443,0,8,47579136,my_ring_all_reduce,8,8
845,10.508413999999997,10.510176999999997,10.509247666666672,10.509152000000023,0.0007229137031629463,0,8,47710208,my_ring_all_reduce,8,8
846,10.520476999999985,10.527392000000004,10.52336966666666,10.522239999999991,0.002933873018543099,0,8,47841280,my_ring_all_reduce,8,8
847,10.482305000000014,10.502113000000026,10.493440000000016,10.495902000000003,0.008271851828140771,0,8,47972352,my_ring_all_reduce,8,8
848,10.505275999999984,10.515263999999997,10.511017333333326,10.512511999999997,0.004212327728101987,0,8,48103424,my_ring_all_reduce,8,8
849,10.517760999999998,10.533118999999992,10.525045333333326,10.524255999999987,0.006294671097221416,0,8,48234496,my_ring_all_reduce,8,8
850,10.555267000000022,10.57340999999996,10.563243999999992,10.561054999999998,0.007566853286953705,0,8,48365568,my_ring_all_reduce,8,8
851,10.593059000000002,10.596733000000022,10.59510433333334,10.595520999999994,0.0015285673757612138,0,8,48496640,my_ring_all_reduce,8,8
852,10.607810000000013,10.622878000000004,10.613770666666676,10.61062400000001,0.006541523234092393,0,8,48627712,my_ring_all_reduce,8,8
853,10.59500899999999,10.614400000000023,10.602624000000006,10.598463000000004,0.008445439045241167,0,8,48758784,my_ring_all_reduce,8,8
854,10.622014,10.628831999999937,10.625204666666646,10.624767999999996,0.002800510588339959,0,8,48889856,my_ring_all_reduce,8,8
855,10.665696000000011,10.674877000000007,10.670164333333341,10.669920000000007,0.003752107348616879,0,8,49020928,my_ring_all_reduce,8,8
856,10.695293000000019,10.71017100000001,10.703229333333349,10.704224000000016,0.006114504195395576,0,8,49152000,my_ring_all_reduce,8,8
857,10.728099000000002,10.732350999999996,10.729866999999999,10.729150999999998,0.0018081976293144765,0,8,49283072,my_ring_all_reduce,8,8
858,10.758845999999998,10.776476999999984,10.768434999999997,10.769982000000011,0.007280473748317185,0,8,49414144,my_ring_all_reduce,8,8
859,10.764321000000002,10.767164999999993,10.765458999999998,10.764890999999997,0.0012285633886745888,0,8,49545216,my_ring_all_reduce,8,8
860,10.855040000000008,10.867711999999985,10.86199466666667,10.863232000000018,0.0052467857673827315,0,8,49676288,my_ring_all_reduce,8,8
861,10.907551000000009,10.921085000000014,10.913181333333341,10.910908,0.0057543214099432275,0,8,49807360,my_ring_all_reduce,8,8
862,10.947071000000012,10.956835000000007,10.952427333333338,10.95337599999999,0.004042185904787278,0,8,49938432,my_ring_all_reduce,8,8
863,10.970082000000005,10.986878000000003,10.98097066666667,10.985951999999997,0.007708725157606877,0,8,50069504,my_ring_all_reduce,8,8
864,10.989918999999995,10.995744000000006,10.99379133333334,10.99571100000001,0.002738186301597407,0,8,50200576,my_ring_all_reduce,8,8
865,10.989119000000006,11.003170000000006,10.996074666666681,10.995935000000028,0.005737146813142813,0,8,50331648,my_ring_all_reduce,8,8
866,11.081406999999992,11.105981,11.097449333333342,11.104960000000036,0.011351298144081309,0,8,50462720,my_ring_all_reduce,8,8
867,11.196509999999996,11.209952000000005,11.20443666666666,11.206847999999983,0.005746461945310198,0,8,50593792,my_ring_all_reduce,8,8
868,11.240638999999996,11.254277000000002,11.245548999999997,11.241730999999993,0.006187708461138251,0,8,50724864,my_ring_all_reduce,8,8
869,11.288157999999967,11.299869000000006,11.295912333333325,11.29971,0.00548352589329223,0,8,50855936,my_ring_all_reduce,8,8
870,11.323610999999975,11.331487000000022,11.327666666666667,11.327902000000002,0.003219666683941179,0,8,50987008,my_ring_all_reduce,8,8
871,11.372893999999993,11.383198000000004,11.378216999999998,11.378558999999994,0.004213535886485481,0,8,51118080,my_ring_all_reduce,8,8
872,11.377053000000014,11.404286999999982,11.387421666666668,11.380925000000005,0.012029898789622883,0,8,51249152,my_ring_all_reduce,8,8
873,11.401343999999998,11.407068999999998,11.403646,11.402525000000004,0.002467979875659862,0,8,51380224,my_ring_all_reduce,8,8
874,11.412637000000032,11.41942300000001,11.416916000000016,11.41868800000001,0.003040552252459801,0,8,51511296,my_ring_all_reduce,8,8
875,11.412284999999997,11.419804999999979,11.416903,11.418619000000021,0.0033011202139059757,0,8,51642368,my_ring_all_reduce,8,8
876,11.419131000000002,11.42617299999998,11.42363366666667,11.425597000000032,0.0031925381055766407,0,8,51773440,my_ring_all_reduce,8,8
877,11.427098999999988,11.447005999999995,11.436584666666663,11.435649000000009,0.008153885222533968,0,8,51904512,my_ring_all_reduce,8,8
878,11.439456999999996,11.443455000000002,11.441493,11.441567000000003,0.001633015207116998,0,8,52035584,my_ring_all_reduce,8,8
879,11.456766999999992,11.459073000000004,11.457716333333336,11.45730900000001,0.0009844962614934628,0,8,52166656,my_ring_all_reduce,8,8
880,11.463133000000017,11.468640000000029,11.465363000000023,11.464316000000021,0.0023669838754604945,0,8,52297728,my_ring_all_reduce,8,8
881,11.47888,11.493471000000003,11.485620000000004,11.484509000000008,0.0060083309385116305,0,8,52428800,my_ring_all_reduce,8,8
882,11.506910000000019,11.521245999999998,11.515518333333338,11.518398999999995,0.006196983370056925,0,8,52559872,my_ring_all_reduce,8,8
883,11.534780999999988,11.545147999999987,11.54146899999999,11.544477999999996,0.004737033741349074,0,8,52690944,my_ring_all_reduce,8,8
884,11.550080000000017,11.569277000000001,11.560595666666673,11.56243,0.00794375168851451,0,8,52822016,my_ring_all_reduce,8,8
885,11.579675000000003,11.588573000000011,11.58408066666667,11.583993999999999,0.003633110176636265,0,8,52953088,my_ring_all_reduce,8,8
886,11.595997999999964,11.617598,11.608669666666664,11.61241300000003,0.009206860063159147,0,8,53084160,my_ring_all_reduce,8,8
887,11.670877000000008,11.685534000000015,11.67581700000001,11.671040000000007,0.0068712788232405874,0,8,53215232,my_ring_all_reduce,8,8
888,11.695423000000025,11.711421999999992,11.702856999999995,11.701725999999967,0.0065803430001676365,0,8,53346304,my_ring_all_reduce,8,8
889,11.741883000000001,11.743354999999982,11.742491999999993,11.742237999999999,0.0006272070365164286,0,8,53477376,my_ring_all_reduce,8,8
890,11.770015999999996,11.774657000000007,11.771689666666665,11.770395999999993,0.002103948721391621,0,8,53608448,my_ring_all_reduce,8,8
891,11.793947999999975,11.805982000000004,11.801894999999996,11.805755000000008,0.005620141694550829,0,8,53739520,my_ring_all_reduce,8,8
892,11.835803000000043,11.841505000000033,11.83959300000002,11.841470999999983,0.0026799706465890647,0,8,53870592,my_ring_all_reduce,8,8
893,11.86777600000002,11.879902999999999,11.875071000000007,11.877534000000004,0.005248225668411167,0,8,54001664,my_ring_all_reduce,8,8
894,11.885754,11.893535999999989,11.88954433333332,11.889342999999979,0.0031801763403193546,0,8,54132736,my_ring_all_reduce,8,8
895,11.893050999999996,11.911067000000006,11.902301000000003,11.902785000000003,0.007362959368808679,0,8,54263808,my_ring_all_reduce,8,8
896,11.912541000000004,11.925343999999997,11.918440666666678,11.917437000000035,0.005274764597164681,0,8,54394880,my_ring_all_reduce,8,8
897,11.971166000000027,11.978303,11.974302666666674,11.973438999999999,0.002976981954177914,0,8,54525952,my_ring_all_reduce,8,8
898,12.047868999999999,12.059069999999993,12.054556666666658,12.056730999999985,0.004824340668822268,0,8,54657024,my_ring_all_reduce,8,8
899,12.106460999999996,12.111326000000016,12.108978666666681,12.109149000000034,0.0019897765927170538,0,8,54788096,my_ring_all_reduce,8,8
900,12.164509000000006,12.180859999999994,12.172115000000003,12.17097600000001,0.006723679101994107,0,8,54919168,my_ring_all_reduce,8,8
901,12.201793000000013,12.219806999999994,12.20818033333334,12.202941000000013,0.008234642648919788,0,8,55050240,my_ring_all_reduce,8,8
902,12.227069999999992,12.229341,12.228551333333328,12.229242999999995,0.0010482246366566837,0,8,55181312,my_ring_all_reduce,8,8
903,12.232154999999999,12.240061999999995,12.23575133333332,12.235036999999968,0.0032672992244704153,0,8,55312384,my_ring_all_reduce,8,8
904,12.249981000000014,12.259165999999983,12.253276333333332,12.250682000000001,0.0041744445006237215,0,8,55443456,my_ring_all_reduce,8,8
905,12.259645999999993,12.26543300000002,12.261595333333341,12.25970700000001,0.0027137543899431395,0,8,55574528,my_ring_all_reduce,8,8
906,12.264570999999982,12.27922600000001,12.269681333333326,12.265246999999988,0.006754738600102593,0,8,55705600,my_ring_all_reduce,8,8
907,12.275838999999992,12.285083999999989,12.280028999999994,12.279164000000002,0.003823495346753969,0,8,55836672,my_ring_all_reduce,8,8
908,12.272121999999975,12.285084000000003,12.279227666666655,12.280476999999985,0.005364947115832083,0,8,55967744,my_ring_all_reduce,8,8
909,12.290365999999965,12.305693999999946,12.296786666666634,12.29429999999999,0.006499975863191156,0,8,56098816,my_ring_all_reduce,8,8
910,12.306269000000045,12.320223000000027,12.311603000000032,12.308317000000025,0.006152337008536425,0,8,56229888,my_ring_all_reduce,8,8
911,12.323520000000006,12.33548300000001,12.33028033333334,12.331838000000003,0.0050065348185050805,0,8,56360960,my_ring_all_reduce,8,8
912,12.365148000000001,12.37929399999998,12.372914333333325,12.374300999999992,0.005857727792309104,0,8,56492032,my_ring_all_reduce,8,8
913,12.397406000000004,12.404029999999999,12.400200666666658,12.399165999999969,0.0028014573984922373,0,8,56623104,my_ring_all_reduce,8,8
914,12.461851999999999,12.478172000000006,12.47203933333334,12.476094000000012,0.007253313786743006,0,8,56754176,my_ring_all_reduce,8,8
915,12.490847000000002,12.49814300000004,12.49453600000002,12.494618000000017,0.002979143836757628,0,8,56885248,my_ring_all_reduce,8,8
916,12.505467000000001,12.51807799999998,12.513436666666662,12.516765,0.005660841064319401,0,8,57016320,my_ring_all_reduce,8,8
917,12.54069999999999,12.55769,12.550352000000002,12.552666000000013,0.007126521919333708,0,8,57147392,my_ring_all_reduce,8,8
918,12.570557,12.572223999999997,12.571624666666665,12.572092999999994,0.000756846234197064,0,8,57278464,my_ring_all_reduce,8,8
919,12.58834799999997,12.603933999999951,12.594566666666637,12.591417999999994,0.0067412375388638925,0,8,57409536,my_ring_all_reduce,8,8
920,12.619519000000045,12.634491000000002,12.625937333333352,12.62380200000001,0.006296026912958379,0,8,57540608,my_ring_all_reduce,8,8
921,12.655929000000004,12.658940000000003,12.657935666666669,12.658937999999996,0.0014189278424979657,0,8,57671680,my_ring_all_reduce,8,8
922,12.683771999999998,12.695034000000007,12.689639666666666,12.690112999999998,0.00460985859026669,0,8,57802752,my_ring_all_reduce,8,8
923,12.710684999999954,12.727677999999985,12.719645666666644,12.720573999999994,0.006968350562059023,0,8,57933824,my_ring_all_reduce,8,8
924,12.746911,12.753504000000015,12.750911000000004,12.752317999999999,0.0028695701187966115,0,8,58064896,my_ring_all_reduce,8,8
925,12.757180999999997,12.76294000000001,12.759495666666671,12.758366000000002,0.0024830935454748914,0,8,58195968,my_ring_all_reduce,8,8
926,12.778077999999965,12.778909000000011,12.778417666666657,12.778265999999997,0.00035580175505575733,0,8,58327040,my_ring_all_reduce,8,8
927,12.784667999999977,12.791901999999988,12.788754333333324,12.789693000000014,0.003026935780995144,0,8,58458112,my_ring_all_reduce,8,8
928,12.814873999999982,12.83935700000002,12.827772333333334,12.829085999999997,0.010038214062065865,0,8,58589184,my_ring_all_reduce,8,8
929,12.881658999999999,12.903228000000004,12.893585333333322,12.895868999999962,0.00895234756300623,0,8,58720256,my_ring_all_reduce,8,8
930,12.973084000000004,12.99004099999994,12.980379333333318,12.978013000000006,0.007122013401312233,0,8,58851328,my_ring_all_reduce,8,8
931,12.983898000000002,12.996954999999987,12.992368333333326,12.996251999999993,0.0059963023235565125,0,8,58982400,my_ring_all_reduce,8,8
932,13.031035000000005,13.035418999999965,13.033926333333325,13.035324999999998,0.0020448415314748146,0,8,59113472,my_ring_all_reduce,8,8
933,13.071131000000008,13.08172299999997,13.07482133333332,13.071609999999986,0.004884131607095395,0,8,59244544,my_ring_all_reduce,8,8
934,13.08466799999999,13.090493000000002,13.087239333333331,13.086557,0.002426498208442985,0,8,59375616,my_ring_all_reduce,8,8
935,13.12086,13.129694000000004,13.123911000000007,13.12117900000002,0.004091271766412854,0,8,59506688,my_ring_all_reduce,8,8
936,13.142170000000027,13.150715999999957,13.147162666666654,13.148601999999984,0.003634307759213828,0,8,59637760,my_ring_all_reduce,8,8
937,13.115739999999983,13.120090000000026,13.117286000000009,13.116028000000021,0.0019862104621737333,0,8,59768832,my_ring_all_reduce,8,8
938,13.11881100000001,13.129020000000034,13.125436333333345,13.128477999999989,0.004690040677389871,0,8,59899904,my_ring_all_reduce,8,8
939,13.139546000000001,13.145340999999993,13.143336333333332,13.145122000000002,0.002681661218140691,0,8,60030976,my_ring_all_reduce,8,8
940,13.159708999999989,13.168413000000015,13.163409000000001,13.162104999999997,0.003671077589311885,0,8,60162048,my_ring_all_reduce,8,8
941,13.255578000000002,13.266234000000003,13.262244999999995,13.264922999999982,0.004744565101246579,0,8,60293120,my_ring_all_reduce,8,8
942,13.304859999999998,13.332249999999986,13.316740999999993,13.313112999999998,0.011472425288485284,0,8,60424192,my_ring_all_reduce,8,8
943,13.299323999999993,13.304824999999997,13.302629333333327,13.303738999999988,0.0023789031552848682,0,8,60555264,my_ring_all_reduce,8,8
944,13.32815499999997,13.341915,13.333690999999993,13.331003000000011,0.005930340518617478,0,8,60686336,my_ring_all_reduce,8,8
945,13.360636000000014,13.372893999999993,13.365275666666667,13.362296999999991,0.005429486306778706,0,8,60817408,my_ring_all_reduce,8,8
946,13.405659000000014,13.422457999999985,13.414917000000003,13.416634000000013,0.006964800403925184,0,8,60948480,my_ring_all_reduce,8,8
947,13.441851999999985,13.448251000000019,13.444485,13.443351999999999,0.0027324673831674675,0,8,61079552,my_ring_all_reduce,8,8
948,13.465400999999998,13.473146999999983,13.470180999999988,13.471994999999982,0.003412533369792974,0,8,61210624,my_ring_all_reduce,8,8
949,13.457114000000017,13.469401999999993,13.46504966666667,13.468633000000002,0.005620139045325046,0,8,61341696,my_ring_all_reduce,8,8
950,13.484989000000002,13.492859999999993,13.488519000000002,13.487708000000008,0.003264092625315172,0,8,61472768,my_ring_all_reduce,8,8
951,13.543644,13.545276000000014,13.54439066666667,13.544251999999993,0.0006734376156933046,0,8,61603840,my_ring_all_reduce,8,8
952,13.579416999999987,13.586587999999988,13.583854999999994,13.585560000000012,0.0031660784365990036,0,8,61734912,my_ring_all_reduce,8,8
953,13.598144000000008,13.622811000000002,13.61425833333334,13.62182000000001,0.0114017344976775,0,8,61865984,my_ring_all_reduce,8,8
954,13.636921000000003,13.645911999999997,13.640217000000005,13.637818000000014,0.004043589247186511,0,8,61997056,my_ring_all_reduce,8,8
955,13.623417000000016,13.634906999999963,13.62948733333333,13.63013800000001,0.004713282672974432,0,8,62128128,my_ring_all_reduce,8,8
956,13.666618000000003,13.670426999999997,13.668410666666674,13.668187000000021,0.0015630398445157748,0,8,62259200,my_ring_all_reduce,8,8
957,13.679036999999983,13.694235000000004,13.688528999999997,13.692315000000002,0.0067574723084988615,0,8,62390272,my_ring_all_reduce,8,8
958,13.705307000000001,13.713310999999987,13.708827999999999,13.70786600000001,0.0033376725423490882,0,8,62521344,my_ring_all_reduce,8,8
959,13.743675,13.758010999999984,13.751153,13.751773000000016,0.005869044442377389,0,8,62652416,my_ring_all_reduce,8,8
960,13.789820999999996,13.799480000000019,13.79458733333334,13.794461000000004,0.0039442819653638245,0,8,62783488,my_ring_all_reduce,8,8
961,13.80642399999997,13.822944,13.815461999999995,13.817018000000012,0.006833420422223424,0,8,62914560,my_ring_all_reduce,8,8
962,13.869213999999992,13.88342100000006,13.876263333333346,13.876154999999985,0.005800489308890108,0,8,63045632,my_ring_all_reduce,8,8
963,13.916664999999995,13.919035000000004,13.917497999999979,13.916793999999937,0.0010880983411608361,0,8,63176704,my_ring_all_reduce,8,8
964,13.950875999999983,13.962907000000007,13.958064333333335,13.960410000000019,0.0051841331215888,0,8,63307776,my_ring_all_reduce,8,8
965,13.976953000000016,13.99551400000001,13.983268333333342,13.977337999999996,0.0086604203259575,0,8,63438848,my_ring_all_reduce,8,8
966,13.997820000000022,14.002745999999984,14.000197333333332,14.000025999999991,0.0020146770350342883,0,8,63569920,my_ring_all_reduce,8,8
967,14.032694999999999,14.03778899999999,14.036036666666662,14.037626000000005,0.002363851988221368,0,8,63700992,my_ring_all_reduce,8,8
968,14.087931999999913,14.09244199999998,14.089510666666635,14.08815800000001,0.0020748181178758714,0,8,63832064,my_ring_all_reduce,8,8
969,14.100184999999996,14.123581000000005,14.113818999999998,14.117690999999992,0.009936045222658403,0,8,63963136,my_ring_all_reduce,8,8
970,14.130362000000005,14.185339999999995,14.154287333333349,14.147160000000047,0.023003540036737925,0,8,64094208,my_ring_all_reduce,8,8
971,14.185914999999987,14.210552999999985,14.194265333333318,14.18632799999998,0.01151835365357835,0,8,64225280,my_ring_all_reduce,8,8
972,14.194135999999999,14.212695999999982,14.206200333333328,14.211769,0.00853916218892826,0,8,64356352,my_ring_all_reduce,8,8
973,14.240057,14.254361000000001,14.246157666666667,14.244054999999994,0.006025889109133142,0,8,64487424,my_ring_all_reduce,8,8
974,14.25676300000001,14.274938,14.266810999999995,14.268731999999975,0.0075432237582197205,0,8,64618496,my_ring_all_reduce,8,8
975,14.292600000000022,14.31736599999998,14.304001999999988,14.302039999999964,0.010205415947739419,0,8,64749568,my_ring_all_reduce,8,8
976,14.311607999999985,14.332791999999994,14.320354666666665,14.316664000000008,0.00903350169584892,0,8,64880640,my_ring_all_reduce,8,8
977,14.36082700000002,14.366781000000003,14.363505333333336,14.362907999999981,0.002467135225763028,0,8,65011712,my_ring_all_reduce,8,8
978,14.368949999999954,14.396761000000014,14.38374633333333,14.38552800000002,0.01142347531282944,0,8,65142784,my_ring_all_reduce,8,8
979,14.404122999999997,14.410041999999999,14.407396999999998,14.408026000000001,0.0024570132274788184,0,8,65273856,my_ring_all_reduce,8,8
980,14.436955000000003,14.443038000000016,14.440529666666675,14.441596000000006,0.002595319162565359,0,8,65404928,my_ring_all_reduce,8,8
981,14.456089999999968,14.466042000000009,14.461199333333326,14.461466000000001,0.0040672602845602005,0,8,65536000,my_ring_all_reduce,8,8
982,14.485049,14.50805799999999,14.49950233333333,14.505399999999995,0.010277495620146961,0,8,65667072,my_ring_all_reduce,8,8
983,14.509625000000014,14.542329999999987,14.521337000000004,14.512056000000012,0.014877432058870469,0,8,65798144,my_ring_all_reduce,8,8
984,14.534488999999944,14.548155999999945,14.540046666666642,14.537495000000039,0.005864013093044958,0,8,65929216,my_ring_all_reduce,8,8
985,14.545718999999998,14.564122000000003,14.554904666666665,14.554872999999995,0.007513026657451971,0,8,66060288,my_ring_all_reduce,8,8
986,14.573786999999982,14.579931999999987,14.576016333333328,14.574330000000016,0.002777654446146588,0,8,66191360,my_ring_all_reduce,8,8
987,14.589432999999998,14.600255000000004,14.596517,14.599862999999997,0.005011700177253354,0,8,66322432,my_ring_all_reduce,8,8
988,14.59618399999998,14.609851000000006,14.604975666666661,14.608891999999997,0.006228963120430878,0,8,66453504,my_ring_all_reduce,8,8
989,14.618650999999984,14.641368999999978,14.631738999999994,14.635197000000016,0.009591496372657495,0,8,66584576,my_ring_all_reduce,8,8
990,14.653848999999996,14.668630999999936,14.659992333333316,14.657497000000017,0.006287389353977304,0,8,66715648,my_ring_all_reduce,8,8
991,14.695289000000018,14.729722000000038,14.713304666666687,14.714903000000007,0.014102573626437463,0,8,66846720,my_ring_all_reduce,8,8
992,14.754585000000022,14.761915000000009,14.757615000000001,14.756344999999973,0.0031243025888462355,0,8,66977792,my_ring_all_reduce,8,8
993,14.779161000000014,14.790552000000003,14.786648999999999,14.790233999999982,0.005296406895235136,0,8,67108864,my_ring_all_reduce,8,8
994,0.2764110000000005,0.8742380000000021,0.47891933333333414,0.28610899999999995,0.2795605467662107,0,2,2048,my_ring_all_reduce,2,8
995,0.407132999999998,1.2109709999999996,0.6752919999999986,0.40777199999999814,0.3787823432711727,0,2,10240,my_ring_all_reduce,2,8
996,0.270141999999998,0.4077750000000001,0.35979599999999917,0.4014709999999996,0.06344716905163522,0,2,18432,my_ring_all_reduce,2,8
997,0.3988139999999994,0.40716799999999875,0.40282533333333265,0.4024939999999997,0.003418544069564358,0,2,26624,my_ring_all_reduce,2,8
998,0.39289000000000124,0.404735999999999,0.3983540000000006,0.3974360000000015,0.004879478933929002,0,2,34816,my_ring_all_reduce,2,8
999,0.39650900000000094,0.5311349999999998,0.44397633333333353,0.40428499999999984,0.061712189100335095,0,2,43008,my_ring_all_reduce,2,8
1000,0.39750199999999997,0.4058529999999992,0.40246166666666633,0.40403,0.003585112953434963,0,2,51200,my_ring_all_reduce,2,8
1001,0.3978859999999995,0.4110069999999987,0.4031236666666664,0.400478000000001,0.005673906610283183,0,2,59392,my_ring_all_reduce,2,8
1002,0.39772499999999944,0.4088909999999996,0.40367733333333305,0.40441600000000016,0.0045883265165224665,0,2,67584,my_ring_all_reduce,2,8
1003,0.39593199999999795,0.409886,0.4025576666666657,0.40185499999999913,0.005718323433393585,0,2,75776,my_ring_all_reduce,2,8
1004,0.4031950000000002,0.4086040000000003,0.4061180000000006,0.4065550000000012,0.0022297304769860592,0,2,83968,my_ring_all_reduce,2,8
1005,0.3971810000000014,0.4000600000000004,0.3984186666666672,0.3980149999999999,0.001209509634337357,0,2,92160,my_ring_all_reduce,2,8
1006,0.4030069999999996,0.40428499999999984,0.40368933333333273,0.4037759999999989,0.0005253280456587138,0,2,100352,my_ring_all_reduce,2,8
1007,0.39910000000000084,0.5339489999999987,0.4470590000000004,0.40812800000000155,0.061550955968746116,0,2,108544,my_ring_all_reduce,2,8
1008,0.39833300000000055,0.4126710000000003,0.4049146666666667,0.4037399999999993,0.005912102972340313,0,2,116736,my_ring_all_reduce,2,8
1009,0.39919800000000033,0.4049279999999972,0.40253699999999903,0.4034849999999997,0.0024334136516413686,0,2,124928,my_ring_all_reduce,2,8
1010,0.39756599999999936,0.40681199999999945,0.40119166666666617,0.3991969999999997,0.004029569897092672,0,2,133120,my_ring_all_reduce,2,8
1011,0.39628699999999933,0.40412500000000046,0.39901666666666685,0.3966380000000008,0.0036149783155952236,0,2,141312,my_ring_all_reduce,2,8
1012,0.39820700000000037,0.411357,0.4028033333333336,0.3988460000000005,0.0060539788752703525,0,2,149504,my_ring_all_reduce,2,8
1013,0.3974050000000007,0.3992920000000013,0.3982373333333336,0.39801499999999895,0.0007862426823546655,0,2,157696,my_ring_all_reduce,2,8
1014,0.3973729999999996,0.4030390000000002,0.4002636666666666,0.40037899999999993,0.002314572002672788,0,2,165888,my_ring_all_reduce,2,8
1015,0.39807600000000004,0.5335340000000001,0.4433463333333334,0.3984290000000001,0.06377247350977971,0,2,174080,my_ring_all_reduce,2,8
1016,0.3272289999999998,0.4006700000000005,0.3758486666666674,0.39964700000000175,0.034381832628423564,0,2,182272,my_ring_all_reduce,2,8
1017,0.40095500000000084,0.40966399999999975,0.4039336666666668,0.4011819999999998,0.004053017175169622,0,2,190464,my_ring_all_reduce,2,8
1018,0.39804499999999965,0.4019830000000011,0.39981566666666674,0.3994189999999994,0.001631965958251284,0,2,198656,my_ring_all_reduce,2,8
1019,0.3981080000000002,0.40927599999999986,0.40219333333333346,0.3991960000000004,0.005027859805346636,0,2,206848,my_ring_all_reduce,2,8
1020,0.39919999999999983,0.40063500000000024,0.39985866666666703,0.3997410000000009,0.0005917152092764021,0,2,215040,my_ring_all_reduce,2,8
1021,0.3967659999999996,0.4015659999999998,0.3997839999999999,0.40102000000000043,0.002145657941052324,0,2,223232,my_ring_all_reduce,2,8
1022,0.3950060000000008,0.4044430000000002,0.4000613333333336,0.4007349999999997,0.003881976501159345,0,2,231424,my_ring_all_reduce,2,8
1023,0.39858899999999947,0.40601300000000173,0.40169366666666684,0.40047899999999936,0.003150185744083803,0,2,239616,my_ring_all_reduce,2,8
1024,0.39862699999999995,0.4024289999999992,0.4003716666666664,0.4000590000000002,0.0015678268044933424,0,2,247808,my_ring_all_reduce,2,8
1025,0.40162900000000035,0.40799700000000005,0.4040083333333335,0.40239900000000034,0.002837877297480422,0,2,256000,my_ring_all_reduce,2,8
1026,0.3988749999999982,0.4007990000000018,0.39962400000000003,0.39919800000000033,0.0008412494675593408,0,2,264192,my_ring_all_reduce,2,8
1027,0.40169200000000094,0.4072629999999995,0.4036243333333334,0.4019179999999999,0.002574579620485624,0,2,272384,my_ring_all_reduce,2,8
1028,0.3978850000000002,0.4051809999999991,0.4004233333333335,0.3982040000000011,0.003366698118664257,0,2,280576,my_ring_all_reduce,2,8
1029,0.39983599999999936,0.40655600000000053,0.4027056666666671,0.4017250000000013,0.002829709093804044,0,2,288768,my_ring_all_reduce,2,8
1030,0.3856930000000007,0.39951700000000073,0.3935860000000006,0.39554800000000023,0.005811645033895279,0,2,296960,my_ring_all_reduce,2,8
1031,0.39765999999999985,0.4063350000000005,0.4009256666666665,0.39878199999999925,0.0038523054857524954,0,2,305152,my_ring_all_reduce,2,8
1032,0.39948800000000073,0.40694100000000116,0.40212033333333386,0.3999319999999998,0.0034135420834608614,0,2,313344,my_ring_all_reduce,2,8
1033,0.3979489999999996,0.40466899999999895,0.40175699999999964,0.40265300000000026,0.0028156363401545845,0,2,321536,my_ring_all_reduce,2,8
1034,0.40034799999999904,0.403739,0.4016596666666657,0.400891999999998,0.0014869889785146671,0,2,329728,my_ring_all_reduce,2,8
1035,0.3995810000000006,0.41234899999999836,0.405075,0.403295000000001,0.005362322631098274,0,2,337920,my_ring_all_reduce,2,8
1036,0.39490899999999873,0.4025590000000002,0.3980136666666663,0.3965729999999999,0.0032850434125328717,0,2,346112,my_ring_all_reduce,2,8
1037,0.39807799999999954,0.8068769999999986,0.5357623333333329,0.40233200000000036,0.19171488551202445,0,2,354304,my_ring_all_reduce,2,8
1038,0.3734669999999992,0.40770900000000077,0.3937026666666669,0.39993200000000073,0.014656786513042676,0,2,362496,my_ring_all_reduce,2,8
1039,0.4030390000000004,0.5302070000000003,0.4455233333333337,0.4033240000000005,0.05988050799346601,0,2,370688,my_ring_all_reduce,2,8
1040,0.393054000000001,0.39887799999999973,0.3968616666666664,0.3986529999999984,0.002693993359720363,0,2,378880,my_ring_all_reduce,2,8
1041,0.40025499999999964,0.40377299999999877,0.4017153333333326,0.4011179999999995,0.0014970384838811253,0,2,387072,my_ring_all_reduce,2,8
1042,0.39743699999999993,0.4044459999999995,0.400136,0.3985250000000006,0.0030798280255015316,0,2,395264,my_ring_all_reduce,2,8
1043,0.397150000000001,0.39875200000000044,0.39805566666666725,0.3982650000000003,0.0006705551597160854,0,2,403456,my_ring_all_reduce,2,8
1044,0.3991029999999996,0.4055680000000002,0.4017380000000003,0.40054300000000104,0.0027712903131935506,0,2,411648,my_ring_all_reduce,2,8
1045,0.3650220000000004,0.40044400000000063,0.38749700000000037,0.3970250000000001,0.015953403168812184,0,2,419840,my_ring_all_reduce,2,8
1046,0.3948150000000014,0.4046709999999994,0.40070266666666715,0.40262200000000076,0.004246415298682254,0,2,428032,my_ring_all_reduce,2,8
1047,0.3353920000000003,0.39779,0.3767336666666667,0.3970189999999998,0.02923466734698511,0,2,436224,my_ring_all_reduce,2,8
1048,0.3981399999999985,0.40588699999999883,0.40073366666666566,0.39817399999999953,0.003643983382081796,0,2,444416,my_ring_all_reduce,2,8
1049,0.3991329999999989,0.4016300000000006,0.40040266666666624,0.4004449999999993,0.0010198353897681808,0,2,452608,my_ring_all_reduce,2,8
1050,0.4001889999999994,0.4031329999999998,0.4019383333333331,0.40249300000000016,0.0012642587639493787,0,2,460800,my_ring_all_reduce,2,8
1051,0.3979789999999998,0.4056299999999992,0.40185299999999935,0.4019499999999989,0.00312426065920645,0,2,468992,my_ring_all_reduce,2,8
1052,0.3967339999999999,0.39852399999999855,0.39745799999999964,0.39711600000000047,0.0007697393498227599,0,2,477184,my_ring_all_reduce,2,8
1053,0.3956790000000019,0.4039010000000003,0.3988040000000008,0.39683200000000035,0.0036347314435406703,0,2,485376,my_ring_all_reduce,2,8
1054,0.4009250000000002,0.4075509999999995,0.40330399999999983,0.4014359999999997,0.003010319695093085,0,2,493568,my_ring_all_reduce,2,8
1055,0.33910399999999935,0.4029729999999991,0.3684673333333326,0.3633249999999994,0.026326728931301283,0,2,501760,my_ring_all_reduce,2,8
1056,0.39941899999999986,0.40181999999999973,0.40032666666666633,0.3997409999999995,0.0010640972177808283,0,2,509952,my_ring_all_reduce,2,8
1057,0.39753399999999967,0.4037419999999975,0.4016406666666661,0.4036460000000011,0.002904116312332281,0,2,518144,my_ring_all_reduce,2,8
1058,0.39862099999999967,0.40777399999999764,0.4020469999999993,0.39974600000000055,0.004075561556398198,0,2,526336,my_ring_all_reduce,2,8
1059,0.3996439999999998,0.40869899999999965,0.40289699999999967,0.40034799999999976,0.0041126882530367155,0,2,534528,my_ring_all_reduce,2,8
1060,0.39459000000000105,0.40876299999999904,0.39979433333333336,0.39603,0.006368994495905892,0,2,542720,my_ring_all_reduce,2,8
1061,0.39823900000000095,0.41189999999999966,0.40450933333333355,0.4033890000000001,0.00563306253786959,0,2,550912,my_ring_all_reduce,2,8
1062,0.3951020000000017,0.4041890000000003,0.4004243333333346,0.4019820000000018,0.003869809326338816,0,2,559104,my_ring_all_reduce,2,8
1063,0.3972470000000003,0.40303899999999887,0.3994649999999989,0.39810899999999766,0.002551583560588533,0,2,567296,my_ring_all_reduce,2,8
1064,0.3956129999999998,0.40153400000000194,0.3995596666666679,0.401532000000002,0.0027907148825276297,0,2,575488,my_ring_all_reduce,2,8
1065,0.3967669999999998,0.44536999999999943,0.4148979999999998,0.4025570000000003,0.021676225271019593,0,2,583680,my_ring_all_reduce,2,8
1066,0.4012429999999995,0.40678200000000064,0.40318666666666636,0.401534999999999,0.0025450779075617412,0,2,591872,my_ring_all_reduce,2,8
1067,0.3971809999999996,0.4076160000000009,0.4011710000000006,0.3987160000000013,0.004600186590418863,0,2,600064,my_ring_all_reduce,2,8
1068,0.3950680000000007,0.40527699999999917,0.3993790000000004,0.3977920000000013,0.004316236555147705,0,2,608256,my_ring_all_reduce,2,8
1069,0.39590100000000167,0.4007360000000008,0.3986330000000005,0.39926199999999906,0.00202336963174413,0,2,616448,my_ring_all_reduce,2,8
1070,0.3938869999999997,0.40924500000000125,0.40366766666666765,0.4078710000000019,0.006938686202894187,0,2,624640,my_ring_all_reduce,2,8
1071,0.3973420000000006,0.39974199999999976,0.39849333333333425,0.39839600000000247,0.0009822102060598253,0,2,632832,my_ring_all_reduce,2,8
1072,0.39689300000000005,0.4053419999999992,0.40007166666666655,0.3979800000000005,0.003753016771729815,0,2,641024,my_ring_all_reduce,2,8
1073,0.39574400000000015,0.3984270000000006,0.3974266666666669,0.39810899999999994,0.001196886609314244,0,2,649216,my_ring_all_reduce,2,8
1074,0.4000290000000009,0.4038670000000002,0.40208766666666707,0.4023670000000002,0.0015792574907915564,0,2,657408,my_ring_all_reduce,2,8
1075,0.39772499999999855,0.40301000000000115,0.39978533333333327,0.3986210000000001,0.0023093376154704154,0,2,665600,my_ring_all_reduce,2,8
1076,0.4004150000000009,0.4053720000000003,0.40337899999999993,0.40434999999999854,0.002136990563073293,0,2,673792,my_ring_all_reduce,2,8
1077,0.39426899999999976,0.4041260000000002,0.39807766666666655,0.39583799999999975,0.004324518650157192,0,2,681984,my_ring_all_reduce,2,8
1078,0.3975010000000002,0.4019480000000003,0.4001466666666668,0.400991,0.0019111299159281492,0,2,690176,my_ring_all_reduce,2,8
1079,0.3996129999999994,0.40377300000000016,0.401309333333333,0.40054199999999945,0.0017828816250357524,0,2,698368,my_ring_all_reduce,2,8
1080,0.396862000000001,0.4001579999999999,0.3985900000000006,0.39875000000000094,0.0013503342796009892,0,2,706560,my_ring_all_reduce,2,8
1081,0.39695800000000053,0.4019800000000005,0.4002853333333332,0.4019179999999988,0.0023529161103235867,0,2,714752,my_ring_all_reduce,2,8
1082,0.39951599999999965,0.4043199999999988,0.4011173333333328,0.3995160000000001,0.002264627317879607,0,2,722944,my_ring_all_reduce,2,8
1083,0.4044140000000002,0.40975799999999984,0.40777400000000025,0.40915000000000057,0.002388809466379957,0,2,731136,my_ring_all_reduce,2,8
1084,0.3995800000000004,0.4021720000000005,0.40128833333333364,0.40211299999999983,0.0012082142010236886,0,2,739328,my_ring_all_reduce,2,8
1085,0.3974370000000004,0.4111019999999994,0.40354933333333337,0.4021090000000004,0.005670918581283875,0,2,747520,my_ring_all_reduce,2,8
1086,0.39890699999999746,0.4080599999999986,0.40236466666666537,0.40012699999999995,0.004057890776691277,0,2,755712,my_ring_all_reduce,2,8
1087,0.3991000000000004,0.4041569999999997,0.40079700000000007,0.39913400000000004,0.002375919330841331,0,2,763904,my_ring_all_reduce,2,8
1088,0.39747100000000135,0.4046040000000012,0.40029633333333425,0.39881400000000033,0.0030949320222296885,0,2,772096,my_ring_all_reduce,2,8
1089,0.39455899999999977,0.4119319999999989,0.40237666666666644,0.4006390000000006,0.007198143109317555,0,2,780288,my_ring_all_reduce,2,8
1090,0.39762600000000065,0.40783899999999995,0.4020876666666671,0.4007980000000007,0.004268002837653638,0,2,788480,my_ring_all_reduce,2,8
1091,0.40277999999999975,0.4080599999999995,0.404987333333333,0.40412199999999987,0.0022407143702150582,0,2,796672,my_ring_all_reduce,2,8
1092,0.4009889999999996,0.40453999999999996,0.4032830000000002,0.40432000000000107,0.001624587537397719,0,2,804864,my_ring_all_reduce,2,8
1093,0.40092500000000203,0.4041249999999991,0.4024080000000004,0.402174,0.0013168312977233116,0,2,813056,my_ring_all_reduce,2,8
1094,0.4011170000000002,0.40389900000000034,0.4025886666666669,0.40275,0.0011414617334317288,0,2,821248,my_ring_all_reduce,2,8
1095,0.40175600000000034,0.4109740000000002,0.4053306666666668,0.40326199999999973,0.004037525424756577,0,2,829440,my_ring_all_reduce,2,8
1096,0.40102299999999924,0.40886099999999986,0.40460633333333273,0.40393499999999904,0.003234870150236442,0,2,837632,my_ring_all_reduce,2,8
1097,0.4027179999999994,0.41538999999999854,0.4083506666666655,0.4069439999999986,0.00526807550776868,0,2,845824,my_ring_all_reduce,2,8
1098,0.40380500000000075,0.4100129999999999,0.4068020000000004,0.40658800000000067,0.0025389187987536893,0,2,854016,my_ring_all_reduce,2,8
1099,0.4036440000000002,0.4091819999999998,0.4060126666666671,0.40521200000000135,0.002330688215003051,0,2,862208,my_ring_all_reduce,2,8
1100,0.4029430000000002,0.4049900000000007,0.404137,0.40447799999999917,0.0008697750667078779,0,2,870400,my_ring_all_reduce,2,8
1101,0.4026840000000002,0.4057549999999992,0.40405933333333305,0.40373899999999957,0.0012740278210807976,0,2,878592,my_ring_all_reduce,2,8
1102,0.40767699999999923,0.40799699999999894,0.40784733333333284,0.4078680000000004,0.00013145425904933337,0,2,886784,my_ring_all_reduce,2,8
1103,0.4083820000000014,0.4136270000000004,0.4114730000000004,0.4124099999999994,0.002241425588027398,0,2,894976,my_ring_all_reduce,2,8
1104,0.4114209999999989,0.41519499999999787,0.4132339999999992,0.41308600000000073,0.001544279119847977,0,2,903168,my_ring_all_reduce,2,8
1105,0.4148439999999982,0.4197089999999994,0.41709499999999905,0.41673199999999955,0.002002645417109177,0,2,911360,my_ring_all_reduce,2,8
1106,0.41218499999999997,0.41558100000000014,0.41433366666666677,0.41523500000000013,0.0015258888848435636,0,2,919552,my_ring_all_reduce,2,8
1107,0.4104899999999998,0.41842900000000144,0.4139476666666672,0.41292400000000046,0.003320928618457996,0,2,927744,my_ring_all_reduce,2,8
1108,0.41033199999999986,0.41596399999999906,0.4135753333333329,0.41442999999999985,0.002377351093595755,0,2,935936,my_ring_all_reduce,2,8
1109,0.41158100000000014,0.4152260000000015,0.41389499999999985,0.4148779999999979,0.0016424012907933713,0,2,944128,my_ring_all_reduce,2,8
1110,0.4108769999999995,0.4161570000000006,0.4140980000000001,0.41526000000000024,0.002306842430683577,0,2,952320,my_ring_all_reduce,2,8
1111,0.41554999999999837,0.41685900000000037,0.41625166666666624,0.416346,0.0005385439216595699,0,2,960512,my_ring_all_reduce,2,8
1112,0.4149409999999989,0.4156439999999998,0.41523966666666623,0.415134,0.0002965651511709571,0,2,968704,my_ring_all_reduce,2,8
1113,0.4142999999999984,0.4190040000000008,0.4166056666666662,0.41651299999999947,0.001921517513726943,0,2,976896,my_ring_all_reduce,2,8
1114,0.4068140000000003,0.41455499999999984,0.4113246666666664,0.4126049999999991,0.00328737081706444,0,2,985088,my_ring_all_reduce,2,8
1115,0.4074529999999986,0.41484699999999797,0.41152766666666585,0.41228300000000084,0.003065474985852692,0,2,993280,my_ring_all_reduce,2,8
1116,0.41558399999999895,0.4211500000000006,0.41776833333333346,0.41657100000000086,0.0024249115905996175,0,2,1001472,my_ring_all_reduce,2,8
1117,0.4155819999999999,0.41823499999999925,0.4165079999999998,0.4157070000000003,0.0012222392019018572,0,2,1009664,my_ring_all_reduce,2,8
1118,0.4125079999999994,0.4170540000000001,0.415250333333333,0.4161889999999994,0.00197101502333775,0,2,1017856,my_ring_all_reduce,2,8
1119,0.4165730000000003,0.41686300000000004,0.41671166666666654,0.41669899999999915,0.00011873032000660936,0,2,1026048,my_ring_all_reduce,2,8
1120,0.41337499999999955,0.4158999999999978,0.4150149999999991,0.41577,0.0011608689274271514,0,2,1034240,my_ring_all_reduce,2,8
1121,0.4164480000000003,0.42457199999999967,0.41933500000000024,0.4169850000000006,0.0037096018654294016,0,2,1042432,my_ring_all_reduce,2,8
1122,0.4109720000000002,0.4169579999999987,0.41415133333333326,0.4145240000000008,0.00245794078221714,0,2,1048576,my_ring_all_reduce,2,8
1123,0.41510299999999734,0.4177899999999995,0.416498999999999,0.41660400000000025,0.0010994729040175251,0,2,1081344,my_ring_all_reduce,2,8
1124,0.4165380000000014,0.4176290000000013,0.4170200000000006,0.4168929999999991,0.00045436182351383603,0,2,1114112,my_ring_all_reduce,2,8
1125,0.41721199999999864,0.41842900000000055,0.41778900000000013,0.41772600000000104,0.0004988313008095835,0,2,1146880,my_ring_all_reduce,2,8
1126,0.4130890000000022,0.42159599999999864,0.41769600000000007,0.41840299999999936,0.00350876511990416,0,2,1179648,my_ring_all_reduce,2,8
1127,0.41775599999999985,0.4203479999999986,0.4191763333333327,0.4194249999999997,0.0010726889369964464,0,2,1212416,my_ring_all_reduce,2,8
1128,0.4172450000000017,0.41986899999999877,0.4189733333333338,0.41980600000000096,0.0012223868272987059,0,2,1245184,my_ring_all_reduce,2,8
1129,0.41804500000000006,0.421529,0.4200703333333333,0.4206369999999999,0.001477700315430063,0,2,1277952,my_ring_all_reduce,2,8
1130,0.4208289999999979,0.42425199999999996,0.42207699999999954,0.4211500000000006,0.0015435303689922447,0,2,1310720,my_ring_all_reduce,2,8
1131,0.4199309999999996,0.42095899999999936,0.42044433333333336,0.4204430000000011,0.0004196803016052444,0,2,1343488,my_ring_all_reduce,2,8
1132,0.4198699999999999,0.42028400000000055,0.42012533333333374,0.42022200000000065,0.00018231352726097213,0,2,1376256,my_ring_all_reduce,2,8
1133,0.4146879999999983,0.42485899999999993,0.4206156666666665,0.4223000000000011,0.004319725634292462,0,2,1409024,my_ring_all_reduce,2,8
1134,0.42133999999999927,0.4235159999999996,0.42236366666666636,0.42223500000000014,0.0008929950852173893,0,2,1441792,my_ring_all_reduce,2,8
1135,0.4429090000000001,0.4460750000000003,0.4444766666666662,0.4444459999999981,0.0012926959769756804,0,2,1474560,my_ring_all_reduce,2,8
1136,0.4437430000000004,0.44761299999999754,0.4456090000000001,0.4454710000000023,0.0015829314577694206,0,2,1507328,my_ring_all_reduce,2,8
1137,0.4456929999999993,0.4491180000000013,0.4474956666666667,0.44767599999999946,0.001404052784700211,0,2,1540096,my_ring_all_reduce,2,8
1138,0.4408930000000009,0.4468109999999997,0.44424133333333343,0.44501999999999975,0.002477959151308354,0,2,1572864,my_ring_all_reduce,2,8
1139,0.44805999999999996,0.4509400000000005,0.44937233333333343,0.44911699999999977,0.0011895366978602055,0,2,1605632,my_ring_all_reduce,2,8
1140,0.4494049999999998,0.4517420000000002,0.45054700000000003,0.45049400000000017,0.0009548120233848767,0,2,1638400,my_ring_all_reduce,2,8
1141,0.4481880000000001,0.4521590000000001,0.44967233333333306,0.4486699999999992,0.0017693151845340704,0,2,1671168,my_ring_all_reduce,2,8
1142,0.4503640000000005,0.4563820000000005,0.4536076666666671,0.45407700000000023,0.002479151243649498,0,2,1703936,my_ring_all_reduce,2,8
1143,0.45138799999999996,0.4557089999999989,0.4542256666666667,0.4555800000000013,0.0020072243411128113,0,2,1736704,my_ring_all_reduce,2,8
1144,0.4541709999999998,0.45887999999999923,0.457127666666666,0.45833199999999896,0.0021026149327811245,0,2,1769472,my_ring_all_reduce,2,8
1145,0.47122699999999806,0.4760290000000005,0.47434299999999946,0.47577299999999967,0.00220582199342352,0,2,1802240,my_ring_all_reduce,2,8
1146,0.47315000000000057,0.47808000000000084,0.47641366666666746,0.4780110000000009,0.0023079327450244757,0,2,1835008,my_ring_all_reduce,2,8
1147,0.48038000000000014,0.48313600000000045,0.4817890000000001,0.48185099999999964,0.001125986086355834,0,2,1867776,my_ring_all_reduce,2,8
1148,0.485627,0.49020500000000083,0.48805966666666656,0.48834699999999887,0.0018799718674020734,0,2,1900544,my_ring_all_reduce,2,8
1149,0.4920319999999997,0.4966680000000024,0.4947063333333339,0.49541899999999967,0.0019585784527455276,0,2,1933312,my_ring_all_reduce,2,8
1150,0.49635000000000085,0.5015030000000006,0.499261333333334,0.4999310000000005,0.0021563383057601037,0,2,1966080,my_ring_all_reduce,2,8
1151,0.5003489999999988,0.5030050000000001,0.5015003333333335,0.5011470000000018,0.0011127195913119886,0,2,1998848,my_ring_all_reduce,2,8
1152,0.5115450000000019,0.5134059999999999,0.5124226666666675,0.5123170000000005,0.0007634152794434245,0,2,2031616,my_ring_all_reduce,2,8
1153,0.5059180000000001,0.5174050000000002,0.5126366666666669,0.5145870000000005,0.004888124543785323,0,2,2064384,my_ring_all_reduce,2,8
1154,0.5081570000000002,0.5166700000000001,0.5126270000000002,0.5130540000000001,0.0034885086593939144,0,2,2097152,my_ring_all_reduce,2,8
1155,0.523165,0.5276770000000002,0.5261203333333332,0.5275189999999993,0.0020907315040965355,0,2,2129920,my_ring_all_reduce,2,8
1156,0.5274519999999975,0.5291500000000006,0.528414,0.5286400000000021,0.0007113873768926545,0,2,2162688,my_ring_all_reduce,2,8
1157,0.5238069999999998,0.5359299999999989,0.5303426666666663,0.5312910000000002,0.004994415837267905,0,2,2195456,my_ring_all_reduce,2,8
1158,0.5455630000000001,0.5498200000000006,0.5480283333333339,0.5487020000000011,0.0018020141200584274,0,2,2228224,my_ring_all_reduce,2,8
1159,0.5468749999999996,0.5540779999999995,0.5503003333333334,0.5499480000000012,0.0029511473851518153,0,2,2260992,my_ring_all_reduce,2,8
1160,0.5493749999999995,0.5507809999999991,0.5502066666666664,0.5504640000000004,0.0006021485604806172,0,2,2293760,my_ring_all_reduce,2,8
1161,0.5439320000000003,0.549982,0.5469196666666668,0.5468450000000002,0.0024704663977114815,0,2,2326528,my_ring_all_reduce,2,8
1162,0.558877,0.55971,0.5593673333333329,0.5595149999999985,0.0003557399174801285,0,2,2359296,my_ring_all_reduce,2,8
1163,0.560348,0.5609889999999996,0.5606153333333334,0.5605090000000005,0.00027227477950672596,0,2,2392064,my_ring_all_reduce,2,8
1164,0.5575020000000004,0.5647630000000003,0.5609136666666662,0.5604759999999979,0.002980402023590586,0,2,2424832,my_ring_all_reduce,2,8
1165,0.5590029999999988,0.5644430000000003,0.562052666666666,0.5627119999999991,0.0022692789358938047,0,2,2457600,my_ring_all_reduce,2,8
1166,0.5635789999999997,0.564638,0.5640500000000003,0.5639330000000009,0.0004401795088370278,0,2,2490368,my_ring_all_reduce,2,8
1167,0.5661379999999999,0.5684169999999995,0.5676453333333336,0.5683810000000012,0.0010659469446878337,0,2,2523136,my_ring_all_reduce,2,8
1168,0.5615320000000001,0.5668109999999988,0.564059666666667,0.5638360000000021,0.002160938119325234,0,2,2555904,my_ring_all_reduce,2,8
1169,0.5693720000000003,0.5778820000000006,0.5743963333333338,0.5759350000000004,0.00364057196360996,0,2,2588672,my_ring_all_reduce,2,8
1170,0.5806040000000002,0.5844770000000008,0.5831109999999996,0.5842519999999977,0.0017750949270387106,0,2,2621440,my_ring_all_reduce,2,8
1171,0.5834839999999999,0.5891790000000028,0.5872276666666671,0.5890199999999987,0.002647967816186186,0,2,2654208,my_ring_all_reduce,2,8
1172,0.639,0.6430069999999997,0.6412119999999996,0.641628999999999,0.001662213183278838,0,2,2686976,my_ring_all_reduce,2,8
1173,0.6370510000000013,0.6465559999999987,0.6428643333333338,0.6449860000000017,0.0041603171620542626,0,2,2719744,my_ring_all_reduce,2,8
1174,0.6451179999999986,0.6459469999999993,0.6454249999999996,0.645210000000001,0.0003710157229371232,0,2,2752512,my_ring_all_reduce,2,8
1175,0.650491,0.6513259999999991,0.6509826666666663,0.6511309999999995,0.0003566588784192485,0,2,2785280,my_ring_all_reduce,2,8
1176,0.6497890000000025,0.6530200000000005,0.651399000000001,0.651388,0.0013190731594562302,0,2,2818048,my_ring_all_reduce,2,8
1177,0.6450509999999999,0.6522200000000011,0.6498296666666669,0.6522179999999994,0.003379027703677984,0,2,2850816,my_ring_all_reduce,2,8
1178,0.6403159999999993,0.6496599999999989,0.6453719999999998,0.6461400000000013,0.0038531330974502353,0,2,2883584,my_ring_all_reduce,2,8
1179,0.6509039999999996,0.6557760000000026,0.6540333333333341,0.6554200000000001,0.0022175405796120554,0,2,2916352,my_ring_all_reduce,2,8
1180,0.6487349999999987,0.6543650000000002,0.6524666666666664,0.6543000000000007,0.0026388202330258187,0,2,2949120,my_ring_all_reduce,2,8
1181,0.6559010000000016,0.6658839999999983,0.660956666666667,0.6610850000000009,0.004076552819341087,0,2,2981888,my_ring_all_reduce,2,8
1182,0.6640309999999999,0.6695939999999996,0.6670570000000007,0.6675460000000025,0.0022972567698598526,0,2,3014656,my_ring_all_reduce,2,8
1183,0.6655970000000007,0.6695919999999996,0.6676320000000002,0.6677070000000004,0.0016318139191296625,0,2,3047424,my_ring_all_reduce,2,8
1184,0.6757739999999985,0.6819139999999998,0.6797293333333331,0.6815000000000009,0.002801945197339427,0,2,3080192,my_ring_all_reduce,2,8
1185,0.6960929999999999,0.7097570000000005,0.7039113333333336,0.7058840000000001,0.005750059961040274,0,2,3112960,my_ring_all_reduce,2,8
1186,0.7054380000000019,0.7121240000000008,0.7086040000000008,0.70825,0.0027410017633457346,0,2,3145728,my_ring_all_reduce,2,8
1187,0.7086389999999992,0.7112920000000023,0.7098843333333343,0.7097220000000016,0.001089148393114911,0,2,3178496,my_ring_all_reduce,2,8
1188,0.7093080000000009,0.713663,0.7116130000000004,0.7118680000000004,0.0017870413164404891,0,2,3211264,my_ring_all_reduce,2,8
1189,0.7143620000000005,0.719676,0.7174256666666671,0.7182390000000005,0.002244368112013148,0,2,3244032,my_ring_all_reduce,2,8
1190,0.7125420000000008,0.7193570000000009,0.7169360000000005,0.7189089999999997,0.0031124056076715684,0,2,3276800,my_ring_all_reduce,2,8
1191,0.7213069999999998,0.7268729999999997,0.7234293333333325,0.7221079999999984,0.0024568991748861887,0,2,3309568,my_ring_all_reduce,2,8
1192,0.7249889999999996,0.7262040000000002,0.7254786666666667,0.7252430000000004,0.0005232656007125433,0,2,3342336,my_ring_all_reduce,2,8
1193,0.7224610000000011,0.7316439999999997,0.7266206666666674,0.7257570000000014,0.003798360377261579,0,2,3375104,my_ring_all_reduce,2,8
1194,0.7322209999999996,0.7335630000000005,0.7330520000000004,0.7333720000000012,0.0005927568360359495,0,2,3407872,my_ring_all_reduce,2,8
1195,0.7301419999999981,0.7356099999999992,0.7334253333333329,0.7345240000000013,0.002363621139034956,0,2,3440640,my_ring_all_reduce,2,8
1196,0.740090000000002,0.7418540000000008,0.7407216666666679,0.7402210000000009,0.0008024646755807994,0,2,3473408,my_ring_all_reduce,2,8
1197,0.7438680000000004,0.7510670000000018,0.7467790000000004,0.7454019999999991,0.003096072458239932,0,2,3506176,my_ring_all_reduce,2,8
1198,0.7484769999999998,0.7536589999999996,0.7512603333333333,0.7516450000000005,0.002132956841778268,0,2,3538944,my_ring_all_reduce,2,8
1199,0.777463999999999,0.7781400000000004,0.7777436666666656,0.7776269999999977,0.00028804204940021966,0,2,3571712,my_ring_all_reduce,2,8
1200,0.7805080000000008,0.7831649999999981,0.7821286666666661,0.7827129999999998,0.0011607458330257653,0,2,3604480,my_ring_all_reduce,2,8
1201,0.7800889999999999,0.7828130000000001,0.7816913333333334,0.7821720000000005,0.0011628483229650143,0,2,3637248,my_ring_all_reduce,2,8
1202,0.7748429999999994,0.783996000000001,0.7802096666666668,0.78179,0.003900208740853105,0,2,3670016,my_ring_all_reduce,2,8
1203,0.7743639999999996,0.7797369999999992,0.7777746666666663,0.779223,0.0024208172632857097,0,2,3702784,my_ring_all_reduce,2,8
1204,0.7868409999999986,0.7920950000000003,0.7886039999999994,0.7868759999999994,0.0024685511270115213,0,2,3735552,my_ring_all_reduce,2,8
1205,0.7801550000000025,0.7849240000000004,0.7820436666666671,0.7810519999999987,0.002069362596442204,0,2,3768320,my_ring_all_reduce,2,8
1206,0.7811139999999996,0.7859469999999992,0.7830350000000003,0.7820440000000017,0.002093805626126195,0,2,3801088,my_ring_all_reduce,2,8
1207,0.7841879999999983,0.7873869999999988,0.7861389999999989,0.7868419999999997,0.0013973920948208251,0,2,3833856,my_ring_all_reduce,2,8
1208,0.785884,0.7923460000000004,0.7883473333333336,0.786812,0.002852752744670206,0,2,3866624,my_ring_all_reduce,2,8
1209,0.781050000000002,0.7885390000000002,0.7843590000000006,0.7834879999999994,0.003118788333097189,0,2,3899392,my_ring_all_reduce,2,8
1210,0.7825239999999986,0.7854379999999992,0.7839209999999994,0.7838010000000004,0.001192657816252073,0,2,3932160,my_ring_all_reduce,2,8
1211,0.7832590000000018,0.7902039999999998,0.7857986666666682,0.7839330000000028,0.003127170215314229,0,2,3964928,my_ring_all_reduce,2,8
1212,0.7843130000000001,0.7913880000000026,0.7884530000000005,0.7896579999999985,0.003011414396370956,0,2,3997696,my_ring_all_reduce,2,8
1213,0.787323000000004,0.7887009999999991,0.7881666666666676,0.7884759999999996,0.0006035927619012486,0,2,4030464,my_ring_all_reduce,2,8
1214,0.7856910000000007,0.7874570000000022,0.7868660000000012,0.7874500000000008,0.0008308553825229026,0,2,4063232,my_ring_all_reduce,2,8
1215,0.784634,0.7914209999999985,0.7888273333333328,0.7904269999999997,0.0029927737784346074,0,2,4096000,my_ring_all_reduce,2,8
1216,0.7875490000000027,0.7920929999999989,0.7894900000000001,0.7888279999999986,0.0019132288589350473,0,2,4128768,my_ring_all_reduce,2,8
1217,0.7879299999999994,0.7944580000000023,0.7913123333333338,0.791549,0.0026702939080861287,0,2,4161536,my_ring_all_reduce,2,8
1218,0.7875820000000003,0.7929529999999996,0.789723333333333,0.7886349999999993,0.0023238276375170328,0,2,4194304,my_ring_all_reduce,2,8
1219,0.789277,0.7958319999999985,0.7915473333333326,0.7895329999999995,0.003031518907888486,0,2,4227072,my_ring_all_reduce,2,8
1220,0.7887020000000002,0.794331000000002,0.7906310000000006,0.7888599999999997,0.0026170901143582545,0,2,4259840,my_ring_all_reduce,2,8
1221,0.7881249999999991,0.7899180000000015,0.7888080000000003,0.7883810000000003,0.0007918160560812515,0,2,4292608,my_ring_all_reduce,2,8
1222,0.790331000000002,0.7938810000000022,0.7918126666666683,0.7912260000000005,0.0015074831858287356,0,2,4325376,my_ring_all_reduce,2,8
1223,0.7902990000000045,0.7954230000000025,0.792828333333336,0.7927630000000009,0.002092374302609109,0,2,4358144,my_ring_all_reduce,2,8
1224,0.7950009999999984,0.7971509999999998,0.7961873333333339,0.7964100000000035,0.0008917437349881208,0,2,4390912,my_ring_all_reduce,2,8
1225,0.7960590000000011,0.7969920000000011,0.7963916666666676,0.7961240000000007,0.0004253283698771033,0,2,4423680,my_ring_all_reduce,2,8
1226,0.8226859999999988,0.8279320000000007,0.8248603333333334,0.8239630000000007,0.0022336866884648168,0,2,4456448,my_ring_all_reduce,2,8
1227,0.8244109999999982,0.8256269999999996,0.8250939999999988,0.8252439999999988,0.0005076343828654547,0,2,4489216,my_ring_all_reduce,2,8
1228,0.8262679999999987,0.8296890000000003,0.8282826666666665,0.8288910000000006,0.0014613606293079199,0,2,4521984,my_ring_all_reduce,2,8
1229,0.821501000000002,0.8275800000000018,0.8249343333333349,0.8257220000000007,0.002543471949040206,0,2,4554752,my_ring_all_reduce,2,8
1230,0.8235140000000002,0.8289560000000006,0.8266196666666668,0.8273889999999993,0.0022873195860852115,0,2,4587520,my_ring_all_reduce,2,8
1231,0.8249889999999986,0.8287969999999996,0.8268230000000004,0.8266830000000027,0.0015577582182956053,0,2,4620288,my_ring_all_reduce,2,8
1232,0.8204420000000009,0.831161,0.8249426666666665,0.8232249999999985,0.004541440618227661,0,2,4653056,my_ring_all_reduce,2,8
1233,0.8219150000000008,0.8280009999999993,0.8246583333333337,0.8240590000000011,0.002520482669824453,0,2,4685824,my_ring_all_reduce,2,8
1234,0.8252739999999985,0.8282829999999985,0.8263426666666652,0.8254709999999986,0.001374378000729375,0,2,4718592,my_ring_all_reduce,2,8
1235,0.8276429999999991,0.8346529999999975,0.8312596666666656,0.8314830000000002,0.002866174376333741,0,2,4751360,my_ring_all_reduce,2,8
1236,0.8319320000000007,0.8346199999999999,0.8334033333333339,0.8336580000000012,0.0011120483602591387,0,2,4784128,my_ring_all_reduce,2,8
1237,0.8265209999999997,0.8345880000000007,0.8293390000000002,0.8269080000000004,0.0037149646027926225,0,2,4816896,my_ring_all_reduce,2,8
1238,0.823610999999999,0.8311370000000007,0.8285946666666663,0.8310359999999992,0.003524225714804906,0,2,4849664,my_ring_all_reduce,2,8
1239,0.8318360000000011,0.8356099999999997,0.8334766666666672,0.8329840000000004,0.0015796221770475658,0,2,4882432,my_ring_all_reduce,2,8
1240,0.828123999999998,0.8337219999999997,0.8303836666666663,0.8293050000000012,0.0024092934418394364,0,2,4915200,my_ring_all_reduce,2,8
1241,0.830268,0.8355150000000008,0.8329560000000003,0.8330850000000001,0.002144020055876655,0,2,4947968,my_ring_all_reduce,2,8
1242,0.828891999999999,0.8377900000000005,0.8334036666666665,0.8335290000000005,0.0036336742041942595,0,2,4980736,my_ring_all_reduce,2,8
1243,0.8311330000000008,0.8361560000000005,0.8340990000000009,0.8350080000000016,0.002149006437092901,0,2,5013504,my_ring_all_reduce,2,8
1244,0.8293070000000007,0.8358030000000004,0.8329120000000004,0.8336260000000002,0.002699611206575107,0,2,5046272,my_ring_all_reduce,2,8
1245,0.8289560000000001,0.830266999999998,0.829435666666666,0.8290839999999998,0.0005901594888003582,0,2,5079040,my_ring_all_reduce,2,8
1246,0.8303630000000012,0.8335629999999992,0.8319843333333335,0.8320270000000001,0.0013067428549208653,0,2,5111808,my_ring_all_reduce,2,8
1247,0.8306810000000006,0.8405690000000009,0.8365596666666671,0.8384290000000001,0.004247661421953954,0,2,5144576,my_ring_all_reduce,2,8
1248,0.8303610000000008,0.834714,0.832730333333333,0.8331159999999982,0.0017979073638224837,0,2,5177344,my_ring_all_reduce,2,8
1249,0.8362199999999975,0.8437710000000006,0.838843666666666,0.83654,0.003486599138926348,0,2,5210112,my_ring_all_reduce,2,8
1250,0.8388400000000001,0.8410829999999969,0.8399726666666657,0.8399949999999999,0.0009158370791539102,0,2,5242880,my_ring_all_reduce,2,8
1251,0.8336570000000006,0.8415020000000013,0.8363793333333335,0.8339789999999985,0.0036246568879772997,0,2,5275648,my_ring_all_reduce,2,8
1252,0.8348430000000008,0.8432900000000004,0.8389376666666669,0.8386799999999994,0.0034532831077427515,0,2,5308416,my_ring_all_reduce,2,8
1253,0.8638030000000018,0.867355000000001,0.8651583333333358,0.8643170000000046,0.0015673879190826326,0,2,5341184,my_ring_all_reduce,2,8
1254,0.8671929999999993,0.8698499999999995,0.8686776666666666,0.8689900000000007,0.0011069707413579695,0,2,5373952,my_ring_all_reduce,2,8
1255,0.869752999999997,0.8712890000000006,0.8704359999999993,0.8702660000000005,0.0006384872747374626,0,2,5406720,my_ring_all_reduce,2,8
1256,0.864793999999999,0.8711629999999968,0.8686673333333319,0.8700450000000001,0.002776630371911189,0,2,5439488,my_ring_all_reduce,2,8
1257,0.8664260000000014,0.8715150000000004,0.8691150000000007,0.8694040000000005,0.0020876016542111,0,2,5472256,my_ring_all_reduce,2,8
1258,0.868891999999998,0.8736280000000002,0.8717719999999995,0.8727960000000003,0.0020645993961713183,0,2,5505024,my_ring_all_reduce,2,8
1259,0.8715129999999981,0.872219000000001,0.8717909999999995,0.8716409999999997,0.00030711995485042763,0,2,5537792,my_ring_all_reduce,2,8
1260,0.8675770000000003,0.8733729999999996,0.870874666666666,0.8716739999999982,0.0024327767856683244,0,2,5570560,my_ring_all_reduce,2,8
1261,0.8688889999999992,0.8726690000000017,0.8709820000000006,0.8713880000000008,0.0015696553761903223,0,2,5603328,my_ring_all_reduce,2,8
1262,0.8680599999999995,0.8717039999999979,0.8703526666666651,0.871293999999998,0.0016297781716805941,0,2,5636096,my_ring_all_reduce,2,8
1263,0.8703959999999997,0.8735950000000012,0.8724980000000006,0.8735030000000006,0.0014868129225522435,0,2,5668864,my_ring_all_reduce,2,8
1264,0.8745270000000009,0.876473,0.8755580000000003,0.875674,0.0007986743182712105,0,2,5701632,my_ring_all_reduce,2,8
1265,0.8722220000000016,0.8765980000000009,0.8749813333333344,0.8761240000000007,0.0019607157423300117,0,2,5734400,my_ring_all_reduce,2,8
1266,0.8750699999999997,0.8849220000000005,0.8801766666666667,0.8805379999999996,0.004030169337495831,0,2,5767168,my_ring_all_reduce,2,8
1267,0.8763169999999991,0.8784580000000005,0.8775199999999996,0.8777849999999989,0.0008939198323493568,0,2,5799936,my_ring_all_reduce,2,8
1268,0.8727609999999986,0.876732,0.8752273333333336,0.8761890000000021,0.0017579936164728298,0,2,5832704,my_ring_all_reduce,2,8
1269,0.874041999999999,0.8778840000000019,0.8759850000000003,0.8760290000000001,0.0015687984786677885,0,2,5865472,my_ring_all_reduce,2,8
1270,0.8710660000000008,0.8777869999999984,0.875471666666666,0.877561999999999,0.003116630694978586,0,2,5898240,my_ring_all_reduce,2,8
1271,0.8769840000000004,0.8867109999999994,0.8827340000000005,0.8845070000000015,0.004164234943739976,0,2,5931008,my_ring_all_reduce,2,8
1272,0.8835800000000004,0.8844099999999999,0.8839630000000005,0.8838990000000013,0.00034185474498168474,0,2,5963776,my_ring_all_reduce,2,8
1273,0.881661000000001,0.883962999999998,0.882929,0.8831630000000009,0.000954242456959721,0,2,5996544,my_ring_all_reduce,2,8
1274,0.8794490000000006,0.8835799999999995,0.8817436666666665,0.8822019999999994,0.0017173317158372422,0,2,6029312,my_ring_all_reduce,2,8
1275,0.8758359999999975,0.8851759999999976,0.8800589999999987,0.8791650000000009,0.003865085337565666,0,2,6062080,my_ring_all_reduce,2,8
1276,0.8797399999999999,0.8834169999999995,0.8814230000000013,0.8811120000000047,0.0015171514975984215,0,2,6094848,my_ring_all_reduce,2,8
1277,0.8813700000000063,0.8885720000000038,0.8854883333333361,0.8865229999999983,0.003029862739830225,0,2,6127616,my_ring_all_reduce,2,8
1278,0.8836429999999992,0.8885060000000004,0.8864373333333327,0.8871629999999987,0.0020505505493786155,0,2,6160384,my_ring_all_reduce,2,8
1279,0.8832920000000004,0.8875150000000013,0.8847420000000006,0.8834189999999998,0.0019614924589885035,0,2,6193152,my_ring_all_reduce,2,8
1280,0.9056590000000014,0.9073230000000003,0.9062986666666659,0.9059139999999961,0.0007317560309894925,0,2,6225920,my_ring_all_reduce,2,8
1281,0.9121229999999978,0.9140099999999998,0.9132223333333328,0.9135340000000011,0.0008012674681760579,0,2,6258688,my_ring_all_reduce,2,8
1282,0.9127280000000001,0.9134370000000004,0.9131153333333337,0.9131810000000005,0.0002931488055958973,0,2,6291456,my_ring_all_reduce,2,8
1283,0.9134359999999979,0.9204080000000013,0.9159826666666664,0.9141040000000002,0.0031410441293030873,0,2,6324224,my_ring_all_reduce,2,8
1284,0.919260000000003,0.9197040000000006,0.9194823333333347,0.9194830000000006,0.0001812628539493865,0,2,6356992,my_ring_all_reduce,2,8
1285,0.9155489999999991,0.9242830000000013,0.9185023333333335,0.9156750000000002,0.004087872252842787,0,2,6389760,my_ring_all_reduce,2,8
1286,0.9185559999999978,0.9224260000000013,0.9198989999999997,0.9187150000000002,0.0017880374716442633,0,2,6422528,my_ring_all_reduce,2,8
1287,0.9175599999999995,0.9200250000000001,0.9184790000000008,0.9178520000000026,0.0010996675255121472,0,2,6455296,my_ring_all_reduce,2,8
1288,0.9162820000000002,0.9206010000000001,0.9183423333333338,0.9181440000000012,0.0017687928714866612,0,2,6488064,my_ring_all_reduce,2,8
1289,0.9196750000000011,0.9245070000000014,0.9222026666666673,0.9224259999999995,0.0019789667899072355,0,2,6520832,my_ring_all_reduce,2,8
1290,0.9190989999999983,0.9211779999999999,0.9198659999999991,0.9193209999999991,0.0009321405473431266,0,2,6553600,my_ring_all_reduce,2,8
1291,0.9210830000000005,0.9237419999999993,0.922726333333333,0.9233539999999993,0.0011727586660892932,0,2,6586368,my_ring_all_reduce,2,8
1292,0.9219800000000032,0.9277710000000025,0.9242300000000014,0.9229389999999985,0.0025342889864158904,0,2,6619136,my_ring_all_reduce,2,8
1293,0.9199319999999989,0.9233229999999986,0.9217113333333314,0.9218789999999972,0.0013894373761424864,0,2,6651904,my_ring_all_reduce,2,8
1294,0.9190960000000014,0.9254039999999996,0.9222763333333323,0.9223289999999961,0.002575499476907659,0,2,6684672,my_ring_all_reduce,2,8
1295,0.9240579999999996,0.9291779999999981,0.926959666666666,0.927643,0.002145352858829239,0,2,6717440,my_ring_all_reduce,2,8
1296,0.9251169999999993,0.9267470000000003,0.9258516666666669,0.9256910000000007,0.0006750730001681399,0,2,6750208,my_ring_all_reduce,2,8
1297,0.9239319999999989,0.931641999999998,0.9282926666666665,0.9293040000000028,0.0032278084756621186,0,2,6782976,my_ring_all_reduce,2,8
1298,0.9222029999999987,0.9238990000000012,0.9229400000000009,0.9227180000000026,0.0007099610317952229,0,2,6815744,my_ring_all_reduce,2,8
1299,0.9238010000000004,0.9309709999999995,0.9267456666666668,0.9254650000000002,0.00306401755144341,0,2,6848512,my_ring_all_reduce,2,8
1300,0.9224570000000003,0.9293350000000009,0.9252943333333344,0.9240910000000022,0.002934022191842168,0,2,6881280,my_ring_all_reduce,2,8
1301,0.9270350000000017,0.9288580000000002,0.9276743333333343,0.927130000000001,0.0008378768140691099,0,2,6914048,my_ring_all_reduce,2,8
1302,0.9260730000000049,0.9290179999999982,0.9277796666666673,0.9282479999999987,0.0012470654442389034,0,2,6946816,my_ring_all_reduce,2,8
1303,0.9265569999999989,0.932253999999999,0.928977333333333,0.928121000000001,0.0024033216365871753,0,2,6979584,my_ring_all_reduce,2,8
1304,0.9307830000000022,0.9325369999999985,0.9316123333333337,0.9315170000000003,0.0007192335426596209,0,2,7012352,my_ring_all_reduce,2,8
1305,0.9267159999999985,0.9327299999999996,0.9300966666666662,0.930844000000001,0.002511431110388126,0,2,7045120,my_ring_all_reduce,2,8
1306,0.9273240000000015,0.9331759999999977,0.9301806666666662,0.9300419999999995,0.0023910802765447826,0,2,7077888,my_ring_all_reduce,2,8
1307,1.1359280000000007,1.1378839999999981,1.137027999999999,1.137271999999998,0.0008169602193485845,0,2,7110656,my_ring_all_reduce,2,8
1308,1.1444419999999995,1.1540750000000026,1.1505103333333335,1.1530139999999984,0.004312766500622828,0,2,7143424,my_ring_all_reduce,2,8
1309,1.1583949999999987,1.1612109999999993,1.160080333333333,1.1606350000000003,0.0012146893521486279,0,2,7176192,my_ring_all_reduce,2,8
1310,1.1612119999999977,1.1637050000000027,1.1627563333333335,1.163352,0.0011014766855875443,0,2,7208960,my_ring_all_reduce,2,8
1311,1.1658830000000016,1.167130000000001,1.1665433333333344,1.1666170000000002,0.0005117436424180728,0,2,7241728,my_ring_all_reduce,2,8
1312,1.1653379999999998,1.1719660000000003,1.1687740000000006,1.1690180000000019,0.0027113647240214886,0,2,7274496,my_ring_all_reduce,2,8
1313,1.162550999999999,1.1709389999999986,1.1664253333333339,1.1657860000000038,0.0034540986603674734,0,2,7307264,my_ring_all_reduce,2,8
1314,1.1755479999999994,1.177915000000001,1.1764323333333329,1.175833999999998,0.0010548852491579172,0,2,7340032,my_ring_all_reduce,2,8
1315,1.1786180000000022,1.1820400000000009,1.1798970000000006,1.1790329999999996,0.0015247716768966816,0,2,7372800,my_ring_all_reduce,2,8
1316,1.1820079999999997,1.1842169999999987,1.1832246666666653,1.1834489999999978,0.0009156652712033715,0,2,7405568,my_ring_all_reduce,2,8
1317,1.1918680000000004,1.1932709999999997,1.1926233333333343,1.1927310000000024,0.0005778098495371127,0,2,7438336,my_ring_all_reduce,2,8
1318,1.1910350000000016,1.195255000000002,1.1937853333333337,1.195065999999998,0.0019463093850206415,0,2,7471104,my_ring_all_reduce,2,8
1319,1.1957029999999977,1.199127,1.1971429999999998,1.196599000000002,0.0014498036648692106,0,2,7503872,my_ring_all_reduce,2,8
1320,1.2019170000000012,1.206233000000001,1.2036436666666674,1.2027809999999999,0.0018646017149932929,0,2,7536640,my_ring_all_reduce,2,8
1321,1.2092399999999999,1.210906000000001,1.2103083333333338,1.2107790000000005,0.0007572028936968204,0,2,7569408,my_ring_all_reduce,2,8
1322,1.2225540000000028,1.232476000000002,1.2277390000000026,1.2281870000000035,0.004063007834925256,0,2,7602176,my_ring_all_reduce,2,8
1323,1.2479289999999974,1.2527929999999996,1.2503609999999998,1.2503610000000027,0.001985719684817128,0,2,7634944,my_ring_all_reduce,2,8
1324,1.2616239999999999,1.265433,1.263000000000001,1.261943000000003,0.001725312918477337,0,2,7667712,my_ring_all_reduce,2,8
1325,1.2600550000000021,1.2658179999999957,1.2636616666666658,1.2651119999999991,0.002566533632913596,0,2,7700480,my_ring_all_reduce,2,8
1326,1.2593859999999986,1.2695950000000003,1.2659786666666664,1.268955,0.004669035613010741,0,2,7733248,my_ring_all_reduce,2,8
1327,1.2714799999999995,1.2722830000000003,1.2720030000000004,1.272246000000002,0.0003701252040421109,0,2,7766016,my_ring_all_reduce,2,8
1328,1.2857539999999998,1.288920000000001,1.2870226666666669,1.2863939999999994,0.0013668224301485396,0,2,7798784,my_ring_all_reduce,2,8
1329,1.308089,1.3146519999999964,1.3110126666666646,1.310296999999997,0.0027267045229632273,0,2,7831552,my_ring_all_reduce,2,8
1330,1.3125010000000001,1.3208899999999995,1.3166206666666658,1.3164709999999977,0.0034264296610641977,0,2,7864320,my_ring_all_reduce,2,8
1331,1.3203139999999967,1.3285089999999982,1.3250399999999984,1.3262970000000005,0.003461651147454546,0,2,7897088,my_ring_all_reduce,2,8
1332,1.3258819999999987,1.333721999999996,1.3286973333333314,1.3264879999999994,0.0035615788009737653,0,2,7929856,my_ring_all_reduce,2,8
1333,1.3229070000000012,1.340567000000001,1.3304986666666674,1.328022,0.007419313011024403,0,2,7962624,my_ring_all_reduce,2,8
1334,1.3359269999999996,1.3405379999999951,1.3389146666666651,1.3402790000000004,0.002115243773709796,0,2,7995392,my_ring_all_reduce,2,8
1335,1.3407659999999997,1.3510010000000003,1.3443793333333334,1.341371,0.0046887353187070584,0,2,8028160,my_ring_all_reduce,2,8
1336,1.343353000000001,1.353369999999999,1.3472680000000006,1.345081000000002,0.004372055123164733,0,2,8060928,my_ring_all_reduce,2,8
1337,1.350231999999998,1.351067000000001,1.350649333333334,1.350649000000003,0.0003408874040251449,0,2,8093696,my_ring_all_reduce,2,8
1338,1.3573409999999986,1.3621390000000029,1.3593766666666667,1.3586499999999988,0.002025048860866497,0,2,8126464,my_ring_all_reduce,2,8
1339,1.3534030000000004,1.3612100000000027,1.3582016666666672,1.3599919999999983,0.0034294102829628224,0,2,8159232,my_ring_all_reduce,2,8
1340,1.3575940000000002,1.3605999999999985,1.3590426666666648,1.3589339999999965,0.0012295975854810018,0,2,8192000,my_ring_all_reduce,2,8
1341,1.3590019999999996,1.3651769999999979,1.362755333333333,1.3640870000000014,0.0026910541098649435,0,2,8224768,my_ring_all_reduce,2,8
1342,1.3612090000000008,1.3631600000000017,1.3623916666666682,1.3628060000000024,0.0008486673212885862,0,2,8257536,my_ring_all_reduce,2,8
1343,1.3605989999999983,1.364217999999999,1.3623929999999989,1.3623619999999992,0.0014776131654352254,0,2,8290304,my_ring_all_reduce,2,8
1344,1.3621999999999952,1.3681499999999998,1.3643753333333322,1.3627760000000009,0.002679430951196101,0,2,8323072,my_ring_all_reduce,2,8
1345,1.3658159999999961,1.3684390000000004,1.3674269999999986,1.3680259999999995,0.0011515592328104054,0,2,8355840,my_ring_all_reduce,2,8
1346,1.3651179999999985,1.3692729999999997,1.3677806666666659,1.3689509999999991,0.0018873731892652525,0,2,8388608,my_ring_all_reduce,2,8
1347,1.3611460000000006,1.3665229999999993,1.3646136666666655,1.3661719999999968,0.002456194120086983,0,2,8421376,my_ring_all_reduce,2,8
1348,1.3781070000000017,1.3813709999999997,1.3798130000000022,1.3799610000000049,0.0013366256020285426,0,2,8454144,my_ring_all_reduce,2,8
1349,1.3851810000000024,1.3890149999999977,1.3866496666666663,1.385752999999999,0.0016887662820977175,0,2,8486912,my_ring_all_reduce,2,8
1350,1.3884400000000006,1.3905199999999986,1.3893046666666666,1.3889539999999998,0.0008846186874698316,0,2,8519680,my_ring_all_reduce,2,8
1351,1.3923120000000009,1.394681999999997,1.393315666666666,1.3929529999999994,0.001000956320501774,0,2,8552448,my_ring_all_reduce,2,8
1352,1.3937520000000023,1.3949399999999978,1.3941793333333337,1.3938460000000015,0.0005392397941115581,0,2,8585216,my_ring_all_reduce,2,8
1353,1.3981670000000004,1.3990610000000014,1.3987119999999986,1.398907999999994,0.0003904023565495203,0,2,8617984,my_ring_all_reduce,2,8
1354,1.3960889999999981,1.3993189999999995,1.397676999999999,1.3976229999999996,0.0013191947038508546,0,2,8650752,my_ring_all_reduce,2,8
1355,1.3965689999999977,1.4027090000000026,1.3995433333333338,1.3993520000000008,0.002510292988656678,0,2,8683520,my_ring_all_reduce,2,8
1356,1.4000259999999953,1.4077689999999985,1.4042819999999985,1.4050510000000014,0.003207494660948083,0,2,8716288,my_ring_all_reduce,2,8
1357,1.4017230000000018,1.4042150000000002,1.4032793333333338,1.4038999999999997,0.0011079820495930135,0,2,8749056,my_ring_all_reduce,2,8
1358,1.404313000000002,1.4057869999999986,1.4051670000000005,1.4054010000000008,0.0006240918735772027,0,2,8781824,my_ring_all_reduce,2,8
1359,1.400727999999999,1.4059749999999986,1.4036499999999996,1.4042470000000002,0.002183278727052452,0,2,8814592,my_ring_all_reduce,2,8
1360,1.4017509999999993,1.4033529999999992,1.4024233333333331,1.4021660000000011,0.0006788550819002791,0,2,8847360,my_ring_all_reduce,2,8
1361,1.4101049999999986,1.4158000000000084,1.4137530000000016,1.4153539999999976,0.0025859436704381024,0,2,8880128,my_ring_all_reduce,2,8
1362,1.419510000000002,1.4217509999999998,1.4206966666666672,1.4208289999999997,0.000919657303322135,0,2,8912896,my_ring_all_reduce,2,8
1363,1.42316,1.4308100000000012,1.4267553333333334,1.4262959999999993,0.0031399432408180847,0,2,8945664,my_ring_all_reduce,2,8
1364,1.422711000000002,1.4276100000000025,1.4250910000000019,1.424952000000001,0.002002422033438708,0,2,8978432,my_ring_all_reduce,2,8
1365,1.4243120000000018,1.4297220000000015,1.426467333333334,1.4253679999999986,0.0023414276746372515,0,2,9011200,my_ring_all_reduce,2,8
1366,1.4334030000000002,1.435413999999997,1.4340829999999982,1.4334319999999972,0.0009412335877268828,0,2,9043968,my_ring_all_reduce,2,8
1367,1.4391580000000013,1.4462639999999956,1.442338999999999,1.4415950000000002,0.0029483284529801365,0,2,9076736,my_ring_all_reduce,2,8
1368,1.442841999999995,1.4452110000000011,1.444025666666666,1.4440240000000022,0.0009671409181501613,0,2,9109504,my_ring_all_reduce,2,8
1369,1.4475799999999999,1.4505509999999995,1.4488999999999994,1.4485689999999996,0.001235281614315663,0,2,9142272,my_ring_all_reduce,2,8
1370,1.4457210000000014,1.4484390000000003,1.446733666666667,1.4460409999999992,0.0012129087169095915,0,2,9175040,my_ring_all_reduce,2,8
1371,1.4462959999999994,1.448281,1.4475976666666666,1.4482160000000004,0.0009207997731444698,0,2,9207808,my_ring_all_reduce,2,8
1372,1.446490999999999,1.4520229999999992,1.4497533333333326,1.4507459999999992,0.002364994197784801,0,2,9240576,my_ring_all_reduce,2,8
1373,1.453783000000005,1.4622949999999983,1.4567383333333332,1.4541369999999971,0.003931813604713652,0,2,9273344,my_ring_all_reduce,2,8
1374,1.4561179999999967,1.4580759999999955,1.4570283333333325,1.456891000000005,0.0008052272281084899,0,2,9306112,my_ring_all_reduce,2,8
1375,1.465368999999997,1.4711260000000022,1.467767666666665,1.4668079999999954,0.0024462873002916137,0,2,9338880,my_ring_all_reduce,2,8
1376,1.464535,1.4707750000000015,1.4670423333333364,1.4658170000000081,0.002690784437461704,0,2,9371648,my_ring_all_reduce,2,8
1377,1.4629360000000033,1.4687289999999966,1.466008999999999,1.4663619999999973,0.0023781181635878354,0,2,9404416,my_ring_all_reduce,2,8
1378,1.471445999999998,1.4734280000000004,1.472332333333332,1.4721229999999978,0.0008225757648330312,0,2,9437184,my_ring_all_reduce,2,8
1379,1.4758969999999991,1.4833219999999891,1.4791819999999953,1.4783269999999975,0.0030909464569890866,0,2,9469952,my_ring_all_reduce,2,8
1380,1.475926999999998,1.481877999999999,1.4784756666666654,1.4776219999999993,0.0025033524633093322,0,2,9502720,my_ring_all_reduce,2,8
1381,1.4797729999999993,1.4882809999999982,1.4830233333333336,1.4810160000000032,0.0037522043595127294,0,2,9535488,my_ring_all_reduce,2,8
1382,1.478840000000002,1.4828730000000105,1.4814320000000043,1.4825830000000007,0.0018366405926783713,0,2,9568256,my_ring_all_reduce,2,8
1383,1.4782309999999999,1.4803120000000018,1.4794686666666672,1.4798629999999995,0.0008941529821884969,0,2,9601024,my_ring_all_reduce,2,8
1384,1.4808230000000004,1.4846980000000012,1.4824986666666684,1.481975000000004,0.0016247207623328336,0,2,9633792,my_ring_all_reduce,2,8
1385,1.482489999999998,1.4858469999999997,1.4844826666666655,1.485110999999999,0.0014407091617987017,0,2,9666560,my_ring_all_reduce,2,8
1386,1.4834480000000003,1.491,1.4862529999999998,1.4843109999999997,0.003375075209038572,0,2,9699328,my_ring_all_reduce,2,8
1387,1.489623999999999,1.4941669999999996,1.4921200000000006,1.4925690000000031,0.0018816505166126842,0,2,9732096,my_ring_all_reduce,2,8
1388,1.4877380000000011,1.496662000000004,1.4923020000000022,1.4925060000000012,0.0036460623509033518,0,2,9764864,my_ring_all_reduce,2,8
1389,1.4912920000000012,1.4935910000000012,1.492548666666666,1.4927629999999954,0.0009507205454573737,0,2,9797632,my_ring_all_reduce,2,8
1390,1.4955789999999998,1.5030939999999993,1.4984659999999996,1.4967250000000003,0.0033057643594179274,0,2,9830400,my_ring_all_reduce,2,8
1391,1.5004719999999998,1.5059129999999996,1.503566333333332,1.5043139999999966,0.002283327153275892,0,2,9863168,my_ring_all_reduce,2,8
1392,1.5022960000000003,1.5091120000000011,1.505048333333334,1.503737000000001,0.002933048508899431,0,2,9895936,my_ring_all_reduce,2,8
1393,1.5059449999999979,1.5118630000000004,1.5092296666666678,1.509881000000005,0.0024595199170223702,0,2,9928704,my_ring_all_reduce,2,8
1394,1.5106140000000015,1.5165690000000014,1.513143333333334,1.5122469999999995,0.002512378200475252,0,2,9961472,my_ring_all_reduce,2,8
1395,1.5115460000000012,1.5170470000000005,1.5147343333333343,1.5156100000000015,0.0023295699650839703,0,2,9994240,my_ring_all_reduce,2,8
1396,1.515065999999999,1.519768999999993,1.5173049999999961,1.5170799999999964,0.0019265722583535231,0,2,10027008,my_ring_all_reduce,2,8
1397,1.5152229999999982,1.5283430000000027,1.5205546666666672,1.518098,0.0056308678036553605,0,2,10059776,my_ring_all_reduce,2,8
1398,1.5186160000000017,1.5229060000000019,1.5201196666666672,1.5188369999999987,0.0019722998983145944,0,2,10092544,my_ring_all_reduce,2,8
1399,1.524888000000001,1.5273530000000002,1.5261463333333338,1.5261980000000004,0.0010069949795745191,0,2,10125312,my_ring_all_reduce,2,8
1400,1.5249189999999972,1.5346480000000011,1.5291866666666662,1.5279930000000004,0.004060541042221734,0,2,10158080,my_ring_all_reduce,2,8
1401,1.5299449999999926,1.5322139999999982,1.5308396666666637,1.5303600000000006,0.0009864584239717377,0,2,10190848,my_ring_all_reduce,2,8
1402,1.5425829999999987,1.5502630000000064,1.5454743333333354,1.543577000000001,0.003410327973804044,0,2,10223616,my_ring_all_reduce,2,8
1403,1.5431299999999937,1.5517369999999993,1.5460953333333316,1.5434190000000017,0.003991005080874029,0,2,10256384,my_ring_all_reduce,2,8
1404,1.5478649999999998,1.5503269999999976,1.5492713333333323,1.5496219999999994,0.0010352411420633033,0,2,10289152,my_ring_all_reduce,2,8
1405,1.5509379999999946,1.5570789999999997,1.5548936666666655,1.5566640000000025,0.0028022051237502656,0,2,10321920,my_ring_all_reduce,2,8
1406,1.5496269999999968,1.554454000000005,1.5515876666666675,1.5506820000000008,0.0020720611852860634,0,2,10354688,my_ring_all_reduce,2,8
1407,1.5556690000000017,1.5626809999999987,1.5581773333333337,1.5561820000000006,0.003191452368783598,0,2,10387456,my_ring_all_reduce,2,8
1408,1.556471000000005,1.5622670000000007,1.5596730000000028,1.5602810000000027,0.002404946569051296,0,2,10420224,my_ring_all_reduce,2,8
1409,1.5569169999999994,1.560531,1.558475333333334,1.5579780000000027,0.0015167408773051542,0,2,10452992,my_ring_all_reduce,2,8
1410,1.557720000000001,1.559964,1.5590756666666679,1.5595430000000023,0.0009738871711968998,0,2,10485760,my_ring_all_reduce,2,8
1411,1.5580739999999997,1.5604389999999968,1.558914999999999,1.558232,0.0010795594780573861,0,2,10518528,my_ring_all_reduce,2,8
1412,1.5573010000000005,1.5618129999999983,1.5597339999999988,1.560087999999998,0.0018589464758288269,0,2,10551296,my_ring_all_reduce,2,8
1413,1.5581039999999995,1.5645030000000015,1.5615813333333335,1.5621369999999988,0.002641763846793641,0,2,10584064,my_ring_all_reduce,2,8
1414,1.5565360000000001,1.5586470000000008,1.5575490000000005,1.557464,0.0008639054732244412,0,2,10616832,my_ring_all_reduce,2,8
1415,1.5656199999999991,1.5718000000000012,1.5677240000000001,1.5657519999999996,0.002882670983654746,0,2,10649600,my_ring_all_reduce,2,8
1416,1.5684699999999994,1.5732719999999982,1.5709349999999989,1.5710629999999992,0.0019624965392746256,0,2,10682368,my_ring_all_reduce,2,8
1417,1.5714170000000014,1.5743899999999986,1.5731553333333332,1.5736589999999997,0.0012648958674739608,0,2,10715136,my_ring_all_reduce,2,8
1418,1.5717050000000055,1.5788400000000002,1.5746706666666688,1.5734670000000006,0.003034651691525451,0,2,10747904,my_ring_all_reduce,2,8
1419,1.5781060000000033,1.5838020000000006,1.5806766666666665,1.5801219999999958,0.002358226075298824,0,2,10780672,my_ring_all_reduce,2,8
1420,1.5763450000000012,1.5853979999999939,1.5822203333333313,1.5849179999999996,0.0041591069821381626,0,2,10813440,my_ring_all_reduce,2,8
1421,1.5784529999999977,1.5817880000000042,1.5796296666666683,1.578648000000003,0.0015282469986539575,0,2,10846208,my_ring_all_reduce,2,8
1422,1.582040000000008,1.5893979999999992,1.586604666666669,1.5883760000000002,0.0032545616533612744,0,2,10878976,my_ring_all_reduce,2,8
1423,1.5894969999999986,1.5905499999999984,1.589997666666666,1.5899460000000007,0.0004314350730087389,0,2,10911744,my_ring_all_reduce,2,8
1424,1.590456,1.5939429999999994,1.5922049999999992,1.5922159999999985,0.0014235830382053252,0,2,10944512,my_ring_all_reduce,2,8
1425,1.5926979999999948,1.595895000000004,1.5939980000000002,1.5934010000000016,0.0013717407432440097,0,2,10977280,my_ring_all_reduce,2,8
1426,1.5943600000000007,1.5987099999999992,1.5962033333333336,1.5955400000000008,0.0018367785809816613,0,2,11010048,my_ring_all_reduce,2,8
1427,1.5997339999999987,1.6069999999999982,1.6022413333333325,1.5999900000000007,0.00336650811507776,0,2,11042816,my_ring_all_reduce,2,8
1428,1.605079999999999,1.610232,1.6081723333333342,1.6092050000000035,0.0022264435516971097,0,2,11075584,my_ring_all_reduce,2,8
1429,1.6096569999999992,1.6180070000000015,1.6126636666666663,1.6103269999999976,0.003788195114065921,0,2,11108352,my_ring_all_reduce,2,8
1430,1.6162470000000067,1.6187100000000019,1.6171860000000027,1.6166009999999988,0.0010872782532535942,0,2,11141120,my_ring_all_reduce,2,8
1431,1.6190660000000026,1.623701000000001,1.6207496666666685,1.6194820000000019,0.002093806793590638,0,2,11173888,my_ring_all_reduce,2,8
1432,1.6172400000000053,1.625625000000001,1.620674333333336,1.6191580000000012,0.00358715359148151,0,2,11206656,my_ring_all_reduce,2,8
1433,1.6221349999999948,1.6264229999999988,1.6244819999999975,1.624887999999999,0.0017739528366540842,0,2,11239424,my_ring_all_reduce,2,8
1434,1.6245059999999976,1.6324750000000003,1.6287946666666666,1.6294030000000013,0.0032816451497529723,0,2,11272192,my_ring_all_reduce,2,8
1435,1.6271260000000003,1.6327610000000004,1.6296020000000002,1.628919,0.0023506272921641398,0,2,11304960,my_ring_all_reduce,2,8
1436,1.630263000000001,1.6365369999999986,1.6331230000000003,1.6325690000000013,0.0025911330854784804,0,2,11337728,my_ring_all_reduce,2,8
1437,1.6363429999999999,1.6446629999999995,1.6398096666666655,1.638422999999997,0.003535320196091209,0,2,11370496,my_ring_all_reduce,2,8
1438,1.6457230000000018,1.6527249999999996,1.648354666666667,1.646616,0.003111722174115855,0,2,11403264,my_ring_all_reduce,2,8
1439,1.650711000000005,1.6565060000000014,1.6527070000000024,1.650904000000001,0.0026874539375889455,0,2,11436032,my_ring_all_reduce,2,8
1440,1.6621990000000006,1.6677350000000006,1.6641623333333324,1.6625529999999962,0.0025303872343102594,0,2,11468800,my_ring_all_reduce,2,8
1441,1.671958999999997,1.6748089999999975,1.673580999999998,1.6739749999999995,0.00119639792711331,0,2,11501568,my_ring_all_reduce,2,8
1442,1.6790090000000055,1.6820699999999997,1.6807086666666675,1.6810469999999968,0.0012723422844823145,0,2,11534336,my_ring_all_reduce,2,8
1443,1.6837389999999997,1.6879279999999999,1.6854006666666652,1.6845349999999963,0.0018164001639390584,0,2,11567104,my_ring_all_reduce,2,8
1444,1.687608000000001,1.6932690000000004,1.6907746666666668,1.6914469999999984,0.0023594850191414824,0,2,11599872,my_ring_all_reduce,2,8
1445,1.6955730000000004,1.7016560000000027,1.699232666666668,1.700469000000001,0.0026327567723255945,0,2,11632640,my_ring_all_reduce,2,8
1446,1.7013979999999937,1.7069660000000004,1.704757999999998,1.7059099999999998,0.002414675133431926,0,2,11665408,my_ring_all_reduce,2,8
1447,1.7045339999999998,1.708599000000002,1.706496666666667,1.706356999999999,0.0016624653045679031,0,2,11698176,my_ring_all_reduce,2,8
1448,1.7052420000000021,1.7109030000000058,1.7078110000000024,1.7072879999999997,0.00234049524673913,0,2,11730944,my_ring_all_reduce,2,8
1449,1.7089839999999967,1.7140729999999966,1.7119279999999986,1.7127270000000026,0.002153025932651445,0,2,11763712,my_ring_all_reduce,2,8
1450,1.7096220000000009,1.7152550000000002,1.7124603333333335,1.7125039999999991,0.002299869899701777,0,2,11796480,my_ring_all_reduce,2,8
1451,1.7139109999999982,1.717271999999999,1.7153183333333322,1.714771999999999,0.001425468422036415,0,2,11829248,my_ring_all_reduce,2,8
1452,1.7121190000000006,1.7168840000000019,1.7148150000000006,1.715441999999999,0.001995186373917914,0,2,11862016,my_ring_all_reduce,2,8
1453,1.7094000000000051,1.7153509999999914,1.7122689999999976,1.712055999999997,0.0024341496804099025,0,2,11894784,my_ring_all_reduce,2,8
1454,1.715926999999998,1.7219119999999994,1.7196286666666643,1.721046999999995,0.0026411876537311262,0,2,11927552,my_ring_all_reduce,2,8
1455,1.7170140000000012,1.7178450000000012,1.717473666666667,1.717561999999999,0.0003449563579480224,0,2,11960320,my_ring_all_reduce,2,8
1456,1.720628999999999,1.7245689999999996,1.722273333333333,1.7216220000000004,0.0016731360441465594,0,2,11993088,my_ring_all_reduce,2,8
1457,1.7287600000000003,1.7340059999999977,1.7314146666666665,1.731478000000001,0.002142138702842977,0,2,12025856,my_ring_all_reduce,2,8
1458,1.7356420000000017,1.7419750000000005,1.7394386666666701,1.7406990000000078,0.0027347214767794287,0,2,12058624,my_ring_all_reduce,2,8
1459,1.7351269999999985,1.7376869999999982,1.7367696666666665,1.7374950000000027,0.0011641824981035805,0,2,12091392,my_ring_all_reduce,2,8
1460,1.7361839999999975,1.746293999999998,1.7408013333333319,1.7399260000000005,0.004173542167298938,0,2,12124160,my_ring_all_reduce,2,8
1461,1.739130000000001,1.7440549999999995,1.7408669999999997,1.7394159999999983,0.0022572781544741172,0,2,12156928,my_ring_all_reduce,2,8
1462,1.7381360000000077,1.745431999999997,1.7421453333333357,1.7428680000000014,0.003022095226085558,0,2,12189696,my_ring_all_reduce,2,8
1463,1.7486299999999992,1.7498170000000028,1.749240000000001,1.749273,0.0004851522097940713,0,2,12222464,my_ring_all_reduce,2,8
1464,1.7453380000000034,1.7478370000000014,1.7468843333333364,1.7474780000000047,0.0011032015026978727,0,2,12255232,my_ring_all_reduce,2,8
1465,1.7478290000000052,1.7501989999999996,1.7487366666666684,1.7481820000000008,0.0010440199018944764,0,2,12288000,my_ring_all_reduce,2,8
1466,1.7419419999999992,1.7462620000000006,1.744427666666667,1.7450790000000016,0.001822777428968865,0,2,12320768,my_ring_all_reduce,2,8
1467,1.7471589999999992,1.7485960000000014,1.7478300000000007,1.7477350000000016,0.0005904862403146573,0,2,12353536,my_ring_all_reduce,2,8
1468,1.747831000000001,1.7519929999999995,1.7499113333333323,1.7499099999999963,0.00169912964648181,0,2,12386304,my_ring_all_reduce,2,8
1469,1.7564680000000008,1.7625849999999992,1.7592656666666662,1.7587439999999988,0.002524351313813644,0,2,12419072,my_ring_all_reduce,2,8
1470,1.7564060000000028,1.7622930000000034,1.759574666666668,1.760024999999998,0.002424361405034722,0,2,12451840,my_ring_all_reduce,2,8
1471,1.7610800000000026,1.7650470000000005,1.7626480000000033,1.7618170000000064,0.0017228257795439204,0,2,12484608,my_ring_all_reduce,2,8
1472,1.7537489999999962,1.7567930000000016,1.7549349999999995,1.754263,0.0013304565632412347,0,2,12517376,my_ring_all_reduce,2,8
1473,1.7517679999999982,1.756628999999999,1.7544223333333309,1.7548699999999955,0.0020095827648766765,0,2,12550144,my_ring_all_reduce,2,8
1474,1.754967999999999,1.7586160000000017,1.7568233333333332,1.7568859999999986,0.0014899488432690699,0,2,12582912,my_ring_all_reduce,2,8
1475,1.7602800000000025,1.762104000000003,1.7614000000000003,1.7618159999999954,0.0008006397442035058,0,2,12615680,my_ring_all_reduce,2,8
1476,1.7609829999999984,1.7620069999999997,1.7614303333333303,1.7613009999999922,0.00042793249727408395,0,2,12648448,my_ring_all_reduce,2,8
1477,1.7644079999999995,1.7653340000000008,1.7650150000000002,1.7653030000000007,0.00042940035708785427,0,2,12681216,my_ring_all_reduce,2,8
1478,1.7622050000000018,1.766550000000002,1.765091333333334,1.7665189999999984,0.0020409851107294347,0,2,12713984,my_ring_all_reduce,2,8
1479,1.7619089999999997,1.766293999999998,1.7648223333333324,1.7662639999999992,0.002060074162634287,0,2,12746752,my_ring_all_reduce,2,8
1480,1.7637379999999976,1.7679239999999992,1.7663906666666638,1.7675099999999948,0.0018833178760426404,0,2,12779520,my_ring_all_reduce,2,8
1481,1.7687600000000012,1.7771080000000001,1.771872333333335,1.7697490000000036,0.0037241271311384853,0,2,12812288,my_ring_all_reduce,2,8
1482,1.7680559999999987,1.7741010000000024,1.7717879999999988,1.7732069999999949,0.0026640416663411886,0,2,12845056,my_ring_all_reduce,2,8
1483,1.7731419999999998,1.7833179999999993,1.7770463333333335,1.774679000000001,0.004478909415868064,0,2,12877824,my_ring_all_reduce,2,8
1484,1.7777860000000014,1.7867700000000004,1.7820153333333357,1.7814900000000053,0.0036864658173130613,0,2,12910592,my_ring_all_reduce,2,8
1485,1.7817839999999996,1.7854610000000013,1.7839263333333346,1.7845340000000034,0.0015614152412343244,0,2,12943360,my_ring_all_reduce,2,8
1486,1.7865170000000035,1.7893939999999984,1.7881483333333357,1.7885340000000052,0.0012057739791872702,0,2,12976128,my_ring_all_reduce,2,8
1487,1.7892090000000007,1.7915760000000027,1.790379666666668,1.7903540000000002,0.0009664941225328262,0,2,13008896,my_ring_all_reduce,2,8
1488,1.7950010000000003,1.7999570000000022,1.7982423333333342,1.7997689999999993,0.002293253486982364,0,2,13041664,my_ring_all_reduce,2,8
1489,1.8002830000000032,1.8054959999999955,1.8022963333333328,1.8011099999999998,0.002287557989547362,0,2,13074432,my_ring_all_reduce,2,8
1490,1.796917000000005,1.8056229999999924,1.8002459999999998,1.7981980000000022,0.0038379106294908457,0,2,13107200,my_ring_all_reduce,2,8
1491,1.7996399999999995,1.806169,1.8036403333333328,1.8051119999999987,0.002861388047007184,0,2,13139968,my_ring_all_reduce,2,8
1492,1.804023000000001,1.8074770000000009,1.8053990000000013,1.804697000000002,0.0014949095847796307,0,2,13172736,my_ring_all_reduce,2,8
1493,1.8023249999999988,1.8096839999999974,1.8053983333333326,1.8041860000000016,0.0031242102290897776,0,2,13205504,my_ring_all_reduce,2,8
1494,1.8091740000000027,1.8100710000000009,1.8097499999999977,1.81000499999999,0.00040818378213429397,0,2,13238272,my_ring_all_reduce,2,8
1495,1.8088549999999988,1.8120200000000042,1.8100603333333343,1.8093059999999996,0.0013978722720247101,0,2,13271040,my_ring_all_reduce,2,8
1496,1.8096570000000047,1.8132700000000004,1.8113730000000017,1.8111920000000001,0.0014805433687203214,0,2,13303808,my_ring_all_reduce,2,8
1497,1.815126000000002,1.8171110000000081,1.816289666666668,1.8166319999999943,0.0008457542327554747,0,2,13336576,my_ring_all_reduce,2,8
1498,1.8168849999999912,1.822263,1.8186883333333295,1.8169169999999977,0.0025277047999259722,0,2,13369344,my_ring_all_reduce,2,8
1499,1.8197359999999971,1.8241150000000008,1.821441666666663,1.820473999999991,0.0019141916193438034,0,2,13402112,my_ring_all_reduce,2,8
1500,1.8235719999999984,1.8253690000000007,1.8242899999999989,1.8239289999999984,0.0007767637993635172,0,2,13434880,my_ring_all_reduce,2,8
1501,1.824757999999998,1.8268080000000009,1.8258469999999993,1.8259749999999986,0.0008417889680130539,0,2,13467648,my_ring_all_reduce,2,8
1502,1.8260679999999994,1.826869000000006,1.8264420000000012,1.8263889999999992,0.0003291473834043319,0,2,13500416,my_ring_all_reduce,2,8
1503,1.8607269999999954,1.8609829999999985,1.860865333333332,1.8608860000000023,0.0001055283005764987,0,2,13533184,my_ring_all_reduce,2,8
1504,1.8716389999999992,1.8827109999999976,1.877442,1.8779760000000034,0.004535869119216583,0,2,13565952,my_ring_all_reduce,2,8
1505,1.8820060000000003,1.8861009999999998,1.884052666666668,1.8840510000000033,0.0016717771648423196,0,2,13598720,my_ring_all_reduce,2,8
1506,1.8942299999999996,1.8966629999999995,1.8953606666666658,1.8951889999999985,0.0010006578946984213,0,2,13631488,my_ring_all_reduce,2,8
1507,1.9029959999999975,1.9042759999999999,1.9038396666666657,1.9042469999999994,0.0005966798881226828,0,2,13664256,my_ring_all_reduce,2,8
1508,1.9070319999999947,1.912565000000006,1.9099223333333342,1.910170000000002,0.002265616374317751,0,2,13697024,my_ring_all_reduce,2,8
1509,1.9085,1.9108359999999993,1.909876,1.9102920000000003,0.0009980033400075565,0,2,13729792,my_ring_all_reduce,2,8
1510,1.9164999999999963,1.9179440000000005,1.9171956666666652,1.9171429999999983,0.0005906856656103924,0,2,13762560,my_ring_all_reduce,2,8
1511,1.9166630000000004,1.921235999999999,1.9186983333333334,1.918196000000001,0.0019004098388382034,0,2,13795328,my_ring_all_reduce,2,8
1512,1.9204379999999983,1.9221680000000014,1.9211420000000003,1.9208200000000006,0.000742063788813536,0,2,13828096,my_ring_all_reduce,2,8
1513,1.9198610000000027,1.9217520000000003,1.9207153333333329,1.9205329999999958,0.0007826895226640618,0,2,13860864,my_ring_all_reduce,2,8
1514,1.9242789999999987,1.925109999999997,1.9248226666666646,1.925078999999998,0.00038463864715915474,0,2,13893632,my_ring_all_reduce,2,8
1515,1.925844999999994,1.9307419999999949,1.9278933333333292,1.927092999999999,0.002077747551770369,0,2,13926400,my_ring_all_reduce,2,8
1516,1.928053,1.9326280000000007,1.9301753333333327,1.9298449999999976,0.0018822851950640138,0,2,13959168,my_ring_all_reduce,2,8
1517,1.9273510000000025,1.9338459999999942,1.929803999999999,1.9282150000000002,0.0028798086741969537,0,2,13991936,my_ring_all_reduce,2,8
1518,1.9358939999999967,1.9409490000000005,1.9377309999999996,1.9363500000000022,0.002283072053178139,0,2,14024704,my_ring_all_reduce,2,8
1519,1.9334299999999984,1.936885000000004,1.9353066666666674,1.9356049999999996,0.0014261856665811817,0,2,14057472,my_ring_all_reduce,2,8
1520,1.9316719999999996,1.940213000000007,1.9357443333333364,1.9353480000000018,0.0034980928454769735,0,2,14090240,my_ring_all_reduce,2,8
1521,1.9343560000000035,1.9388689999999988,1.9365753333333353,1.9365010000000038,0.0018431741341722785,0,2,14123008,my_ring_all_reduce,2,8
1522,1.9400230000000047,1.9411119999999973,1.9406743333333336,1.940887999999999,0.00046955321553498905,0,2,14155776,my_ring_all_reduce,2,8
1523,2.035286,2.0378800000000012,2.036151666666666,2.035288999999997,0.0012221168338414376,0,2,14188544,my_ring_all_reduce,2,8
1524,2.050484999999999,2.0571079999999964,2.0543979999999977,2.055600999999999,0.002834482786446662,0,2,14221312,my_ring_all_reduce,2,8
1525,2.0568859999999995,2.0650120000000043,2.060384000000001,2.0592539999999993,0.003412295805858794,0,2,14254080,my_ring_all_reduce,2,8
1526,2.0581659999999973,2.0695260000000015,2.0633399999999997,2.0623280000000004,0.004692583368112081,0,2,14286848,my_ring_all_reduce,2,8
1527,2.067383000000001,2.069877999999997,2.068992999999999,2.069717999999999,0.0011403142841618352,0,2,14319616,my_ring_all_reduce,2,8
1528,2.0722780000000003,2.0726929999999957,2.0724383333333325,2.072344000000001,0.00018208117847466705,0,2,14352384,my_ring_all_reduce,2,8
1529,2.076248999999999,2.0795410000000047,2.0782516666666684,2.078965000000002,0.001435490469803044,0,2,14385152,my_ring_all_reduce,2,8
1530,2.0818159999999954,2.0874150000000027,2.0846519999999993,2.0847249999999997,0.002286364946083675,0,2,14417920,my_ring_all_reduce,2,8
1531,2.0826460000000027,2.0925009999999946,2.0887893333333323,2.091220999999998,0.004375310147733733,0,2,14450688,my_ring_all_reduce,2,8
1532,2.0837040000000027,2.0870310000000027,2.0858363333333343,2.0867739999999975,0.0015114333888351487,0,2,14483456,my_ring_all_reduce,2,8
1533,2.0944519999999995,2.0988399999999983,2.095925333333334,2.094484000000004,0.0020610219687205622,0,2,14516224,my_ring_all_reduce,2,8
1534,2.0989649999999966,2.1035379999999986,2.100851666666665,2.100052,0.0019506720779150282,0,2,14548992,my_ring_all_reduce,2,8
1535,2.1059399999999986,2.1106109999999974,2.107561999999998,2.1061349999999983,0.002157437832244012,0,2,14581760,my_ring_all_reduce,2,8
1536,2.104116999999991,2.1176189999999977,2.11069733333333,2.110356000000001,0.0055174500350177146,0,2,14614528,my_ring_all_reduce,2,8
1537,2.1142600000000003,2.126964999999993,2.118847999999998,2.1153190000000013,0.005755845550391266,0,2,14647296,my_ring_all_reduce,2,8
1538,2.127346999999998,2.131763999999999,2.1297169999999994,2.130040000000001,0.0018176393114885774,0,2,14680064,my_ring_all_reduce,2,8
1539,2.1368540000000023,2.1451390000000012,2.1421220000000023,2.1443730000000034,0.003738141873533745,0,2,14712832,my_ring_all_reduce,2,8
1540,2.1519249999999994,2.155636000000002,2.154047666666668,2.154582000000002,0.0015614126794538956,0,2,14745600,my_ring_all_reduce,2,8
1541,2.168563999999995,2.1763089999999976,2.1731933333333315,2.1747070000000024,0.0033381278518906776,0,2,14778368,my_ring_all_reduce,2,8
1542,2.1834789999999993,2.1889150000000046,2.186378666666668,2.1867419999999993,0.00223405943420594,0,2,14811136,my_ring_all_reduce,2,8
1543,2.199317,2.2057790000000006,2.2031343333333337,2.204307000000001,0.00276534763737886,0,2,14843904,my_ring_all_reduce,2,8
1544,2.216721999999998,2.2238600000000024,2.2209583333333343,2.2222930000000014,0.0030630880206473847,0,2,14876672,my_ring_all_reduce,2,8
1545,2.2334299999999967,2.2386740000000027,2.2362353333333327,2.2366019999999973,0.0021564967475589114,0,2,14909440,my_ring_all_reduce,2,8
1546,2.2450430000000017,2.2486609999999962,2.2465379999999997,2.2459100000000016,0.0015423508031548255,0,2,14942208,my_ring_all_reduce,2,8
1547,2.2612059999999996,2.2656550000000006,2.2628909999999993,2.2618119999999973,0.001970039085907584,0,2,14974976,my_ring_all_reduce,2,8
1548,2.2746129999999978,2.2866790000000004,2.282314,2.2856500000000013,0.005461609103553211,0,2,15007744,my_ring_all_reduce,2,8
1549,2.2906759999999995,2.300052999999998,2.296138333333333,2.2976860000000014,0.003981497736056132,0,2,15040512,my_ring_all_reduce,2,8
1550,2.3089500000000025,2.312565999999999,2.3105919999999984,2.3102599999999947,0.0014947757914362315,0,2,15073280,my_ring_all_reduce,2,8
1551,2.327668999999998,2.328949000000004,2.3283520000000006,2.3284379999999993,0.0005260842771545238,0,2,15106048,my_ring_all_reduce,2,8
1552,2.3244659999999984,2.3323420000000006,2.327295333333331,2.325077999999994,0.003577267983005442,0,2,15138816,my_ring_all_reduce,2,8
1553,2.333779999999999,2.3456179999999986,2.3388786666666643,2.3372379999999957,0.004970137579137756,0,2,15171584,my_ring_all_reduce,2,8
1554,2.345173999999999,2.3474429999999957,2.3466339999999946,2.347284999999989,0.001034389030616839,0,2,15204352,my_ring_all_reduce,2,8
1555,2.3604359999999978,2.3659390000000093,2.363241333333336,2.3633489999999995,0.002247879939463666,0,2,15237120,my_ring_all_reduce,2,8
1556,2.36882,2.3857160000000075,2.374857333333335,2.3700359999999985,0.007694268227428455,0,2,15269888,my_ring_all_reduce,2,8
1557,2.379732,2.387475000000002,2.383005666666668,2.3818100000000015,0.003272178309458894,0,2,15302656,my_ring_all_reduce,2,8
1558,2.4032480000000005,2.411696,2.4085503333333347,2.410707000000004,0.0037709931789330496,0,2,15335424,my_ring_all_reduce,2,8
1559,2.4113139999999986,2.415732999999997,2.414024999999999,2.415028000000002,0.0019384524755588653,0,2,15368192,my_ring_all_reduce,2,8
1560,2.388949000000004,2.4072209999999976,2.3996900000000037,2.4029000000000087,0.007797203387538583,0,2,15400960,my_ring_all_reduce,2,8
1561,2.406642999999997,2.4131720000000003,2.4092776666666706,2.4080180000000144,0.002810341655780636,0,2,15433728,my_ring_all_reduce,2,8
1562,2.408723,2.4112199999999975,2.409565666666665,2.4087539999999974,0.0011698587759016409,0,2,15466496,my_ring_all_reduce,2,8
1563,2.359543000000001,2.3769459999999962,2.3673799999999985,2.365650999999998,0.007209169300271284,0,2,15499264,my_ring_all_reduce,2,8
1564,2.3709339999999957,2.379093000000003,2.3758713333333334,2.3775870000000014,0.00354494516491358,0,2,15532032,my_ring_all_reduce,2,8
1565,2.383861000000001,2.3945159999999923,2.390431666666665,2.3929180000000017,0.004691740709892948,0,2,15564800,my_ring_all_reduce,2,8
1566,2.403186999999998,2.408308000000005,2.405044666666668,2.403639000000001,0.002314891550138067,0,2,15597568,my_ring_all_reduce,2,8
1567,2.4003709999999994,2.4105149999999957,2.4061856666666643,2.4076709999999983,0.004272379924844085,0,2,15630336,my_ring_all_reduce,2,8
1568,2.408568000000003,2.416273999999998,2.4131303333333336,2.414549000000001,0.003302026684054752,0,2,15663104,my_ring_all_reduce,2,8
1569,2.4191569999999993,2.424339999999993,2.4214816666666628,2.4209479999999965,0.002149336693543109,0,2,15695872,my_ring_all_reduce,2,8
1570,2.3407240000000007,2.352247999999989,2.3458773333333296,2.3446599999999997,0.004782751602251482,0,2,15728640,my_ring_all_reduce,2,8
1571,2.353620000000001,2.3660349999999926,2.3586976666666644,2.3564379999999994,0.0053142968386089935,0,2,15761408,my_ring_all_reduce,2,8
1572,2.3643410000000005,2.373905999999999,2.370441000000001,2.373076000000003,0.0043266403440391675,0,2,15794176,my_ring_all_reduce,2,8
1573,2.3712820000000012,2.3730419999999994,2.372349000000002,2.3727230000000055,0.0007656400372674464,0,2,15826944,my_ring_all_reduce,2,8
1574,2.3725309999999973,2.3872540000000044,2.3807029999999996,2.382323999999997,0.006118954867189132,0,2,15859712,my_ring_all_reduce,2,8
1575,2.3763699999999983,2.391255000000001,2.3818759999999988,2.378002999999997,0.006665378358854583,0,2,15892480,my_ring_all_reduce,2,8
1576,2.3889199999999966,2.3974290000000003,2.3928756666666664,2.392278000000002,0.003499397503699439,0,2,15925248,my_ring_all_reduce,2,8
1577,2.4014289999999985,2.408691000000003,2.4044356666666675,2.4031870000000017,0.0030933840513098975,0,2,15958016,my_ring_all_reduce,2,8
1578,2.4011460000000007,2.4548020000000004,2.422015666666667,2.4100989999999984,0.023469793243420363,0,2,15990784,my_ring_all_reduce,2,8
1579,2.4506150000000053,2.55026,2.516800000000002,2.5495250000000014,0.046800824244876284,0,2,16023552,my_ring_all_reduce,2,8
1580,2.578487000000001,2.588853000000003,2.5843833333333337,2.5858099999999977,0.004350480612019644,0,2,16056320,my_ring_all_reduce,2,8
1581,2.412115000000007,2.424469000000001,2.416766333333335,2.4137149999999967,0.005485636112206658,0,2,16089088,my_ring_all_reduce,2,8
1582,2.4221000000000132,2.425557999999994,2.423413333333336,2.422582000000002,0.0015292214431535972,0,2,16121856,my_ring_all_reduce,2,8
1583,2.418484999999997,2.425586999999996,2.421960999999997,2.4218109999999977,0.0029013187806004414,0,2,16154624,my_ring_all_reduce,2,8
1584,2.387474999999995,2.4056500000000005,2.3958909999999993,2.3945480000000026,0.007480436395471608,0,2,16187392,my_ring_all_reduce,2,8
1585,2.397270999999999,2.400405000000001,2.3989429999999987,2.3991529999999965,0.0012880383017085458,0,2,16220160,my_ring_all_reduce,2,8
1586,2.402868000000006,2.4067080000000005,2.4047993333333357,2.4048220000000002,0.0015677553664018573,0,2,16252928,my_ring_all_reduce,2,8
1587,2.405684,2.413970999999998,2.409586999999999,2.409105999999998,0.003400207150551447,0,2,16285696,my_ring_all_reduce,2,8
1588,2.4033789999999935,2.409743999999999,2.407569666666664,2.4095859999999996,0.0029639507793211345,0,2,16318464,my_ring_all_reduce,2,8
1589,2.3762469999999922,2.380277,2.3786143333333314,2.3793190000000015,0.0017190387494862287,0,2,16351232,my_ring_all_reduce,2,8
1590,2.3803380000000036,2.3906119999999973,2.386162666666667,2.387537999999999,0.0043056107064541275,0,2,16384000,my_ring_all_reduce,2,8
1591,2.3910270000000002,2.401779999999995,2.397065000000001,2.3983880000000064,0.0044884666275528985,0,2,16416768,my_ring_all_reduce,2,8
1592,2.386834999999999,2.4085010000000038,2.399284333333334,2.402517,0.009135698817765348,0,2,16449536,my_ring_all_reduce,2,8
1593,2.3976509999999993,2.4049170000000033,2.400457333333335,2.398804000000002,0.003188397960663714,0,2,16482304,my_ring_all_reduce,2,8
1594,2.4025809999999983,2.4152849999999964,2.4079979999999983,2.4061280000000007,0.005352294149862673,0,2,16515072,my_ring_all_reduce,2,8
1595,2.4031259999999985,2.408466,2.4052683333333333,2.404213,0.0023042274675528058,0,2,16547840,my_ring_all_reduce,2,8
1596,2.4049810000000016,2.4680529999999927,2.4300379999999993,2.4170800000000034,0.02733071067498537,0,2,16580608,my_ring_all_reduce,2,8
1597,2.4779390000000023,2.5575560000000004,2.529545333333333,2.553140999999996,0.03653567467862182,0,2,16613376,my_ring_all_reduce,2,8
1598,2.617329999999998,2.6267740000000015,2.621064666666667,2.6190900000000004,0.0041005499902125354,0,2,16646144,my_ring_all_reduce,2,8
1599,2.412756999999998,2.4287879999999933,2.4210453333333315,2.421591000000002,0.006555992390340333,0,2,16678912,my_ring_all_reduce,2,8
1600,2.419828999999998,2.4255269999999984,2.423444666666665,2.424977999999998,0.002566467654622481,0,2,16711680,my_ring_all_reduce,2,8
1601,2.419954999999998,2.4377819999999994,2.4305376666666634,2.433875999999993,0.007651092921203108,0,2,16744448,my_ring_all_reduce,2,8
1602,2.3990269999999985,2.403892,2.4012253333333313,2.400756999999996,0.0020135471740750357,0,2,16777216,my_ring_all_reduce,2,8
1603,2.401329999999998,2.406355,2.4038816666666665,2.4039600000000005,0.002052195301514717,0,2,16777216,my_ring_all_reduce,2,8
1604,2.4137439999999994,2.4182280000000045,2.415944,2.415859999999997,0.0018315487071531812,0,2,16908288,my_ring_all_reduce,2,8
1605,2.420370000000003,2.426934000000001,2.423604000000002,2.4235080000000018,0.002680601425052996,0,2,17039360,my_ring_all_reduce,2,8
1606,2.405459000000001,2.4123730000000014,2.4089686666666674,2.4090740000000004,0.0028236112023831096,0,2,17170432,my_ring_all_reduce,2,8
1607,2.4088209999999997,2.4147690000000037,2.4114863333333365,2.410869000000006,0.0024671848104459273,0,2,17301504,my_ring_all_reduce,2,8
1608,2.4101309999999976,2.4185159999999977,2.414110666666664,2.413684999999998,0.003436369240281919,0,2,17432576,my_ring_all_reduce,2,8
1609,2.4140049999999937,2.423573000000006,2.4194340000000008,2.420724000000002,0.004011211870084602,0,2,17563648,my_ring_all_reduce,2,8
1610,2.394322999999993,2.403894999999997,2.3996593333333305,2.4007600000000022,0.0039845030081856045,0,2,17694720,my_ring_all_reduce,2,8
1611,2.401971000000005,2.407861000000001,2.404414333333335,2.4034109999999993,0.0025070611391727264,0,2,17825792,my_ring_all_reduce,2,8
1612,2.4075390000000008,2.4108319999999988,2.4087119999999973,2.4077649999999924,0.0015019030150675901,0,2,17956864,my_ring_all_reduce,2,8
1613,2.410708000000004,2.4128189999999994,2.4114223333333342,2.4107399999999997,0.0009876788726874718,0,2,18087936,my_ring_all_reduce,2,8
1614,2.410772,2.4184489999999967,2.4147266666666654,2.414958999999999,0.0031384249057258506,0,2,18219008,my_ring_all_reduce,2,8
1615,2.421398000000005,2.4235729999999966,2.4227303333333357,2.423220000000005,0.0009530604504530117,0,2,18350080,my_ring_all_reduce,2,8
1616,2.4168839999999983,2.4200189999999986,2.4179719999999985,2.417012999999999,0.0014484053300095239,0,2,18481152,my_ring_all_reduce,2,8
1617,2.4182900000000047,2.4277989999999954,2.4218123333333335,2.419348,0.00425519089530967,0,2,18612224,my_ring_all_reduce,2,8
1618,2.393777000000002,2.3966640000000003,2.3949430000000023,2.3943880000000046,0.0012422321307484936,0,2,18743296,my_ring_all_reduce,2,8
1619,2.395096000000005,2.3982289999999993,2.3962560000000024,2.395443000000003,0.0014022954990515703,0,2,18874368,my_ring_all_reduce,2,8
1620,2.402197000000002,2.4078950000000003,2.4042033333333346,2.402518000000002,0.002613689899143546,0,2,19005440,my_ring_all_reduce,2,8
1621,2.404054000000001,2.4119199999999927,2.4083186666666645,2.4089819999999995,0.0032453553820091293,0,2,19136512,my_ring_all_reduce,2,8
1622,2.4147730000000065,2.417939999999999,2.415968000000004,2.4151910000000063,0.0014048176631352328,0,2,19267584,my_ring_all_reduce,2,8
1623,2.408467000000001,2.412533000000003,2.4104626666666675,2.410387999999999,0.0016607769935259972,0,2,19398656,my_ring_all_reduce,2,8
1624,2.3889439999999995,2.397749000000001,2.3932350000000002,2.3930119999999997,0.0035980831007641424,0,2,19529728,my_ring_all_reduce,2,8
1625,2.400340000000004,2.4036710000000023,2.402303666666669,2.4029,0.0014237509925846643,0,2,19660800,my_ring_all_reduce,2,8
1626,2.4140030000000006,2.4163090000000014,2.4154443333333337,2.416020999999999,0.0010259361037066102,0,2,19791872,my_ring_all_reduce,2,8
1627,2.4290470000000006,2.442643000000002,2.4350193333333334,2.4333679999999984,0.00567203551548286,0,2,19922944,my_ring_all_reduce,2,8
1628,2.4212990000000008,2.4246930000000013,2.4224416666666695,2.421333000000006,0.0015919935789922522,0,2,20054016,my_ring_all_reduce,2,8
1629,2.4429959999999955,2.444723000000002,2.4439236666666657,2.4440519999999997,0.0007108606677068965,0,2,20185088,my_ring_all_reduce,2,8
1630,2.459638000000006,2.4724030000000004,2.4668473333333356,2.4685010000000003,0.00534086549373732,0,2,20316160,my_ring_all_reduce,2,8
1631,2.4284360000000054,2.4333350000000062,2.430997333333337,2.4312209999999994,0.002006251950501074,0,2,20447232,my_ring_all_reduce,2,8
1632,2.4427109999999956,2.448502000000004,2.4450779999999996,2.4440209999999998,0.002479496857566618,0,2,20578304,my_ring_all_reduce,2,8
1633,2.466229000000001,2.4685669999999993,2.467573666666666,2.4679249999999975,0.0009862850613388417,0,2,20709376,my_ring_all_reduce,2,8
1634,2.4826450000000007,2.4839230000000025,2.483251000000001,2.4831849999999998,0.0005238243980580571,0,2,20840448,my_ring_all_reduce,2,8
1635,2.499986999999999,2.500789000000008,2.500307333333336,2.500146000000001,0.00034672018818004984,0,2,20971520,my_ring_all_reduce,2,8
1636,2.5093290000000126,2.514900999999989,2.5121473333333335,2.5122119999999994,0.0022752190126472697,0,2,21102592,my_ring_all_reduce,2,8
1637,2.5194770000000006,2.5228359999999923,2.5215143333333296,2.522229999999996,0.0014617009117962529,0,2,21233664,my_ring_all_reduce,2,8
1638,2.5311549999999987,2.539220000000001,2.5356149999999977,2.536469999999994,0.0033475687695206056,0,2,21364736,my_ring_all_reduce,2,8
1639,2.5549969999999993,2.5622930000000053,2.557524666666668,2.555284,0.0033737560011911994,0,2,21495808,my_ring_all_reduce,2,8
1640,2.567057999999997,2.5724999999999985,2.569288666666664,2.5683079999999974,0.002327390718284785,0,2,21626880,my_ring_all_reduce,2,8
1641,2.596278000000002,2.5991890000000093,2.597674333333338,2.597556000000002,0.0011913528258088912,0,2,21757952,my_ring_all_reduce,2,8
1642,2.6527240000000014,2.657618000000006,2.655091000000004,2.6549310000000044,0.0020011678257143076,0,2,21889024,my_ring_all_reduce,2,8
1643,2.696307000000002,2.700404999999999,2.6987926666666673,2.699666000000001,0.0017833366355100122,0,2,22020096,my_ring_all_reduce,2,8
1644,2.7593140000000016,2.762355999999998,2.7610546666666664,2.761494000000001,0.001280156587642842,0,2,22151168,my_ring_all_reduce,2,8
1645,2.8139399999999988,2.8154429999999975,2.814867333333332,2.815219000000001,0.0006620696505823227,0,2,22282240,my_ring_all_reduce,2,8
1646,2.8565289999999988,2.8589290000000074,2.857609000000003,2.8573690000000025,0.0009943842315759976,0,2,22413312,my_ring_all_reduce,2,8
1647,2.910197,2.913809000000001,2.9117313333333343,2.911188000000002,0.0015238207097805453,0,2,22544384,my_ring_all_reduce,2,8
1648,2.9542249999999988,2.9600459999999984,2.957403333333333,2.9579390000000023,0.00240641009712729,0,2,22675456,my_ring_all_reduce,2,8
1649,3.010004999999994,3.0113420000000004,3.0104606666666633,3.0100349999999962,0.0006233171120909518,0,2,22806528,my_ring_all_reduce,2,8
1650,3.048402000000002,3.0541939999999923,3.0518906666666656,3.053076000000003,0.0025087284074223745,0,2,22937600,my_ring_all_reduce,2,8
1651,3.0868980000000046,3.0925960000000003,3.0889360000000003,3.087313999999995,0.0025935771950468182,0,2,23068672,my_ring_all_reduce,2,8
1652,3.089327999999998,3.097235000000008,3.093755666666668,3.094703999999998,0.003296934367294211,0,2,23199744,my_ring_all_reduce,2,8
1653,3.0907720000000047,3.0917000000000043,3.0911980000000017,3.091121999999996,0.0003826469216745089,0,2,23330816,my_ring_all_reduce,2,8
1654,3.097201999999996,3.099826000000008,3.0981946666666684,3.097556000000002,0.0011625447183798885,0,2,23461888,my_ring_all_reduce,2,8
1655,3.1004300000000002,3.1056460000000006,3.1031523333333317,3.103380999999994,0.0021355530639364786,0,2,23592960,my_ring_all_reduce,2,8
1656,3.099315999999999,3.101138000000003,3.099997333333332,3.0995379999999932,0.0008116490757876031,0,2,23724032,my_ring_all_reduce,2,8
1657,3.1010730000000004,3.1060009999999965,3.1038686666666657,3.1045319999999994,0.002065801593139127,0,2,23855104,my_ring_all_reduce,2,8
1658,3.104020000000004,3.108754,3.1065253333333307,3.106801999999989,0.0019425236735270007,0,2,23986176,my_ring_all_reduce,2,8
1659,3.1103200000000015,3.1120840000000136,3.111409666666671,3.111824999999998,0.0007777318875379248,0,2,24117248,my_ring_all_reduce,2,8
1660,3.1163360000000004,3.1182259999999915,3.1175749999999987,3.118163000000004,0.0008764827436963743,0,2,24248320,my_ring_all_reduce,2,8
1661,3.1156620000000004,3.121551999999996,3.1178303333333304,3.116276999999995,0.0026435655635681636,0,2,24379392,my_ring_all_reduce,2,8
1662,3.1157309999999927,3.122384000000009,3.1199433333333353,3.121715000000004,0.002991064953423059,0,2,24510464,my_ring_all_reduce,2,8
1663,3.121489999999998,3.1258139999999988,3.123134333333333,3.122099000000002,0.0019110521244123174,0,2,24641536,my_ring_all_reduce,2,8
1664,3.1221289999999993,3.1248169999999993,3.1231866666666654,3.122613999999998,0.0011696997715465915,0,2,24772608,my_ring_all_reduce,2,8
1665,3.124081999999995,3.1313499999999985,3.126813666666665,3.125008999999999,0.0032299197444458426,0,2,24903680,my_ring_all_reduce,2,8
1666,3.1341919999999983,3.135701000000001,3.1350166666666652,3.1351569999999973,0.0006239873574226771,0,2,25034752,my_ring_all_reduce,2,8
1667,3.132725999999999,3.135568000000007,3.1337146666666658,3.1328499999999915,0.0013114819437959674,0,2,25165824,my_ring_all_reduce,2,8
1668,3.140723000000001,3.1448799999999992,3.1429726666666653,3.143314999999995,0.0017142649218305987,0,2,25296896,my_ring_all_reduce,2,8
1669,3.1446250000000036,3.149651,3.1477933333333357,3.149104000000003,0.0022514520252977445,0,2,25427968,my_ring_all_reduce,2,8
1670,3.149681000000004,3.1529119999999966,3.1509933333333335,3.150386999999999,0.0013869800126706923,0,2,25559040,my_ring_all_reduce,2,8
1671,3.149140000000003,3.1521149999999944,3.1507389999999984,3.1509619999999985,0.0012247320795414735,0,2,25690112,my_ring_all_reduce,2,8
1672,3.157970999999994,3.1599239999999993,3.1588883333333317,3.1587700000000023,0.0008016875257179895,0,2,25821184,my_ring_all_reduce,2,8
1673,3.1621279999999987,3.16757,3.164795666666666,3.1646889999999988,0.002222967136259835,0,2,25952256,my_ring_all_reduce,2,8
1674,3.1620019999999998,3.169585999999996,3.165126666666667,3.163792000000005,0.003236795260058824,0,2,26083328,my_ring_all_reduce,2,8
1675,3.166130000000003,3.176340999999993,3.1721463333333335,3.1739680000000043,0.004363101521723178,0,2,26214400,my_ring_all_reduce,2,8
1676,3.1871550000000135,3.1896489999999984,3.188668333333336,3.1892009999999957,0.001085605616943543,0,2,26345472,my_ring_all_reduce,2,8
1677,3.2011700000000056,3.2099390000000056,3.2044880000000036,3.202355,0.0038846799095946525,0,2,26476544,my_ring_all_reduce,2,8
1678,3.2283379999999924,3.2324669999999935,3.2297459999999947,3.228432999999997,0.001924428399983884,0,2,26607616,my_ring_all_reduce,2,8
1679,3.2475699999999996,3.2515710000000073,3.2493190000000034,3.248816000000003,0.0016716772016980872,0,2,26738688,my_ring_all_reduce,2,8
1680,3.265393,3.2730099999999984,3.269019,3.2686540000000024,0.003120319534918698,0,2,26869760,my_ring_all_reduce,2,8
1681,3.282130000000005,3.2904130000000005,3.285680000000003,3.284497000000003,0.0034834503010646653,0,2,27000832,my_ring_all_reduce,2,8
1682,3.3058379999999996,3.308273000000001,3.3072693333333323,3.3076969999999966,0.001039063788010968,0,2,27131904,my_ring_all_reduce,2,8
1683,3.324656,3.3316319999999977,3.327696666666666,3.326802,0.002917357860956189,0,2,27262976,my_ring_all_reduce,2,8
1684,3.350962000000014,3.3525290000000005,3.351590666666675,3.35128100000001,0.0006761618806774135,0,2,27394048,my_ring_all_reduce,2,8
1685,3.369778,3.372816999999999,3.371014666666667,3.3704490000000007,0.0013035501098490117,0,2,27525120,my_ring_all_reduce,2,8
1686,3.382577000000003,3.3861299999999974,3.3848286666666674,3.3857790000000025,0.001598604043809371,0,2,27656192,my_ring_all_reduce,2,8
1687,3.4004330000000027,3.4062569999999908,3.4032913333333306,3.4031839999999995,0.0023788490681137192,0,2,27787264,my_ring_all_reduce,2,8
1688,3.415220000000001,3.4183239999999997,3.4166373333333353,3.4163680000000043,0.001281433919048033,0,2,27918336,my_ring_all_reduce,2,8
1689,3.4296489999999977,3.433232,3.4314726666666675,3.431537000000004,0.0014634608144936114,0,2,28049408,my_ring_all_reduce,2,8
1690,3.4452949999999984,3.449008000000016,3.447302333333338,3.4476039999999992,0.0015307611033651683,0,2,28180480,my_ring_all_reduce,2,8
1691,3.4636010000000024,3.4672199999999904,3.465275666666662,3.465005999999994,0.0014897047432992313,0,2,28311552,my_ring_all_reduce,2,8
1692,3.4717639999999883,3.4738430000000045,3.472520666666664,3.471954999999998,0.0009382765524617053,0,2,28442624,my_ring_all_reduce,2,8
1693,3.475917999999998,3.4774550000000017,3.476772333333335,3.4769440000000067,0.000639111014528521,0,2,28573696,my_ring_all_reduce,2,8
1694,3.479888,3.4842419999999983,3.481477999999999,3.4803039999999994,0.0019618080096339995,0,2,28704768,my_ring_all_reduce,2,8
1695,3.486417000000001,3.48843,3.487333333333334,3.487153,0.0008316378752527448,0,2,28835840,my_ring_all_reduce,2,8
1696,3.5216809999999996,3.524785,3.5230669999999975,3.5227349999999933,0.0012887647832977788,0,2,28966912,my_ring_all_reduce,2,8
1697,3.5740000000000003,3.5813909999999978,3.577658333333332,3.577583999999998,0.003017820884161738,0,2,29097984,my_ring_all_reduce,2,8
1698,3.620496999999996,3.6332020000000003,3.625563999999997,3.622992999999995,0.005496167573866744,0,2,29229056,my_ring_all_reduce,2,8
1699,3.679407999999996,3.687596999999998,3.6839296666666654,3.684784000000003,0.003397287578186141,0,2,29360128,my_ring_all_reduce,2,8
1700,3.729134999999991,3.734161000000002,3.732356999999998,3.7337750000000014,0.0022837413747379175,0,2,29491200,my_ring_all_reduce,2,8
1701,3.7709890000000015,3.7755360000000073,3.773967000000003,3.775376,0.002106776843111643,0,2,29622272,my_ring_all_reduce,2,8
1702,3.8226720000000096,3.8263520000000026,3.8242083333333383,3.8236010000000022,0.0015625279375257799,0,2,29753344,my_ring_all_reduce,2,8
1703,3.8684000000000016,3.8719820000000036,3.8702230000000006,3.8702869999999967,0.0014630454538400724,0,2,29884416,my_ring_all_reduce,2,8
1704,3.91016,3.914863999999996,3.911962999999997,3.9108649999999963,0.002071409664937241,0,2,30015488,my_ring_all_reduce,2,8
1705,3.9535169999999997,3.956653999999997,3.955268666666665,3.9556349999999987,0.0013066094375211172,0,2,30146560,my_ring_all_reduce,2,8
1706,3.9535499999999812,3.961323999999999,3.9572499999999935,3.9568760000000003,0.0031847214425613467,0,2,30277632,my_ring_all_reduce,2,8
1707,3.9579660000000003,3.9611979999999893,3.9595663333333295,3.959535,0.0013196444807385146,0,2,30408704,my_ring_all_reduce,2,8
1708,3.9630249999999942,3.965965000000002,3.964633000000001,3.964909000000007,0.0012160131578273401,0,2,30539776,my_ring_all_reduce,2,8
1709,3.967952999999998,3.9683039999999927,3.9681756666666623,3.968269999999997,0.00015805976366042377,0,2,30670848,my_ring_all_reduce,2,8
1710,3.967564000000003,3.9709929999999987,3.9695186666666675,3.969999000000002,0.001440497676343474,0,2,30801920,my_ring_all_reduce,2,8
1711,3.9770710000000036,3.979665000000001,3.978490333333335,3.978735000000001,0.0010730347410746674,0,2,30932992,my_ring_all_reduce,2,8
1712,3.9735510000000067,3.9773269999999976,3.975545333333335,3.9757580000000017,0.0015488628803773097,0,2,31064064,my_ring_all_reduce,2,8
1713,3.9783510000000097,3.98248,3.9806226666666737,3.9810370000000113,0.001710928467882375,0,2,31195136,my_ring_all_reduce,2,8
1714,3.9858700000000065,3.9885279999999996,3.9874599999999987,3.987981999999989,0.0011461832314202949,0,2,31326208,my_ring_all_reduce,2,8
1715,3.9890709999999965,3.99393299999999,3.9913636666666577,3.991086999999985,0.0019945207165832624,0,2,31457280,my_ring_all_reduce,2,8
1716,3.9932969999999988,3.9960879999999963,3.9950799999999997,3.9958550000000033,0.0012643546443412714,0,2,31588352,my_ring_all_reduce,2,8
1717,3.997809000000001,3.998446,3.99813766666667,3.9981580000000103,0.0002604513176944703,0,2,31719424,my_ring_all_reduce,2,8
1718,4.003379000000001,4.007117999999999,4.005351333333334,4.005557000000004,0.001533352391185526,0,2,31850496,my_ring_all_reduce,2,8
1719,4.001068999999999,4.003024999999994,4.002212333333333,4.0025430000000055,0.0008320614293551992,0,2,31981568,my_ring_all_reduce,2,8
1720,4.009711999999999,4.011629999999998,4.0105216666666665,4.010223000000002,0.0008110003425117614,0,2,32112640,my_ring_all_reduce,2,8
1721,4.009807999999997,4.013965000000001,4.011726333333333,4.011406000000003,0.0017121375204384845,0,2,32243712,my_ring_all_reduce,2,8
1722,4.017200000000001,4.019214,4.018532666666667,4.019184000000001,0.0009424172230078836,0,2,32374784,my_ring_all_reduce,2,8
1723,4.022414999999979,4.024176,4.023066999999993,4.02261,0.0007882119004485942,0,2,32505856,my_ring_all_reduce,2,8
1724,4.033264999999985,4.038317000000003,4.035427666666666,4.034701000000008,0.002125513166801223,0,2,32636928,my_ring_all_reduce,2,8
1725,4.045485000000001,4.051086999999999,4.0487920000000015,4.0498040000000035,0.0023963456901426087,0,2,32768000,my_ring_all_reduce,2,8
1726,4.059661000000004,4.072396999999997,4.064653333333333,4.061902,0.005551504320649867,0,2,32899072,my_ring_all_reduce,2,8
1727,4.083761999999999,4.090989000000001,4.086809333333334,4.085677,0.0030571246112800947,0,2,33030144,my_ring_all_reduce,2,8
1728,4.1041419999999995,4.109420999999988,4.106786666666664,4.106797000000002,0.0021551551117112116,0,2,33161216,my_ring_all_reduce,2,8
1729,4.124720000000016,4.135725999999991,4.131033666666668,4.132654999999999,0.004637136352907851,0,2,33292288,my_ring_all_reduce,2,8
1730,4.139569,4.145325999999997,4.143151999999997,4.144560999999994,0.002552740096443591,0,2,33423360,my_ring_all_reduce,2,8
1731,4.162611000000001,4.169675999999998,4.165497666666666,4.164205999999998,0.0030254320168999677,0,2,33554432,my_ring_all_reduce,2,8
1732,4.183117,4.187981,4.185250666666672,4.184654000000017,0.0020300463596220415,0,2,33685504,my_ring_all_reduce,2,8
1733,4.197232000000004,4.202893000000004,4.200909999999997,4.2026049999999815,0.0026033950910252517,0,2,33816576,my_ring_all_reduce,2,8
1734,4.217806,4.225422999999996,4.221998999999998,4.222767999999997,0.003156811999468365,0,2,33947648,my_ring_all_reduce,2,8
1735,4.236786999999997,4.253007999999998,4.247547666666662,4.252847999999991,0.0076092207368563545,0,2,34078720,my_ring_all_reduce,2,8
1736,4.258416999999979,4.261195000000007,4.259769999999995,4.259697999999998,0.001135255918295693,0,2,34209792,my_ring_all_reduce,2,8
1737,4.277071,4.282383000000002,4.279695333333337,4.279632000000009,0.0021690772743784394,0,2,34340864,my_ring_all_reduce,2,8
1738,4.299758000000009,4.302959,4.301175999999999,4.300810999999987,0.0013320457950068735,0,2,34471936,my_ring_all_reduce,2,8
1739,4.313040999999999,4.315567999999999,4.313956,4.313259000000002,0.0011433252672205774,0,2,34603008,my_ring_all_reduce,2,8
1740,4.337610000000001,4.342030000000003,4.339819666666666,4.339818999999996,0.0018044575054271285,0,2,34734080,my_ring_all_reduce,2,8
1741,4.3549580000000025,4.355502999999997,4.355204666666667,4.355153000000002,0.00022547480765663797,0,2,34865152,my_ring_all_reduce,2,8
1742,4.372364000000002,4.376558000000012,4.374232666666672,4.373776000000002,0.001742377175653239,0,2,34996224,my_ring_all_reduce,2,8
1743,4.384780999999992,4.385325999999998,4.385123666666664,4.385264000000001,0.00024362037864376608,0,2,35127296,my_ring_all_reduce,2,8
1744,4.400684000000001,4.401041000000005,4.400889000000002,4.400942000000001,0.0001504858797374825,0,2,35258368,my_ring_all_reduce,2,8
1745,4.4196919999999995,4.427504999999997,4.423097333333334,4.422095000000001,0.0032674400104997507,0,2,35389440,my_ring_all_reduce,2,8
1746,4.420559000000009,4.421165999999996,4.420825333333334,4.420750999999998,0.0002533197364724829,0,2,35520512,my_ring_all_reduce,2,8
1747,4.427534,4.4310220000000005,4.429145666666663,4.428880999999991,0.0014362154743949422,0,2,35651584,my_ring_all_reduce,2,8
1748,4.42893999999998,4.433804999999993,4.430871333333322,4.429868999999991,0.00210880065967374,0,2,35782656,my_ring_all_reduce,2,8
1749,4.431438999999998,4.4357889999999935,4.4330589999999965,4.431948999999998,0.0019415972805892916,0,2,35913728,my_ring_all_reduce,2,8
1750,4.435982000000018,4.439981999999996,4.4383183333333385,4.4389910000000015,0.0017008547524281453,0,2,36044800,my_ring_all_reduce,2,8
1751,4.461004000000008,4.463215000000008,4.462105333333338,4.462097,0.000902656203779844,0,2,36175872,my_ring_all_reduce,2,8
1752,4.513262999999996,4.5246539999999955,4.519097000000001,4.519374000000011,0.004654479347897212,0,2,36306944,my_ring_all_reduce,2,8
1753,4.559407999999989,4.576974999999991,4.567299666666661,4.565516000000003,0.007281756763003926,0,2,36438016,my_ring_all_reduce,2,8
1754,4.607052000000003,4.608590000000002,4.608077333333333,4.608589999999993,0.0007250201529741131,0,2,36569088,my_ring_all_reduce,2,8
1755,4.653164000000012,4.65678,4.654817333333333,4.654507999999987,0.001492342528447217,0,2,36700160,my_ring_all_reduce,2,8
1756,4.696589999999989,4.702281999999999,4.698646999999997,4.697069,0.002577761173320845,0,2,36831232,my_ring_all_reduce,2,8
1757,4.738347000000002,4.748780000000003,4.744151,4.745325999999994,0.004339534614064405,0,2,36962304,my_ring_all_reduce,2,8
1758,4.784520999999997,4.795883999999995,4.789365999999998,4.787693000000003,0.004787388919510297,0,2,37093376,my_ring_all_reduce,2,8
1759,4.833901999999998,4.84039699999999,4.836643666666663,4.835632,0.0027463743776475545,0,2,37224448,my_ring_all_reduce,2,8
1760,4.833643999999993,4.8424780000000025,4.837911666666666,4.837613000000001,0.0036126435688539453,0,2,37355520,my_ring_all_reduce,2,8
1761,4.8362039999999995,4.840334000000007,4.838818333333333,4.8399169999999945,0.001856434994523738,0,2,37486592,my_ring_all_reduce,2,8
1762,4.849292000000009,4.853739000000005,4.851467666666671,4.851371999999996,0.0018167399985186301,0,2,37617664,my_ring_all_reduce,2,8
1763,4.842156999999989,4.853679000000004,4.848855999999998,4.850732000000002,0.004887306893037528,0,2,37748736,my_ring_all_reduce,2,8
1764,4.856881000000001,4.858507,4.857826666666669,4.8580920000000045,0.0006898165617676963,0,2,37879808,my_ring_all_reduce,2,8
1765,4.862317999999999,4.863785000000014,4.862913000000003,4.862635999999998,0.000630115862368872,0,2,38010880,my_ring_all_reduce,2,8
1766,4.864013999999999,4.873162999999997,4.867148999999999,4.864270000000001,0.004253824240216684,0,2,38141952,my_ring_all_reduce,2,8
1767,4.866827000000002,4.868939999999981,4.867829666666661,4.867722,0.0008659816523500555,0,2,38273024,my_ring_all_reduce,2,8
1768,4.868139999999996,4.876745999999999,4.872875666666661,4.8737409999999874,0.003566268856320063,0,2,38404096,my_ring_all_reduce,2,8
1769,4.8699330000000005,4.890410999999993,4.877409666666665,4.871885000000001,0.009227804987580995,0,2,38535168,my_ring_all_reduce,2,8
1770,4.876460999999998,4.888746000000021,4.881301666666671,4.878697999999993,0.005342572185350099,0,2,38666240,my_ring_all_reduce,2,8
1771,4.881160999999999,4.882988000000003,4.882026666666667,4.881931000000002,0.0007489309417816517,0,2,38797312,my_ring_all_reduce,2,8
1772,4.879021000000001,4.887945999999997,4.884438666666667,4.886349000000001,0.0038859521641694626,0,2,38928384,my_ring_all_reduce,2,8
1773,4.882506000000001,4.8871159999999945,4.8853766666666685,4.886508000000007,0.002044987584856952,0,2,39059456,my_ring_all_reduce,2,8
1774,4.889416000000003,4.893292999999991,4.891177999999996,4.89082499999999,0.0016023397475730628,0,2,39190528,my_ring_all_reduce,2,8
1775,4.912458999999996,4.9199469999999925,4.915542666666663,4.914221999999998,0.0031964205327539423,0,2,39321600,my_ring_all_reduce,2,8
1776,4.928620000000007,4.943436000000002,4.933709000000001,4.929070999999998,0.006880491600653515,0,2,39452672,my_ring_all_reduce,2,8
1777,4.947502999999999,4.963276,4.957912666666665,4.962958999999995,0.0073618834697521136,0,2,39583744,my_ring_all_reduce,2,8
1778,4.974316999999999,4.978030999999999,4.9763020000000004,4.976558000000004,0.0015270016371963532,0,2,39714816,my_ring_all_reduce,2,8
1779,4.997871000000006,5.010700000000004,5.002744000000001,4.999660999999993,0.005673004906280714,0,2,39845888,my_ring_all_reduce,2,8
1780,5.012426000000007,5.02945199999999,5.020629666666667,5.0200110000000056,0.0069645880631084445,0,2,39976960,my_ring_all_reduce,2,8
1781,5.038601999999996,5.045769999999991,5.04152533333333,5.0402040000000055,0.0030718612526503325,0,2,40108032,my_ring_all_reduce,2,8
1782,5.057517999999996,5.06983500000001,5.064535000000005,5.0662520000000075,0.0051728901657320855,0,2,40239104,my_ring_all_reduce,2,8
1783,5.088934999999983,5.097517,5.093555999999993,5.094215999999998,0.003534532595226218,0,2,40370176,my_ring_all_reduce,2,8
1784,5.097099999999998,5.103625000000007,5.1004373333333355,5.100587,0.002665921520895609,0,2,40501248,my_ring_all_reduce,2,8
1785,5.119308999999998,5.128843000000001,5.1249290000000025,5.126635000000009,0.004074891900409262,0,2,40632320,my_ring_all_reduce,2,8
1786,5.137322,5.153741000000009,5.146646333333333,5.14887599999999,0.006885949478630281,0,2,40763392,my_ring_all_reduce,2,8
1787,5.150765000000014,5.151342999999997,5.151075000000005,5.151117000000002,0.0002378290702654061,0,2,40894464,my_ring_all_reduce,2,8
1788,5.172298999999999,5.185000999999999,5.176628666666669,5.172586000000011,0.005921293008191481,0,2,41025536,my_ring_all_reduce,2,8
1789,5.19323,5.205771,5.197676666666666,5.194028999999999,0.005732845386213382,0,2,41156608,my_ring_all_reduce,2,8
1790,5.216776000000013,5.223212999999996,5.219498333333338,5.218506000000002,0.0027199615601794925,0,2,41287680,my_ring_all_reduce,2,8
1791,5.224587,5.238504000000016,5.229716666666671,5.226058999999998,0.006242575127487214,0,2,41418752,my_ring_all_reduce,2,8
1792,5.249770000000004,5.251849999999998,5.250655333333335,5.250346000000002,0.0008768752603523167,0,2,41549824,my_ring_all_reduce,2,8
1793,5.260718,5.270827000000002,5.264546666666668,5.262095000000001,0.004476305942280671,0,2,41680896,my_ring_all_reduce,2,8
1794,5.275786999999997,5.283051000000001,5.279465666666668,5.279559000000005,0.0029662498583621962,0,2,41811968,my_ring_all_reduce,2,8
1795,5.301165000000001,5.302828000000007,5.302059333333337,5.3021850000000015,0.0006847073989853753,0,2,41943040,my_ring_all_reduce,2,8
1796,5.317074000000004,5.323084999999999,5.319501333333338,5.318345000000009,0.002586614303590575,0,2,42074112,my_ring_all_reduce,2,8
1797,5.330121999999989,5.334089000000008,5.331967000000001,5.3316900000000045,0.001631322367495318,0,2,42205184,my_ring_all_reduce,2,8
1798,5.350794999999998,5.362345000000001,5.356117666666662,5.355212999999985,0.0047584620297855046,0,2,42336256,my_ring_all_reduce,2,8
1799,5.37441,5.379880999999987,5.376329999999997,5.374699000000004,0.0025137065593721967,0,2,42467328,my_ring_all_reduce,2,8
1800,5.3728739999999995,5.378665999999997,5.3754876666666656,5.374923000000001,0.0023980481414858494,0,2,42598400,my_ring_all_reduce,2,8
1801,5.375914000000006,5.379180000000015,5.377836000000003,5.37841399999999,0.0013945732919672113,0,2,42729472,my_ring_all_reduce,2,8
1802,5.384717000000005,5.389449000000001,5.386975333333331,5.386759999999987,0.0019378222025988553,0,2,42860544,my_ring_all_reduce,2,8
1803,5.384074,5.386218000000002,5.384992333333334,5.384685000000001,0.0009018589443793841,0,2,42991616,my_ring_all_reduce,2,8
1804,5.387916999999998,5.39549500000001,5.390922000000002,5.389353999999999,0.003286384943982635,0,2,43122688,my_ring_all_reduce,2,8
1805,5.391017000000003,5.396266999999986,5.393854999999999,5.39428100000001,0.0021643678060749502,0,2,43253760,my_ring_all_reduce,2,8
1806,5.398475000000006,5.402027000000002,5.399936000000003,5.399306000000001,0.001516981872006714,0,2,43384832,my_ring_all_reduce,2,8
1807,5.433581000000013,5.439531000000003,5.4366206666666725,5.43675,0.0024307982685123916,0,2,43515904,my_ring_all_reduce,2,8
1808,5.474826000000001,5.479081999999998,5.476842333333333,5.476618999999999,0.001744666602979399,0,2,43646976,my_ring_all_reduce,2,8
1809,5.522379000000001,5.5243620000000035,5.523274333333338,5.523082000000009,0.0008209004541090471,0,2,43778048,my_ring_all_reduce,2,8
1810,5.569801000000002,5.579533000000001,5.575391333333333,5.576839999999996,0.004103001530044705,0,2,43909120,my_ring_all_reduce,2,8
1811,5.6111150000000025,5.6155950000000034,5.613728333333337,5.614475000000002,0.0019036339517415843,0,2,44040192,my_ring_all_reduce,2,8
1812,5.6612240000000025,5.664490000000005,5.662687333333335,5.662347999999998,0.0013547568867610309,0,2,44171264,my_ring_all_reduce,2,8
1813,5.710122000000011,5.7159460000000015,5.712768666666675,5.712238000000013,0.002407065894860784,0,2,44302336,my_ring_all_reduce,2,8
1814,5.716906,5.729351999999992,5.721726666666664,5.718922000000003,0.005454377161709191,0,2,44433408,my_ring_all_reduce,2,8
1815,5.719239000000009,5.724649999999994,5.721353666666662,5.720171999999984,0.0023617764970906637,0,2,44564480,my_ring_all_reduce,2,8
1816,5.7227330000000025,5.727178999999997,5.724703666666664,5.724198999999993,0.0018498189701200637,0,2,44695552,my_ring_all_reduce,2,8
1817,5.725385999999977,5.7313060000000045,5.728724666666658,5.729481999999993,0.002475448152478723,0,2,44826624,my_ring_all_reduce,2,8
1818,5.728777999999997,5.749164,5.735616333333335,5.728907000000007,0.00957979172819247,0,2,44957696,my_ring_all_reduce,2,8
1819,5.733484000000001,5.741098999999988,5.7369076666666645,5.736140000000007,0.0031558454053047112,0,2,45088768,my_ring_all_reduce,2,8
1820,5.743338,5.752077000000001,5.7471266666666665,5.745964999999996,0.0036610228382555217,0,2,45219840,my_ring_all_reduce,2,8
1821,5.743624000000011,5.7506990000000044,5.746004333333336,5.7436899999999955,0.0033197399831249833,0,2,45350912,my_ring_all_reduce,2,8
1822,5.737578000000009,5.752267,5.744278000000004,5.7429890000000015,0.006065631102088584,0,2,45481984,my_ring_all_reduce,2,8
1823,5.745165000000015,5.748969999999997,5.747413333333337,5.748104999999996,0.0016285593497101117,0,2,45613056,my_ring_all_reduce,2,8
1824,5.755370999999985,5.769640999999992,5.764362666666657,5.7680759999999935,0.006390089114318668,0,2,45744128,my_ring_all_reduce,2,8
1825,5.7677859999999965,5.7819959999999995,5.774943666666661,5.775048999999985,0.0058016863257362725,0,2,45875200,my_ring_all_reduce,2,8
1826,5.785803999999998,5.79198000000001,5.789292000000002,5.790091999999997,0.002584020639756641,0,2,46006272,my_ring_all_reduce,2,8
1827,5.808201999999998,5.818573000000004,5.812736000000004,5.811433000000006,0.0043330333485928066,0,2,46137344,my_ring_all_reduce,2,8
1828,5.8321390000000015,5.847273000000005,5.837760333333335,5.833868999999999,0.0067634481015418114,0,2,46268416,my_ring_all_reduce,2,8
1829,5.855115999999994,5.869324000000004,5.861985333333332,5.861515999999996,0.0058098778721188335,0,2,46399488,my_ring_all_reduce,2,8
1830,5.877610000000004,5.883852999999989,5.880523666666662,5.880107999999993,0.0025655858763365446,0,2,46530560,my_ring_all_reduce,2,8
1831,5.901832999999992,5.911850999999999,5.907051000000002,5.907469000000012,0.00410049785595529,0,2,46661632,my_ring_all_reduce,2,8
1832,5.921453000000005,5.932393000000011,5.927349333333339,5.928202,0.004506749037710655,0,2,46792704,my_ring_all_reduce,2,8
1833,5.947244999999981,5.958539000000003,5.951723333333329,5.949386000000002,0.004898023705770274,0,2,46923776,my_ring_all_reduce,2,8
1834,5.969993999999999,5.983625999999982,5.977951333333326,5.980233999999997,0.005794582604078533,0,2,47054848,my_ring_all_reduce,2,8
1835,5.977963000000003,5.994665,5.986474333333334,5.986794999999999,0.006822332022278695,0,2,47185920,my_ring_all_reduce,2,8
1836,6.007596,6.016104999999998,6.010644999999999,6.008233999999997,0.003869578874588611,0,2,47316992,my_ring_all_reduce,2,8
1837,6.036010000000017,6.041546000000004,6.037941666666673,6.036268999999998,0.0025508409506562885,0,2,47448064,my_ring_all_reduce,2,8
1838,6.048170999999998,6.062955999999991,6.054400666666662,6.052074999999993,0.00625596250698924,0,2,47579136,my_ring_all_reduce,2,8
1839,6.063338000000007,6.081448999999998,6.070292999999996,6.0660919999999825,0.007968202683165391,0,2,47710208,my_ring_all_reduce,2,8
1840,6.093002,6.100232000000004,6.097216,6.098413999999997,0.0030707901263363,0,2,47841280,my_ring_all_reduce,2,8
1841,6.105545999999995,6.117066000000003,6.11125333333333,6.111147999999994,0.004703610055647313,0,2,47972352,my_ring_all_reduce,2,8
1842,6.119174999999996,6.128779000000002,6.125013333333334,6.127086000000003,0.004185782629598511,0,2,48103424,my_ring_all_reduce,2,8
1843,6.136425999999999,6.144970999999998,6.140363,6.139691999999999,0.0035206000435527088,0,2,48234496,my_ring_all_reduce,2,8
1844,6.155114999999991,6.1613529999999885,6.158015666666657,6.15757899999999,0.002565303014372979,0,2,48365568,my_ring_all_reduce,2,8
1845,6.166635000000024,6.172169999999999,6.169855666666671,6.170761999999992,0.002348777885517557,0,2,48496640,my_ring_all_reduce,2,8
1846,6.191595000000008,6.196555000000008,6.194250333333339,6.194601000000002,0.0020400368188393603,0,2,48627712,my_ring_all_reduce,2,8
1847,6.207114000000002,6.213866999999999,6.210357333333332,6.210090999999993,0.002763325572967649,0,2,48758784,my_ring_all_reduce,2,8
1848,6.226473999999973,6.2281060000000075,6.227028333333326,6.226504999999998,0.0007621304933572941,0,2,48889856,my_ring_all_reduce,2,8
1849,6.244042000000008,6.245801999999998,6.244788000000008,6.244520000000019,0.0007430872537310209,0,2,49020928,my_ring_all_reduce,2,8
1850,6.248360000000001,6.266312999999995,6.259315666666666,6.263274000000002,0.007845544567175096,0,2,49152000,my_ring_all_reduce,2,8
1851,6.280075999999994,6.283303999999997,6.28185633333333,6.282189000000001,0.0013386551294338731,0,2,49283072,my_ring_all_reduce,2,8
1852,6.300652999999992,6.301898999999998,6.301077999999994,6.300681999999994,0.0005806553768540444,0,2,49414144,my_ring_all_reduce,2,8
1853,6.31908200000001,6.3255469999999985,6.322101000000004,6.321674000000007,0.0026565394783392817,0,2,49545216,my_ring_all_reduce,2,8
1854,6.329577000000005,6.331113999999991,6.330111999999997,6.329644999999997,0.0007090646420882076,0,2,49676288,my_ring_all_reduce,2,8
1855,6.3314640000000075,6.335273999999997,6.333118333333332,6.332616999999991,0.0015953111155967393,0,2,49807360,my_ring_all_reduce,2,8
1856,6.332683000000001,6.3370330000000035,6.334633333333335,6.334184000000001,0.0018040787738416073,0,2,49938432,my_ring_all_reduce,2,8
1857,6.3326199999999595,6.336009999999998,6.334773666666652,6.335690999999999,0.0015284306403229862,0,2,50069504,my_ring_all_reduce,2,8
1858,6.343627999999997,6.348107,6.345727999999998,6.345448999999997,0.0018391557845936098,0,2,50200576,my_ring_all_reduce,2,8
1859,6.3388889999999956,6.3423770000000035,6.340147000000001,6.339175000000003,0.0015811649713656842,0,2,50331648,my_ring_all_reduce,2,8
1860,6.365421000000016,6.375205999999999,6.369844666666672,6.368906999999999,0.00404935964758659,0,2,50462720,my_ring_all_reduce,2,8
1861,6.360553999999989,6.37389699999999,6.365919666666656,6.36330799999999,0.005751783163120587,0,2,50593792,my_ring_all_reduce,2,8
1862,6.378348000000002,6.385000999999996,6.382451999999994,6.384006999999984,0.002930201472021822,0,2,50724864,my_ring_all_reduce,2,8
1863,6.4066980000000076,6.422762999999992,6.416736000000006,6.420747000000017,0.007145494944366185,0,2,50855936,my_ring_all_reduce,2,8
1864,6.4522010000000005,6.454183999999994,6.4533526666666665,6.453673000000003,0.0008406475017623727,0,2,50987008,my_ring_all_reduce,2,8
1865,6.496743000000006,6.503692999999992,6.499369666666666,6.497672999999999,0.003080544684877047,0,2,51118080,my_ring_all_reduce,2,8
1866,6.549321999999964,6.558147999999997,6.552306999999992,6.5494510000000155,0.004130546452956659,0,2,51249152,my_ring_all_reduce,2,8
1867,6.602054999999993,6.606790000000003,6.604861000000002,6.6057380000000085,0.0020300908025722834,0,2,51380224,my_ring_all_reduce,2,8
1868,6.608455000000002,6.6131609999999785,6.610621666666656,6.610248999999989,0.0019392041895717037,0,2,51511296,my_ring_all_reduce,2,8
1869,6.614985999999994,6.62103799999999,6.617173999999994,6.615498,0.0027402442713469373,0,2,51642368,my_ring_all_reduce,2,8
1870,6.6148590000000045,6.628807999999975,6.6237103333333245,6.627463999999993,0.00628284226196715,0,2,51773440,my_ring_all_reduce,2,8
1871,6.624425000000003,6.631563000000024,6.627860333333344,6.6275930000000045,0.0029202010585357248,0,2,51904512,my_ring_all_reduce,2,8
1872,6.634059000000009,6.636937000000006,6.635209666666672,6.634633000000002,0.0012436852049004864,0,2,52035584,my_ring_all_reduce,2,8
1873,6.632425999999993,6.640070999999989,6.636520666666663,6.6370650000000095,0.0031447024589861573,0,2,52166656,my_ring_all_reduce,2,8
1874,6.646278999999995,6.651624999999986,6.64848833333333,6.6475610000000085,0.0022788724307270117,0,2,52297728,my_ring_all_reduce,2,8
1875,6.645098000000012,6.653032999999989,6.650100333333341,6.65217000000002,0.003554686702864404,0,2,52428800,my_ring_all_reduce,2,8
1876,6.664326000000001,6.672235000000008,6.668851666666671,6.669994000000006,0.003328339359036027,0,2,52559872,my_ring_all_reduce,2,8
1877,6.677289000000019,6.684298999999999,6.6799250000000105,6.678187000000013,0.003114536669653625,0,2,52690944,my_ring_all_reduce,2,8
1878,6.694986999999987,6.702189999999995,6.698101999999992,6.697128999999994,0.0030200274833217197,0,2,52822016,my_ring_all_reduce,2,8
1879,6.724233000000008,6.72618700000002,6.72525733333334,6.725351999999992,0.0008005208027040839,0,2,52953088,my_ring_all_reduce,2,8
1880,6.744455000000006,6.756520000000012,6.7498420000000126,6.748551000000021,0.005009395638865018,0,2,53084160,my_ring_all_reduce,2,8
1881,6.767881999999983,6.771879000000008,6.769661666666664,6.769224000000002,0.0016608564725025254,0,2,53215232,my_ring_all_reduce,2,8
1882,6.792968999999998,6.806762000000001,6.800798999999998,6.802665999999997,0.005783653920030024,0,2,53346304,my_ring_all_reduce,2,8
1883,6.80618499999999,6.821927999999994,6.816626666666664,6.8217670000000075,0.007383665861591276,0,2,53477376,my_ring_all_reduce,2,8
1884,6.839016999999985,6.853478999999999,6.845435999999995,6.843811999999998,0.006014725984342818,0,2,53608448,my_ring_all_reduce,2,8
1885,6.865255999999998,6.874470999999983,6.869938666666656,6.8700889999999895,0.0037635095618553105,0,2,53739520,my_ring_all_reduce,2,8
1886,6.879270999999994,6.88794999999999,6.883796333333332,6.884168000000012,0.003552920144831563,0,2,53870592,my_ring_all_reduce,2,8
1887,6.909321999999999,6.914409,6.912339333333339,6.913287000000018,0.002182192526390944,0,2,54001664,my_ring_all_reduce,2,8
1888,6.924999999999993,6.943748999999992,6.934215333333323,6.933896999999983,0.0076575562826676135,0,2,54132736,my_ring_all_reduce,2,8
1889,6.950344999999996,6.955819000000011,6.953460000000002,6.954216000000001,0.0022977990918903266,0,2,54263808,my_ring_all_reduce,2,8
1890,6.971144000000006,6.975244000000013,6.973587666666674,6.974375000000001,0.00176397663124007,0,2,54394880,my_ring_all_reduce,2,8
1891,6.992074000000001,7.000327000000005,6.99543266666667,6.993897000000005,0.003539934682386821,0,2,54525952,my_ring_all_reduce,2,8
1892,7.009222999999999,7.017991999999992,7.012978666666658,7.011720999999984,0.003688733688166053,0,2,54657024,my_ring_all_reduce,2,8
1893,7.03139900000002,7.037610000000015,7.0339070000000135,7.032712000000005,0.002672720087601039,0,2,54788096,my_ring_all_reduce,2,8
1894,7.051364999999998,7.057415000000009,7.0534356666666715,7.051527000000009,0.002814590714278603,0,2,54919168,my_ring_all_reduce,2,8
1895,7.065541000000005,7.0735450000000055,7.068721666666664,7.067078999999984,0.0034679263096141486,0,2,55050240,my_ring_all_reduce,2,8
1896,7.077864999999998,7.086152999999984,7.082151999999997,7.08243800000001,0.003389600074733256,0,2,55181312,my_ring_all_reduce,2,8
1897,7.094279999999999,7.099848000000006,7.096477666666666,7.0953049999999935,0.0024196440968820205,0,2,55312384,my_ring_all_reduce,2,8
1898,7.111242999999995,7.112489000000009,7.111945666666668,7.112105,0.0005210050117109553,0,2,55443456,my_ring_all_reduce,2,8
1899,7.12836199999998,7.133189000000027,7.131015666666671,7.131496000000005,0.0019996703617428113,0,2,55574528,my_ring_all_reduce,2,8
1900,7.144040999999983,7.1535130000000064,7.149331333333321,7.150439999999973,0.00394559267482268,0,2,55705600,my_ring_all_reduce,2,8
1901,7.1556549999999985,7.16282499999999,7.159069666666663,7.1587289999999975,0.0029370353911500214,0,2,55836672,my_ring_all_reduce,2,8
1902,7.178311999999998,7.183050000000003,7.180253999999995,7.179399999999987,0.0020263510719227495,0,2,55967744,my_ring_all_reduce,2,8
1903,7.202246999999996,7.205065000000002,7.203954333333333,7.2045509999999995,0.001225367790595035,0,2,56098816,my_ring_all_reduce,2,8
1904,7.213481,7.224324999999993,7.2180766666666685,7.216424000000014,0.00457868717234307,0,2,56229888,my_ring_all_reduce,2,8
1905,7.239239000000001,7.2414780000000025,7.2400173333333315,7.239334999999992,0.00103359061313517,0,2,56360960,my_ring_all_reduce,2,8
1906,7.259464,7.262090000000011,7.260563666666669,7.260136999999993,0.001113703231970717,0,2,56492032,my_ring_all_reduce,2,8
1907,7.270823,7.274919999999998,7.272508666666668,7.271783000000007,0.0017495325724934546,0,2,56623104,my_ring_all_reduce,2,8
1908,7.286854999999998,7.296006999999998,7.290609333333337,7.288966000000015,0.003912815212716793,0,2,56754176,my_ring_all_reduce,2,8
1909,7.300615,7.303011999999999,7.302192999999995,7.3029519999999835,0.0011160833302184213,0,2,56885248,my_ring_all_reduce,2,8
1910,7.299208000000003,7.305161000000007,7.30279166666667,7.304006000000001,0.002577531937511994,0,2,57016320,my_ring_all_reduce,2,8
1911,7.299079,7.305449999999997,7.303155333333333,7.304937000000002,0.0028900014225290054,0,2,57147392,my_ring_all_reduce,2,8
1912,7.312419999999995,7.3143110000000195,7.313296999999999,7.313159999999982,0.0007780518406150174,0,2,57278464,my_ring_all_reduce,2,8
1913,7.31044200000001,7.320006000000008,7.315570333333338,7.316262999999996,0.00393508698195404,0,2,57409536,my_ring_all_reduce,2,8
1914,7.314598999999995,7.316616999999991,7.315773666666661,7.316104999999996,0.0008565112699512765,0,2,57540608,my_ring_all_reduce,2,8
1915,7.319017000000008,7.323338999999993,7.321652333333334,7.322601000000002,0.0018876612219539657,0,2,57671680,my_ring_all_reduce,2,8
1916,7.32029399999998,7.3245509999999925,7.32287699999999,7.323785999999998,0.0018529657309364605,0,2,57802752,my_ring_all_reduce,2,8
1917,7.32397500000002,7.328362000000023,7.325694000000017,7.32474500000001,0.0019125712187206764,0,2,57933824,my_ring_all_reduce,2,8
1918,7.332199000000001,7.334762000000002,7.333352333333334,7.3330959999999985,0.0010619235168114116,0,2,58064896,my_ring_all_reduce,2,8
1919,7.357126000000002,7.366373999999996,7.3626093333333325,7.3643279999999995,0.003966252415341832,0,2,58195968,my_ring_all_reduce,2,8
1920,7.4101210000000135,7.411621999999996,7.410865333333333,7.410852999999989,0.0006128427385663991,0,2,58327040,my_ring_all_reduce,2,8
1921,7.451976999999996,7.453738999999996,7.452872999999999,7.452903000000006,0.0007196462093744586,0,2,58458112,my_ring_all_reduce,2,8
1922,7.479304000000008,7.484551999999986,7.48120266666666,7.479751999999986,0.0023753878747536867,0,2,58589184,my_ring_all_reduce,2,8
1923,7.502217999999994,7.510182000000008,7.507005333333336,7.508616000000009,0.0034449972746388455,0,2,58720256,my_ring_all_reduce,2,8
1924,7.525157999999989,7.5337359999999975,7.529478666666658,7.529541999999987,0.0035022401719823956,0,2,58851328,my_ring_all_reduce,2,8
1925,7.53328699999999,7.551173000000003,7.540593666666678,7.53732100000004,0.007659852449984808,0,2,58982400,my_ring_all_reduce,2,8
1926,7.550632000000002,7.555684000000001,7.5533603333333375,7.5537650000000065,0.0020822251452605888,0,2,59113472,my_ring_all_reduce,2,8
1927,7.55024700000001,7.558825000000012,7.555367333333341,7.557030000000003,0.0036940372072956354,0,2,59244544,my_ring_all_reduce,2,8
1928,7.564008000000002,7.5692869999999965,7.5669629999999986,7.567593999999997,0.002200845443609343,0,2,59375616,my_ring_all_reduce,2,8
1929,7.570531000000032,7.579882000000013,7.573755666666688,7.570854000000021,0.0043339783366054775,0,2,59506688,my_ring_all_reduce,2,8
1930,7.582920000000009,7.585543000000001,7.584594000000007,7.585319000000011,0.0011872239328206617,0,2,59637760,my_ring_all_reduce,2,8
1931,7.597834000000032,7.602664000000004,7.599859666666675,7.599080999999991,0.0020472691295622854,0,2,59768832,my_ring_all_reduce,2,8
1932,7.625737000000001,7.634344000000005,7.630504000000001,7.631430999999997,0.0035744098813661773,0,2,59899904,my_ring_all_reduce,2,8
1933,7.638634000000013,7.665383000000002,7.65314933333334,7.655431000000003,0.011038772647149251,0,2,60030976,my_ring_all_reduce,2,8
1934,7.6708890000000105,7.6878769999999985,7.681873333333335,7.686853999999996,0.007778316713067955,0,2,60162048,my_ring_all_reduce,2,8
1935,7.696518000000004,7.714498999999989,7.706992,7.709959000000003,0.007634631927381523,0,2,60293120,my_ring_all_reduce,2,8
1936,7.723976000000014,7.735173999999992,7.730406666666667,7.7320699999999984,0.004720438491863746,0,2,60424192,my_ring_all_reduce,2,8
1937,7.749540000000001,7.7601330000000095,7.75497166666667,7.755241999999998,0.004328796779196586,0,2,60555264,my_ring_all_reduce,2,8
1938,7.771300999999992,7.775943999999996,7.7737783333333255,7.7740899999999895,0.0019082652389612082,0,2,60686336,my_ring_all_reduce,2,8
1939,7.798053,7.810406000000017,7.802308999999998,7.798467999999979,0.00572794977865658,0,2,60817408,my_ring_all_reduce,2,8
1940,7.813801000000003,7.825830000000002,7.8195053333333355,7.8188850000000025,0.004930369853153211,0,2,60948480,my_ring_all_reduce,2,8
1941,7.840135000000017,7.848707999999984,7.8441550000000015,7.843622000000003,0.0035201466825364285,0,2,61079552,my_ring_all_reduce,2,8
1942,7.853093999999998,7.875493000000002,7.8660003333333295,7.86941399999999,0.00945757686842847,0,2,61210624,my_ring_all_reduce,2,8
1943,7.892482000000004,7.894407999999996,7.893359666666671,7.893189000000013,0.0007954932781293613,0,2,61341696,my_ring_all_reduce,2,8
1944,7.901029999999997,7.9087429999999985,7.904423333333333,7.903497000000003,0.0032162257728932772,0,2,61472768,my_ring_all_reduce,2,8
1945,7.926470000000001,7.936901999999998,7.931034999999999,7.929733000000001,0.004357220750278294,0,2,61603840,my_ring_all_reduce,2,8
1946,7.942474999999999,7.947141000000004,7.944424333333334,7.943656999999999,0.0019806546616958323,0,2,61734912,my_ring_all_reduce,2,8
1947,7.967622000000001,7.97312799999999,7.97109099999999,7.972522999999979,0.00246535690451315,0,2,61865984,my_ring_all_reduce,2,8
1948,7.980422999999996,7.989063999999991,7.985223666666663,7.9861840000000015,0.003592436530018919,0,2,61997056,my_ring_all_reduce,2,8
1949,8.001159,8.009574999999998,8.005137,8.004677000000003,0.0034511798948564923,0,2,62128128,my_ring_all_reduce,2,8
1950,8.015430999999998,8.019588999999993,8.017937000000002,8.018791000000013,0.0018017080784641498,0,2,62259200,my_ring_all_reduce,2,8
1951,8.031812999999998,8.043779000000002,8.037221333333333,8.036072,0.004952239515839277,0,2,62390272,my_ring_all_reduce,2,8
1952,8.04083500000002,8.048296000000017,8.045786666666672,8.048228999999978,0.0035014639160611746,0,2,62521344,my_ring_all_reduce,2,8
1953,8.057349000000002,8.069061000000001,8.063013333333336,8.062630000000004,0.00478908093711297,0,2,62652416,my_ring_all_reduce,2,8
1954,8.076101000000003,8.082215,8.07953733333334,8.080296000000017,0.002553028310762799,0,2,62783488,my_ring_all_reduce,2,8
1955,8.095367999999999,8.097127999999998,8.096242333333334,8.096231000000007,0.0007185616806428629,0,2,62914560,my_ring_all_reduce,2,8
1956,8.107365000000005,8.116004999999998,8.112454333333336,8.113993000000002,0.003691252843620376,0,2,63045632,my_ring_all_reduce,2,8
1957,8.126695000000021,8.134153000000007,8.130951333333337,8.132005999999986,0.0031347176729066913,0,2,63176704,my_ring_all_reduce,2,8
1958,8.140519000000001,8.148837000000007,8.144603000000004,8.144453000000002,0.003397465329725125,0,2,63307776,my_ring_all_reduce,2,8
1959,8.157992000000009,8.16042300000001,8.159336333333341,8.159594000000004,0.0010090372749419823,0,2,63438848,my_ring_all_reduce,2,8
1960,8.177894000000007,8.179492000000005,8.178672333333337,8.178630999999994,0.0006530351360287106,0,2,63569920,my_ring_all_reduce,2,8
1961,8.189349999999992,8.19185100000001,8.190215333333336,8.189445000000006,0.0011572410677562225,0,2,63700992,my_ring_all_reduce,2,8
1962,8.194884999999996,8.204996000000007,8.200431000000002,8.201412000000001,0.0041856780414531785,0,2,63832064,my_ring_all_reduce,2,8
1963,8.21107800000001,8.212680999999996,8.211814999999996,8.211685999999988,0.0006607485653869954,0,2,63963136,my_ring_all_reduce,2,8
1964,8.218146999999954,8.22061399999998,8.219579666666645,8.219978000000003,0.0010457929474421838,0,2,64094208,my_ring_all_reduce,2,8
1965,8.227716000000001,8.23158999999999,8.229210000000004,8.228324000000022,0.001701120415090264,0,2,64225280,my_ring_all_reduce,2,8
1966,8.222915999999998,8.232388000000006,8.227203333333328,8.226305999999983,0.003918639333015682,0,2,64356352,my_ring_all_reduce,2,8
1967,8.234727000000014,8.250021999999998,8.244454666666657,8.248614999999962,0.006902440936993667,0,2,64487424,my_ring_all_reduce,2,8
1968,8.255720000000016,8.25942600000001,8.258073333333344,8.259074000000007,0.0016702513450208975,0,2,64618496,my_ring_all_reduce,2,8
1969,8.248419000000002,8.267076000000008,8.259950999999996,8.264357999999978,0.00822950581748144,0,2,64749568,my_ring_all_reduce,2,8
1970,8.270788999999997,8.271078000000024,8.270959666666677,8.27101200000001,0.00012365094240695496,0,2,64880640,my_ring_all_reduce,2,8
1971,8.257158000000011,8.280422999999999,8.271045333333335,8.275554999999997,0.01001891132918664,0,2,65011712,my_ring_all_reduce,2,8
1972,8.268070999999997,8.281767999999996,8.27647599999999,8.279588999999978,0.006009438631571411,0,2,65142784,my_ring_all_reduce,2,8
1973,8.263395999999993,8.279493000000004,8.270021333333334,8.26717500000001,0.006872872389978191,0,2,65273856,my_ring_all_reduce,2,8
1974,8.281929000000003,8.286180000000016,8.283857000000006,8.283462,0.0017577957788150874,0,2,65404928,my_ring_all_reduce,2,8
1975,8.30762000000001,8.323399999999998,8.315216333333332,8.314628999999986,0.006455530979103203,0,2,65536000,my_ring_all_reduce,2,8
1976,8.340803000000005,8.36074100000001,8.347971333333337,8.342369999999995,0.009052151211487443,0,2,65667072,my_ring_all_reduce,2,8
1977,8.37677199999999,8.391431999999986,8.385658666666652,8.388771999999983,0.006376965492211672,0,2,65798144,my_ring_all_reduce,2,8
1978,8.42406999999998,8.43270700000001,8.427738666666663,8.426438999999998,0.0036438342748129834,0,2,65929216,my_ring_all_reduce,2,8
1979,8.44176800000001,8.448264999999985,8.444839333333325,8.444484999999979,0.0026641967311315027,0,2,66060288,my_ring_all_reduce,2,8
1980,8.457955000000002,8.468133000000016,8.462233000000003,8.46061099999999,0.004310536238884348,0,2,66191360,my_ring_all_reduce,2,8
1981,8.472516000000018,8.482663000000022,8.476026666666684,8.472901000000013,0.004695227813668831,0,2,66322432,my_ring_all_reduce,2,8
1982,8.480425999999948,8.491843999999954,8.486449666666633,8.487078999999998,0.0046825723937025466,0,2,66453504,my_ring_all_reduce,2,8
1983,8.490824000000003,8.502598,8.496582333333338,8.496325000000011,0.0048101583018521,0,2,66584576,my_ring_all_reduce,2,8
1984,8.500227000000013,8.523208999999966,8.513361333333322,8.516647999999986,0.00966590965999505,0,2,66715648,my_ring_all_reduce,2,8
1985,8.522820999999997,8.541028999999988,8.53344499999999,8.536484999999987,0.007737959076306789,0,2,66846720,my_ring_all_reduce,2,8
1986,8.539527000000001,8.549379000000016,8.544613333333338,8.544933999999994,0.004028448529595543,0,2,66977792,my_ring_all_reduce,2,8
1987,8.560970000000001,8.596871000000002,8.576913333333335,8.572898999999998,0.014928866988340929,0,2,67108864,my_ring_all_reduce,2,8
1988,0.32457299999999806,0.612482,0.42070233333333257,0.3250519999999997,0.1356088437881383,0,4,2048,my_ring_all_reduce,4,8
1989,0.35750000000000026,0.7009580000000005,0.4729143333333335,0.36028499999999986,0.16125523141143555,0,4,10240,my_ring_all_reduce,4,8
1990,0.35791699999999993,0.8849860000000008,0.534086666666667,0.3593570000000004,0.24812399454081227,0,4,18432,my_ring_all_reduce,4,8
1991,0.358685,0.8981069999999972,0.540721666666666,0.36537300000000095,0.2527243421824554,0,4,26624,my_ring_all_reduce,4,8
1992,0.36025300000000016,0.7652129999999988,0.495826666666666,0.3620139999999992,0.1904862597325296,0,4,34816,my_ring_all_reduce,4,8
1993,0.3617259999999999,0.888445000000007,0.5374273333333358,0.36211100000000035,0.24820702218153265,0,4,43008,my_ring_all_reduce,4,8
1994,0.36121399999999904,0.7790349999999999,0.5006793333333333,0.3617890000000007,0.19682731946274354,0,4,51200,my_ring_all_reduce,4,8
1995,0.35791800000000057,0.8887639999999974,0.5355806666666658,0.3600599999999995,0.2497398609878319,0,4,59392,my_ring_all_reduce,4,8
1996,0.35814300000000093,0.9048600000000006,0.5508876666666671,0.38965999999999984,0.2506267342700872,0,4,67584,my_ring_all_reduce,4,8
1997,0.35119499999999926,0.8941110000000008,0.5324029999999998,0.35190299999999936,0.25576634293041833,0,4,75776,my_ring_all_reduce,4,8
1998,0.35727700000000007,0.8957059999999992,0.5369986666666665,0.35801300000000036,0.25364456583223305,0,4,83968,my_ring_all_reduce,4,8
1999,0.35602800000000073,0.8504310000000014,0.5209256666666676,0.3563180000000007,0.2329954857164026,0,4,92160,my_ring_all_reduce,4,8
2000,0.35602799999999934,0.9150669999999991,0.5426199999999994,0.3567649999999999,0.26335997120418003,0,4,100352,my_ring_all_reduce,4,8
2001,0.3553270000000002,0.9179490000000023,0.542985333333334,0.3556799999999994,0.26513939056319574,0,4,108544,my_ring_all_reduce,4,8
2002,0.3569919999999988,0.8298819999999997,0.5149306666666661,0.3579179999999999,0.2227045444010718,0,4,116736,my_ring_all_reduce,4,8
2003,0.35766299999999956,0.739996000000001,0.48538333333333333,0.35849099999999956,0.18003866050811365,0,4,124928,my_ring_all_reduce,4,8
2004,0.35625199999999857,0.5804450000000007,0.4316236666666664,0.358174,0.10523549927767892,0,4,133120,my_ring_all_reduce,4,8
2005,0.3574700000000012,0.7401249999999981,0.4854906666666656,0.35887699999999767,0.1800545800515925,0,4,141312,my_ring_all_reduce,4,8
2006,0.3554550000000002,0.8018870000000016,0.5046390000000006,0.35657500000000025,0.21018657383064915,0,4,149504,my_ring_all_reduce,4,8
2007,0.35596399999999995,0.8816899999999996,0.5321243333333332,0.35871900000000007,0.24718281222654243,0,4,157696,my_ring_all_reduce,4,8
2008,0.35631800000000025,0.8947180000000026,0.5364880000000012,0.3584280000000008,0.2533083268798465,0,4,165888,my_ring_all_reduce,4,8
2009,0.35891100000000054,0.7571170000000012,0.49192366666666737,0.3597430000000004,0.18752031194750346,0,4,174080,my_ring_all_reduce,4,8
2010,0.3556140000000005,0.7638049999999994,0.49173,0.35577100000000017,0.1923860881682106,0,4,182272,my_ring_all_reduce,4,8
2011,0.3566080000000011,0.6894029999999993,0.4686380000000004,0.3599030000000007,0.15611022425410334,0,4,190464,my_ring_all_reduce,4,8
2012,0.3559050000000002,0.7469709999999996,0.4874000000000001,0.35932400000000053,0.1835497215488668,0,4,198656,my_ring_all_reduce,4,8
2013,0.3560319999999997,0.7088910000000015,0.4748886666666669,0.3597429999999995,0.16547157235072893,0,4,206848,my_ring_all_reduce,4,8
2014,0.35615899999999945,0.7374980000000005,0.4851916666666664,0.36191799999999924,0.17842301028797383,0,4,215040,my_ring_all_reduce,4,8
2015,0.36124399999999923,0.7771809999999996,0.5003383333333332,0.3625900000000011,0.19575809816255907,0,4,223232,my_ring_all_reduce,4,8
2016,0.3558050000000003,0.833853000000001,0.5152176666666672,0.35599500000000034,0.22530921827765732,0,4,231424,my_ring_all_reduce,4,8
2017,0.35586900000000016,0.9018190000000014,0.5379053333333342,0.3560280000000012,0.2573258296535524,0,4,239616,my_ring_all_reduce,4,8
2018,0.3564129999999996,0.8954850000000006,0.5363070000000001,0.35702300000000015,0.2539773215440049,0,4,247808,my_ring_all_reduce,4,8
2019,0.36466899999999985,0.7522189999999973,0.49439666666666565,0.3663019999999997,0.18230913918640632,0,4,256000,my_ring_all_reduce,4,8
2020,0.36399699999999846,0.8769219999999986,0.5358786666666662,0.36671700000000146,0.2411566102602662,0,4,264192,my_ring_all_reduce,4,8
2021,0.357152,0.8896590000000015,0.5374166666666672,0.36543900000000007,0.24909591812035495,0,4,272384,my_ring_all_reduce,4,8
2022,0.35663700000000154,0.9111950000000052,0.541617666666669,0.3570210000000002,0.2613306855937319,0,4,280576,my_ring_all_reduce,4,8
2023,0.35667199999999866,0.9295299999999997,0.5477306666666674,0.3569900000000034,0.269972928866745,0,4,288768,my_ring_all_reduce,4,8
2024,0.35727599999999987,0.7470370000000021,0.49078000000000094,0.36802700000000094,0.181254211053611,0,4,296960,my_ring_all_reduce,4,8
2025,0.35814099999999965,0.911647,0.5462906666666665,0.36908399999999986,0.2583845648670903,0,4,305152,my_ring_all_reduce,4,8
2026,0.3577910000000002,0.9011800000000003,0.5389416666666672,0.35785400000000117,0.25614118319699286,0,4,313344,my_ring_all_reduce,4,8
2027,0.3579179999999997,0.9048600000000024,0.5403283333333334,0.35820699999999805,0.2577628404591252,0,4,321536,my_ring_all_reduce,4,8
2028,0.3648609999999999,0.8124430000000011,0.5153986666666669,0.36889199999999983,0.21004850902324715,0,4,329728,my_ring_all_reduce,4,8
2029,0.3679340000000002,0.7512319999999996,0.4959350000000003,0.36863900000000105,0.18052246935492497,0,4,337920,my_ring_all_reduce,4,8
2030,0.36764199999999986,0.7017890000000025,0.479088666666667,0.3678349999999987,0.15747293558436015,0,4,346112,my_ring_all_reduce,4,8
2031,0.3587520000000004,0.8865869999999996,0.5347593333333335,0.3589390000000003,0.24877974062254757,0,4,354304,my_ring_all_reduce,4,8
2032,0.3594850000000006,0.6087980000000025,0.44260066666666775,0.35951900000000026,0.1175192622348458,0,4,362496,my_ring_all_reduce,4,8
2033,0.3604450000000002,0.7983320000000004,0.5095326666666671,0.36982100000000084,0.20424783727020349,0,4,370688,my_ring_all_reduce,4,8
2034,0.3894049999999998,0.7365379999999996,0.5051906666666665,0.3896289999999999,0.16358729376968387,0,4,378880,my_ring_all_reduce,4,8
2035,0.3876470000000002,0.6065569999999989,0.46134099999999956,0.3898189999999995,0.10268704685596867,0,4,387072,my_ring_all_reduce,4,8
2036,0.38540399999999864,0.733148000000002,0.5033883333333337,0.39161300000000027,0.16248439153825192,0,4,395264,my_ring_all_reduce,4,8
2037,0.38530999999999993,0.7935620000000035,0.5214036666666679,0.38533900000000043,0.1924450034206037,0,4,403456,my_ring_all_reduce,4,8
2038,0.3850840000000012,0.9199300000000004,0.5633766666666679,0.3851160000000018,0.2521212801931284,0,4,411648,my_ring_all_reduce,4,8
2039,0.39139100000000054,0.752506000000003,0.5132350000000017,0.3958080000000014,0.16919975581739766,0,4,419840,my_ring_all_reduce,4,8
2040,0.39257199999999964,0.8827809999999999,0.556861333333333,0.39523099999999933,0.2304625629906565,0,4,428032,my_ring_all_reduce,4,8
2041,0.3862029999999977,0.8980449999999983,0.5598686666666651,0.39535799999999927,0.23915598511757033,0,4,436224,my_ring_all_reduce,4,8
2042,0.3861419999999998,0.7376549999999997,0.5033760000000004,0.3863310000000015,0.16566028755860548,0,4,444416,my_ring_all_reduce,4,8
2043,0.38623799999999986,0.7627169999999988,0.5151016666666662,0.3963499999999999,0.17513914108946455,0,4,452608,my_ring_all_reduce,4,8
2044,0.38726300000000086,0.907895999999997,0.5641033333333327,0.3971510000000003,0.24313163975691865,0,4,460800,my_ring_all_reduce,4,8
2045,0.3931500000000001,0.9113550000000024,0.5662366666666675,0.3942049999999999,0.24403589388767402,0,4,468992,my_ring_all_reduce,4,8
2046,0.392348999999999,0.8711940000000005,0.5525606666666666,0.39413900000000057,0.22530897579151696,0,4,477184,my_ring_all_reduce,4,8
2047,0.38713299999999934,0.8867190000000019,0.5562223333333339,0.3948150000000005,0.2337174765813545,0,4,485376,my_ring_all_reduce,4,8
2048,0.38841399999999976,0.5210839999999989,0.4327226666666661,0.3886699999999996,0.062480985402671434,0,4,493568,my_ring_all_reduce,4,8
2049,0.39682999999999946,0.777661,0.524583666666667,0.3992600000000016,0.17895544829246043,0,4,501760,my_ring_all_reduce,4,8
2050,0.397693,0.8016920000000001,0.5324019999999999,0.3978209999999997,0.1904167922759616,0,4,509952,my_ring_all_reduce,4,8
2051,0.3892820000000006,0.8858849999999994,0.556543,0.394462,0.23288956298783864,0,4,518144,my_ring_all_reduce,4,8
2052,0.3893730000000001,0.8683789999999999,0.5492869999999997,0.3901089999999995,0.2256323170883699,0,4,526336,my_ring_all_reduce,4,8
2053,0.39029999999999976,0.46780499999999986,0.4179706666666665,0.3958069999999998,0.03530984136973088,0,4,534528,my_ring_all_reduce,4,8
2054,0.39939000000000124,0.7950380000000005,0.5315390000000005,0.40018899999999985,0.1863222152634158,0,4,542720,my_ring_all_reduce,4,8
2055,0.390429000000001,0.5314220000000023,0.43857866666666845,0.39388500000000204,0.06566530993014706,0,4,550912,my_ring_all_reduce,4,8
2056,0.39756400000000075,0.809659999999998,0.535271333333333,0.39859000000000017,0.1940225390091448,0,4,559104,my_ring_all_reduce,4,8
2057,0.39065299999999936,0.8867489999999998,0.5563593333333331,0.3916760000000004,0.2336211470341577,0,4,567296,my_ring_all_reduce,4,8
2058,0.39199800000000007,0.7978199999999989,0.527282666666666,0.3920299999999993,0.1912987834101986,0,4,575488,my_ring_all_reduce,4,8
2059,0.39279799999999976,0.7270049999999983,0.5042213333333325,0.3928609999999994,0.15753184353717833,0,4,583680,my_ring_all_reduce,4,8
2060,0.396636,0.8668759999999975,0.5550683333333329,0.40169300000000113,0.22049098100426148,0,4,591872,my_ring_all_reduce,4,8
2061,0.39705299999999943,0.46604400000000035,0.42056166666666633,0.3985879999999993,0.03216697105555509,0,4,600064,my_ring_all_reduce,4,8
2062,0.3950680000000002,0.7330860000000002,0.5085946666666662,0.3976299999999983,0.1587427898989086,0,4,608256,my_ring_all_reduce,4,8
2063,0.3953249999999989,0.7872609999999987,0.5261523333333331,0.3958710000000019,0.18463184338088032,0,4,616448,my_ring_all_reduce,4,8
2064,0.3958679999999995,0.8622960000000003,0.5524113333333333,0.39907000000000015,0.2191254483582916,0,4,624640,my_ring_all_reduce,4,8
2065,0.40230000000000066,0.8900409999999993,0.5657239999999998,0.4048309999999992,0.22932907775654296,0,4,632832,my_ring_all_reduce,4,8
2066,0.39654199999999945,0.881603000000001,0.55842,0.3971149999999998,0.2285250105918394,0,4,641024,my_ring_all_reduce,4,8
2067,0.39673199999999864,0.8931459999999989,0.5623849999999996,0.39727700000000093,0.23388345188291212,0,4,649216,my_ring_all_reduce,4,8
2068,0.39625099999999885,0.8956439999999984,0.5629509999999996,0.3969580000000015,0.23524965341667622,0,4,657408,my_ring_all_reduce,4,8
2069,0.3966990000000005,0.8760579999999955,0.5571369999999986,0.39865399999999956,0.22551261411430112,0,4,665600,my_ring_all_reduce,4,8
2070,0.3973100000000004,0.7325089999999982,0.5113906666666659,0.4043529999999992,0.15638070845287147,0,4,673792,my_ring_all_reduce,4,8
2071,0.40466799999999875,0.6822050000000017,0.49726566666666683,0.404924,0.13077189847041237,0,4,681984,my_ring_all_reduce,4,8
2072,0.39855800000000047,0.7415319999999993,0.5137789999999995,0.40124699999999897,0.16104943223950405,0,4,690176,my_ring_all_reduce,4,8
2073,0.3987530000000002,0.9048270000000048,0.5675076666666681,0.3989429999999993,0.2385208006377851,0,4,698368,my_ring_all_reduce,4,8
2074,0.3991679999999997,0.8755769999999957,0.5582046666666652,0.39986900000000014,0.224416311534808,0,4,706560,my_ring_all_reduce,4,8
2075,0.40559599999999957,0.8715159999999996,0.561767666666666,0.4081909999999989,0.21902770906643063,0,4,714752,my_ring_all_reduce,4,8
2076,0.4060439999999992,0.767804000000001,0.5273353333333336,0.40815800000000035,0.17003921505608374,0,4,722944,my_ring_all_reduce,4,8
2077,0.40041100000000096,0.7591629999999996,0.5201239999999999,0.4007979999999993,0.16902617170722384,0,4,731136,my_ring_all_reduce,4,8
2078,0.4052469999999994,0.8757419999999975,0.5624723333333317,0.40642799999999807,0.2215156303444265,0,4,739328,my_ring_all_reduce,4,8
2079,0.40594900000000006,0.8894979999999978,0.5683266666666659,0.4095329999999999,0.2271071410595047,0,4,747520,my_ring_all_reduce,4,8
2080,0.40844799999999987,0.8748109999999979,0.5644446666666653,0.410074999999998,0.21946314410751372,0,4,755712,my_ring_all_reduce,4,8
2081,0.4067829999999999,0.8696899999999987,0.5625776666666668,0.41126000000000157,0.21716890484341556,0,4,763904,my_ring_all_reduce,4,8
2082,0.40722800000000187,0.792411000000001,0.5380660000000014,0.4145590000000011,0.1798739746952476,0,4,772096,my_ring_all_reduce,4,8
2083,0.4066540000000009,0.41529400000000216,0.4111343333333343,0.41145499999999996,0.003534545735389322,0,4,780288,my_ring_all_reduce,4,8
2084,0.41427200000000086,0.8920320000000002,0.5736410000000002,0.4146189999999997,0.22513647973766188,0,4,788480,my_ring_all_reduce,4,8
2085,0.4164750000000008,0.8721260000000012,0.5684230000000007,0.41666800000000015,0.21475046522107188,0,4,796672,my_ring_all_reduce,4,8
2086,0.4156160000000014,0.7197430000000022,0.5171076666666673,0.4159639999999981,0.14328488874112263,0,4,804864,my_ring_all_reduce,4,8
2087,0.4165430000000001,0.8763139999999967,0.569862999999999,0.41673200000000044,0.21669359393853635,0,4,813056,my_ring_all_reduce,4,8
2088,0.4110069999999996,0.8833540000000012,0.5703003333333339,0.4165400000000009,0.22137389515227193,0,4,821248,my_ring_all_reduce,4,8
2089,0.40770900000000004,0.8850189999999993,0.5670463333333338,0.4084110000000019,0.22484081148126825,0,4,829440,my_ring_all_reduce,4,8
2090,0.40860400000000163,0.5857530000000024,0.47134466666666786,0.4196769999999997,0.08102511085802773,0,4,837632,my_ring_all_reduce,4,8
2091,0.41622100000000045,0.7397079999999997,0.5245616666666669,0.41775600000000035,0.15213272191594895,0,4,845824,my_ring_all_reduce,4,8
2092,0.4082860000000001,0.8795140000000001,0.5684543333333336,0.4175630000000006,0.21998500381061323,0,4,854016,my_ring_all_reduce,4,8
2093,0.41394900000000007,0.8823009999999994,0.5708663333333334,0.41634900000000064,0.2202197443484319,0,4,862208,my_ring_all_reduce,4,8
2094,0.41340400000000044,0.8713240000000005,0.5673040000000001,0.4171839999999993,0.2149801423387754,0,4,870400,my_ring_all_reduce,4,8
2095,0.4096919999999991,0.8748409999999985,0.567067666666666,0.4166700000000001,0.21764725536876253,0,4,878592,my_ring_all_reduce,4,8
2096,0.4137600000000007,0.7198980000000001,0.516776,0.41666999999999915,0.14363385670516554,0,4,886784,my_ring_all_reduce,4,8
2097,0.411070999999999,0.8789709999999986,0.5699273333333325,0.4197399999999998,0.21855552890182256,0,4,894976,my_ring_all_reduce,4,8
2098,0.4171180000000013,0.5252740000000004,0.4546413333333339,0.4215319999999999,0.049977335191953506,0,4,903168,my_ring_all_reduce,4,8
2099,0.41897099999999954,0.7339450000000015,0.5242303333333339,0.41977500000000056,0.1482910261733857,0,4,911360,my_ring_all_reduce,4,8
2100,0.41119700000000015,0.725594000000001,0.5191113333333338,0.42054300000000033,0.1460551394835377,0,4,919552,my_ring_all_reduce,4,8
2101,0.4204439999999986,0.5281260000000011,0.45641233333333336,0.4206670000000004,0.05070930172616886,0,4,927744,my_ring_all_reduce,4,8
2102,0.41497399999999973,0.898810999999996,0.5777466666666651,0.41945499999999947,0.22703413758629953,0,4,935936,my_ring_all_reduce,4,8
2103,0.4133739999999998,0.8717380000000012,0.569030666666667,0.42198,0.21407524074389317,0,4,944128,my_ring_all_reduce,4,8
2104,0.41311799999999993,0.7274829999999983,0.5199016666666658,0.41910399999999937,0.1468025102199847,0,4,952320,my_ring_all_reduce,4,8
2105,0.4126369999999997,0.8792559999999976,0.5700536666666663,0.41826800000000186,0.21865115175294236,0,4,960512,my_ring_all_reduce,4,8
2106,0.43378999999999907,0.726302999999999,0.5341629999999989,0.44239599999999885,0.13590891682544848,0,4,968704,my_ring_all_reduce,4,8
2107,0.43408099999999966,0.5213419999999996,0.46477799999999947,0.43891099999999916,0.040045364251059166,0,4,976896,my_ring_all_reduce,4,8
2108,0.4347480000000005,0.8666220000000012,0.5787266666666675,0.43481000000000086,0.20357274404551884,0,4,985088,my_ring_all_reduce,4,8
2109,0.43513099999999805,0.8201879999999983,0.566588333333332,0.4444459999999997,0.17936236228434918,0,4,993280,my_ring_all_reduce,4,8
2110,0.44063599999999997,0.8889879999999984,0.5907169999999998,0.44252700000000095,0.2109108596081915,0,4,1001472,my_ring_all_reduce,4,8
2111,0.43708399999999986,0.7317389999999996,0.5378636666666666,0.4447680000000005,0.1371264492365428,0,4,1009664,my_ring_all_reduce,4,8
2112,0.441565000000001,0.8160249999999997,0.5671746666666668,0.4439339999999998,0.1759664160009577,0,4,1017856,my_ring_all_reduce,4,8
2113,0.4360599999999995,0.866904999999997,0.5798353333333323,0.4365410000000002,0.20298900295390804,0,4,1026048,my_ring_all_reduce,4,8
2114,0.43615399999999954,0.7292130000000016,0.534086666666667,0.43689300000000003,0.13797548333027304,0,4,1034240,my_ring_all_reduce,4,8
2115,0.4364780000000014,0.7370520000000006,0.5369243333333338,0.4372429999999995,0.14151197482977276,0,4,1042432,my_ring_all_reduce,4,8
2116,0.43615699999999996,0.8920600000000032,0.5882736666666674,0.43660399999999894,0.2148094538458592,0,4,1048576,my_ring_all_reduce,4,8
2117,0.4383660000000009,0.8749389999999995,0.5857356666666665,0.44390199999999913,0.20451012661533927,0,4,1081344,my_ring_all_reduce,4,8
2118,0.43999699999999986,0.7079299999999994,0.5294679999999997,0.4404769999999999,0.12619184253350113,0,4,1114112,my_ring_all_reduce,4,8
2119,0.44361399999999956,0.7848289999999998,0.5577996666666665,0.44495600000000013,0.16053491600756373,0,4,1146880,my_ring_all_reduce,4,8
2120,0.44742200000000004,0.8835460000000003,0.5931386666666666,0.4484479999999994,0.2053494218956776,0,4,1179648,my_ring_all_reduce,4,8
2121,0.4526050000000005,0.8123149999999996,0.5755060000000001,0.4615980000000002,0.16748949295005505,0,4,1212416,my_ring_all_reduce,4,8
2122,0.4583020000000006,0.8904280000000018,0.6035266666666678,0.4618500000000008,0.20287504919257343,0,4,1245184,my_ring_all_reduce,4,8
2123,0.46930900000000114,0.6298200000000006,0.5230356666666676,0.469978000000001,0.07550842016770175,0,4,1277952,my_ring_all_reduce,4,8
2124,0.4836109999999999,0.7383010000000013,0.5693396666666674,0.4861070000000009,0.11947804993758893,0,4,1310720,my_ring_all_reduce,4,8
2125,0.48665400000000003,0.7323470000000016,0.5707586666666664,0.49327499999999735,0.1142921738712784,0,4,1343488,my_ring_all_reduce,4,8
2126,0.4939809999999991,0.7612120000000004,0.5850103333333334,0.49983800000000067,0.12461633551112908,0,4,1376256,my_ring_all_reduce,4,8
2127,0.4957719999999995,0.8805409999999992,0.6241136666666662,0.4960279999999998,0.18132153640119206,0,4,1409024,my_ring_all_reduce,4,8
2128,0.5043800000000002,0.5996119999999991,0.5383423333333327,0.5110349999999989,0.04340930235432113,0,4,1441792,my_ring_all_reduce,4,8
2129,0.5115799999999999,0.7375639999999986,0.5872796666666658,0.5126949999999988,0.10626804612341759,0,4,1474560,my_ring_all_reduce,4,8
2130,0.5285730000000013,0.7982349999999997,0.6210963333333339,0.5364810000000007,0.12529755128581752,0,4,1507328,my_ring_all_reduce,4,8
2131,0.5315170000000017,0.5983629999999984,0.5554410000000002,0.5364430000000007,0.030416990120653284,0,4,1540096,my_ring_all_reduce,4,8
2132,0.5398989999999999,0.881018000000001,0.6537876666666669,0.5404459999999999,0.1606762647734746,0,4,1572864,my_ring_all_reduce,4,8
2133,0.5424309999999996,0.8763470000000034,0.6553680000000011,0.547326,0.15626852762046237,0,4,1605632,my_ring_all_reduce,4,8
2134,0.5437380000000003,0.7244160000000002,0.6061833333333331,0.5503959999999989,0.08364729460193118,0,4,1638400,my_ring_all_reduce,4,8
2135,0.5454989999999998,0.695739999999998,0.5978613333333329,0.5523450000000008,0.06926707717395095,0,4,1671168,my_ring_all_reduce,4,8
2136,0.5499170000000004,0.8815939999999992,0.6625666666666666,0.5561890000000003,0.1548968776451677,0,4,1703936,my_ring_all_reduce,4,8
2137,0.5528609999999999,0.8643149999999996,0.6586410000000006,0.5587470000000021,0.1454533303296965,0,4,1736704,my_ring_all_reduce,4,8
2138,0.5647629999999999,0.8828439999999992,0.6737556666666661,0.573659999999999,0.14789238768855612,0,4,1769472,my_ring_all_reduce,4,8
2139,0.6543339999999999,0.7875810000000002,0.7006259999999999,0.6599629999999997,0.061529399092358196,0,4,1802240,my_ring_all_reduce,4,8
2140,0.6555790000000002,0.7163489999999975,0.6776919999999991,0.6611479999999993,0.02742901355620733,0,4,1835008,my_ring_all_reduce,4,8
2141,0.6589380000000001,0.8864590000000053,0.7366026666666686,0.6644110000000005,0.10598798331991567,0,4,1867776,my_ring_all_reduce,4,8
2142,0.6560289999999986,0.7326990000000014,0.6831526666666662,0.6607299999999987,0.035087074641368725,0,4,1900544,my_ring_all_reduce,4,8
2143,0.6617569999999996,0.884219000000001,0.7369666666666667,0.6649239999999995,0.10413115040285668,0,4,1933312,my_ring_all_reduce,4,8
2144,0.663132999999998,0.74825,0.693616666666665,0.6694669999999969,0.03871804680278063,0,4,1966080,my_ring_all_reduce,4,8
2145,0.6661079999999993,0.7425249999999997,0.6939913333333328,0.6733409999999994,0.03444528678289043,0,4,1998848,my_ring_all_reduce,4,8
2146,0.6710660000000007,0.893177999999999,0.7482936666666665,0.6806369999999997,0.10252317963704,0,4,2031616,my_ring_all_reduce,4,8
2147,0.6867139999999999,0.8771499999999997,0.7523056666666658,0.693052999999998,0.08831619860604438,0,4,2064384,my_ring_all_reduce,4,8
2148,0.7114190000000008,0.7128579999999998,0.7122720000000008,0.7125390000000016,0.000617061315159526,0,4,2097152,my_ring_all_reduce,4,8
2149,0.7118979999999956,0.7316440000000003,0.7187576666666652,0.7127309999999998,0.009118357393499067,0,4,2129920,my_ring_all_reduce,4,8
2150,0.7163489999999966,0.8737539999999971,0.768922333333331,0.7166639999999993,0.07412729393115265,0,4,2162688,my_ring_all_reduce,4,8
2151,0.7189410000000007,0.88521,0.7745986666666673,0.7196450000000013,0.07821455192964724,0,4,2195456,my_ring_all_reduce,4,8
2152,0.7213729999999996,0.871224000000002,0.7716003333333342,0.7222040000000015,0.07044538717017355,0,4,2228224,my_ring_all_reduce,4,8
2153,0.7261380000000008,0.8810809999999983,0.777956333333333,0.7266499999999997,0.07292045068581303,0,4,2260992,my_ring_all_reduce,4,8
2154,0.7287360000000008,0.7291149999999998,0.7289460000000002,0.728987,0.0001574187621172741,0,4,2293760,my_ring_all_reduce,4,8
2155,0.7355159999999978,0.7410499999999993,0.7374029999999987,0.7356429999999992,0.002579339579556891,0,4,2326528,my_ring_all_reduce,4,8
2156,0.7486350000000029,0.7877119999999995,0.7617463333333337,0.7488919999999989,0.018360798754108287,0,4,2359296,my_ring_all_reduce,4,8
2157,0.7675159999999988,0.7701380000000009,0.7688799999999999,0.768986,0.0010730479951995924,0,4,2392064,my_ring_all_reduce,4,8
2158,0.7695960000000023,0.8762200000000012,0.8053076666666681,0.7701070000000009,0.05014302573195537,0,4,2424832,my_ring_all_reduce,4,8
2159,0.7699159999999984,0.8812100000000009,0.8071093333333329,0.7702019999999994,0.05239721398022027,0,4,2457600,my_ring_all_reduce,4,8
2160,0.7700750000000007,0.8857539999999999,0.8089113333333335,0.7709049999999997,0.05433702721799264,0,4,2490368,my_ring_all_reduce,4,8
2161,0.7712279999999991,0.8836770000000015,0.8089033333333336,0.7718049999999999,0.05287349148255348,0,4,2523136,my_ring_all_reduce,4,8
2162,0.7713870000000006,0.8885719999999956,0.8109703333333326,0.7729520000000012,0.05487638416376041,0,4,2555904,my_ring_all_reduce,4,8
2163,0.7734050000000007,0.8728280000000014,0.8066310000000007,0.7736599999999999,0.046808463358671025,0,4,2588672,my_ring_all_reduce,4,8
2164,0.7734659999999994,0.850012999999999,0.7990139999999996,0.7735630000000001,0.03606176047653028,0,4,2621440,my_ring_all_reduce,4,8
2165,0.7738179999999998,0.8805390000000007,0.8094350000000002,0.7739480000000003,0.05027814858033955,0,4,2654208,my_ring_all_reduce,4,8
2166,0.7743950000000032,0.8819460000000009,0.8107466666666685,0.7758990000000012,0.05034927542896878,0,4,2686976,my_ring_all_reduce,4,8
2167,0.7740429999999997,0.7934689999999973,0.7809876666666661,0.775451000000001,0.008844334432591913,0,4,2719744,my_ring_all_reduce,4,8
2168,0.7756729999999971,0.7786170000000002,0.7773173333333313,0.7776619999999966,0.0012263442511076846,0,4,2752512,my_ring_all_reduce,4,8
2169,0.7767639999999997,0.8927940000000008,0.8155360000000004,0.7770500000000007,0.05462978047426785,0,4,2785280,my_ring_all_reduce,4,8
2170,0.7778189999999986,0.7793219999999996,0.7784806666666647,0.7783009999999958,0.0006266111677559446,0,4,2818048,my_ring_all_reduce,4,8
2171,0.7775959999999995,0.7797699999999977,0.7784803333333326,0.7780750000000003,0.0009326629735442975,0,4,2850816,my_ring_all_reduce,4,8
2172,0.7801229999999996,0.7807309999999997,0.7804436666666659,0.7804769999999981,0.0002493315507957643,0,4,2883584,my_ring_all_reduce,4,8
2173,0.7795150000000003,0.8904269999999997,0.8172539999999998,0.7818199999999997,0.05174968085569855,0,4,2916352,my_ring_all_reduce,4,8
2174,0.7811149999999998,0.8723160000000008,0.8119743333333336,0.7824920000000002,0.042671704788484685,0,4,2949120,my_ring_all_reduce,4,8
2175,0.803228,0.8038020000000016,0.8034506666666673,0.8033220000000001,0.00025137665409216985,0,4,2981888,my_ring_all_reduce,4,8
2176,0.8052739999999985,0.8702350000000006,0.8273126666666671,0.806429000000002,0.03035433555340822,0,4,3014656,my_ring_all_reduce,4,8
2177,0.8058510000000024,0.8069060000000027,0.8064586666666673,0.806618999999997,0.00044537350118192674,0,4,3047424,my_ring_all_reduce,4,8
2178,0.8045710000000017,0.8080289999999987,0.8061720000000001,0.8059160000000002,0.0014232809514158355,0,4,3080192,my_ring_all_reduce,4,8
2179,0.8067150000000002,0.8077419999999997,0.8072696666666674,0.8073520000000026,0.0004232936989320178,0,4,3112960,my_ring_all_reduce,4,8
2180,0.8282510000000016,0.8308419999999996,0.8296473333333338,0.8298490000000002,0.0010673400999152566,0,4,3145728,my_ring_all_reduce,4,8
2181,0.8325410000000002,0.8331800000000003,0.832849000000001,0.8328260000000027,0.00026137712218167366,0,4,3178496,my_ring_all_reduce,4,8
2182,0.8334659999999986,0.8801549999999988,0.8495199999999999,0.8349390000000021,0.02167056146019226,0,4,3211264,my_ring_all_reduce,4,8
2183,0.8321849999999986,0.8882500000000019,0.8514706666666672,0.8339770000000007,0.026017203748461205,0,4,3244032,my_ring_all_reduce,4,8
2184,0.8301440000000007,0.8832589999999991,0.8490953333333331,0.8338829999999994,0.024205538213850988,0,4,3276800,my_ring_all_reduce,4,8
2185,0.8318339999999999,0.8367010000000005,0.8344056666666665,0.8346819999999989,0.0019965290436712913,0,4,3309568,my_ring_all_reduce,4,8
2186,0.8327640000000002,0.8772100000000028,0.8482086666666674,0.8346519999999992,0.020521519393609296,0,4,3342336,my_ring_all_reduce,4,8
2187,0.8336589999999997,0.8829049999999988,0.8515893333333325,0.8382039999999988,0.02222112343894607,0,4,3375104,my_ring_all_reduce,4,8
2188,0.830842999999999,0.8804760000000024,0.8475466666666668,0.831320999999999,0.02328537260933631,0,4,3407872,my_ring_all_reduce,4,8
2189,0.8304579999999987,0.8368280000000005,0.8344373333333337,0.8360260000000017,0.0028327985377646536,0,4,3440640,my_ring_all_reduce,4,8
2190,0.8363779999999988,0.8938499999999995,0.8563253333333326,0.8387479999999996,0.026551581011725632,0,4,3473408,my_ring_all_reduce,4,8
2191,0.8374370000000009,0.8684769999999989,0.8479643333333334,0.8379790000000003,0.01450633336014078,0,4,3506176,my_ring_all_reduce,4,8
2192,0.8382050000000009,0.9043129999999993,0.8604216666666646,0.8387469999999939,0.031036648201047883,0,4,3538944,my_ring_all_reduce,4,8
2193,0.886235999999998,0.891228000000001,0.8892866666666671,0.8903960000000025,0.002183724850394257,0,4,3571712,my_ring_all_reduce,4,8
2194,0.8852130000000016,0.8918679999999977,0.8877826666666669,0.8862670000000017,0.002920638096183453,0,4,3604480,my_ring_all_reduce,4,8
2195,0.8908730000000005,0.8921520000000014,0.891535000000001,0.8915800000000008,0.0005231182148110069,0,4,3637248,my_ring_all_reduce,4,8
2196,0.8908429999999989,0.8931160000000009,0.8923579999999997,0.8931149999999989,0.0010712668512875918,0,4,3670016,my_ring_all_reduce,4,8
2197,0.8910009999999984,0.8951950000000015,0.8936366666666667,0.8947140000000005,0.0018740142890491278,0,4,3702784,my_ring_all_reduce,4,8
2198,0.8915799999999999,0.8997709999999989,0.8944276666666665,0.8919320000000007,0.0037810390400281712,0,4,3735552,my_ring_all_reduce,4,8
2199,0.893183000000001,0.8956760000000014,0.894140333333335,0.8935620000000026,0.0010968483132238452,0,4,3768320,my_ring_all_reduce,4,8
2200,0.8902989999999991,0.8997700000000004,0.8950766666666666,0.8951610000000005,0.00386697938390675,0,4,3801088,my_ring_all_reduce,4,8
2201,0.893114000000001,0.8976569999999993,0.8946393333333331,0.893146999999999,0.002133855092445141,0,4,3833856,my_ring_all_reduce,4,8
2202,0.8934319999999998,0.8978179999999998,0.8948960000000005,0.893438000000002,0.0020661674665907147,0,4,3866624,my_ring_all_reduce,4,8
2203,0.8955469999999995,0.8972759999999999,0.8963366666666667,0.8961870000000008,0.0007137508124144506,0,4,3899392,my_ring_all_reduce,4,8
2204,0.8893060000000024,0.9013050000000012,0.8960576666666681,0.8975620000000009,0.0050127347381993086,0,4,3932160,my_ring_all_reduce,4,8
2205,0.8943639999999978,0.8999310000000014,0.8969983333333328,0.8966999999999989,0.0022824875805932125,0,4,3964928,my_ring_all_reduce,4,8
2206,0.8919300000000003,0.9061679999999996,0.8997496666666663,0.9011509999999989,0.005896494005385851,0,4,3997696,my_ring_all_reduce,4,8
2207,0.8972429999999986,0.9021090000000004,0.8992269999999992,0.8983289999999988,0.002085552205053456,0,4,4030464,my_ring_all_reduce,4,8
2208,0.8958360000000003,0.9014960000000011,0.8994610000000017,0.901051000000004,0.0025696919400332186,0,4,4063232,my_ring_all_reduce,4,8
2209,0.8951289999999991,0.9055620000000018,0.9015836666666665,0.9040599999999986,0.004605145117752751,0,4,4096000,my_ring_all_reduce,4,8
2210,0.8958669999999984,0.9020439999999998,0.8998676666666662,0.901692,0.002832546125936808,0,4,4128768,my_ring_all_reduce,4,8
2211,0.915002999999997,0.9220430000000015,0.9182976666666652,0.9178469999999971,0.002891680633973965,0,4,4161536,my_ring_all_reduce,4,8
2212,0.9167949999999983,0.925148000000002,0.920752999999999,0.9203159999999971,0.003424069605991953,0,4,4194304,my_ring_all_reduce,4,8
2213,0.9174359999999997,0.9219459999999999,0.919002666666667,0.9176260000000012,0.0020826959024834468,0,4,4227072,my_ring_all_reduce,4,8
2214,0.9158959999999997,0.9200919999999988,0.9182869999999997,0.9188730000000005,0.0017624133075603682,0,4,4259840,my_ring_all_reduce,4,8
2215,0.9214989999999998,0.9266169999999992,0.9232370000000008,0.921595000000003,0.002390342234910127,0,4,4292608,my_ring_all_reduce,4,8
2216,0.9219150000000009,0.9232920000000031,0.9226833333333344,0.922842999999999,0.0005733831373722976,0,4,4325376,my_ring_all_reduce,4,8
2217,0.9196129999999993,0.9248260000000018,0.9220323333333341,0.9216580000000013,0.0021445957402020997,0,4,4358144,my_ring_all_reduce,4,8
2218,0.9233880000000009,0.9258850000000021,0.9249773333333348,0.9256590000000015,0.0011276093689260806,0,4,4390912,my_ring_all_reduce,4,8
2219,0.9231960000000036,0.9312260000000006,0.9275673333333344,0.9282799999999993,0.003316739898687593,0,4,4423680,my_ring_all_reduce,4,8
2220,0.9284140000000025,0.9291789999999983,0.9288170000000004,0.9288580000000002,0.00031365267414597617,0,4,4456448,my_ring_all_reduce,4,8
2221,0.9231959999999981,0.9249539999999997,0.9243250000000001,0.9248250000000026,0.0008000587478442724,0,4,4489216,my_ring_all_reduce,4,8
2222,0.9213749999999991,0.9289880000000013,0.9263543333333332,0.928699999999999,0.003522882941885233,0,4,4521984,my_ring_all_reduce,4,8
2223,0.9341690000000017,0.9352570000000023,0.9346816666666674,0.9346189999999983,0.00044637901185271966,0,4,4554752,my_ring_all_reduce,4,8
2224,0.9304880000000012,0.9371459999999997,0.9342020000000003,0.9349719999999998,0.0027721130328078256,0,4,4587520,my_ring_all_reduce,4,8
2225,0.935452000000003,0.9394109999999997,0.9379553333333338,0.9390029999999988,0.0017779434436682208,0,4,4620288,my_ring_all_reduce,4,8
2226,0.9231939999999995,0.9319640000000018,0.9262996666666684,0.9237410000000037,0.004011508970727061,0,4,4653056,my_ring_all_reduce,4,8
2227,0.9254350000000031,0.930139000000001,0.9274076666666682,0.9266490000000004,0.001993921652310634,0,4,4685824,my_ring_all_reduce,4,8
2228,0.9254370000000017,0.927672,0.9267570000000006,0.9271620000000003,0.000956321075789183,0,4,4718592,my_ring_all_reduce,4,8
2229,1.1275140000000001,1.1344920000000007,1.131322666666667,1.1319620000000004,0.002884404194206649,0,4,4751360,my_ring_all_reduce,4,8
2230,1.1450509999999996,1.149786000000002,1.1467900000000004,1.1455329999999995,0.0021276110233479054,0,4,4784128,my_ring_all_reduce,4,8
2231,1.1497540000000008,1.1561209999999955,1.1519723333333325,1.1500420000000013,0.0029359055767412194,0,4,4816896,my_ring_all_reduce,4,8
2232,1.153529999999997,1.157623,1.1557373333333327,1.156059000000001,0.0016863697367106455,0,4,4849664,my_ring_all_reduce,4,8
2233,1.156953999999999,1.1609840000000013,1.158649666666667,1.1580110000000003,0.0017060961937198577,0,4,4882432,my_ring_all_reduce,4,8
2234,1.1653379999999989,1.1728250000000027,1.1695183333333332,1.170391999999998,0.0031183609298631237,0,4,4915200,my_ring_all_reduce,4,8
2235,1.1851130000000003,1.1876090000000004,1.1865103333333336,1.1868090000000002,0.0010406425365556188,0,4,4947968,my_ring_all_reduce,4,8
2236,1.1915469999999986,1.1926660000000011,1.1921436666666665,1.1922179999999998,0.0004598436932514833,0,4,4980736,my_ring_all_reduce,4,8
2237,1.1961220000000012,1.1971150000000017,1.1966133333333346,1.196603000000001,0.00040545639579250256,0,4,5013504,my_ring_all_reduce,4,8
2238,1.194107,1.1959299999999975,1.1952043333333326,1.195576,0.00078927575803453,0,4,5046272,my_ring_all_reduce,4,8
2239,1.2278969999999991,1.2327610000000013,1.2295183333333344,1.2278970000000027,0.0022929115891277777,0,4,5079040,my_ring_all_reduce,4,8
2240,1.2413689999999997,1.2505529999999998,1.2458599999999995,1.2456579999999986,0.0037520720497702426,0,4,5111808,my_ring_all_reduce,4,8
2241,1.2536259999999984,1.2556729999999998,1.2547359999999992,1.2549089999999996,0.0008445902359533444,0,4,5144576,my_ring_all_reduce,4,8
2242,1.2538799999999992,1.2622619999999989,1.2581146666666656,1.2582019999999985,0.003422494347044943,0,4,5177344,my_ring_all_reduce,4,8
2243,1.2897879999999986,1.2986800000000003,1.2935183333333329,1.2920869999999995,0.003768594108624651,0,4,5210112,my_ring_all_reduce,4,8
2244,1.3113210000000017,1.320409000000001,1.316504666666668,1.3177840000000014,0.003818852910960763,0,4,5242880,my_ring_all_reduce,4,8
2245,1.3240560000000023,1.3278030000000003,1.3258920000000007,1.325817,0.0015306253623919538,0,4,5275648,my_ring_all_reduce,4,8
2246,1.3326650000000009,1.3370540000000002,1.3345113333333345,1.3338150000000024,0.0018582232254370497,0,4,5308416,my_ring_all_reduce,4,8
2247,1.3703269999999985,1.3714170000000012,1.3709156666666666,1.3710029999999997,0.00044925518608380724,0,4,5341184,my_ring_all_reduce,4,8
2248,1.3730510000000005,1.379382999999999,1.376131333333334,1.3759600000000027,0.002587865572671541,0,4,5373952,my_ring_all_reduce,4,8
2249,1.379253999999999,1.3811459999999989,1.3800029999999994,1.3796090000000003,0.0008211142835599573,0,4,5406720,my_ring_all_reduce,4,8
2250,1.3690469999999968,1.3740429999999988,1.3713096666666658,1.3708390000000017,0.0020665832241224466,0,4,5439488,my_ring_all_reduce,4,8
2251,1.3710010000000012,1.3753210000000053,1.3734440000000017,1.3740099999999984,0.0018084739423071747,0,4,5472256,my_ring_all_reduce,4,8
2252,1.3743959999999988,1.3808250000000009,1.378084,1.3790310000000008,0.002708704118209464,0,4,5505024,my_ring_all_reduce,4,8
2253,1.377692000000001,1.3826869999999987,1.379366666666667,1.3777210000000013,0.0023478600658649483,0,4,5537792,my_ring_all_reduce,4,8
2254,1.380696,1.3864910000000055,1.3830863333333354,1.3820720000000002,0.002472132727471288,0,4,5570560,my_ring_all_reduce,4,8
2255,1.3771440000000021,1.3829029999999984,1.3795546666666674,1.378617000000002,0.0024428036260713605,0,4,5603328,my_ring_all_reduce,4,8
2256,1.399608000000001,1.4044709999999996,1.4022426666666672,1.4026490000000014,0.0020059947380007635,0,4,5636096,my_ring_all_reduce,4,8
2257,1.4033519999999973,1.4124059999999992,1.4078093333333328,1.407670000000002,0.003697592850611632,0,4,5668864,my_ring_all_reduce,4,8
2258,1.4097520000000041,1.422359999999997,1.4151816666666666,1.413432999999999,0.00529363091102826,0,4,5701632,my_ring_all_reduce,4,8
2259,1.4141730000000008,1.418584999999999,1.4168473333333333,1.4177840000000006,0.0019191047102455892,0,4,5734400,my_ring_all_reduce,4,8
2260,1.4256919999999973,1.4258470000000008,1.4257746666666657,1.4257849999999999,6.369894469879358e-05,0,4,5767168,my_ring_all_reduce,4,8
2261,1.424953,1.4260080000000008,1.4256026666666664,1.4258469999999979,0.00046406201692820065,0,4,5799936,my_ring_all_reduce,4,8
2262,1.4088220000000002,1.4159249999999988,1.4131106666666666,1.4145850000000009,0.0030814927479313353,0,4,5832704,my_ring_all_reduce,4,8
2263,1.4123450000000013,1.4183939999999984,1.4147129999999997,1.4133999999999987,0.0026382540944082356,0,4,5865472,my_ring_all_reduce,4,8
2264,1.4126020000000026,1.4217520000000012,1.4158446666666682,1.4131800000000003,0.004183775116114744,0,4,5898240,my_ring_all_reduce,4,8
2265,1.4310959999999977,1.4439889999999942,1.4357029999999968,1.432023999999999,0.005871322565371785,0,4,5931008,my_ring_all_reduce,4,8
2266,1.4359280000000008,1.4384220000000059,1.4368140000000025,1.4360920000000006,0.0011389972197824799,0,4,5963776,my_ring_all_reduce,4,8
2267,1.4441850000000023,1.4510339999999988,1.4477370000000003,1.4479920000000002,0.002801900426494857,0,4,5996544,my_ring_all_reduce,4,8
2268,1.4498160000000044,1.4510950000000011,1.4503489999999994,1.4501359999999932,0.000543437822263614,0,4,6029312,my_ring_all_reduce,4,8
2269,1.4537829999999994,1.4585539999999984,1.4560243333333334,1.4557360000000017,0.0019583942969228748,0,4,6062080,my_ring_all_reduce,4,8
2270,1.4569849999999989,1.4622949999999983,1.4598426666666633,1.4602479999999924,0.0021866635670703834,0,4,6094848,my_ring_all_reduce,4,8
2271,1.458328999999998,1.4601209999999998,1.4591616666666651,1.459034999999998,0.0007370433426129205,0,4,6127616,my_ring_all_reduce,4,8
2272,1.458875,1.4635760000000009,1.4614223333333338,1.4618160000000007,0.0019392576472000282,0,4,6160384,my_ring_all_reduce,4,8
2273,1.4608250000000007,1.472119999999999,1.467160333333334,1.4685360000000018,0.004712649667531444,0,4,6193152,my_ring_all_reduce,4,8
2274,1.46399,1.4667409999999963,1.4649606666666646,1.464150999999998,0.0012606004741996229,0,4,6225920,my_ring_all_reduce,4,8
2275,1.4664890000000033,1.4676730000000016,1.466979000000001,1.466774999999998,0.0005044310326165536,0,4,6258688,my_ring_all_reduce,4,8
2276,1.4687610000000004,1.4721199999999972,1.4706273333333326,1.4710010000000002,0.0013965291101700323,0,4,6291456,my_ring_all_reduce,4,8
2277,1.4859430000000067,1.4906169999999948,1.4883866666666676,1.4886000000000013,0.0019141059415656847,0,4,6324224,my_ring_all_reduce,4,8
2278,1.4855250000000015,1.4915140000000011,1.4876613333333337,1.4859449999999987,0.0027296373792546767,0,4,6356992,my_ring_all_reduce,4,8
2279,1.4882829999999996,1.4990980000000018,1.4922710000000006,1.4894320000000008,0.004850154430531874,0,4,6389760,my_ring_all_reduce,4,8
2280,1.4891109999999972,1.4929520000000012,1.490882666666666,1.4905849999999992,0.0015821450277689426,0,4,6422528,my_ring_all_reduce,4,8
2281,1.487510000000002,1.4949380000000019,1.4908713333333348,1.490166,0.0030732086742614583,0,4,6455296,my_ring_all_reduce,4,8
2282,1.490393,1.4961479999999983,1.4936756666666657,1.494485999999999,0.002418330875256462,0,4,6488064,my_ring_all_reduce,4,8
2283,1.4902020000000002,1.4960869999999977,1.4925583333333334,1.4913860000000023,0.0025415323898942016,0,4,6520832,my_ring_all_reduce,4,8
2284,1.4975920000000005,1.499542000000003,1.4984976666666683,1.4983590000000022,0.000802099882947158,0,4,6553600,my_ring_all_reduce,4,8
2285,1.5030979999999983,1.504023,1.5036936666666658,1.503959999999999,0.00042198446522287555,0,4,6586368,my_ring_all_reduce,4,8
2286,1.509179000000002,1.5113859999999968,1.5106383333333335,1.5113500000000022,0.0010320091515516403,0,4,6619136,my_ring_all_reduce,4,8
2287,1.5160570000000007,1.529366000000001,1.5215593333333335,1.5192549999999991,0.005672438296026303,0,4,6651904,my_ring_all_reduce,4,8
2288,1.5243110000000006,1.5306489999999995,1.5265730000000008,1.524759000000002,0.0028879644503805634,0,4,6684672,my_ring_all_reduce,4,8
2289,1.528375,1.529752,1.5291330000000016,1.5292720000000044,0.0005706855526473303,0,4,6717440,my_ring_all_reduce,4,8
2290,1.5252039999999998,1.5440239999999976,1.5338466666666664,1.5323120000000017,0.007759488872054587,0,4,6750208,my_ring_all_reduce,4,8
2291,1.536021999999999,1.5421980000000004,1.5398513333333337,1.5413340000000013,0.0027306249996828726,0,4,6782976,my_ring_all_reduce,4,8
2292,1.5446020000000007,1.547350000000001,1.545944000000001,1.545880000000001,0.001122778695914813,0,4,6815744,my_ring_all_reduce,4,8
2293,1.5457819999999993,1.5521499999999941,1.5479586666666634,1.545943999999996,0.002964458054273254,0,4,6848512,my_ring_all_reduce,4,8
2294,1.5530499999999985,1.5614279999999963,1.5574853333333316,1.557978,0.003437999547539756,0,4,6881280,my_ring_all_reduce,4,8
2295,1.5464550000000017,1.5591609999999965,1.5543929999999986,1.5575629999999983,0.005650798409662373,0,4,6914048,my_ring_all_reduce,4,8
2296,1.5553500000000005,1.5592529999999933,1.5571203333333308,1.556757999999998,0.0016138600379873953,0,4,6946816,my_ring_all_reduce,4,8
2297,1.559031,1.5603759999999984,1.5598206666666663,1.5600550000000004,0.0005735505402505315,0,4,6979584,my_ring_all_reduce,4,8
2298,1.5537860000000019,1.5589049999999998,1.5568993333333356,1.558007000000005,0.002231775725490437,0,4,7012352,my_ring_all_reduce,4,8
2299,1.5531419999999998,1.5579109999999983,1.5562569999999998,1.5577180000000017,0.002204046430242984,0,4,7045120,my_ring_all_reduce,4,8
2300,1.5514820000000018,1.5620999999999994,1.5579323333333335,1.5602149999999992,0.004625538262971303,0,4,7077888,my_ring_all_reduce,4,8
2301,1.595926999999996,1.6001849999999977,1.5978053333333317,1.597304000000001,0.0017740992706788475,0,4,7110656,my_ring_all_reduce,4,8
2302,1.5961210000000028,1.6078639999999995,1.602189666666667,1.602583999999999,0.004802161758577293,0,4,7143424,my_ring_all_reduce,4,8
2303,1.6018479999999982,1.6122509999999994,1.6055719999999989,1.6026169999999993,0.004733189270108486,0,4,7176192,my_ring_all_reduce,4,8
2304,1.5982000000000034,1.6070290000000023,1.602465666666669,1.6021680000000016,0.0036105645295741676,0,4,7208960,my_ring_all_reduce,4,8
2305,1.604662000000003,1.6093679999999986,1.6070843333333344,1.6072230000000018,0.0019237169461441513,0,4,7241728,my_ring_all_reduce,4,8
2306,1.612184000000003,1.614584999999992,1.6134646666666652,1.613625000000001,0.0009867388487067514,0,4,7274496,my_ring_all_reduce,4,8
2307,1.614356,1.6183909999999988,1.6159363333333323,1.6150619999999982,0.0017594791527290312,0,4,7307264,my_ring_all_reduce,4,8
2308,1.6169500000000008,1.6279899999999998,1.622283333333333,1.621909999999999,0.004514785586147553,0,4,7340032,my_ring_all_reduce,4,8
2309,1.6291130000000011,1.634743999999997,1.6322263333333327,1.6328220000000002,0.002337114222472174,0,4,7372800,my_ring_all_reduce,4,8
2310,1.624151000000009,1.6340710000000072,1.6285256666666725,1.6273550000000014,0.004133557413280716,0,4,7405568,my_ring_all_reduce,4,8
2311,1.6349359999999997,1.637529999999997,1.6365806666666662,1.6372760000000017,0.0011675687940708777,0,4,7438336,my_ring_all_reduce,4,8
2312,1.643865,1.6525650000000005,1.6489829999999994,1.6505189999999985,0.003714114699359727,0,4,7471104,my_ring_all_reduce,4,8
2313,1.6395769999999994,1.648917999999996,1.6430423333333304,1.640631999999996,0.004176988574984134,0,4,7503872,my_ring_all_reduce,4,8
2314,1.6459100000000009,1.6506820000000006,1.648844666666668,1.6499420000000027,0.0020969980660195996,0,4,7536640,my_ring_all_reduce,4,8
2315,1.6577510000000002,1.6678010000000014,1.663596333333335,1.6652370000000027,0.004263759321955424,0,4,7569408,my_ring_all_reduce,4,8
2316,1.662902,1.6694340000000003,1.6664663333333334,1.6670629999999993,0.0026998474442498236,0,4,7602176,my_ring_all_reduce,4,8
2317,1.673372000000003,1.6832870000000002,1.6792353333333345,1.6810470000000006,0.004245657258369456,0,4,7634944,my_ring_all_reduce,4,8
2318,1.689688,1.6948720000000004,1.6925883333333334,1.693205,0.002160813478505107,0,4,7667712,my_ring_all_reduce,4,8
2319,1.6973979999999937,1.7061039999999994,1.7009523333333334,1.6993550000000068,0.0037293622630276036,0,4,7700480,my_ring_all_reduce,4,8
2320,1.702553,1.7052749999999988,1.7038323333333325,1.703668999999999,0.0011172374660538785,0,4,7733248,my_ring_all_reduce,4,8
2321,1.7120870000000006,1.721943999999999,1.716417666666666,1.715221999999998,0.004111960305687773,0,4,7766016,my_ring_all_reduce,4,8
2322,1.7094309999999968,1.7172389999999977,1.7142939999999978,1.7162119999999987,0.0034641265373353417,0,4,7798784,my_ring_all_reduce,4,8
2323,1.7229030000000012,1.725751999999993,1.7238853333333315,1.7230010000000002,0.0013205388630704341,0,4,7831552,my_ring_all_reduce,4,8
2324,1.7238610000000045,1.7251109999999998,1.7243200000000032,1.723988000000005,0.0005617193842694928,0,4,7864320,my_ring_all_reduce,4,8
2325,1.7225859999999993,1.7261979999999986,1.7249823333333325,1.7261629999999997,0.0016945237941346858,0,4,7897088,my_ring_all_reduce,4,8
2326,1.7221359999999986,1.7317030000000013,1.7269346666666678,1.7269650000000039,0.003905770289656633,0,4,7929856,my_ring_all_reduce,4,8
2327,1.7236059999999997,1.7271599999999963,1.7250900000000005,1.7245040000000045,0.0015089236782090721,0,4,7962624,my_ring_all_reduce,4,8
2328,1.728470999999994,1.7318950000000004,1.730039333333333,1.7297520000000042,0.0014125306683023789,0,4,7995392,my_ring_all_reduce,4,8
2329,1.7399239999999954,1.7432880000000042,1.7420369999999998,1.7428990000000004,0.0015025327506170757,0,4,8028160,my_ring_all_reduce,4,8
2330,1.7406290000000009,1.7452710000000016,1.7436060000000004,1.744917999999998,0.0021099840441730616,0,4,8060928,my_ring_all_reduce,4,8
2331,1.7457809999999918,1.7467080000000097,1.7463793333333355,1.746649000000005,0.0004237706402782596,0,4,8093696,my_ring_all_reduce,4,8
2332,1.7488230000000022,1.7573990000000086,1.7523533333333365,1.7508379999999988,0.003661431444428134,0,4,8126464,my_ring_all_reduce,4,8
2333,1.7469369999999982,1.7538159999999998,1.7503389999999992,1.7502639999999992,0.0028088406861201186,0,4,8159232,my_ring_all_reduce,4,8
2334,1.7470920000000005,1.7541049999999923,1.7512016666666652,1.752408000000003,0.00298741497321819,0,4,8192000,my_ring_all_reduce,4,8
2335,1.747768,1.749205,1.7485026666666668,1.748535,0.0005870981367899063,0,4,8224768,my_ring_all_reduce,4,8
2336,1.7536870000000053,1.7559919999999984,1.7550520000000034,1.7554770000000062,0.0009878343315873335,0,4,8257536,my_ring_all_reduce,4,8
2337,1.748440999999999,1.7604710000000015,1.7532073333333342,1.7507100000000029,0.0052190503819080185,0,4,8290304,my_ring_all_reduce,4,8
2338,1.7544880000000012,1.754647000000001,1.7545526666666653,1.7545229999999938,6.821697410240094e-05,0,4,8323072,my_ring_all_reduce,4,8
2339,1.7550300000000025,1.7566569999999957,1.7557759999999991,1.7556409999999996,0.0006710444595277704,0,4,8355840,my_ring_all_reduce,4,8
2340,1.7527599999999985,1.756536,1.7546799999999998,1.7547440000000005,0.0015422096701384921,0,4,8388608,my_ring_all_reduce,4,8
2341,1.7514470000000002,1.7574939999999997,1.7541766666666667,1.753589,0.0025034065235636626,0,4,8421376,my_ring_all_reduce,4,8
2342,1.753813000000001,1.7566940000000004,1.7551893333333355,1.755061000000005,0.0011796588018948533,0,4,8454144,my_ring_all_reduce,4,8
2343,1.7529829999999966,1.756377999999997,1.754189000000001,1.7532060000000094,0.0015505317367467907,0,4,8486912,my_ring_all_reduce,4,8
2344,1.7539410000000097,1.7580050000000012,1.7560746666666696,1.7562779999999985,0.0016653392714027675,0,4,8519680,my_ring_all_reduce,4,8
2345,1.756375,1.7603089999999992,1.7578140000000004,1.7567580000000016,0.001771146709525852,0,4,8552448,my_ring_all_reduce,4,8
2346,1.7520879999999925,1.759926999999996,1.7559803333333297,1.7559260000000003,0.003200488955701056,0,4,8585216,my_ring_all_reduce,4,8
2347,1.7676039999999993,1.7728239999999968,1.770165666666667,1.770069000000005,0.002132152016676468,0,4,8617984,my_ring_all_reduce,4,8
2348,1.7712870000000003,1.782710000000001,1.7770033333333346,1.7770130000000026,0.004663425231403554,0,4,8650752,my_ring_all_reduce,4,8
2349,1.7735640000000021,1.7803110000000006,1.776196333333334,1.774713999999999,0.002947143965868403,0,4,8683520,my_ring_all_reduce,4,8
2350,1.7783250000000008,1.7795419999999977,1.778858999999999,1.7787099999999991,0.0005078864702523887,0,4,8716288,my_ring_all_reduce,4,8
2351,1.7851440000000003,1.7885010000000012,1.7869766666666684,1.7872850000000036,0.001387723395430031,0,4,8749056,my_ring_all_reduce,4,8
2352,1.7823250000000044,1.7836709999999985,1.7829776666666681,1.7829370000000018,0.0005502540827225976,0,4,8781824,my_ring_all_reduce,4,8
2353,1.7871579999999996,1.788855000000007,1.7880013333333362,1.7879910000000019,0.0006928358792381813,0,4,8814592,my_ring_all_reduce,4,8
2354,1.786069999999999,1.7903599999999997,1.7884499999999992,1.7889199999999992,0.0017826384939187995,0,4,8847360,my_ring_all_reduce,4,8
2355,1.8139760000000025,1.8187100000000027,1.816929333333335,1.818101999999999,0.0021030215299785017,0,4,8880128,my_ring_all_reduce,4,8
2356,1.8182660000000015,1.8221019999999999,1.8206316666666673,1.8215270000000001,0.0016891694869234299,0,4,8912896,my_ring_all_reduce,4,8
2357,1.8214329999999992,1.8255269999999983,1.8240016666666656,1.8250449999999991,0.0018269496131223743,0,4,8945664,my_ring_all_reduce,4,8
2358,1.8199900000000016,1.8241500000000015,1.821547333333335,1.8205020000000014,0.0018521953340713182,0,4,8978432,my_ring_all_reduce,4,8
2359,1.8518949999999987,1.8542609999999986,1.8528219999999995,1.8523100000000015,0.0010315351020036168,0,4,9011200,my_ring_all_reduce,4,8
2360,1.8744539999999998,1.8795429999999989,1.8777289999999993,1.8791899999999988,0.0023202544400699808,0,4,9043968,my_ring_all_reduce,4,8
2361,1.8875720000000011,1.8909979999999986,1.8893016666666664,1.889334999999999,0.0013988572320121407,0,4,9076736,my_ring_all_reduce,4,8
2362,1.9024230000000026,1.9069660000000004,1.9040766666666666,1.9028409999999967,0.0020501815095797715,0,4,9109504,my_ring_all_reduce,4,8
2363,1.9098169999999992,1.912114000000005,1.9112003333333354,1.911670000000002,0.0009948173478382528,0,4,9142272,my_ring_all_reduce,4,8
2364,1.9108060000000004,1.9161830000000046,1.9143260000000015,1.9159889999999997,0.0024902756206233554,0,4,9175040,my_ring_all_reduce,4,8
2365,1.9152520000000042,1.9166639999999997,1.9159263333333338,1.9158629999999977,0.0005781835540901335,0,4,9207808,my_ring_all_reduce,4,8
2366,1.9169750000000003,1.9253030000000035,1.9204146666666693,1.918966000000004,0.0035508564538097778,0,4,9240576,my_ring_all_reduce,4,8
2367,1.9188059999999996,1.9237360000000046,1.921922000000001,1.9232239999999985,0.0022132371465054894,0,4,9273344,my_ring_all_reduce,4,8
2368,1.9210159999999996,1.9261630000000014,1.9237340000000012,1.924023000000002,0.0021111676074319708,0,4,9306112,my_ring_all_reduce,4,8
2369,1.9231249999999964,1.9297520000000024,1.9268179999999975,1.9275769999999939,0.00275818092227655,0,4,9338880,my_ring_all_reduce,4,8
2370,1.9233189999999978,1.927125999999993,1.9254950000000008,1.9260400000000117,0.001601266373842868,0,4,9371648,my_ring_all_reduce,4,8
2371,1.9223010000000014,1.9316399999999985,1.9258813333333338,1.9237030000000013,0.004112021589868487,0,4,9404416,my_ring_all_reduce,4,8
2372,1.9288530000000064,1.9375609999999996,1.932972333333338,1.9325030000000079,0.0035704828182662528,0,4,9437184,my_ring_all_reduce,4,8
2373,2.0260999999999987,2.036529999999995,2.0321479999999976,2.0338139999999987,0.004417985362883869,0,4,9469952,my_ring_all_reduce,4,8
2374,2.038872000000003,2.044434999999998,2.0416963333333342,2.0417820000000013,0.0022718929454412446,0,4,9502720,my_ring_all_reduce,4,8
2375,2.0517310000000033,2.0538120000000037,2.0528300000000006,2.0529469999999947,0.000853583426892937,0,4,9535488,my_ring_all_reduce,4,8
2376,2.053107000000001,2.0557660000000006,2.0547300000000006,2.055316999999999,0.001162180995656689,0,4,9568256,my_ring_all_reduce,4,8
2377,2.056535999999999,2.058005999999994,2.05706833333333,2.056662999999997,0.0006650545508099451,0,4,9601024,my_ring_all_reduce,4,8
2378,2.067315000000006,2.0696200000000027,2.0685633333333375,2.068755000000005,0.0009507219479004998,0,4,9633792,my_ring_all_reduce,4,8
2379,2.0676349999999983,2.0751910000000007,2.071242666666666,2.0709019999999985,0.0030941153106440107,0,4,9666560,my_ring_all_reduce,4,8
2380,2.077363999999998,2.080406000000001,2.0789973333333323,2.079221999999998,0.0012520110045675492,0,4,9699328,my_ring_all_reduce,4,8
2381,2.0824860000000043,2.0884030000000005,2.084959000000001,2.0839879999999975,0.002511288248421966,0,4,9732096,my_ring_all_reduce,4,8
2382,2.090518,2.096567000000003,2.0931633333333335,2.092404999999998,0.002527040737482637,0,4,9764864,my_ring_all_reduce,4,8
2383,2.1064210000000014,2.1186140000000013,2.111797333333335,2.110357000000001,0.00508089443132036,0,4,9797632,my_ring_all_reduce,4,8
2384,2.1265809999999985,2.135705000000002,2.1310726666666695,2.130932000000008,0.0037261852104038015,0,4,9830400,my_ring_all_reduce,4,8
2385,2.153685999999996,2.157042000000005,2.1555406666666674,2.1558940000000013,0.0013926754427716344,0,4,9863168,my_ring_all_reduce,4,8
2386,2.1774290000000036,2.184242999999997,2.1817273333333347,2.183510000000003,0.0030540764379558324,0,4,9895936,my_ring_all_reduce,4,8
2387,2.203345000000001,2.2092989999999957,2.2062586666666664,2.2061320000000015,0.002432359942294329,0,4,9928704,my_ring_all_reduce,4,8
2388,2.2235390000000006,2.224020999999997,2.2237119999999986,2.2235759999999973,0.0002190175031046707,0,4,9961472,my_ring_all_reduce,4,8
2389,2.2393489999999985,2.249494,2.2455776666666645,2.247889999999996,0.0044527459942027515,0,4,9994240,my_ring_all_reduce,4,8
2390,2.250036,2.2640840000000004,2.255562,2.252566,0.006113841563752603,0,4,10027008,my_ring_all_reduce,4,8
2391,2.2684049999999916,2.278424000000001,2.2732056666666645,2.2727880000000003,0.004100888061008211,0,4,10059776,my_ring_all_reduce,4,8
2392,2.269559,2.2784509999999982,2.2743999999999995,2.275189999999999,0.003672872717641372,0,4,10092544,my_ring_all_reduce,4,8
2393,2.2923419999999997,2.3064840000000006,2.297397,2.2933650000000005,0.006439037661017647,0,4,10125312,my_ring_all_reduce,4,8
2394,2.2905149999999996,2.3061679999999996,2.296917666666665,2.294069999999996,0.006700050066148399,0,4,10158080,my_ring_all_reduce,4,8
2395,2.306262000000006,2.313204000000005,2.308757000000002,2.306804999999995,0.0031523080433250614,0,4,10190848,my_ring_all_reduce,4,8
2396,2.2633819999999942,2.269394999999998,2.2673796666666646,2.269362000000001,0.0028268093124409637,0,4,10223616,my_ring_all_reduce,4,8
2397,2.288146000000008,2.290131999999994,2.288819666666669,2.288181000000006,0.0009280698010086861,0,4,10256384,my_ring_all_reduce,4,8
2398,2.303091999999997,2.3059070000000013,2.304509999999999,2.304530999999999,0.0011493148683763056,0,4,10289152,my_ring_all_reduce,4,8
2399,2.283638999999999,2.2988050000000078,2.292234333333336,2.294259000000002,0.0063548587885384365,0,4,10321920,my_ring_all_reduce,4,8
2400,2.302678,2.313522999999999,2.309193000000001,2.3113780000000044,0.004689290991184568,0,4,10354688,my_ring_all_reduce,4,8
2401,2.326968000000008,2.3279229999999953,2.3274133333333342,2.3273490000000003,0.0003925220446695876,0,4,10387456,my_ring_all_reduce,4,8
2402,2.252085,2.2541309999999997,2.2529060000000025,2.2525020000000078,0.0008827763023538679,0,4,10420224,my_ring_all_reduce,4,8
2403,2.262931999999997,2.2652340000000004,2.264243666666666,2.2645649999999997,0.0009668651520377639,0,4,10452992,my_ring_all_reduce,4,8
2404,2.269841000000002,2.286710000000003,2.2770646666666696,2.2746430000000037,0.007096437713545028,0,4,10485760,my_ring_all_reduce,4,8
2405,2.2476059999999998,2.2524040000000003,2.250399666666666,2.2511889999999983,0.0020367435337376584,0,4,10518528,my_ring_all_reduce,4,8
2406,2.2318269999999996,2.2390599999999976,2.235155333333332,2.2345789999999996,0.0029808491333092385,0,4,10551296,my_ring_all_reduce,4,8
2407,2.251989000000005,2.261011999999995,2.2551986666666672,2.2525950000000012,0.004118085504477868,0,4,10584064,my_ring_all_reduce,4,8
2408,2.221780999999994,2.223989000000005,2.2227189999999997,2.222387000000001,0.0009314805419373195,0,4,10616832,my_ring_all_reduce,4,8
2409,2.262005000000001,2.2716359999999987,2.2672203333333325,2.2680199999999986,0.003972290718911046,0,4,10649600,my_ring_all_reduce,4,8
2410,2.259895000000004,2.265811999999998,2.2621643333333328,2.2607859999999964,0.0026048127678487795,0,4,10682368,my_ring_all_reduce,4,8
2411,2.264213000000007,2.2797959999999984,2.271614000000002,2.2708330000000005,0.0063856580449178,0,4,10715136,my_ring_all_reduce,4,8
2412,2.275733000000004,2.281172999999999,2.2789650000000043,2.279989000000009,0.0023359269394960004,0,4,10747904,my_ring_all_reduce,4,8
2413,2.2860049999999976,2.2936499999999977,2.289875666666665,2.2899719999999997,0.003121801438628451,0,4,10780672,my_ring_all_reduce,4,8
2414,2.261235999999997,2.2644379999999984,2.262601999999998,2.262131999999998,0.0013487960063211662,0,4,10813440,my_ring_all_reduce,4,8
2415,2.2638630000000006,2.2784529999999976,2.269898666666666,2.2673799999999993,0.006216900960731212,0,4,10846208,my_ring_all_reduce,4,8
2416,2.2705810000000013,2.2802790000000006,2.2769273333333326,2.279921999999995,0.0044899014342048805,0,4,10878976,my_ring_all_reduce,4,8
2417,2.229429,2.2374289999999997,2.2328749999999973,2.2317669999999925,0.0033586453618491717,0,4,10911744,my_ring_all_reduce,4,8
2418,2.2199900000000037,2.2249179999999904,2.2224436666666647,2.2224229999999987,0.0020119006491873264,0,4,10944512,my_ring_all_reduce,4,8
2419,2.227761000000004,2.229811999999998,2.228712000000002,2.228563000000004,0.0008439198224134291,0,4,10977280,my_ring_all_reduce,4,8
2420,2.2295259999999946,2.231061,2.2303043333333306,2.230325999999997,0.0006268483779125911,0,4,11010048,my_ring_all_reduce,4,8
2421,2.236373999999996,2.244916000000005,2.240318999999998,2.239666999999994,0.003517600413164382,0,4,11042816,my_ring_all_reduce,4,8
2422,2.2459090000000033,2.2482439999999997,2.2467833333333345,2.246197000000001,0.0010395179438340647,0,4,11075584,my_ring_all_reduce,4,8
2423,2.245238999999998,2.2498090000000013,2.247796333333333,2.2483410000000004,0.0019050321665422972,0,4,11108352,my_ring_all_reduce,4,8
2424,2.3005329999999993,2.3156990000000004,2.3072839999999997,2.305619999999999,0.006302304393368618,0,4,11141120,my_ring_all_reduce,4,8
2425,2.3465090000000037,2.439441000000001,2.4081873333333355,2.4386120000000004,0.043614480869952225,0,4,11173888,my_ring_all_reduce,4,8
2426,2.5047589999999946,2.5074129999999997,2.506292999999998,2.5067070000000005,0.001122341599813551,0,4,11206656,my_ring_all_reduce,4,8
2427,2.3428979999999995,2.3577210000000033,2.351499333333335,2.3538790000000027,0.0062810531141077874,0,4,11239424,my_ring_all_reduce,4,8
2428,2.3542299999999985,2.3568830000000007,2.355529333333334,2.3554750000000024,0.0010837639144315972,0,4,11272192,my_ring_all_reduce,4,8
2429,2.3628079999999936,2.3668690000000008,2.365344666666667,2.3663570000000074,0.0018058320950664758,0,4,11304960,my_ring_all_reduce,4,8
2430,2.266195999999999,2.2716670000000088,2.2690856666666708,2.269394000000004,0.0022441423504106785,0,4,11337728,my_ring_all_reduce,4,8
2431,2.267186999999999,2.274868000000006,2.271837666666669,2.2734580000000024,0.0033385176684031454,0,4,11370496,my_ring_all_reduce,4,8
2432,2.2710609999999996,2.2759899999999997,2.2728843333333337,2.271602000000001,0.0022071164194233214,0,4,11403264,my_ring_all_reduce,4,8
2433,2.2760510000000034,2.276947999999995,2.2765436666666656,2.276631999999998,0.00037148740071008744,0,4,11436032,my_ring_all_reduce,4,8
2434,2.2756360000000004,2.2789010000000016,2.2774066666666655,2.2776829999999935,0.0013471763886819413,0,4,11468800,my_ring_all_reduce,4,8
2435,2.2786160000000018,2.281076000000001,2.2797553333333345,2.279574000000001,0.0010124430299470182,0,4,11501568,my_ring_all_reduce,4,8
2436,2.285171000000004,2.3665169999999973,2.3131940000000015,2.2878940000000023,0.037721438899735206,0,4,11534336,my_ring_all_reduce,4,8
2437,2.3816510000000015,2.4847239999999946,2.4459506666666644,2.471476999999996,0.04578723331769041,0,4,11567104,my_ring_all_reduce,4,8
2438,2.5091069999999984,2.5202799999999845,2.513887666666661,2.512276,0.004701566003878713,0,4,11599872,my_ring_all_reduce,4,8
2439,2.263956999999995,2.27282,2.2677216666666644,2.266387999999999,0.0037391792622938004,0,4,11632640,my_ring_all_reduce,4,8
2440,2.271957999999999,2.27986,2.274902,2.2728880000000005,0.0035263340737942623,0,4,11665408,my_ring_all_reduce,4,8
2441,2.2661339999999965,2.2782940000000016,2.271220666666665,2.269233999999997,0.005159233362517371,0,4,11698176,my_ring_all_reduce,4,8
2442,2.2130139999999985,2.222772999999999,2.2186023333333322,2.2200199999999986,0.0041082724944787935,0,4,11730944,my_ring_all_reduce,4,8
2443,2.2158910000000107,2.2196389999999955,2.2177066666666696,2.217590000000002,0.00153233685010942,0,4,11763712,my_ring_all_reduce,4,8
2444,2.2191909999999937,2.2261979999999997,2.222346333333334,2.221650000000009,0.002902662264582391,0,4,11796480,my_ring_all_reduce,4,8
2445,2.2321199999999917,2.3638929999999982,2.319221999999996,2.3616529999999964,0.06159720341595873,0,4,11829248,my_ring_all_reduce,4,8
2446,2.4165649999999985,2.424402000000001,2.420360333333335,2.420114000000005,0.0032041798049154417,0,4,11862016,my_ring_all_reduce,4,8
2447,2.4162140000000036,2.4207890000000045,2.4191466666666686,2.420436999999998,0.0020786816869236215,0,4,11894784,my_ring_all_reduce,4,8
2448,2.340498999999999,2.3586130000000014,2.3472736666666663,2.342708999999999,0.008068720895464634,0,4,11927552,my_ring_all_reduce,4,8
2449,2.345587000000003,2.3499420000000026,2.347562000000002,2.347157000000001,0.0018008377680030932,0,4,11960320,my_ring_all_reduce,4,8
2450,2.3258139999999994,2.330164,2.327551666666666,2.3266769999999988,0.0018804975110034443,0,4,11993088,my_ring_all_reduce,4,8
2451,2.329011999999999,2.330164999999999,2.329747999999999,2.330067,0.0005219661547139338,0,4,12025856,my_ring_all_reduce,4,8
2452,2.3270609999999987,2.335125,2.3322873333333334,2.3346760000000013,0.00370011894703792,0,4,12058624,my_ring_all_reduce,4,8
2453,2.3401179999999986,2.342033000000003,2.341086666666665,2.3411089999999932,0.000781954957499604,0,4,12091392,my_ring_all_reduce,4,8
2454,2.2717660000000035,2.2787429999999986,2.2758716666666667,2.277105999999998,0.002979073271261007,0,4,12124160,my_ring_all_reduce,4,8
2455,2.271731000000001,2.2771730000000017,2.274941666666668,2.275921000000002,0.0023271099864189803,0,4,12156928,my_ring_all_reduce,4,8
2456,2.2725950000000013,2.278198000000004,2.274953000000003,2.2740660000000044,0.0023718458353508406,0,4,12189696,my_ring_all_reduce,4,8
2457,2.2801810000000025,2.283154999999999,2.2815246666666655,2.2812379999999957,0.0012309352361326846,0,4,12222464,my_ring_all_reduce,4,8
2458,2.27983,2.286931000000004,2.2822170000000006,2.2798899999999978,0.0033333913661639193,0,4,12255232,my_ring_all_reduce,4,8
2459,2.287542000000005,2.2920540000000003,2.2902936666666687,2.291285,0.001970886828024317,0,4,12288000,my_ring_all_reduce,4,8
2460,2.2598270000000014,2.262037000000001,2.260756,2.2604039999999976,0.0009359319775856522,0,4,12320768,my_ring_all_reduce,4,8
2461,2.266230000000007,2.390930000000004,2.3470166666666716,2.383890000000003,0.057197054314204396,0,4,12353536,my_ring_all_reduce,4,8
2462,2.434773000000001,2.4443719999999995,2.4410870000000027,2.4441160000000073,0.004465895281651304,0,4,12386304,my_ring_all_reduce,4,8
2463,2.282262000000006,2.287091999999997,2.2851193333333337,2.2860039999999993,0.0020686873991832256,0,4,12419072,my_ring_all_reduce,4,8
2464,2.2827710000000008,2.2855240000000014,2.284382333333335,2.2848520000000025,0.0011719477614452886,0,4,12451840,my_ring_all_reduce,4,8
2465,2.2858169999999993,2.2869649999999986,2.2862196666666663,2.2858770000000006,0.0005275991744574936,0,4,12484608,my_ring_all_reduce,4,8
2466,2.2494929999999984,2.2552200000000013,2.252180333333334,2.2518280000000015,0.0023512743117071835,0,4,12517376,my_ring_all_reduce,4,8
2467,2.249076000000001,2.261716000000001,2.254366333333335,2.252307000000001,0.005361780819425258,0,4,12550144,my_ring_all_reduce,4,8
2468,2.2539410000000006,2.2579439999999997,2.2555839999999985,2.2548669999999946,0.001711056009214225,0,4,12582912,my_ring_all_reduce,4,8
2469,2.2669040000000025,2.276917000000005,2.270849000000002,2.2687259999999987,0.004354720733489359,0,4,12615680,my_ring_all_reduce,4,8
2470,2.2883410000000075,2.3945180000000073,2.3585813333333387,2.392885000000001,0.04967189005418861,0,4,12648448,my_ring_all_reduce,4,8
2471,2.4383889999999955,2.441173000000001,2.4394116666666648,2.438672999999998,0.0012508358094599952,0,4,12681216,my_ring_all_reduce,4,8
2472,2.3149609999999994,2.3179750000000006,2.316,2.3150639999999996,0.0013971688039274665,0,4,12713984,my_ring_all_reduce,4,8
2473,2.3156650000000045,2.322679,2.3183990000000025,2.3168530000000027,0.0030650324631215204,0,4,12746752,my_ring_all_reduce,4,8
2474,2.318227999999998,2.329140000000001,2.322655333333333,2.320597999999999,0.004686320613114335,0,4,12779520,my_ring_all_reduce,4,8
2475,2.291380000000008,2.2925069999999943,2.2919490000000002,2.2919599999999973,0.00046016156582380984,0,4,12812288,my_ring_all_reduce,4,8
2476,2.2892060000000036,2.2956679999999996,2.292756666666667,2.2933959999999987,0.0026765551657953208,0,4,12845056,my_ring_all_reduce,4,8
2477,2.291891999999997,2.297557000000012,2.2952426666666703,2.2962790000000024,0.002426045662303544,0,4,12877824,my_ring_all_reduce,4,8
2478,2.3004660000000006,2.3059410000000025,2.3037743333333363,2.304916000000005,0.0023764761494479356,0,4,12910592,my_ring_all_reduce,4,8
2479,2.296502999999997,2.389843000000001,2.3557009999999985,2.380756999999998,0.04202333678644252,0,4,12943360,my_ring_all_reduce,4,8
2480,2.4517659999999997,2.4633470000000015,2.455647000000001,2.4518280000000012,0.005444781048552103,0,4,12976128,my_ring_all_reduce,4,8
2481,2.323987000000001,2.330966999999999,2.3278819999999993,2.3286919999999984,0.0029065644095152285,0,4,13008896,my_ring_all_reduce,4,8
2482,2.3237349999999988,2.3401499999999995,2.332128999999997,2.332501999999993,0.006706583978947047,0,4,13041664,my_ring_all_reduce,4,8
2483,2.330933000000001,2.3385149999999997,2.335977666666668,2.3384850000000026,0.003567139034140658,0,4,13074432,my_ring_all_reduce,4,8
2484,2.309524000000005,2.3116400000000032,2.310645666666668,2.3107729999999957,0.0008685329904808427,0,4,13107200,my_ring_all_reduce,4,8
2485,2.3119879999999995,2.315188,2.313419000000002,2.3130810000000057,0.0013280770559970891,0,4,13139968,my_ring_all_reduce,4,8
2486,2.316823000000004,2.319221000000001,2.317941333333335,2.317779999999999,0.0009856038194361089,0,4,13172736,my_ring_all_reduce,4,8
2487,2.317141999999996,2.3211730000000026,2.319231666666664,2.319379999999994,0.001648988039848634,0,4,13205504,my_ring_all_reduce,4,8
2488,2.3222950000000018,2.3264870000000046,2.323819666666671,2.322677000000007,0.0018925258841620024,0,4,13238272,my_ring_all_reduce,4,8
2489,2.3319230000000015,2.334934000000003,2.333225333333335,2.3328189999999998,0.0012623682329486574,0,4,13271040,my_ring_all_reduce,4,8
2490,2.312983,2.315058000000001,2.314292333333333,2.3148359999999992,0.000930263881320286,0,4,13303808,my_ring_all_reduce,4,8
2491,2.317875,2.3213640000000013,2.3198486666666684,2.3203070000000046,0.0014607834275569618,0,4,13336576,my_ring_all_reduce,4,8
2492,2.3273479999999944,2.339057999999999,2.3348349999999987,2.338099000000002,0.005308565217334758,0,4,13369344,my_ring_all_reduce,4,8
2493,2.3231230000000016,2.3254289999999984,2.3244356666666666,2.3247549999999992,0.0009681216636110051,0,4,13402112,my_ring_all_reduce,4,8
2494,2.334549999999992,2.3398290000000017,2.337225666666664,2.3372979999999988,0.002155749573173835,0,4,13434880,my_ring_all_reduce,4,8
2495,2.345360999999999,2.346738999999994,2.345885666666666,2.3455570000000043,0.000608680175093267,0,4,13467648,my_ring_all_reduce,4,8
2496,2.3399290000000037,2.349878000000008,2.346337666666672,2.3492060000000055,0.004539908393595129,0,4,13500416,my_ring_all_reduce,4,8
2497,2.358259000000002,2.3664849999999977,2.3612256666666664,2.358933000000001,0.0037290757866003236,0,4,13533184,my_ring_all_reduce,4,8
2498,2.3659089999999963,2.3755060000000032,2.3708029999999995,2.3709939999999987,0.003920285958960409,0,4,13565952,my_ring_all_reduce,4,8
2499,2.3695579999999974,2.3846940000000068,2.3764046666666703,2.3749620000000067,0.006262884816301912,0,4,13598720,my_ring_all_reduce,4,8
2500,2.3757340000000005,2.386100999999995,2.379744333333333,2.377398000000003,0.004545886956601067,0,4,13631488,my_ring_all_reduce,4,8
2501,2.3895880000000007,2.396242000000002,2.391923666666669,2.3899410000000025,0.0030569215815191334,0,4,13664256,my_ring_all_reduce,4,8
2502,2.3869960000000012,2.393970999999998,2.3908993333333335,2.391731000000002,0.002907623122451677,0,4,13697024,my_ring_all_reduce,4,8
2503,2.3971400000000105,2.4052059999999913,2.399862,2.3972399999999987,0.003778999162029398,0,4,13729792,my_ring_all_reduce,4,8
2504,2.4009489999999998,2.414323999999997,2.4078283333333315,2.4082119999999976,0.005467056266603605,0,4,13762560,my_ring_all_reduce,4,8
2505,2.4092989999999954,2.4112209999999976,2.4100783333333298,2.4097149999999967,0.0008256429144754904,0,4,13795328,my_ring_all_reduce,4,8
2506,2.4150610000000015,2.4215530000000016,2.418130333333334,2.4177769999999983,0.0026620980865143464,0,4,13828096,my_ring_all_reduce,4,8
2507,2.423252999999997,2.432094000000001,2.4290583333333298,2.4318279999999906,0.004106426697533728,0,4,13860864,my_ring_all_reduce,4,8
2508,2.431190000000002,2.436438000000002,2.434687333333334,2.4364339999999975,0.0024729886552273942,0,4,13893632,my_ring_all_reduce,4,8
2509,2.439029999999998,2.444788000000002,2.4426229999999998,2.4440509999999995,0.002558388685613286,0,4,13926400,my_ring_all_reduce,4,8
2510,2.443862000000001,2.4507360000000045,2.448168333333335,2.449906999999999,0.003063787452738703,0,4,13959168,my_ring_all_reduce,4,8
2511,2.443571,2.452978999999998,2.4470289999999957,2.4445369999999893,0.004225727866298206,0,4,13991936,my_ring_all_reduce,4,8
2512,2.4496840000000013,2.4654309999999935,2.4578666666666664,2.4584850000000045,0.0064435370376461285,0,4,14024704,my_ring_all_reduce,4,8
2513,2.4591219999999994,2.4669999999999987,2.461823666666667,2.4593490000000022,0.00366139338989253,0,4,14057472,my_ring_all_reduce,4,8
2514,2.452374,2.453555,2.4530340000000006,2.4531730000000027,0.0004920575847063482,0,4,14090240,my_ring_all_reduce,4,8
2515,2.4633160000000007,2.466996000000003,2.464616666666666,2.463537999999993,0.0016848820598382396,0,4,14123008,my_ring_all_reduce,4,8
2516,2.464597,2.4809460000000034,2.472532000000001,2.472053,0.006683039777428108,0,4,14155776,my_ring_all_reduce,4,8
2517,2.489426999999998,2.498930999999997,2.4937899999999993,2.4930120000000024,0.003918798030008076,0,4,14188544,my_ring_all_reduce,4,8
2518,2.4911549999999987,2.5056539999999985,2.499572666666667,2.5019090000000035,0.006145409687094017,0,4,14221312,my_ring_all_reduce,4,8
2519,2.5010149999999993,2.504020999999999,2.502932666666667,2.5037620000000027,0.0013601113516512114,0,4,14254080,my_ring_all_reduce,4,8
2520,2.5001830000000003,2.5092359999999974,2.5058139999999973,2.508022999999994,0.004012394380747068,0,4,14286848,my_ring_all_reduce,4,8
2521,2.5123730000000006,2.5181320000000023,2.5150603333333366,2.514676000000007,0.0023667564771695394,0,4,14319616,my_ring_all_reduce,4,8
2522,2.515856999999999,2.522291,2.519934333333334,2.5216550000000026,0.002894777980357228,0,4,14352384,my_ring_all_reduce,4,8
2523,2.5143900000000006,2.524531999999996,2.51922133333333,2.5187419999999947,0.00415430389943656,0,4,14385152,my_ring_all_reduce,4,8
2524,2.524022999999994,2.532433000000008,2.529332333333334,2.5315409999999994,0.003771885587995263,0,4,14417920,my_ring_all_reduce,4,8
2525,2.535542000000003,2.545394999999997,2.5405753333333334,2.540789,0.004025306806799807,0,4,14450688,my_ring_all_reduce,4,8
2526,2.539859000000004,2.5450750000000006,2.5430813333333346,2.5443099999999994,0.0022998377237421824,0,4,14483456,my_ring_all_reduce,4,8
2527,2.5614630000000016,2.5659410000000027,2.5641073333333346,2.5649180000000005,0.00191589949864016,0,4,14516224,my_ring_all_reduce,4,8
2528,2.5767539999999935,2.5840840000000025,2.580275666666665,2.5799889999999976,0.002999317514965275,0,4,14548992,my_ring_all_reduce,4,8
2529,2.596019999999999,2.6035719999999998,2.5990603333333326,2.597589,0.003253899438451809,0,4,14581760,my_ring_all_reduce,4,8
2530,2.6114119999999965,2.6271219999999995,2.6191549999999997,2.6189310000000026,0.0064155361947916476,0,4,14614528,my_ring_all_reduce,4,8
2531,2.6430270000000053,2.645106999999998,2.6438273333333346,2.643348000000001,0.0009143013118683149,0,4,14647296,my_ring_all_reduce,4,8
2532,2.656371000000001,2.666742999999995,2.6619726666666654,2.662804,0.004274960610602484,0,4,14680064,my_ring_all_reduce,4,8
2533,2.6734259999999996,2.693135999999995,2.6824809999999992,2.680881000000003,0.008125721506424162,0,4,14712832,my_ring_all_reduce,4,8
2534,2.6978109999999944,2.702260000000002,2.700562333333332,2.701616,0.001963170961030871,0,4,14745600,my_ring_all_reduce,4,8
2535,2.7159249999999995,2.721459999999999,2.718302999999999,2.717523999999998,0.0023258241550039986,0,4,14778368,my_ring_all_reduce,4,8
2536,2.7326569999999957,2.736240999999991,2.7349296666666643,2.7358910000000067,0.0016133578510542544,0,4,14811136,my_ring_all_reduce,4,8
2537,2.754772000000001,2.7596349999999994,2.756969666666665,2.7565019999999967,0.0020126642928104564,0,4,14843904,my_ring_all_reduce,4,8
2538,2.7697780000000023,2.7717330000000002,2.770964000000001,2.7713810000000003,0.000850851730129907,0,4,14876672,my_ring_all_reduce,4,8
2539,2.7836010000000027,2.787953999999998,2.786161333333331,2.7869289999999927,0.001858159722829193,0,4,14909440,my_ring_all_reduce,4,8
2540,2.800628000000008,2.8062239999999976,2.8032716666666673,2.802962999999996,0.002294959743046493,0,4,14942208,my_ring_all_reduce,4,8
2541,2.8133930000000036,2.8190610000000054,2.8153573333333384,2.8136180000000057,0.0026204982138690364,0,4,14974976,my_ring_all_reduce,4,8
2542,2.8380369999999986,2.840211000000005,2.839284666666669,2.8396060000000034,0.0009161551300010102,0,4,15007744,my_ring_all_reduce,4,8
2543,2.855062000000002,2.8604330000000084,2.856883333333337,2.8551550000000017,0.0025102805066840373,0,4,15040512,my_ring_all_reduce,4,8
2544,2.8738440000000045,2.8763400000000003,2.8748780000000025,2.8744500000000026,0.0010629807147810727,0,4,15073280,my_ring_all_reduce,4,8
2545,2.894389000000003,2.8992199999999975,2.8961156666666663,2.8947379999999976,0.0021997142743734738,0,4,15106048,my_ring_all_reduce,4,8
2546,2.915987000000003,2.9281780000000004,2.921192333333332,2.9194119999999932,0.00513369979211436,0,4,15138816,my_ring_all_reduce,4,8
2547,2.924339,2.935828999999998,2.9315396666666653,2.9344509999999975,0.0051226244141922665,0,4,15171584,my_ring_all_reduce,4,8
2548,2.9467049999999984,2.957777999999995,2.953851666666665,2.9570720000000037,0.005061669180111573,0,4,15204352,my_ring_all_reduce,4,8
2549,2.9612320000000074,2.965774999999998,2.9636120000000012,2.963828999999998,0.0018610085079471773,0,4,15237120,my_ring_all_reduce,4,8
2550,2.976784000000005,2.9788060000000076,2.977779000000004,2.9777469999999995,0.0008257881084163012,0,4,15269888,my_ring_all_reduce,4,8
2551,2.986225000000006,2.9957619999999996,2.991879333333337,2.993651000000005,0.004090044362702156,0,4,15302656,my_ring_all_reduce,4,8
2552,2.9985139999999975,3.010740000000009,3.0054700000000008,3.0071559999999953,0.005131647948437717,0,4,15335424,my_ring_all_reduce,4,8
2553,3.014481,3.02159,3.018834999999998,3.020433999999994,0.0031147039452668443,0,4,15368192,my_ring_all_reduce,4,8
2554,3.0219069999999957,3.0321790000000073,3.027315,3.0278589999999985,0.004211131914347811,0,4,15400960,my_ring_all_reduce,4,8
2555,3.023251,3.031186000000007,3.027635333333335,3.028468999999997,0.0032926490179747787,0,4,15433728,my_ring_all_reduce,4,8
2556,3.0180660000000006,3.0284350000000013,3.0248503333333363,3.0280500000000066,0.004799822242080439,0,4,15466496,my_ring_all_reduce,4,8
2557,3.0256169999999982,3.0335230000000046,3.029543666666667,3.0294909999999984,0.0032278258248506146,0,4,15499264,my_ring_all_reduce,4,8
2558,3.0236660000000004,3.0318590000000003,3.0269620000000006,3.0253610000000006,0.0035311672291183575,0,4,15532032,my_ring_all_reduce,4,8
2559,3.0202430000000025,3.0285610000000123,3.0255006666666744,3.0276980000000075,0.003734388511601739,0,4,15564800,my_ring_all_reduce,4,8
2560,3.0304510000000047,3.0352210000000013,3.0327450000000056,3.0325630000000094,0.0019515921705094599,0,4,15597568,my_ring_all_reduce,4,8
2561,3.020533999999996,3.0342920000000024,3.027167333333333,3.0266759999999997,0.005627414879165327,0,4,15630336,my_ring_all_reduce,4,8
2562,3.0233129999999946,3.0325949999999904,3.028764999999996,3.0303870000000024,0.003959128186861053,0,4,15663104,my_ring_all_reduce,4,8
2563,3.0292299999999925,3.0344510000000047,3.0325279999999997,3.0339030000000022,0.002342744686621039,0,4,15695872,my_ring_all_reduce,4,8
2564,3.0263849999999994,3.0367250000000023,3.0322553333333353,3.0336560000000037,0.004335919766581807,0,4,15728640,my_ring_all_reduce,4,8
2565,3.0256800000000004,3.036884000000002,3.031890000000002,3.0331060000000036,0.004654130495234793,0,4,15761408,my_ring_all_reduce,4,8
2566,3.027026999999998,3.0346420000000016,3.031581666666669,3.0330760000000065,0.003283476849657646,0,4,15794176,my_ring_all_reduce,4,8
2567,3.033870999999999,3.037936999999991,3.0358683333333283,3.035796999999995,0.0016607037330234181,0,4,15826944,my_ring_all_reduce,4,8
2568,3.0279559999999948,3.0407850000000143,3.0352623333333355,3.0370459999999984,0.005387139645083623,0,4,15859712,my_ring_all_reduce,4,8
2569,3.0293620000000083,3.033841999999997,3.0322853333333364,3.0336520000000053,0.0020685636455136927,0,4,15892480,my_ring_all_reduce,4,8
2570,3.028947,3.034770999999997,3.032413333333332,3.033521999999999,0.002503544198840933,0,4,15925248,my_ring_all_reduce,4,8
2571,3.045908000000003,3.0568490000000095,3.050684333333336,3.0492959999999947,0.00457325357073678,0,4,15958016,my_ring_all_reduce,4,8
2572,3.0517350000000008,3.0619050000000136,3.0568733333333387,3.0569800000000016,0.004152570154606926,0,4,15990784,my_ring_all_reduce,4,8
2573,3.0588680000000057,3.060945,3.060072000000002,3.0604030000000013,0.0008796412147360273,0,4,16023552,my_ring_all_reduce,4,8
2574,3.0502249999999913,3.060914999999999,3.0561146666666574,3.0572039999999836,0.004431629522223375,0,4,16056320,my_ring_all_reduce,4,8
2575,3.044944000000003,3.0575869999999985,3.0527426666666675,3.055697000000002,0.005568208948025526,0,4,16089088,my_ring_all_reduce,4,8
2576,3.0613969999999937,3.0625149999999994,3.0620896666666657,3.0623570000000035,0.0004940184432038947,0,4,16121856,my_ring_all_reduce,4,8
2577,3.0549270000000015,3.0624810000000107,3.0598246666666706,3.062065999999999,0.0034673150355235697,0,4,16154624,my_ring_all_reduce,4,8
2578,3.058099999999995,3.0676359999999985,3.061586999999998,3.0590250000000014,0.004293926485941431,0,4,16187392,my_ring_all_reduce,4,8
2579,3.0637620000000063,3.0671219999999995,3.065063333333337,3.064306000000004,0.0014725409633964527,0,4,16220160,my_ring_all_reduce,4,8
2580,3.0499419999999993,3.0641770000000017,3.057641333333334,3.0588050000000004,0.005869377953034469,0,4,16252928,my_ring_all_reduce,4,8
2581,3.0580990000000057,3.061332000000006,3.0597633333333376,3.0598590000000003,0.001321599115549854,0,4,16285696,my_ring_all_reduce,4,8
2582,3.059569999999998,3.066483000000004,3.063101000000001,3.06325,0.0028241863725115154,0,4,16318464,my_ring_all_reduce,4,8
2583,3.0599830000000003,3.0652329999999965,3.06332333333333,3.0647539999999935,0.0023700534921271784,0,4,16351232,my_ring_all_reduce,4,8
2584,3.051764000000003,3.072115999999991,3.063443333333332,3.066450000000001,0.008576363228207422,0,4,16384000,my_ring_all_reduce,4,8
2585,3.0654589999999997,3.070224999999995,3.067400999999998,3.0665189999999996,0.0020432216391418857,0,4,16416768,my_ring_all_reduce,4,8
2586,3.0542260000000025,3.0656199999999956,3.0608723333333328,3.0627710000000006,0.004841453661404906,0,4,16449536,my_ring_all_reduce,4,8
2587,3.0590590000000013,3.0702269999999956,3.064167666666666,3.0632170000000025,0.004608606538011073,0,4,16482304,my_ring_all_reduce,4,8
2588,3.0647570000000015,3.068692,3.067337333333333,3.0685629999999984,0.0018253310810786112,0,4,16515072,my_ring_all_reduce,4,8
2589,3.057332999999999,3.0702269999999916,3.0652139999999974,3.068082000000002,0.0056410919155764115,0,4,16547840,my_ring_all_reduce,4,8
2590,3.0645920000000024,3.0684969999999994,3.067034666666666,3.068014999999996,0.0017383989441096847,0,4,16580608,my_ring_all_reduce,4,8
2591,3.068179,3.072723999999991,3.0699183333333315,3.0688520000000037,0.002002840704816394,0,4,16613376,my_ring_all_reduce,4,8
2592,3.0562400000000016,3.0702900000000044,3.0641670000000025,3.0659710000000016,0.005876021159481809,0,4,16646144,my_ring_all_reduce,4,8
2593,3.0642429999999985,3.078737000000001,3.071773333333333,3.07234,0.005930702169409219,0,4,16678912,my_ring_all_reduce,4,8
2594,3.062385999999997,3.0730740000000005,3.067271333333331,3.0663539999999956,0.004411308296741861,0,4,16711680,my_ring_all_reduce,4,8
2595,3.0696810000000005,3.0729470000000076,3.0711330000000046,3.070771000000004,0.0013576872492125655,0,4,16744448,my_ring_all_reduce,4,8
2596,3.0642110000000105,3.076816,3.072188333333336,3.0755379999999986,0.005664904019972157,0,4,16777216,my_ring_all_reduce,4,8
2597,3.062643,3.0769490000000004,3.0708576666666683,3.0729810000000035,0.00603030222201967,0,4,16777216,my_ring_all_reduce,4,8
2598,3.0600840000000025,3.076276999999995,3.0701326666666664,3.0740370000000024,0.007164085256020055,0,4,16908288,my_ring_all_reduce,4,8
2599,3.0686889999999996,3.072401999999997,3.0703103333333313,3.0698399999999966,0.0015518810807811682,0,4,17039360,my_ring_all_reduce,4,8
2600,3.0773319999999984,3.094067999999992,3.086696666666663,3.088689999999999,0.0069763150413040325,0,4,17170432,my_ring_all_reduce,4,8
2601,3.074740999999998,3.0817480000000033,3.079316,3.081458999999999,0.0032371642940505624,0,4,17301504,my_ring_all_reduce,4,8
2602,3.0759220000000025,3.0888829999999943,3.08419933333333,3.0877929999999942,0.005869850102189732,0,4,17432576,my_ring_all_reduce,4,8
2603,3.1116990000000007,3.120591999999997,3.1147163333333334,3.111858000000002,0.0041552307864753495,0,4,17563648,my_ring_all_reduce,4,8
2604,3.129011999999999,3.1343849999999964,3.1315493333333317,3.1312509999999993,0.002203638556770126,0,4,17694720,my_ring_all_reduce,4,8
2605,3.190323999999997,3.1930459999999994,3.1918389999999963,3.1921469999999936,0.0011323924525834964,0,4,17825792,my_ring_all_reduce,4,8
2606,3.211955000000002,3.221713999999993,3.217799666666665,3.2197299999999998,0.004211425754879526,0,4,17956864,my_ring_all_reduce,4,8
2607,3.2317620000000025,3.242547000000006,3.2353680000000025,3.231794999999998,0.005076337459234396,0,4,18087936,my_ring_all_reduce,4,8
2608,3.2800200000000004,3.288497000000003,3.2846036666666674,3.285293999999998,0.0034949775710622654,0,4,18219008,my_ring_all_reduce,4,8
2609,3.3099019999999975,3.3137140000000107,3.312293666666669,3.3132649999999995,0.0017010687490230168,0,4,18350080,my_ring_all_reduce,4,8
2610,3.311634000000002,3.3218080000000048,3.3165086666666688,3.316084,0.0041643587208075586,0,4,18481152,my_ring_all_reduce,4,8
2611,3.348881000000005,3.354166000000001,3.3523383333333308,3.3539679999999863,0.0024460398379552357,0,4,18612224,my_ring_all_reduce,4,8
2612,3.3708320000000023,3.380625999999997,3.374342666666667,3.3715700000000033,0.004453191315097982,0,4,18743296,my_ring_all_reduce,4,8
2613,3.3751529999999983,3.3832790000000004,3.3800263333333334,3.381647000000001,0.0035097853052425115,0,4,18874368,my_ring_all_reduce,4,8
2614,3.3933929999999966,3.4004640000000017,3.3970083333333325,3.3971679999999997,0.002888930636452603,0,4,19005440,my_ring_all_reduce,4,8
2615,3.3982599999999876,3.399696999999993,3.399068333333327,3.3992479999999996,0.0006002512436965704,0,4,19136512,my_ring_all_reduce,4,8
2616,3.4196989999999934,3.424882000000005,3.422907666666665,3.4241419999999962,0.00228889439589801,0,4,19267584,my_ring_all_reduce,4,8
2617,3.494000999999997,3.4998260000000045,3.496294666666666,3.495056999999997,0.002533971893209086,0,4,19398656,my_ring_all_reduce,4,8
2618,3.588752999999997,3.593043000000005,3.5906630000000006,3.5901929999999993,0.0017826384939219043,0,4,19529728,my_ring_all_reduce,4,8
2619,3.669042999999998,3.676464,3.6718683333333324,3.670097999999999,0.0032780451830668285,0,4,19660800,my_ring_all_reduce,4,8
2620,3.7381909999999916,3.7421290000000007,3.739524999999995,3.738254999999994,0.0018414914245471067,0,4,19791872,my_ring_all_reduce,4,8
2621,3.8112160000000004,3.815028000000024,3.8129130000000075,3.812494999999999,0.0015840620779187205,0,4,19922944,my_ring_all_reduce,4,8
2622,3.877966999999997,3.888143999999986,3.8824480000000015,3.881233000000022,0.004242640765679366,0,4,20054016,my_ring_all_reduce,4,8
2623,3.883599000000009,3.901646000000008,3.894981000000005,3.899697999999997,0.008087484940735442,0,4,20185088,my_ring_all_reduce,4,8
2624,3.8974560000000094,3.898769000000004,3.8980433333333377,3.8979049999999997,0.0005448818424397989,0,4,20316160,my_ring_all_reduce,4,8
2625,3.8922400000000015,3.9100640000000024,3.9025533333333335,3.9053559999999963,0.007541659823200986,0,4,20447232,my_ring_all_reduce,4,8
2626,3.896561999999998,3.903920999999995,3.900122999999995,3.8998859999999915,0.0030089695910715778,0,4,20578304,my_ring_all_reduce,4,8
2627,3.9012959999999977,3.9144449999999926,3.9084843333333286,3.909711999999996,0.0054377951618464595,0,4,20709376,my_ring_all_reduce,4,8
2628,3.9035709999999963,3.9125590000000003,3.9091693333333346,3.911378000000008,0.003987872643684652,0,4,20840448,my_ring_all_reduce,4,8
2629,3.905969999999994,3.9169440000000013,3.912177333333331,3.9136179999999987,0.0045944756199428555,0,4,20971520,my_ring_all_reduce,4,8
2630,3.9099689999999936,3.9220969999999995,3.9146089999999973,3.9117609999999985,0.005345117647600179,0,4,21102592,my_ring_all_reduce,4,8
2631,3.915921999999999,3.921323999999993,3.9180959999999945,3.9170419999999906,0.002327887167940123,0,4,21233664,my_ring_all_reduce,4,8
2632,3.925389000000025,3.937294000000002,3.9299130000000075,3.9270559999999968,0.005263338167608733,0,4,21364736,my_ring_all_reduce,4,8
2633,3.937424000000001,3.944527000000009,3.940356999999999,3.939119999999988,0.003028836850459334,0,4,21495808,my_ring_all_reduce,4,8
2634,3.9422239999999946,3.94900700000002,3.9448163333333386,3.943218000000001,0.0029909055856523347,0,4,21626880,my_ring_all_reduce,4,8
2635,3.949361000000008,3.958607000000001,3.954736,3.956239999999991,0.003921618798400044,0,4,21757952,my_ring_all_reduce,4,8
2636,3.966511000000006,3.9711530000000077,3.9684536666666723,3.967697000000004,0.001969170609391985,0,4,21889024,my_ring_all_reduce,4,8
2637,3.988149000000005,3.997422000000013,3.992475666666673,3.9918560000000016,0.003810959838271402,0,4,22020096,my_ring_all_reduce,4,8
2638,4.023951999999998,4.033681000000011,4.028975333333339,4.029293000000005,0.00397819425815272,0,4,22151168,my_ring_all_reduce,4,8
2639,4.053647000000004,4.061968999999986,4.057188666666662,4.055949999999998,0.003508526978021241,0,4,22282240,my_ring_all_reduce,4,8
2640,4.079761000000006,4.080941999999996,4.080335000000006,4.080302000000018,0.00048270556933019415,0,4,22413312,my_ring_all_reduce,4,8
2641,4.107599999999995,4.1175809999999915,4.111193666666661,4.108399999999994,0.004528319801229595,0,4,22544384,my_ring_all_reduce,4,8
2642,4.128945000000002,4.138193000000003,4.134160666666665,4.13534399999999,0.0038670905802101214,0,4,22675456,my_ring_all_reduce,4,8
2643,4.158671999999995,4.163247999999999,4.16026133333333,4.158863999999994,0.0021133463722018335,0,4,22806528,my_ring_all_reduce,4,8
2644,4.182160000000003,4.186222000000002,4.184292000000002,4.184494000000001,0.0016644446521280579,0,4,22937600,my_ring_all_reduce,4,8
2645,4.228399000000001,4.230766999999998,4.2291996666666645,4.228432999999994,0.0011083589470728282,0,4,23068672,my_ring_all_reduce,4,8
2646,4.238863000000001,4.258189999999997,4.249700666666667,4.252049000000001,0.008063052950890688,0,4,23199744,my_ring_all_reduce,4,8
2647,4.265581999999998,4.280427999999978,4.273229666666655,4.273678999999989,0.006069176458860767,0,4,23330816,my_ring_all_reduce,4,8
2648,4.297263000000017,4.305837000000003,4.302009000000008,4.302927000000003,0.0035600011235891508,0,4,23461888,my_ring_all_reduce,4,8
2649,4.321071000000003,4.3234720000000015,4.322395000000005,4.322642000000007,0.0009956428409153163,0,4,23592960,my_ring_all_reduce,4,8
2650,4.320779999999996,4.330000000000004,4.325091666666667,4.324495000000002,0.0037876209184982725,0,4,23724032,my_ring_all_reduce,4,8
2651,4.335536000000002,4.337003000000005,4.336206000000002,4.336078999999998,0.0006055955746219555,0,4,23855104,my_ring_all_reduce,4,8
2652,4.322222000000002,4.333261000000002,4.3288463333333285,4.3310559999999825,0.00476982531708739,0,4,23986176,my_ring_all_reduce,4,8
2653,4.358348000000006,4.360557999999982,4.359543999999997,4.359726000000003,0.0009113608871630374,0,4,24117248,my_ring_all_reduce,4,8
2654,4.432785000000011,4.441390000000006,4.436805000000006,4.43624,0.0035356211146922675,0,4,24248320,my_ring_all_reduce,4,8
2655,4.491853999999999,4.502255999999997,4.497166666666666,4.497389999999999,0.004249534039815381,0,4,24379392,my_ring_all_reduce,4,8
2656,4.565772000000003,4.574701000000001,4.571404666666667,4.573740999999998,0.004002132792509347,0,4,24510464,my_ring_all_reduce,4,8
2657,4.640779999999999,4.648592000000011,4.644205333333329,4.643243999999977,0.0032608748655752087,0,4,24641536,my_ring_all_reduce,4,8
2658,4.688558000000005,4.698285999999993,4.692440333333333,4.690476999999999,0.004207097521512727,0,4,24772608,my_ring_all_reduce,4,8
2659,4.745389000000003,4.7502839999999855,4.7484706666666625,4.749738999999998,0.00219039697061143,0,4,24903680,my_ring_all_reduce,4,8
2660,4.756846000000013,4.761167000000001,4.759373666666675,4.760108000000008,0.0018388754413697127,0,4,25034752,my_ring_all_reduce,4,8
2661,4.744272999999997,4.745392000000002,4.744677333333332,4.744366999999999,0.0005068006401838095,0,4,25165824,my_ring_all_reduce,4,8
2662,4.7545090000000005,4.757007999999998,4.755843,4.756011999999999,0.0010271874220403885,0,4,25296896,my_ring_all_reduce,4,8
2663,4.760400000000003,4.7663199999999994,4.762841666666669,4.761805000000004,0.0025255505450388327,0,4,25427968,my_ring_all_reduce,4,8
2664,4.773196000000004,4.778510999999999,4.775417000000002,4.774544000000005,0.0022559407498105783,0,4,25559040,my_ring_all_reduce,4,8
2665,4.7735179999999815,4.777200000000006,4.775416999999995,4.775532999999996,0.001505406478894243,0,4,25690112,my_ring_all_reduce,4,8
2666,4.774186000000009,4.780716999999997,4.777857000000003,4.7786680000000015,0.0027272429301354027,0,4,25821184,my_ring_all_reduce,4,8
2667,4.7803320000000165,4.787952000000001,4.784077333333339,4.783947999999997,0.0031121959378413834,0,4,25952256,my_ring_all_reduce,4,8
2668,4.782539999999997,4.787470000000009,4.785261333333339,4.785774000000012,0.0020450501759722646,0,4,26083328,my_ring_all_reduce,4,8
2669,4.801581000000013,4.805325000000004,4.804066666666676,4.805294000000012,0.0017576773183800786,0,4,26214400,my_ring_all_reduce,4,8
2670,4.830254000000001,4.840880000000005,4.833796333333336,4.830254999999999,0.005008908752304308,0,4,26345472,my_ring_all_reduce,4,8
2671,4.867279999999996,4.8765610000000015,4.870671333333331,4.868172999999995,0.00418054959172985,0,4,26476544,my_ring_all_reduce,4,8
2672,4.911820999999989,4.921548999999985,4.916045333333319,4.9147659999999815,0.004073165544824513,0,4,26607616,my_ring_all_reduce,4,8
2673,4.94538700000001,4.955245000000002,4.951393333333339,4.953548000000003,0.004303253213813111,0,4,26738688,my_ring_all_reduce,4,8
2674,4.973258999999998,4.97665400000001,4.974518666666669,4.973643,0.0015180251059313105,0,4,26869760,my_ring_all_reduce,4,8
2675,4.996365000000002,5.009901999999999,5.003629333333336,5.004621000000006,0.005570765616640948,0,4,27000832,my_ring_all_reduce,4,8
2676,5.027435000000012,5.031981,5.028971666666668,5.027498999999993,0.002128080407836406,0,4,27131904,my_ring_all_reduce,4,8
2677,5.0489390000000025,5.056204999999995,5.052534999999995,5.0524609999999885,0.0029667935553358282,0,4,27262976,my_ring_all_reduce,4,8
2678,5.077997999999992,5.081583999999995,5.0797369999999935,5.0796289999999935,0.0014659688491472879,0,4,27394048,my_ring_all_reduce,4,8
2679,5.0930709999999895,5.098127000000008,5.094872,5.093418000000003,0.0023059880022873297,0,4,27525120,my_ring_all_reduce,4,8
2680,5.115150000000009,5.124334999999999,5.120514000000003,5.122056999999999,0.0039052693462337334,0,4,27656192,my_ring_all_reduce,4,8
2681,5.148780000000007,5.151244000000006,5.149793,5.149354999999988,0.001052523000542882,0,4,27787264,my_ring_all_reduce,4,8
2682,5.168687000000006,5.173965999999993,5.170552666666663,5.1690049999999905,0.002417080102563636,0,4,27918336,my_ring_all_reduce,4,8
2683,5.189644,5.196301999999996,5.193644666666668,5.194988000000005,0.002879311183058322,0,4,28049408,my_ring_all_reduce,4,8
2684,5.214800000000003,5.216494999999989,5.215693666666663,5.215785999999999,0.0006950541145941437,0,4,28180480,my_ring_all_reduce,4,8
2685,5.239630999999994,5.2479160000000125,5.244609666666664,5.246281999999985,0.003583092736113064,0,4,28311552,my_ring_all_reduce,4,8
2686,5.263018999999986,5.270090000000011,5.265974666666664,5.264814999999995,0.0030009310036973142,0,4,28442624,my_ring_all_reduce,4,8
2687,5.266280000000006,5.2712759999999985,5.268789999999998,5.268813999999991,0.0020396790597183526,0,4,28573696,my_ring_all_reduce,4,8
2688,5.270318,5.274155999999995,5.272706333333332,5.273645000000001,0.0017016428010069628,0,4,28704768,my_ring_all_reduce,4,8
2689,5.273967000000004,5.277902000000002,5.275918333333336,5.2758860000000025,0.0016066197088563695,0,4,28835840,my_ring_all_reduce,4,8
2690,5.288429999999997,5.293643,5.290861999999998,5.290512999999995,0.0021424585565823014,0,4,28966912,my_ring_all_reduce,4,8
2691,5.354925000000003,5.36068299999999,5.358347666666664,5.359434999999998,0.0024732382731008826,0,4,29097984,my_ring_all_reduce,4,8
2692,5.42221999999998,5.425706999999995,5.423467999999986,5.422476999999985,0.001586684803823905,0,4,29229056,my_ring_all_reduce,4,8
2693,5.478763000000006,5.486094999999998,5.482924666666669,5.483916000000002,0.0030742600555042202,0,4,29360128,my_ring_all_reduce,4,8
2694,5.542282000000003,5.550412999999994,5.547638,5.550219000000005,0.003788091955939404,0,4,29491200,my_ring_all_reduce,4,8
2695,5.573643000000004,5.579402999999997,5.576342000000004,5.57598000000001,0.002365401023078986,0,4,29622272,my_ring_all_reduce,4,8
2696,5.588716999999997,5.593675000000003,5.591787000000001,5.5929690000000045,0.0021898681847726336,0,4,29753344,my_ring_all_reduce,4,8
2697,5.580170000000006,5.583371000000007,5.581472000000004,5.580874999999999,0.0013732945787425584,0,4,29884416,my_ring_all_reduce,4,8
2698,5.577932999999997,5.589229000000003,5.583030333333332,5.581928999999996,0.004676865426997833,0,4,30015488,my_ring_all_reduce,4,8
2699,5.614922999999996,5.616522000000004,5.615465999999998,5.614952999999991,0.0007468051954878419,0,4,30146560,my_ring_all_reduce,4,8
2700,5.602638,5.609806999999997,5.605985999999999,5.605512999999999,0.0029457808246134923,0,4,30277632,my_ring_all_reduce,4,8
2701,5.619628000000008,5.629038,5.624758999999997,5.625610999999986,0.003888568974138667,0,4,30408704,my_ring_all_reduce,4,8
2702,5.635337999999996,5.639209999999999,5.636991333333337,5.636426000000014,0.0016305004003535845,0,4,30539776,my_ring_all_reduce,4,8
2703,5.651661,5.657904000000001,5.653923,5.6522039999999985,0.0028237071377898073,0,4,30670848,my_ring_all_reduce,4,8
2704,5.692841999999997,5.6974490000000015,5.69468766666667,5.693772000000012,0.0019891281730668453,0,4,30801920,my_ring_all_reduce,4,8
2705,5.731434999999998,5.735786999999997,5.7334196666666655,5.733037000000001,0.0017971832281526226,0,4,30932992,my_ring_all_reduce,4,8
2706,5.7475000000000005,5.764937000000013,5.755765000000007,5.754858000000008,0.0071474577764922345,0,4,31064064,my_ring_all_reduce,4,8
2707,5.797225999999995,5.809193000000007,5.803369333333329,5.803688999999984,0.004890733573701655,0,4,31195136,my_ring_all_reduce,4,8
2708,5.827982000000002,5.834503,5.830197666666668,5.828108,0.0030447649425778714,0,4,31326208,my_ring_all_reduce,4,8
2709,5.831021000000001,5.851053000000007,5.83888266666667,5.834574000000001,0.00872711148599254,0,4,31457280,my_ring_all_reduce,4,8
2710,5.884105999999999,5.890953000000001,5.8870720000000025,5.886157000000005,0.0028691776986915366,0,4,31588352,my_ring_all_reduce,4,8
2711,5.914218000000008,5.916522999999997,5.915648999999996,5.916205999999984,0.00102011208533738,0,4,31719424,my_ring_all_reduce,4,8
2712,5.949931,5.950792999999998,5.950260999999998,5.950058999999994,0.0003797929260356872,0,4,31850496,my_ring_all_reduce,4,8
2713,5.986698000000004,5.995244000000006,5.989620666666667,5.986919999999991,0.003977329869261465,0,4,31981568,my_ring_all_reduce,4,8
2714,6.005480000000003,6.015624999999993,6.010505000000002,6.010410000000011,0.0041422236379306645,0,4,32112640,my_ring_all_reduce,4,8
2715,6.033514000000003,6.037353000000003,6.035231333333332,6.03482699999999,0.0015931299033325992,0,4,32243712,my_ring_all_reduce,4,8
2716,6.0557860000000145,6.058185999999998,6.057034333333338,6.057131000000001,0.0009821772865470201,0,4,32374784,my_ring_all_reduce,4,8
2717,6.079723999999995,6.082858999999989,6.081398666666661,6.081612999999997,0.0012888005621054985,0,4,32505856,my_ring_all_reduce,4,8
2718,6.109478999999999,6.114956000000004,6.1113380000000035,6.109579000000005,0.0025586380491719124,0,4,32636928,my_ring_all_reduce,4,8
2719,6.129288000000008,6.136587000000007,6.134056666666673,6.136295000000002,0.0033740630633622253,0,4,32768000,my_ring_all_reduce,4,8
2720,6.156392000000007,6.159781000000002,6.1585666666666725,6.159527000000006,0.0015412138794525675,0,4,32899072,my_ring_all_reduce,4,8
2721,6.1867610000000015,6.191178999999996,6.189012333333331,6.189096999999994,0.001804634281199695,0,4,33030144,my_ring_all_reduce,4,8
2722,6.19287200000001,6.198376000000004,6.194760333333352,6.19303300000004,0.0025575071630085863,0,4,33161216,my_ring_all_reduce,4,8
2723,6.1932939999999945,6.204169999999999,6.199211666666668,6.20017100000001,0.004491628088890739,0,4,33292288,my_ring_all_reduce,4,8
2724,6.193930000000022,6.202890999999996,6.197631000000006,6.196072,0.0038207975607103704,0,4,33423360,my_ring_all_reduce,4,8
2725,6.1948240000000006,6.203819999999998,6.198430666666668,6.196648000000005,0.003882905212450234,0,4,33554432,my_ring_all_reduce,4,8
2726,6.213513999999988,6.2180550000000006,6.215902999999995,6.216139999999996,0.0018614146949793894,0,4,33685504,my_ring_all_reduce,4,8
2727,6.227368000000002,6.2322659999999965,6.229736333333329,6.22957499999999,0.002002851689187432,0,4,33816576,my_ring_all_reduce,4,8
2728,6.274056000000001,6.281066999999989,6.278398999999997,6.280074000000001,0.0030976064953409663,0,4,33947648,my_ring_all_reduce,4,8
2729,6.345737999999998,6.351624000000002,6.348445999999996,6.347975999999988,0.002425822747030665,0,4,34078720,my_ring_all_reduce,4,8
2730,6.4101209999999975,6.417740000000013,6.4147406666666695,6.4163609999999975,0.003314754926424052,0,4,34209792,my_ring_all_reduce,4,8
2731,6.445192000000017,6.4477189999999975,6.446205333333339,6.445705000000002,0.0010906213315693067,0,4,34340864,my_ring_all_reduce,4,8
2732,6.451527000000001,6.459178000000001,6.455742333333333,6.456521999999997,0.0031717881742354937,0,4,34471936,my_ring_all_reduce,4,8
2733,6.465383000000002,6.466313999999999,6.465800666666664,6.4657049999999945,0.00038605209780758236,0,4,34603008,my_ring_all_reduce,4,8
2734,6.466921000000002,6.473831999999995,6.471313999999992,6.4731889999999765,0.003117391965509624,0,4,34734080,my_ring_all_reduce,4,8
2735,6.472936999999991,6.477992000000002,6.475207999999995,6.4746949999999925,0.0020953333863660355,0,4,34865152,my_ring_all_reduce,4,8
2736,6.481706000000013,6.48579800000001,6.483891000000011,6.484169000000013,0.0016820778816676119,0,4,34996224,my_ring_all_reduce,4,8
2737,6.501513999999996,6.506119999999996,6.504158999999998,6.504843000000001,0.001941597452271946,0,4,35127296,my_ring_all_reduce,4,8
2738,6.520363000000005,6.548747000000003,6.53479466666667,6.535274000000005,0.011592675398236246,0,4,35258368,my_ring_all_reduce,4,8
2739,6.566536000000007,6.568042999999983,6.567486666666659,6.5678809999999865,0.0006754683971447285,0,4,35389440,my_ring_all_reduce,4,8
2740,6.613161000000008,6.620201999999999,6.616489333333334,6.616104999999996,0.0028872945044689973,0,4,35520512,my_ring_all_reduce,4,8
2741,6.6434319999999865,6.654893000000001,6.648446666666662,6.647015,0.004787196976200161,0,4,35651584,my_ring_all_reduce,4,8
2742,6.6706680000000125,6.693226999999984,6.681898666666666,6.681801000000005,0.009209932114589283,0,4,35782656,my_ring_all_reduce,4,8
2743,6.708197999999997,6.715658000000003,6.713032333333334,6.715241000000002,0.0034226263145290736,0,4,35913728,my_ring_all_reduce,4,8
2744,6.74704800000001,6.75156,6.749768666666665,6.750697999999989,0.001955723452381907,0,4,36044800,my_ring_all_reduce,4,8
2745,6.774345000000001,6.777287000000004,6.776114666666668,6.776712,0.0012731709320526357,0,4,36175872,my_ring_all_reduce,4,8
2746,6.800136000000006,6.8057019999999975,6.803068333333336,6.803367000000004,0.0022821028801391593,0,4,36306944,my_ring_all_reduce,4,8
2747,6.839528999999988,6.848427000000004,6.844382333333331,6.845190999999998,0.003677323060180557,0,4,36438016,my_ring_all_reduce,4,8
2748,6.856041999999994,6.862827000000012,6.85936966666667,6.859240000000003,0.002771481713619743,0,4,36569088,my_ring_all_reduce,4,8
2749,6.884774999999999,6.889287999999986,6.88627933333333,6.884775000000001,0.0021274486023233267,0,4,36700160,my_ring_all_reduce,4,8
2750,6.914314000000013,6.916137999999985,6.915359333333332,6.915625999999997,0.0007681481338504322,0,4,36831232,my_ring_all_reduce,4,8
2751,6.920809000000008,6.921671999999999,6.921257999999999,6.921292999999991,0.0003531864474519926,0,4,36962304,my_ring_all_reduce,4,8
2752,6.95079099999999,6.953481000000007,6.951730666666674,6.9509200000000275,0.0012387925124445294,0,4,37093376,my_ring_all_reduce,4,8
2753,6.994600999999995,7.000650000000009,6.996776666666668,6.995078999999998,0.0027458033837577667,0,4,37224448,my_ring_all_reduce,4,8
2754,7.005643000000002,7.011589,7.007816333333334,7.006217,0.0026779506260482333,0,4,37355520,my_ring_all_reduce,4,8
2755,7.046343999999998,7.053863000000012,7.049384000000003,7.0479449999999995,0.0032338708487984263,0,4,37486592,my_ring_all_reduce,4,8
2756,7.073127999999983,7.079980000000002,7.07707466666666,7.078115999999994,0.0028926063602917485,0,4,37617664,my_ring_all_reduce,4,8
2757,7.076356000000029,7.084842,7.081457000000012,7.08317300000001,0.0036707438846342853,0,4,37748736,my_ring_all_reduce,4,8
2758,7.1115939999999975,7.1145380000000005,7.113246666666662,7.113607999999986,0.001228740638033633,0,4,37879808,my_ring_all_reduce,4,8
2759,7.123080000000017,7.129193,7.125351333333339,7.123781000000003,0.002731501703372525,0,4,38010880,my_ring_all_reduce,4,8
2760,7.133258000000001,7.137962000000007,7.135753333333336,7.136040000000001,0.0019310683283864124,0,4,38141952,my_ring_all_reduce,4,8
2761,7.136517999999996,7.14061800000001,7.138236666666667,7.137573999999994,0.0017381686403352284,0,4,38273024,my_ring_all_reduce,4,8
2762,7.143846999999995,7.1490640000000205,7.14594933333334,7.144937000000006,0.002246906960453617,0,4,38404096,my_ring_all_reduce,4,8
2763,7.139269999999994,7.153638999999996,7.1449669999999985,7.141992000000009,0.006231907626613864,0,4,38535168,my_ring_all_reduce,4,8
2764,7.144262999999995,7.1506269999999965,7.1479416666666635,7.148935,0.00269136363619407,0,4,38666240,my_ring_all_reduce,4,8
2765,7.17674100000001,7.179113000000001,7.178001333333337,7.17815,0.0009740541851191735,0,4,38797312,my_ring_all_reduce,4,8
2766,7.250150999999991,7.254438000000002,7.252849666666666,7.253960000000006,0.0019181974756471091,0,4,38928384,my_ring_all_reduce,4,8
2767,7.303686000000009,7.309893000000004,7.306416666666668,7.305670999999991,0.00258827179579095,0,4,39059456,my_ring_all_reduce,4,8
2768,7.347048999999999,7.356420000000013,7.350727666666667,7.348713999999986,0.004082078746050826,0,4,39190528,my_ring_all_reduce,4,8
2769,7.364423000000001,7.378597999999991,7.370225999999996,7.367656999999996,0.00606533741847506,0,4,39321600,my_ring_all_reduce,4,8
2770,7.376486999999999,7.386311000000002,7.3812020000000045,7.380808000000012,0.004020296091915701,0,4,39452672,my_ring_all_reduce,4,8
2771,7.385059000000001,7.393922999999996,7.388623333333345,7.386888000000035,0.0038210958579309104,0,4,39583744,my_ring_all_reduce,4,8
2772,7.399432000000001,7.407462999999989,7.404005999999992,7.4051229999999855,0.003372437990528761,0,4,39714816,my_ring_all_reduce,4,8
2773,7.422283999999999,7.430534000000029,7.426301666666677,7.426087000000002,0.0033714671715696937,0,4,39845888,my_ring_all_reduce,4,8
2774,7.457413000000015,7.463176000000007,7.459941666666673,7.459235999999997,0.0024050663654488426,0,4,39976960,my_ring_all_reduce,4,8
2775,7.489000999999989,7.510662999999997,7.5024183333333285,7.507590999999999,0.00957001990013426,0,4,40108032,my_ring_all_reduce,4,8
2776,7.515014000000025,7.529703999999998,7.52351666666667,7.525831999999988,0.006216622948894484,0,4,40239104,my_ring_all_reduce,4,8
2777,7.556233999999989,7.559813000000009,7.5584383333333465,7.55926800000004,0.001574498932656112,0,4,40370176,my_ring_all_reduce,4,8
2778,7.581633999999998,7.5835930000000005,7.582810333333342,7.583204000000027,0.000846817703068828,0,4,40501248,my_ring_all_reduce,4,8
2779,7.612710000000007,7.6270470000000135,7.620038666666673,7.620358999999997,0.00585743700113372,0,4,40632320,my_ring_all_reduce,4,8
2780,7.668294999999999,7.685190000000004,7.674928333333345,7.671300000000032,0.007359069612084788,0,4,40763392,my_ring_all_reduce,4,8
2781,7.690887999999992,7.715846999999995,7.700774666666665,7.695589000000007,0.010829166614081169,0,4,40894464,my_ring_all_reduce,4,8
2782,7.726402000000002,7.735045000000035,7.730981666666679,7.731497999999999,0.0035473287915901083,0,4,41025536,my_ring_all_reduce,4,8
2783,7.757797000000006,7.766886000000006,7.760933666666671,7.7581180000000005,0.004210974893722855,0,4,41156608,my_ring_all_reduce,4,8
2784,7.7718770000000115,7.793254000000001,7.780261333333336,7.775652999999998,0.009315635041271845,0,4,41287680,my_ring_all_reduce,4,8
2785,7.798820999999997,7.804968999999997,7.80161633333332,7.801058999999965,0.0025406615061636583,0,4,41418752,my_ring_all_reduce,4,8
2786,7.821288000000001,7.8398460000000485,7.829436000000016,7.827173999999999,0.007743269077097382,0,4,41549824,my_ring_all_reduce,4,8
2787,7.844069999999999,7.846086999999993,7.844870666666672,7.844455000000024,0.0008743211970113221,0,4,41680896,my_ring_all_reduce,4,8
2788,7.864166000000027,7.8694159999999975,7.866844333333341,7.866951000000001,0.0021446302452490886,0,4,41811968,my_ring_all_reduce,4,8
2789,7.885834000000013,7.894472000000002,7.890002333333329,7.889700999999972,0.0035328800652626928,0,4,41943040,my_ring_all_reduce,4,8
2790,7.901574000000008,7.922312999999995,7.911878333333331,7.911747999999992,0.00846716285947049,0,4,42074112,my_ring_all_reduce,4,8
2791,7.928839,7.934758999999977,7.93112166666666,7.929767000000004,0.002599736054967041,0,4,42205184,my_ring_all_reduce,4,8
2792,7.958020999999997,7.967014000000003,7.962447000000009,7.9623060000000265,0.003672730410291991,0,4,42336256,my_ring_all_reduce,4,8
2793,7.961254999999991,7.967619999999999,7.96507166666666,7.966339999999989,0.002748915947951522,0,4,42467328,my_ring_all_reduce,4,8
2794,7.991077999999995,7.998598999999995,7.995430999999992,7.996615999999987,0.0031827167640233463,0,4,42598400,my_ring_all_reduce,4,8
2795,8.018949000000022,8.021956999999995,8.020580666666666,8.020835999999981,0.001241212400111405,0,4,42729472,my_ring_all_reduce,4,8
2796,8.012454999999994,8.02317600000002,8.01952633333334,8.022948000000005,0.005001054044463616,0,4,42860544,my_ring_all_reduce,4,8
2797,8.036361000000005,8.042856999999998,8.040348999999997,8.041828999999991,0.002851000292290707,0,4,42991616,my_ring_all_reduce,4,8
2798,8.04647,8.058019999999983,8.05285766666666,8.054082999999991,0.0047942122281795655,0,4,43122688,my_ring_all_reduce,4,8
2799,8.041795999999987,8.05309299999998,8.04682099999999,8.045574000000007,0.004695516230045012,0,4,43253760,my_ring_all_reduce,4,8
2800,8.064324000000008,8.065317000000002,8.064901000000003,8.065061999999998,0.0004210724403202055,0,4,43384832,my_ring_all_reduce,4,8
2801,8.076197999999996,8.080457,8.078405999999996,8.078562999999995,0.001742269975253708,0,4,43515904,my_ring_all_reduce,4,8
2802,8.067813999999991,8.074019,8.070329999999998,8.069157000000006,0.0026655147095216145,0,4,43646976,my_ring_all_reduce,4,8
2803,8.134980999999993,8.145092000000027,8.139107333333344,8.137249000000011,0.004331907380781356,0,4,43778048,my_ring_all_reduce,4,8
2804,8.202309000000005,8.204934999999997,8.203643333333337,8.203686000000008,0.0010724844469186046,0,4,43909120,my_ring_all_reduce,4,8
2805,8.213957999999998,8.218184,8.216229666666663,8.216546999999991,0.001739788173569134,0,4,44040192,my_ring_all_reduce,4,8
2806,8.248448000000003,8.249382000000006,8.24899666666667,8.24916,0.0003984112894432783,0,4,44171264,my_ring_all_reduce,4,8
2807,8.272134000000035,8.282662999999996,8.277648666666673,8.27814899999999,0.004312981206629976,0,4,44302336,my_ring_all_reduce,4,8
2808,8.30045700000001,8.308133999999976,8.30496666666666,8.306308999999997,0.0032746985951082773,0,4,44433408,my_ring_all_reduce,4,8
2809,8.322883999999998,8.340999000000018,8.331227000000004,8.329797999999995,0.007464129196818373,0,4,44564480,my_ring_all_reduce,4,8
2810,8.363266,8.370370999999992,8.366424999999994,8.365637999999992,0.002953504472089057,0,4,44695552,my_ring_all_reduce,4,8
2811,8.397957000000032,8.404042000000016,8.401169333333364,8.401509000000042,0.002495774606983083,0,4,44826624,my_ring_all_reduce,4,8
2812,8.423013,8.448998000000014,8.434351000000005,8.431042000000001,0.010863307261916326,0,4,44957696,my_ring_all_reduce,4,8
2813,8.46317100000001,8.46909199999999,8.465784666666663,8.465090999999987,0.0024665009403716256,0,4,45088768,my_ring_all_reduce,4,8
2814,8.495333999999973,8.501925000000004,8.499385666666656,8.500897999999994,0.0028954774313795376,0,4,45219840,my_ring_all_reduce,4,8
2815,8.51206699999998,8.530307999999998,8.522351333333326,8.524678999999997,0.007626578277467619,0,4,45350912,my_ring_all_reduce,4,8
2816,8.549986,8.573156000000003,8.563182666666663,8.566405999999988,0.009729838413639932,0,4,45481984,my_ring_all_reduce,4,8
2817,8.586851999999999,8.592803000000014,8.58923133333334,8.588039000000004,0.0025716200255069877,0,4,45613056,my_ring_all_reduce,4,8
2818,8.610820000000015,8.622117999999974,8.617476999999989,8.619492999999974,0.004827655952925672,0,4,45744128,my_ring_all_reduce,4,8
2819,8.630435999999994,8.640642999999981,8.63697599999999,8.639848999999995,0.004635824917599399,0,4,45875200,my_ring_all_reduce,4,8
2820,8.662147999999986,8.675683999999986,8.669527999999987,8.670751999999993,0.005593416129701662,0,4,46006272,my_ring_all_reduce,4,8
2821,8.696871999999974,8.716420000000014,8.707087666666665,8.707971000000002,0.008004843714223954,0,4,46137344,my_ring_all_reduce,4,8
2822,8.715110000000001,8.724611000000005,8.719845000000003,8.719814000000003,0.0038788289469905597,0,4,46268416,my_ring_all_reduce,4,8
2823,8.738467,8.744548000000007,8.74088933333334,8.739653000000013,0.0026319866176639597,0,4,46399488,my_ring_all_reduce,4,8
2824,8.75862999999999,8.780642,8.766244333333331,8.759461000000003,0.010186338705455582,0,4,46530560,my_ring_all_reduce,4,8
2825,8.771232999999993,8.782722999999999,8.777709000000003,8.779171000000018,0.00480333967152461,0,4,46661632,my_ring_all_reduce,4,8
2826,8.786883000000001,8.800228,8.794020333333332,8.794949999999996,0.005487590019509131,0,4,46792704,my_ring_all_reduce,4,8
2827,8.800452999999997,8.814659999999996,8.807364333333327,8.806979999999989,0.005806346891309496,0,4,46923776,my_ring_all_reduce,4,8
2828,8.818947999999997,8.828419000000016,8.823278666666665,8.822468999999982,0.003908676701343961,0,4,47054848,my_ring_all_reduce,4,8
2829,8.834277,8.843684999999983,8.839204999999994,8.839653000000002,0.0038538417196284885,0,4,47185920,my_ring_all_reduce,4,8
2830,8.847717000000033,8.860191000000013,8.852280000000016,8.848932000000001,0.005615870190804246,0,4,47316992,my_ring_all_reduce,4,8
2831,8.864959999999993,8.872804000000032,8.86895166666667,8.869090999999987,0.003203814844159443,0,4,47448064,my_ring_all_reduce,4,8
2832,8.875970999999998,8.881859000000004,8.879832666666665,8.88166799999999,0.0027317237943993685,0,4,47579136,my_ring_all_reduce,4,8
2833,8.887204000000027,8.893509000000005,8.890873666666677,8.891907999999995,0.0026758973987857627,0,4,47710208,my_ring_all_reduce,4,8
2834,8.916902000000002,8.925377999999997,8.922222666666665,8.924387999999997,0.003783926120958228,0,4,47841280,my_ring_all_reduce,4,8
2835,8.937156999999992,8.939780000000006,8.938328,8.938047000000003,0.0010891137069554498,0,4,47972352,my_ring_all_reduce,4,8
2836,8.954307999999997,8.961666000000005,8.958980333333335,8.960967000000002,0.0033161397571434487,0,4,48103424,my_ring_all_reduce,4,8
2837,8.970434999999991,8.975523,8.973549999999996,8.974691999999996,0.002228610778044448,0,4,48234496,my_ring_all_reduce,4,8
2838,8.985026999999999,8.993763,8.99033933333333,8.992227999999988,0.0038082997372682554,0,4,48365568,my_ring_all_reduce,4,8
2839,9.009700000000004,9.013796000000003,9.011662666666671,9.011492000000006,0.0016765339907739017,0,4,48496640,my_ring_all_reduce,4,8
2840,9.073157000000002,9.078625999999993,9.075790333333323,9.075587999999975,0.0022372891831131756,0,4,48627712,my_ring_all_reduce,4,8
2841,9.103078999999997,9.124228999999994,9.116036999999986,9.12080299999997,0.009268825599820965,0,4,48758784,my_ring_all_reduce,4,8
2842,9.141603000000003,9.149698999999993,9.145934333333335,9.146501000000004,0.003329378053360118,0,4,48889856,my_ring_all_reduce,4,8
2843,9.166723000000028,9.173376999999993,9.170082666666673,9.170147999999998,0.0027168769243646617,0,4,49020928,my_ring_all_reduce,4,8
2844,9.167237000000002,9.17152500000001,9.169166000000008,9.168736000000012,0.0017767781703623617,0,4,49152000,my_ring_all_reduce,4,8
2845,9.195747999999993,9.211878000000004,9.204110999999996,9.204706999999988,0.006598516853560522,0,4,49283072,my_ring_all_reduce,4,8
2846,9.224226999999985,9.233953000000001,9.227510999999998,9.224353000000006,0.004555472313605532,0,4,49414144,my_ring_all_reduce,4,8
2847,9.236294000000017,9.244799000000015,9.240664333333342,9.240899999999995,0.003476148283499888,0,4,49545216,my_ring_all_reduce,4,8
2848,9.297857000000004,9.323492999999996,9.307843333333336,9.302180000000007,0.011205835751464038,0,4,49676288,my_ring_all_reduce,4,8
2849,9.334146999999998,9.34566599999999,9.33930966666667,9.338116000000024,0.004777758912102041,0,4,49807360,my_ring_all_reduce,4,8
2850,9.354181999999998,9.366116000000009,9.359235666666669,9.357409,0.005040345380586718,0,4,49938432,my_ring_all_reduce,4,8
2851,9.375969,9.415234999999994,9.389378333333335,9.376931000000011,0.018287641898889654,0,4,50069504,my_ring_all_reduce,4,8
2852,9.39661,9.424003999999986,9.411458999999999,9.413763000000005,0.011301596376908337,0,4,50200576,my_ring_all_reduce,4,8
2853,9.398658999999986,9.450597000000013,9.419076999999987,9.407974999999963,0.022610171221540822,0,4,50331648,my_ring_all_reduce,4,8
2854,9.436612000000002,9.45673900000002,9.447021000000007,9.447712,0.008231328082400598,0,4,50462720,my_ring_all_reduce,4,8
2855,9.464996000000003,9.473377999999983,9.468365333333336,9.466722000000024,0.003613851992283488,0,4,50593792,my_ring_all_reduce,4,8
2856,9.498563999999995,9.507390999999997,9.504374000000004,9.507167000000017,0.0041093080520583644,0,4,50724864,my_ring_all_reduce,4,8
2857,9.534179000000004,9.557122000000017,9.543074333333342,9.537922000000002,0.01005004863449386,0,4,50855936,my_ring_all_reduce,4,8
2858,9.53757,9.551523999999976,9.54369366666665,9.54198699999998,0.005823118427622492,0,4,50987008,my_ring_all_reduce,4,8
2859,9.563907999999989,9.573058999999994,9.567117999999994,9.564387,0.004205470326451579,0,4,51118080,my_ring_all_reduce,4,8
2860,9.594116000000009,9.614177999999997,9.601613666666674,9.59654700000002,0.008939585908871105,0,4,51249152,my_ring_all_reduce,4,8
2861,9.618147000000004,9.635426000000008,9.625047666666672,9.621570000000007,0.007470456672045404,0,4,51380224,my_ring_all_reduce,4,8
2862,9.650433000000001,9.654078999999998,9.651776666666661,9.650817999999985,0.0016355652098159433,0,4,51511296,my_ring_all_reduce,4,8
2863,9.669346999999988,9.675845000000017,9.673326666666668,9.674788000000001,0.002846942492502691,0,4,51642368,my_ring_all_reduce,4,8
2864,9.689148000000023,9.702018999999993,9.694592666666685,9.692611000000033,0.005438192857502808,0,4,51773440,my_ring_all_reduce,4,8
2865,9.705762999999978,9.714146000000001,9.711020999999983,9.713153999999973,0.0037399589124357947,0,4,51904512,my_ring_all_reduce,4,8
2866,9.728229999999982,9.744867,9.73447833333333,9.73033800000001,0.007396134681187389,0,4,52035584,my_ring_all_reduce,4,8
2867,9.749187999999995,9.750018000000004,9.749646333333333,9.749733000000003,0.00034434317508121146,0,4,52166656,my_ring_all_reduce,4,8
2868,9.766338999999993,9.770822000000008,9.768857666666667,9.769411999999996,0.001871681300037204,0,4,52297728,my_ring_all_reduce,4,8
2869,9.776769000000016,9.789727,9.781621333333334,9.778367999999988,0.005768626314429295,0,4,52428800,my_ring_all_reduce,4,8
2870,9.801441,9.807614999999977,9.805333999999993,9.806946000000002,0.0027662823427780634,0,4,52559872,my_ring_all_reduce,4,8
2871,9.821473999999993,9.83219299999997,9.825078666666647,9.821568999999974,0.005030742843307685,0,4,52690944,my_ring_all_reduce,4,8
2872,9.845411999999998,9.864324999999997,9.857465000000001,9.86265800000001,0.008549886120101706,0,4,52822016,my_ring_all_reduce,4,8
2873,9.873792000000016,9.887747000000003,9.880226333333338,9.879139999999992,0.005748657601751315,0,4,52953088,my_ring_all_reduce,4,8
2874,9.892322000000014,9.902338999999992,9.896770000000004,9.895649000000006,0.00416553742030068,0,4,53084160,my_ring_all_reduce,4,8
2875,9.925215000000016,9.94131500000001,9.93202266666667,9.929537999999987,0.006803561632623208,0,4,53215232,my_ring_all_reduce,4,8
2876,9.959650999999997,9.987041999999994,9.97282333333333,9.971777000000001,0.01120677861335941,0,4,53346304,my_ring_all_reduce,4,8
2877,10.009187999999998,10.023552999999993,10.016951666666666,10.018114000000004,0.005921799857774289,0,4,53477376,my_ring_all_reduce,4,8
2878,10.038723000000013,10.042527999999999,10.041078999999991,10.04198599999996,0.0016805739098953178,0,4,53608448,my_ring_all_reduce,4,8
2879,10.062786000000004,10.075522999999972,10.067233666666654,10.06339199999999,0.005866662556804697,0,4,53739520,my_ring_all_reduce,4,8
2880,10.081954,10.112126999999994,10.095979333333323,10.093856999999975,0.012409155392512753,0,4,53870592,my_ring_all_reduce,4,8
2881,10.136128999999993,10.178208999999999,10.153185666666664,10.145218999999997,0.018079130387151608,0,4,54001664,my_ring_all_reduce,4,8
2882,10.198531000000017,10.240609000000026,10.213879666666685,10.20249900000001,0.018969786527241128,0,4,54132736,my_ring_all_reduce,4,8
2883,10.25453400000003,10.274596000000006,10.263695000000007,10.261954999999988,0.008282176082802316,0,4,54263808,my_ring_all_reduce,4,8
2884,10.300224000000002,10.310403000000013,10.304790666666667,10.303744999999985,0.004220827275421673,0,4,54394880,my_ring_all_reduce,4,8
2885,10.32048500000003,10.359840999999994,10.338124666666674,10.334047999999996,0.016323563588316027,0,4,54525952,my_ring_all_reduce,4,8
2886,10.35450000000003,10.370367000000012,10.363340000000026,10.365153000000035,0.006603314773651418,0,4,54657024,my_ring_all_reduce,4,8
2887,10.379041000000027,10.404769,10.38772300000001,10.379359000000004,0.01205404131400815,0,4,54788096,my_ring_all_reduce,4,8
2888,10.415903,10.420963999999978,10.418358666666661,10.418209000000003,0.002068853198155314,0,4,54919168,my_ring_all_reduce,4,8
2889,10.413727,10.424321999999972,10.419990333333322,10.421921999999995,0.004535931240895865,0,4,55050240,my_ring_all_reduce,4,8
2890,10.43702499999998,10.458526999999973,10.450453666666652,10.455809,0.009560114969091833,0,4,55181312,my_ring_all_reduce,4,8
2891,10.462115999999988,10.46896,10.464566666666661,10.462623999999996,0.003113470660786471,0,4,55312384,my_ring_all_reduce,4,8
2892,10.457920999999988,10.461728,10.459584999999997,10.459106,0.0015906797289253747,0,4,55443456,my_ring_all_reduce,4,8
2893,10.477314000000042,10.482817000000017,10.480257333333357,10.480641000000011,0.0022629114481504324,0,4,55574528,my_ring_all_reduce,4,8
2894,10.490340999999987,10.499551999999998,10.495894999999996,10.497792000000002,0.003992458474012436,0,4,55705600,my_ring_all_reduce,4,8
2895,10.487199999999998,10.504960999999996,10.497750666666668,10.501091000000015,0.0076259054252977385,0,4,55836672,my_ring_all_reduce,4,8
2896,10.513439000000012,10.517248000000007,10.515341000000012,10.51533600000001,0.0015550217576164012,0,4,55967744,my_ring_all_reduce,4,8
2897,10.529919999999985,10.536988999999988,10.532841333333327,10.531615000000006,0.0030133713493162794,0,4,56098816,my_ring_all_reduce,4,8
2898,10.51651199999996,10.52438399999999,10.520683333333315,10.521153999999996,0.0032309174479771604,0,4,56229888,my_ring_all_reduce,4,8
2899,10.539076000000009,10.565539000000019,10.553922666666674,10.557152999999992,0.011042309007733285,0,4,56360960,my_ring_all_reduce,4,8
2900,10.570721999999995,10.582845999999991,10.575148666666664,10.571878000000005,0.005463258449757587,0,4,56492032,my_ring_all_reduce,4,8
2901,10.583007000000006,10.591007000000005,10.586432333333315,10.585282999999938,0.0033655831919997357,0,4,56623104,my_ring_all_reduce,4,8
2902,10.622370999999992,10.633696000000011,10.629205666666673,10.631550000000018,0.0049116073630723475,0,4,56754176,my_ring_all_reduce,4,8
2903,10.639747000000018,10.651903000000006,10.644256333333344,10.641119000000007,0.00543594391271526,0,4,56885248,my_ring_all_reduce,4,8
2904,10.66064099999999,10.684898999999998,10.675478666666669,10.680896000000015,0.01061832586721503,0,4,57016320,my_ring_all_reduce,4,8
2905,10.692512000000033,10.703074999999982,10.698263000000004,10.699201999999998,0.004363143591473567,0,4,57147392,my_ring_all_reduce,4,8
2906,10.712993999999998,10.730402000000016,10.723170333333337,10.726115000000005,0.007405534521940554,0,4,57278464,my_ring_all_reduce,4,8
2907,10.732608000000008,10.742592000000005,10.737665000000014,10.737795000000027,0.00407698736814251,0,4,57409536,my_ring_all_reduce,4,8
2908,10.755199000000008,10.76525099999999,10.758730666666667,10.755742000000001,0.004615898058755718,0,4,57540608,my_ring_all_reduce,4,8
2909,10.787583999999997,10.803425999999963,10.79450833333332,10.792515000000007,0.006619278628018118,0,4,57671680,my_ring_all_reduce,4,8
2910,10.807231000000007,10.839647000000012,10.82133300000001,10.817121000000007,0.013564782145936777,0,4,57802752,my_ring_all_reduce,4,8
2911,10.838751000000018,10.851810000000006,10.84412900000001,10.841826000000001,0.0055744791684930635,0,4,57933824,my_ring_all_reduce,4,8
2912,10.873921000000017,10.884669999999987,10.879167000000004,10.878910000000012,0.004392022085542395,0,4,58064896,my_ring_all_reduce,4,8
2913,10.908318000000014,10.932863000000001,10.91651066666666,10.908350999999966,0.011562853636639385,0,4,58195968,my_ring_all_reduce,4,8
2914,10.929506000000009,10.948288000000016,10.941483666666679,10.946657000000014,0.00849562296453921,0,4,58327040,my_ring_all_reduce,4,8
2915,10.96022600000001,10.977474000000017,10.969377666666668,10.970432999999975,0.007080897887196588,0,4,58458112,my_ring_all_reduce,4,8
2916,10.97769700000003,10.990912000000012,10.984065000000022,10.983586000000026,0.005405622813323461,0,4,58589184,my_ring_all_reduce,4,8
2917,11.014274000000002,11.034237999999954,11.021450666666654,11.015840000000011,0.009064583437116358,0,4,58720256,my_ring_all_reduce,4,8
2918,11.070270999999998,11.117409,11.087082666666669,11.073568000000007,0.021486157130166068,0,4,58851328,my_ring_all_reduce,4,8
2919,11.142016999999992,11.164961999999985,11.153537333333324,11.153632999999994,0.00936750127953918,0,4,58982400,my_ring_all_reduce,4,8
2920,11.195776000000041,11.199262999999977,11.197268666666679,11.196767000000015,0.0014670933470001901,0,4,59113472,my_ring_all_reduce,4,8
2921,11.23987200000001,11.265442000000018,11.253452000000015,11.255042000000016,0.01049927934035138,0,4,59244544,my_ring_all_reduce,4,8
2922,11.284768000000003,11.293182999999997,11.288531999999998,11.28764499999999,0.003492194439029573,0,4,59375616,my_ring_all_reduce,4,8
2923,11.312892999999997,11.319038,11.315250999999998,11.313822,0.0027045377916888303,0,4,59506688,my_ring_all_reduce,4,8
2924,11.325825000000012,11.337410000000004,11.33300400000001,11.335777000000016,0.005119909048669518,0,4,59637760,my_ring_all_reduce,4,8
2925,11.333152000000002,11.360575999999995,11.350762666666668,11.358560000000006,0.012479790311627688,0,4,59768832,my_ring_all_reduce,4,8
2926,11.356736000000005,11.366813999999984,11.363218999999996,11.366107000000003,0.0045932507733207695,0,4,59899904,my_ring_all_reduce,4,8
2927,11.362784999999997,11.366593000000023,11.364671666666665,11.364636999999973,0.0015548027384814512,0,4,60030976,my_ring_all_reduce,4,8
2928,11.36851099999997,11.372573999999965,11.371049666666641,11.372063999999991,0.0018071425572521093,0,4,60162048,my_ring_all_reduce,4,8
2929,11.386046000000016,11.407199999999998,11.397130333333338,11.398145000000005,0.008665836767950151,0,4,60293120,my_ring_all_reduce,4,8
2930,11.390943999999974,11.408668999999994,11.399017666666667,11.397440000000032,0.0073216883450670485,0,4,60424192,my_ring_all_reduce,4,8
2931,11.402626000000033,11.412862000000024,11.407776000000021,11.40784000000001,0.0041790745386946155,0,4,60555264,my_ring_all_reduce,4,8
2932,11.40780999999997,11.426785000000004,11.420096666666666,11.425695000000022,0.0086993738599918,0,4,60686336,my_ring_all_reduce,4,8
2933,11.413534000000006,11.422144999999997,11.419166999999995,11.42182199999998,0.0039853146257984055,0,4,60817408,my_ring_all_reduce,4,8
2934,11.42800599999998,11.432063000000024,11.429868333333337,11.429536000000004,0.0016728511257574328,0,4,60948480,my_ring_all_reduce,4,8
2935,11.439358999999968,11.444992999999988,11.441664333333327,11.440641000000019,0.0024112095627641357,0,4,61079552,my_ring_all_reduce,4,8
2936,11.473343000000023,11.492736000000018,11.481142000000013,11.477347,0.00835957060300889,0,4,61210624,my_ring_all_reduce,4,8
2937,11.476930000000008,11.487421999999995,11.480981333333332,11.47859199999999,0.0046045051368771425,0,4,61341696,my_ring_all_reduce,4,8
2938,11.504193000000013,11.510141999999993,11.506260333333339,11.504446000000014,0.002746695509547611,0,4,61472768,my_ring_all_reduce,4,8
2939,11.540544000000038,11.542654999999984,11.541631666666673,11.541695999999996,0.0008630119092555722,0,4,61603840,my_ring_all_reduce,4,8
2940,11.54361500000002,11.550336999999999,11.547348000000008,11.548092000000004,0.0027942170042099205,0,4,61734912,my_ring_all_reduce,4,8
2941,11.584574000000009,11.593949000000007,11.58896966666667,11.588385999999995,0.0038495156693913756,0,4,61865984,my_ring_all_reduce,4,8
2942,11.61490800000001,11.620450000000005,11.61782433333334,11.618115000000005,0.0022718283874914686,0,4,61997056,my_ring_all_reduce,4,8
2943,11.62572500000002,11.63929800000001,11.630602000000005,11.626782999999982,0.006164151901657577,0,4,62128128,my_ring_all_reduce,4,8
2944,11.657568999999997,11.669919000000004,11.663465333333333,11.662907999999996,0.005057244990003763,0,4,62259200,my_ring_all_reduce,4,8
2945,11.697310000000005,11.700670999999987,11.698473666666665,11.697440000000002,0.0015546554459209359,0,4,62390272,my_ring_all_reduce,4,8
2946,11.707612999999968,11.722364999999984,11.71535733333331,11.716093999999982,0.006044963982989103,0,4,62521344,my_ring_all_reduce,4,8
2947,11.752479000000017,11.767166000000001,11.760051333333342,11.760509000000006,0.006004669645823824,0,4,62652416,my_ring_all_reduce,4,8
2948,11.789791000000019,11.808286000000036,11.798003666666686,11.795934,0.007691072588118,0,4,62783488,my_ring_all_reduce,4,8
2949,11.792287000000027,11.803295999999966,11.798153666666657,11.798877999999982,0.004523495280789604,0,4,62914560,my_ring_all_reduce,4,8
2950,11.831965999999996,11.848895999999993,11.841833000000001,11.844637000000017,0.007190411995615403,0,4,63045632,my_ring_all_reduce,4,8
2951,11.853917000000017,11.869789999999965,11.860360666666658,11.857374999999992,0.006815359434537705,0,4,63176704,my_ring_all_reduce,4,8
2952,11.874332000000003,11.891039000000049,11.880019000000019,11.874686000000002,0.007793656779737099,0,4,63307776,my_ring_all_reduce,4,8
2953,11.890237999999984,11.896544999999955,11.893972999999981,11.895136000000006,0.002702959982433032,0,4,63438848,my_ring_all_reduce,4,8
2954,11.926078999999984,11.933055000000008,11.928809333333334,11.927294000000009,0.003042840814480267,0,4,63569920,my_ring_all_reduce,4,8
2955,11.990498000000002,12.00128,11.997056000000002,11.999390000000009,0.004700960752867681,0,4,63700992,my_ring_all_reduce,4,8
2956,12.046302999999993,12.079165000000001,12.059369000000002,12.05263900000001,0.01423487351542111,0,4,63832064,my_ring_all_reduce,4,8
2957,12.121826999999998,12.141854,12.128862999999997,12.122907999999994,0.009196618980185336,0,4,63963136,my_ring_all_reduce,4,8
2958,12.152958999999996,12.166174999999988,12.15753566666666,12.153472999999998,0.00611253408079173,0,4,64094208,my_ring_all_reduce,4,8
2959,12.191679000000004,12.21635000000002,12.201715333333345,12.197117000000013,0.010583731614558963,0,4,64225280,my_ring_all_reduce,4,8
2960,12.222717999999965,12.223931999999996,12.22333633333331,12.223358999999968,0.0004958725194724663,0,4,64356352,my_ring_all_reduce,4,8
2961,12.239069999999986,12.244924000000003,12.241212999999997,12.239645000000005,0.002634552080845827,0,4,64487424,my_ring_all_reduce,4,8
2962,12.248413000000001,12.270782000000036,12.25658433333335,12.25055800000002,0.01007738591546172,0,4,64618496,my_ring_all_reduce,4,8
2963,12.253824000000009,12.266303,12.258090333333334,12.254143999999993,0.005808701537826892,0,4,64749568,my_ring_all_reduce,4,8
2964,12.263678000000015,12.269627999999997,12.26731566666667,12.268641000000004,0.0026035880797185764,0,4,64880640,my_ring_all_reduce,4,8
2965,12.270238000000012,12.283070000000007,12.275923999999995,12.274463999999965,0.005339397968562857,0,4,65011712,my_ring_all_reduce,4,8
2966,12.27632,12.287325000000012,12.282729666666668,12.284543999999995,0.004672355603859565,0,4,65142784,my_ring_all_reduce,4,8
2967,12.288863000000028,12.291072000000037,12.290282000000019,12.290910999999994,0.0010055350151325446,0,4,65273856,my_ring_all_reduce,4,8
2968,12.292062999999995,12.300380999999973,12.297149666666648,12.299004999999976,0.003640419145577087,0,4,65404928,my_ring_all_reduce,4,8
2969,12.322047000000007,12.336508999999998,12.327273333333336,12.323264000000002,0.006549474601486268,0,4,65536000,my_ring_all_reduce,4,8
2970,12.333566999999995,12.350077999999995,12.340265333333333,12.337151000000006,0.007091195683535799,0,4,65667072,my_ring_all_reduce,4,8
2971,12.350240000000014,12.385693000000028,12.36740166666668,12.366271999999997,0.01449565250534609,0,4,65798144,my_ring_all_reduce,4,8
2972,12.372320000000014,12.412060000000006,12.386909000000001,12.37634699999998,0.01786026843770174,0,4,65929216,my_ring_all_reduce,4,8
2973,12.398269,12.432411999999998,12.415857999999986,12.41689299999996,0.013958021134814777,0,4,66060288,my_ring_all_reduce,4,8
2974,12.428542000000002,12.44450999999998,12.438248666666658,12.44169399999999,0.006959262285288136,0,4,66191360,my_ring_all_reduce,4,8
2975,12.453759,12.471198999999979,12.46116266666666,12.45853,0.0073591938115133895,0,4,66322432,my_ring_all_reduce,4,8
2976,12.472893000000004,12.484895999999994,12.477694333333346,12.475294000000039,0.005185826988576565,0,4,66453504,my_ring_all_reduce,4,8
2977,12.500735999999991,12.515327999999988,12.507027999999993,12.505020000000004,0.006124032658303316,0,4,66584576,my_ring_all_reduce,4,8
2978,12.520127000000008,12.545148999999995,12.530708333333331,12.526848999999995,0.010573424589765935,0,4,66715648,my_ring_all_reduce,4,8
2979,12.542266999999997,12.563359999999987,12.550653666666662,12.546334000000005,0.009136859501789777,0,4,66846720,my_ring_all_reduce,4,8
2980,12.56975400000003,12.578042000000012,12.572880000000007,12.570843999999983,0.0036771100971645923,0,4,66977792,my_ring_all_reduce,4,8
2981,12.595548999999984,12.605022000000012,12.59930366666667,12.597340000000012,0.004109048740965167,0,4,67108864,my_ring_all_reduce,4,8
