,time_stats.my_ring_all_reduce.min,time_stats.my_ring_all_reduce.max,time_stats.my_ring_all_reduce.mean,time_stats.my_ring_all_reduce.median,time_stats.my_ring_all_reduce.std,rank,num_workers,size,collective,devices_per_node,max_devices_per_node
0,0.8867809999999999,0.8893689999999987,0.8884859999999999,0.8893080000000009,0.0012058742333537465,0,8,2048,my_ring_all_reduce,8,8
1,3.1818429999999935,3.1851659999999975,3.183204999999999,3.182606000000007,0.0014211926916032527,0,8,10240,my_ring_all_reduce,8,8
2,4.596841999999997,5.450885000000002,5.165842333333335,5.449800000000003,0.402344238023724,0,8,18432,my_ring_all_reduce,8,8
3,6.331268000000001,6.3743700000000025,6.356024666666669,6.3624360000000015,0.018170938286787796,0,8,26624,my_ring_all_reduce,8,8
4,8.192507999999998,8.192887999999984,8.192665666666661,8.192601,0.00016173297608515277,0,8,34816,my_ring_all_reduce,8,8
5,10.045905000000028,10.049169000000003,10.047643666666684,10.047857000000018,0.0013410337637541454,0,8,43008,my_ring_all_reduce,8,8
6,11.914666999999994,11.915659000000007,11.915327333333332,11.915655999999998,0.00046692778409432,0,8,51200,my_ring_all_reduce,8,8
7,13.764160999999989,13.764482999999979,13.764311333333323,13.76429,0.0001323186389776703,0,8,59392,my_ring_all_reduce,8,8
8,15.614234999999942,15.615513999999967,15.615003666666652,15.615262000000046,0.0005531800992882955,0,8,67584,my_ring_all_reduce,8,8
9,17.269556000000012,17.273623999999998,17.271274666666674,17.270644000000015,0.001719585479759307,0,8,75776,my_ring_all_reduce,8,8
10,17.283153999999996,17.28466200000001,17.28380666666669,17.28360400000005,0.0006320977420913877,0,8,83968,my_ring_all_reduce,8,8
11,17.302230000000012,17.307289,17.30517366666667,17.306001999999992,0.0021467762394332505,0,8,92160,my_ring_all_reduce,8,8
12,17.307412999999993,17.30814799999997,17.307742333333326,17.30766600000001,0.0003048784821561929,0,8,100352,my_ring_all_reduce,8,8
13,17.316853000000002,17.31845199999996,17.31764199999998,17.317620999999985,0.0006529578853023253,0,8,108544,my_ring_all_reduce,8,8
14,17.32271499999998,17.325396999999967,17.32384166666665,17.323413000000002,0.0011361036728815038,0,8,116736,my_ring_all_reduce,8,8
15,17.34331699999998,17.34514000000003,17.34434,17.344562999999987,0.000760757955392516,0,8,124928,my_ring_all_reduce,8,8
16,17.373909000000015,17.37726700000002,17.37563766666668,17.375737000000008,0.0013726959686062947,0,8,133120,my_ring_all_reduce,8,8
17,17.379668,17.381779999999992,17.38086366666666,17.381142999999998,0.0008845550042542726,0,8,141312,my_ring_all_reduce,8,8
18,17.352017999999997,17.356214000000037,17.354526666666683,17.355348000000006,0.0018087832620129179,0,8,149504,my_ring_all_reduce,8,8
19,17.364530000000013,17.365908999999984,17.365343333333332,17.365590999999995,0.0005895842226025966,0,8,157696,my_ring_all_reduce,8,8
20,17.374356,17.377109999999988,17.37608466666666,17.376788,0.0012294002150977474,0,8,165888,my_ring_all_reduce,8,8
21,17.372628999999993,17.374292999999977,17.373662999999983,17.374066999999975,0.0007369468547020158,0,8,174080,my_ring_all_reduce,8,8
22,17.409070999999997,17.411703999999997,17.410035999999995,17.409332999999986,0.0011842941639100312,0,8,182272,my_ring_all_reduce,8,8
23,17.418004999999997,17.419669999999968,17.418569999999978,17.418034999999975,0.0007779138769725953,0,8,190464,my_ring_all_reduce,8,8
24,17.412242,17.412600999999995,17.412384333333335,17.412310000000012,0.00015570128094419852,0,8,198656,my_ring_all_reduce,8,8
25,17.41739900000002,17.418264999999998,17.417824999999997,17.417810999999972,0.00035368158937160556,0,8,206848,my_ring_all_reduce,8,8
26,17.427252999999997,17.429748999999997,17.428373999999994,17.42812,0.001034695124179167,0,8,215040,my_ring_all_reduce,8,8
27,17.430483999999996,17.431578999999953,17.430881666666647,17.430581999999994,0.0004947095668530329,0,8,223232,my_ring_all_reduce,8,8
28,17.435186999999992,17.43794099999999,17.436691666666665,17.436947000000014,0.0011387201392611351,0,8,231424,my_ring_all_reduce,8,8
29,17.438551000000007,17.439348000000056,17.439020333333346,17.439161999999982,0.00034044513346063494,0,8,239616,my_ring_all_reduce,8,8
30,17.435637000000018,17.43871000000002,17.437205666666674,17.43726999999999,0.0012553714810997281,0,8,247808,my_ring_all_reduce,8,8
31,17.444593000000037,17.447283999999986,17.445715666666672,17.44526999999999,0.0011429010844554019,0,8,256000,my_ring_all_reduce,8,8
32,17.454131999999984,17.455987999999998,17.45500666666666,17.454899999999995,0.0007614535807021281,0,8,264192,my_ring_all_reduce,8,8
33,17.462321999999986,17.464952999999994,17.463414333333322,17.462967999999993,0.0011195089201200888,0,8,272384,my_ring_all_reduce,8,8
34,17.460214000000008,17.460919999999994,17.460481666666663,17.460310999999987,0.00031246795391008566,0,8,280576,my_ring_all_reduce,8,8
35,17.471733999999998,17.472722000000008,17.47207400000001,17.471766000000034,0.0004583913902590127,0,8,288768,my_ring_all_reduce,8,8
36,17.476916999999972,17.47951499999997,17.477815666666647,17.47701499999999,0.001202275989756202,0,8,296960,my_ring_all_reduce,8,8
37,17.484853000000005,17.48725099999999,17.485759666666663,17.485174999999987,0.0010626938515933188,0,8,305152,my_ring_all_reduce,8,8
38,17.487474000000017,17.489428,17.488725000000006,17.489273,0.0008868509833411525,0,8,313344,my_ring_all_reduce,8,8
39,17.512150999999985,17.513747999999993,17.513120999999995,17.513464000000006,0.0006956239405559294,0,8,321536,my_ring_all_reduce,8,8
40,17.514293999999996,17.516439999999914,17.515212999999978,17.514905000000027,0.0009027650118348724,0,8,329728,my_ring_all_reduce,8,8
41,17.523670000000042,17.52565400000001,17.524555000000035,17.524341000000046,0.0008239785595771347,0,8,337920,my_ring_all_reduce,8,8
42,17.524338000000032,17.525847000000002,17.525119000000007,17.525171999999998,0.0006171855474525752,0,8,346112,my_ring_all_reduce,8,8
43,17.52872499999999,17.52975,17.52913,17.528915,0.00044521530372274563,0,8,354304,my_ring_all_reduce,8,8
44,17.540789000000004,17.541590999999958,17.541227333333325,17.541302000000012,0.0003316447228760042,0,8,362496,my_ring_all_reduce,8,8
45,17.54674699999999,17.54795799999997,17.547372666666647,17.547412999999985,0.000495210617361605,0,8,370688,my_ring_all_reduce,8,8
46,17.546072,17.549719000000042,17.548354000000018,17.549271000000008,0.0016239497118790045,0,8,378880,my_ring_all_reduce,8,8
47,17.546420999999995,17.54722200000001,17.54689133333333,17.54703099999999,0.00034159462655513327,0,8,387072,my_ring_all_reduce,8,8
48,17.550871000000043,17.55272200000001,17.551636666666667,17.55131699999995,0.0007887502068996954,0,8,395264,my_ring_all_reduce,8,8
49,17.560691999999953,17.56206899999996,17.561215666666637,17.560886,0.0006085733772916664,0,8,403456,my_ring_all_reduce,8,8
50,17.566265,17.567994000000006,17.567406000000002,17.567959000000002,0.0008069353547023691,0,8,411648,my_ring_all_reduce,8,8
51,17.559290000000008,17.559897000000028,17.559576333333343,17.559541999999986,0.0002489930833584092,0,8,419840,my_ring_all_reduce,8,8
52,17.56530399999999,17.567188999999924,17.56645466666663,17.566870999999978,0.0008239362164955576,0,8,428032,my_ring_all_reduce,8,8
53,17.576408000000004,17.578164999999988,17.57757899999999,17.578163999999976,0.0008280221414003906,0,8,436224,my_ring_all_reduce,8,8
54,17.578649000000063,17.57938699999999,17.57909666666669,17.57925400000001,0.00032117112085187075,0,8,444416,my_ring_all_reduce,8,8
55,17.58460000000002,17.585526000000012,17.585175666666682,17.58540100000001,0.00041024410077332456,0,8,452608,my_ring_all_reduce,8,8
56,17.589271000000007,17.589912999999957,17.589581333333317,17.589559999999985,0.00026252915179973983,0,8,460800,my_ring_all_reduce,8,8
57,17.59170299999998,17.59282100000001,17.59233133333333,17.592469999999995,0.00046683496966275033,0,8,468992,my_ring_all_reduce,8,8
58,17.596858000000022,17.598360000000014,17.59779500000002,17.598167000000018,0.0006672275973476725,0,8,477184,my_ring_all_reduce,8,8
59,17.598936999999992,17.600502999999996,17.599607333333328,17.599381999999995,0.0006588729434098135,0,8,485376,my_ring_all_reduce,8,8
60,17.603639999999984,17.60732000000001,17.605197333333336,17.604632000000013,0.0015546277868283844,0,8,493568,my_ring_all_reduce,8,8
61,17.609497000000033,17.61000999999999,17.60968833333334,17.60955800000001,0.00022881190721043158,0,8,501760,my_ring_all_reduce,8,8
62,17.61128899999999,17.612981,17.612353999999982,17.612791999999956,0.0007570112284476663,0,8,509952,my_ring_all_reduce,8,8
63,17.61794400000002,17.619546,17.61873266666666,17.618707999999955,0.0006542463008781413,0,8,518144,my_ring_all_reduce,8,8
64,17.623670999999973,17.625465000000055,17.624481000000014,17.62430700000001,0.0007426600837864295,0,8,526336,my_ring_all_reduce,8,8
65,17.629108999999968,17.630391999999993,17.629602000000006,17.629305000000052,0.0005643161052668195,0,8,534528,my_ring_all_reduce,8,8
66,17.633047,17.633561000000018,17.63332566666668,17.633369000000013,0.00021206497956643663,0,8,542720,my_ring_all_reduce,8,8
67,17.64011900000004,17.642072,17.641090666666674,17.64108099999998,0.0007973382106703162,0,8,550912,my_ring_all_reduce,8,8
68,17.644279000000026,17.645338000000017,17.64492066666668,17.64514499999999,0.0004605173419254986,0,8,559104,my_ring_all_reduce,8,8
69,17.64757699999999,17.649046999999904,17.648524999999974,17.64895100000003,0.0006714819431527253,0,8,567296,my_ring_all_reduce,8,8
70,17.65122399999999,17.652183000000004,17.651671333333322,17.651606999999974,0.0003941440796988113,0,8,575488,my_ring_all_reduce,8,8
71,17.661338000000004,17.662138000000034,17.661784666666676,17.661877999999998,0.00033319997333272253,0,8,583680,my_ring_all_reduce,8,8
72,17.665816,17.666167999999946,17.666040999999982,17.666138999999998,0.00015953891895704807,0,8,591872,my_ring_all_reduce,8,8
73,17.666808000000014,17.667065000000004,17.666926000000014,17.66690500000003,0.00010596540315402826,0,8,600064,my_ring_all_reduce,8,8
74,17.668570999999996,17.670395999999993,17.669241666666665,17.668758,0.0008197992979290911,0,8,608256,my_ring_all_reduce,8,8
75,17.67586400000003,17.677911999999996,17.67688866666668,17.676890000000014,0.0008360930304294507,0,8,616448,my_ring_all_reduce,8,8
76,17.679414999999988,17.68207500000007,17.68046266666671,17.679898000000072,0.0011570181022540814,0,8,624640,my_ring_all_reduce,8,8
77,17.68827899999998,17.688986000000035,17.688676333333337,17.688763999999995,0.00029521329391002225,0,8,632832,my_ring_all_reduce,8,8
78,17.692216999999975,17.69451899999997,17.693347666666668,17.693307000000058,0.0009402273956606044,0,8,641024,my_ring_all_reduce,8,8
79,17.693626000000005,17.695865000000005,17.694777999999985,17.69484299999995,0.0009152227415573844,0,8,649216,my_ring_all_reduce,8,8
80,17.696216000000074,17.697946000000027,17.697007333333374,17.696860000000015,0.0007139119148733744,0,8,657408,my_ring_all_reduce,8,8
81,17.699160000000003,17.701304999999994,17.70040833333333,17.70075999999998,0.0009103143535132122,0,8,665600,my_ring_all_reduce,8,8
82,17.701467999999995,17.706166999999994,17.703300000000002,17.702265000000015,0.0020532200726299144,0,8,673792,my_ring_all_reduce,8,8
83,17.710201,17.710744000000005,17.710402666666663,17.710262999999976,0.00024268269178523007,0,8,681984,my_ring_all_reduce,8,8
84,17.714490000000033,17.71586499999999,17.715129333333348,17.71503300000002,0.0005654593019855055,0,8,690176,my_ring_all_reduce,8,8
85,17.716502000000023,17.71765900000001,17.717251333333348,17.717593000000008,0.0005305433273679336,0,8,698368,my_ring_all_reduce,8,8
86,17.722107999999977,17.723288,17.722554999999996,17.722269000000015,0.0005224602058249537,0,8,706560,my_ring_all_reduce,8,8
87,17.726778000000007,17.727065000000003,17.72695900000002,17.727034000000042,0.00012861052316282383,0,8,714752,my_ring_all_reduce,8,8
88,17.72885800000001,17.73189600000001,17.730115333333337,17.72959199999999,0.0012942872770612549,0,8,722944,my_ring_all_reduce,8,8
89,17.732574000000007,17.735928000000015,17.734042333333345,17.733625000000007,0.0014007032360805203,0,8,731136,my_ring_all_reduce,8,8
90,17.736151999999944,17.736825999999958,17.73640933333331,17.73625000000003,0.0002973318385524766,0,8,739328,my_ring_all_reduce,8,8
91,17.74143300000002,17.742745999999986,17.74215933333333,17.742298999999985,0.000545051883346718,0,8,747520,my_ring_all_reduce,8,8
92,17.746266999999964,17.74709799999999,17.746736333333303,17.746843999999953,0.0003476917536571085,0,8,755712,my_ring_all_reduce,8,8
93,17.747512999999977,17.74956,17.74859033333332,17.748697999999976,0.0008391449351790363,0,8,763904,my_ring_all_reduce,8,8
94,17.75292500000002,17.756060000000026,17.75475766666669,17.75528800000003,0.0013336657085762144,0,8,772096,my_ring_all_reduce,8,8
95,17.75711599999995,17.75759200000002,17.75729500000001,17.757177000000056,0.00021148207175138349,0,8,780288,my_ring_all_reduce,8,8
96,17.762135999999998,17.763894999999984,17.763012333333332,17.763006000000022,0.0007181227069336182,0,8,788480,my_ring_all_reduce,8,8
97,17.764664000000007,17.765531000000045,17.765028333333355,17.764890000000015,0.0003672186754070425,0,8,796672,my_ring_all_reduce,8,8
98,17.770265000000013,17.771515999999995,17.771002333333332,17.771225999999995,0.0005346465083399979,0,8,804864,my_ring_all_reduce,8,8
99,17.773049000000007,17.774169000000025,17.773614333333345,17.773625,0.00045730029035869943,0,8,813056,my_ring_all_reduce,8,8
100,17.77615399999998,17.77727,17.776590333333328,17.77634700000001,0.00048701289054864404,0,8,821248,my_ring_all_reduce,8,8
101,17.79509700000001,17.796925999999996,17.79592066666667,17.795739,0.0007576553012732742,0,8,829440,my_ring_all_reduce,8,8
102,17.799799,17.80073199999996,17.800143666666656,17.799900000000008,0.00041805289402843784,0,8,837632,my_ring_all_reduce,8,8
103,17.803002999999997,17.803514000000025,17.80331166666667,17.803417999999976,0.00022175111173977963,0,8,845824,my_ring_all_reduce,8,8
104,17.805945000000037,17.80802799999996,17.80689566666666,17.806713999999978,0.0008600288108578326,0,8,854016,my_ring_all_reduce,8,8
105,17.81089500000002,17.812958000000013,17.811938666666673,17.811962999999988,0.0008423919647151645,0,8,862208,my_ring_all_reduce,8,8
106,17.817496999999975,17.817978000000004,17.81771133333333,17.817659000000013,0.0001998238112922749,0,8,870400,my_ring_all_reduce,8,8
107,17.819388000000064,17.82085899999998,17.819973000000008,17.819671999999976,0.0006371347319329829,0,8,878592,my_ring_all_reduce,8,8
108,17.822041999999957,17.822236000000032,17.82215066666667,17.822174000000015,8.09004876008479e-05,0,8,886784,my_ring_all_reduce,8,8
109,17.82680900000007,17.828411999999997,17.827610333333357,17.82761,0.0006544220520305822,0,8,894976,my_ring_all_reduce,8,8
110,17.832540999999992,17.83448999999999,17.83342533333332,17.83324499999998,0.0008058289038148605,0,8,903168,my_ring_all_reduce,8,8
111,17.835836000000025,17.837978000000003,17.836582333333357,17.835933000000047,0.0009876795476565167,0,8,911360,my_ring_all_reduce,8,8
112,17.839453000000002,17.84076700000002,17.840114333333336,17.840122999999977,0.0005364732570813239,0,8,919552,my_ring_all_reduce,8,8
113,17.844539000000008,17.84607400000001,17.84520000000002,17.84498700000004,0.0006445065295732938,0,8,927744,my_ring_all_reduce,8,8
114,17.848409999999976,17.848956000000012,17.848741333333326,17.848857999999993,0.00023767952280730653,0,8,935936,my_ring_all_reduce,8,8
115,17.85164499999999,17.852507999999943,17.852080999999977,17.852089999999997,0.0003523757464032637,0,8,944128,my_ring_all_reduce,8,8
116,17.85545200000005,17.856507000000004,17.855964000000014,17.855932999999997,0.0004312593960151684,0,8,952320,my_ring_all_reduce,8,8
117,17.860061999999978,17.861884000000078,17.860860333333356,17.86063500000001,0.0007607024531877518,0,8,960512,my_ring_all_reduce,8,8
118,17.866076000000017,17.86617200000002,17.86613933333335,17.866170000000015,4.479087208599664e-05,0,8,968704,my_ring_all_reduce,8,8
119,17.867964000000022,17.870010000000004,17.869104333333336,17.86933899999998,0.0008515986274089092,0,8,976896,my_ring_all_reduce,8,8
120,17.87173800000001,17.87439499999999,17.872986999999984,17.872827999999952,0.0010905267840141317,0,8,985088,my_ring_all_reduce,8,8
121,17.87596399999998,17.878429000000033,17.876849333333343,17.87615500000003,0.0011197113715547813,0,8,993280,my_ring_all_reduce,8,8
122,17.88153000000003,17.88230100000001,17.881990000000012,17.882138999999995,0.00033192469024190973,0,8,1001472,my_ring_all_reduce,8,8
123,17.886078000000023,17.88825299999998,17.88713333333335,17.887069000000047,0.0008891045432663676,0,8,1009664,my_ring_all_reduce,8,8
124,17.890590000000024,17.89401400000001,17.891858000000017,17.890970000000017,0.001532395075249555,0,8,1017856,my_ring_all_reduce,8,8
125,17.894974000000015,17.89746900000002,17.89638100000001,17.8967,0.001043256759702783,0,8,1026048,my_ring_all_reduce,8,8
126,17.89957699999999,17.900730999999972,17.90023,17.900382000000043,0.00048322320584383207,0,8,1034240,my_ring_all_reduce,8,8
127,17.88978999999992,17.890525000000025,17.890224999999987,17.890360000000015,0.00031488092992382015,0,8,1042432,my_ring_all_reduce,8,8
128,17.893465999999986,17.894780999999988,17.893989333333323,17.893720999999992,0.0005693905123510018,0,8,1048576,my_ring_all_reduce,8,8
129,17.930686,17.931869000000006,17.93120766666667,17.931068,0.0004929518795559441,0,8,1081344,my_ring_all_reduce,8,8
130,17.944636,17.94540500000003,17.945051333333335,17.945112999999985,0.0003169567092870862,0,8,1114112,my_ring_all_reduce,8,8
131,17.97315299999996,17.974301000000008,17.973768666666658,17.973852000000004,0.00047235885607015783,0,8,1146880,my_ring_all_reduce,8,8
132,17.990265999999973,17.991738000000012,17.99085299999999,17.990554999999993,0.0006368144680246966,0,8,1179648,my_ring_all_reduce,8,8
133,18.012542000000018,18.015229999999995,18.014194333333357,18.01481100000006,0.0011808314396603787,0,8,1212416,my_ring_all_reduce,8,8
134,18.032093000000007,18.032859,18.032550666666676,18.032700000000027,0.00033006497676844713,0,8,1245184,my_ring_all_reduce,8,8
135,18.05922899999999,18.061977000000027,18.060229000000007,18.059480999999998,0.0012402967387034824,0,8,1277952,my_ring_all_reduce,8,8
136,18.07420200000002,18.075324999999953,18.07471633333333,18.07462200000002,0.00046328992599470044,0,8,1310720,my_ring_all_reduce,8,8
137,18.098133000000033,18.099034999999947,18.09863899999999,18.098748999999998,0.00037636507096382074,0,8,1343488,my_ring_all_reduce,8,8
138,18.112157000000007,18.114459999999976,18.113276,18.11321100000001,0.0009413185787193869,0,8,1376256,my_ring_all_reduce,8,8
139,18.126553000000044,18.128635000000067,18.127770000000044,18.12812200000002,0.0008856669803076599,0,8,1409024,my_ring_all_reduce,8,8
140,18.14335699999998,18.143612999999984,18.143452333333318,18.143386999999997,0.00011426674445599915,0,8,1441792,my_ring_all_reduce,8,8
141,18.160925000000017,18.161306999999987,18.161084333333328,18.16102099999998,0.00016225357382593605,0,8,1474560,my_ring_all_reduce,8,8
142,18.181562999999993,18.18204299999999,18.181850999999998,18.181947000000008,0.0002073837023500812,0,8,1507328,my_ring_all_reduce,8,8
143,18.237085000000008,18.239193000000007,18.237946666666673,18.237562000000004,0.0009025491060821006,0,8,1540096,my_ring_all_reduce,8,8
144,18.253913999999998,18.255706999999965,18.25487466666666,18.255003000000013,0.000737592630706127,0,8,1572864,my_ring_all_reduce,8,8
145,18.270812999999965,18.27381700000001,18.27258133333331,18.273113999999957,0.00128291447711504,0,8,1605632,my_ring_all_reduce,8,8
146,18.28495700000001,18.28870000000001,18.287132333333343,18.287740000000007,0.0015873366232638,0,8,1638400,my_ring_all_reduce,8,8
147,18.304284000000013,18.305531000000048,18.30508233333335,18.305431999999993,0.0005659519021623229,0,8,1671168,my_ring_all_reduce,8,8
148,18.32389899999999,18.32463700000001,18.32416533333333,18.323959999999992,0.00033444713916366077,0,8,1703936,my_ring_all_reduce,8,8
149,18.340091999999977,18.344089999999998,18.342544333333322,18.343450999999988,0.0017535743180476708,0,8,1736704,my_ring_all_reduce,8,8
150,18.36521299999999,18.36860299999999,18.36662166666666,18.366049,0.0014419859761977758,0,8,1769472,my_ring_all_reduce,8,8
151,18.399354000000013,18.40127599999997,18.400549666666674,18.40101900000003,0.0008519492681729386,0,8,1802240,my_ring_all_reduce,8,8
152,18.414235999999974,18.415514999999985,18.41476800000001,18.414553000000073,0.0005438314689846325,0,8,1835008,my_ring_all_reduce,8,8
153,18.431323000000003,18.432730000000003,18.432165,18.432442,0.0006068821961468273,0,8,1867776,my_ring_all_reduce,8,8
154,18.448248999999997,18.448987000000002,18.44864533333333,18.4487,0.0003037568472043537,0,8,1900544,my_ring_all_reduce,8,8
155,18.46485699999993,18.46559699999998,18.465156666666644,18.46501600000002,0.0003180569480904505,0,8,1933312,my_ring_all_reduce,8,8
156,18.48370299999998,18.484668999999986,18.484164666666647,18.484121999999974,0.00039552019192981775,0,8,1966080,my_ring_all_reduce,8,8
157,18.50313300000003,18.506525999999997,18.50536266666667,18.506428999999983,0.0015771096629054492,0,8,1998848,my_ring_all_reduce,8,8
158,18.542137000000018,18.545852999999997,18.54399533333334,18.543995999999996,0.0015170507205968331,0,8,2031616,my_ring_all_reduce,8,8
159,18.558264000000083,18.561242999999987,18.559984333333347,18.560445999999967,0.0012592225996380588,0,8,2064384,my_ring_all_reduce,8,8
160,18.57276400000001,18.573816999999995,18.573199999999996,18.573018999999984,0.0004485331648794545,0,8,2097152,my_ring_all_reduce,8,8
161,18.581307000000002,18.58220299999998,18.581755666666645,18.581756999999953,0.0003657916832684455,0,8,2129920,my_ring_all_reduce,8,8
162,18.58911599999998,18.589981,18.58965966666666,18.589881999999985,0.0003865491200712608,0,8,2162688,my_ring_all_reduce,8,8
163,18.587862999999984,18.589854999999982,18.58878499999999,18.58863700000001,0.0008199365829111264,0,8,2195456,my_ring_all_reduce,8,8
164,18.590746999999975,18.591003000000025,18.590885333333333,18.59090599999999,0.00010552830059439055,0,8,2228224,my_ring_all_reduce,8,8
165,18.591003000000025,18.59576999999999,18.592794666666688,18.59161100000005,0.0021184699404997818,0,8,2260992,my_ring_all_reduce,8,8
166,18.592094000000014,18.59423199999999,18.593210666666664,18.593305999999984,0.0008754341145235158,0,8,2293760,my_ring_all_reduce,8,8
167,18.592473000000027,18.59455500000002,18.593850000000014,18.594521999999998,0.000973779235753364,0,8,2326528,my_ring_all_reduce,8,8
168,18.592825999999974,18.59426699999999,18.593360333333322,18.592988000000002,0.0006445123910569113,0,8,2359296,my_ring_all_reduce,8,8
169,18.594651,18.596571999999988,18.59530166666667,18.59468200000003,0.0008983504636459273,0,8,2392064,my_ring_all_reduce,8,8
170,18.592760999999985,18.596058999999993,18.594341666666676,18.594205000000045,0.0013498664954577145,0,8,2424832,my_ring_all_reduce,8,8
171,18.592825999999988,18.59599299999999,18.59425633333332,18.59394999999998,0.0013109417310563278,0,8,2457600,my_ring_all_reduce,8,8
172,18.593306000000013,18.593946999999986,18.593638999999985,18.59366399999996,0.00026228356155184353,0,8,2490368,my_ring_all_reduce,8,8
173,18.597022,18.59769400000002,18.59746833333334,18.597689000000003,0.00031561192767751145,0,8,2523136,my_ring_all_reduce,8,8
174,18.60979000000004,18.611098,18.610524999999996,18.61068699999995,0.0005461373453395886,0,8,2555904,my_ring_all_reduce,8,8
175,18.614140000000013,18.615773,18.61509966666667,18.615385999999997,0.000696736360144162,0,8,2588672,my_ring_all_reduce,8,8
176,18.616285999999963,18.617466999999976,18.61700933333331,18.617274999999996,0.0005174452198690672,0,8,2621440,my_ring_all_reduce,8,8
177,18.616889000000025,18.618073000000035,18.617648000000028,18.617982000000012,0.0005379783143085815,0,8,2654208,my_ring_all_reduce,8,8
178,18.61756499999999,18.619740000000007,18.61894,18.619515000000007,0.0009766012492400345,0,8,2686976,my_ring_all_reduce,8,8
179,18.614618000000004,18.61682899999997,18.615483333333344,18.615003000000055,0.0009644239500912769,0,8,2719744,my_ring_all_reduce,8,8
180,18.614905,18.61798300000001,18.61613499999999,18.61551699999995,0.001330404449794032,0,8,2752512,my_ring_all_reduce,8,8
181,18.617274,18.619323999999935,18.61851299999998,18.618941000000007,0.0008899486876414607,0,8,2785280,my_ring_all_reduce,8,8
182,18.61957999999999,18.622747999999962,18.620646999999977,18.619612999999983,0.0014856924311468169,0,8,2818048,my_ring_all_reduce,8,8
183,18.617182,18.621177999999986,18.619729000000003,18.62082700000002,0.0018066925582405377,0,8,2850816,my_ring_all_reduce,8,8
184,18.618808999999995,18.61967500000002,18.61920466666665,18.619129999999945,0.0003574635956737977,0,8,2883584,my_ring_all_reduce,8,8
185,18.621148999999978,18.622426999999995,18.62170166666663,18.621528999999924,0.0005358366251976977,0,8,2916352,my_ring_all_reduce,8,8
186,18.623199999999983,18.625920000000004,18.624648666666683,18.62482600000006,0.0011174928287239051,0,8,2949120,my_ring_all_reduce,8,8
187,18.632507999999973,18.634106,18.63344466666666,18.63372,0.0006808119335803736,0,8,2981888,my_ring_all_reduce,8,8
188,18.625147,18.627483000000005,18.62627666666665,18.626199999999955,0.0009552075981498697,0,8,3014656,my_ring_all_reduce,8,8
189,18.660092000000006,18.66089499999999,18.660370666666676,18.66012500000003,0.00037100434257920613,0,8,3047424,my_ring_all_reduce,8,8
190,18.638171000000032,18.641625999999988,18.639878333333332,18.639837999999976,0.0014107861480416055,0,8,3080192,my_ring_all_reduce,8,8
191,18.671678999999976,18.671997000000033,18.671795333333336,18.67171,0.00014316036076766493,0,8,3112960,my_ring_all_reduce,8,8
192,18.640090000000004,18.642526000000014,18.641627666666675,18.642267000000007,0.0010924237069759005,0,8,3145728,my_ring_all_reduce,8,8
193,18.67593199999997,18.67797600000004,18.676997333333336,18.677084000000004,0.0008367067719751936,0,8,3178496,my_ring_all_reduce,8,8
194,18.654044000000024,18.660155,18.656743000000006,18.656029999999998,0.002545238299247701,0,8,3211264,my_ring_all_reduce,8,8
195,18.68325900000002,18.68508100000002,18.684047666666682,18.683803000000005,0.000763682889397603,0,8,3244032,my_ring_all_reduce,8,8
196,18.65461999999998,18.658299000000056,18.65630466666667,18.65599499999998,0.001517823075654913,0,8,3276800,my_ring_all_reduce,8,8
197,18.687642000000007,18.68924399999999,18.68831533333332,18.688059999999968,0.0006784773802805859,0,8,3309568,my_ring_all_reduce,8,8
198,18.652985,18.65929000000001,18.656486,18.657182999999996,0.0026207649010698826,0,8,3342336,my_ring_all_reduce,8,8
199,18.70169299999997,18.702718999999984,18.70215199999998,18.702043999999994,0.00042576754221466327,0,8,3375104,my_ring_all_reduce,8,8
200,18.662074999999984,18.664924000000028,18.663581333333326,18.663744999999967,0.0011688428275833077,0,8,3407872,my_ring_all_reduce,8,8
201,18.718364999999963,18.720125000000014,18.719132666666656,18.718907999999995,0.000735869704669824,0,8,3440640,my_ring_all_reduce,8,8
202,18.670144999999998,18.672766999999993,18.671411333333314,18.671321999999957,0.0010722892437305992,0,8,3473408,my_ring_all_reduce,8,8
203,18.720830999999947,18.721789000000005,18.72131966666666,18.72133900000002,0.0003913407154571514,0,8,3506176,my_ring_all_reduce,8,8
204,18.67122399999996,18.674557000000014,18.672539333333326,18.671837000000004,0.001448488023978278,0,8,3538944,my_ring_all_reduce,8,8
205,18.709212,18.711897000000025,18.71082133333334,18.711354999999983,0.0011592832076619012,0,8,3571712,my_ring_all_reduce,8,8
206,18.68470300000001,18.687580000000004,18.68607866666667,18.685952999999998,0.0011778869026994934,0,8,3604480,my_ring_all_reduce,8,8
207,18.68764499999996,18.699389000000025,18.69467466666666,18.69699,0.005066291236116453,0,8,3637248,my_ring_all_reduce,8,8
208,18.675034999999944,18.677918000000062,18.676765000000007,18.67734200000001,0.0012456909729607545,0,8,3670016,my_ring_all_reduce,8,8
209,18.66450999999995,18.665276999999975,18.66502033333333,18.665274000000064,0.00036086223905948856,0,8,3702784,my_ring_all_reduce,8,8
210,18.679036999999997,18.681052000000026,18.68028400000001,18.680763000000002,0.0008896205183576124,0,8,3735552,my_ring_all_reduce,8,8
211,18.658141000000004,18.661787999999973,18.66044499999998,18.661405999999975,0.001636621112725826,0,8,3768320,my_ring_all_reduce,8,8
212,18.674075000000013,18.68450899999999,18.680848666666662,18.68396199999998,0.004794908572861644,0,8,3801088,my_ring_all_reduce,8,8
213,18.658877000000007,18.66191400000002,18.660188000000016,18.659773000000015,0.0012741038680891496,0,8,3833856,my_ring_all_reduce,8,8
214,18.67564599999998,18.679998999999924,18.67728866666663,18.67622099999999,0.0019308178462629818,0,8,3866624,my_ring_all_reduce,8,8
215,18.65836300000004,18.660348000000084,18.65911000000004,18.658619,0.0008816148063159903,0,8,3899392,my_ring_all_reduce,8,8
216,18.671803999999945,18.67545299999998,18.673872999999976,18.674362000000002,0.0015293007116725266,0,8,3932160,my_ring_all_reduce,8,8
217,18.656669999999984,18.661920000000002,18.660147333333324,18.661851999999985,0.0024590026885396013,0,8,3964928,my_ring_all_reduce,8,8
218,18.665850000000006,18.668024999999993,18.6667793333333,18.6664629999999,0.0009156805605123669,0,8,3997696,my_ring_all_reduce,8,8
219,18.65558199999998,18.65753399999997,18.656583999999985,18.656636,0.0007977484983753196,0,8,4030464,my_ring_all_reduce,8,8
220,18.806651999999943,18.807902000000002,18.807206666666648,18.807066000000006,0.0005199136680678492,0,8,4063232,my_ring_all_reduce,8,8
221,18.82249000000002,18.82799399999998,18.824570333333345,18.823227000000042,0.0024395234962541687,0,8,4096000,my_ring_all_reduce,8,8
222,18.835006999999983,18.840473999999986,18.83821433333331,18.839161999999952,0.0023303184808534305,0,8,4128768,my_ring_all_reduce,8,8
223,18.839165000000037,18.841565000000003,18.840445000000027,18.84060500000004,0.0009863062404622867,0,8,4161536,my_ring_all_reduce,8,8
224,18.842235000000002,18.845981000000005,18.843793000000005,18.843163000000008,0.0015928599017707068,0,8,4194304,my_ring_all_reduce,8,8
225,18.857788999999975,18.86114599999998,18.860016333333324,18.861114000000015,0.001575016684225245,0,8,4227072,my_ring_all_reduce,8,8
226,18.88028099999999,18.88409099999999,18.881829666666672,18.881117000000028,0.001635021984216925,0,8,4259840,my_ring_all_reduce,8,8
227,18.885242999999974,18.888473999999988,18.886630666666658,18.88617500000001,0.0013578326684691377,0,8,4292608,my_ring_all_reduce,8,8
228,18.894875000000024,18.896185,18.895579333333345,18.895678000000014,0.0005393368355783036,0,8,4325376,my_ring_all_reduce,8,8
229,18.932797000000015,18.93429800000004,18.933552666666674,18.933562999999968,0.0006128242452515441,0,8,4358144,my_ring_all_reduce,8,8
230,18.94005800000002,18.94415699999996,18.942469999999986,18.943194999999978,0.0017501750388413638,0,8,4390912,my_ring_all_reduce,8,8
231,18.943641999999993,18.94703599999998,18.94493366666666,18.94412300000001,0.0014994875420826688,0,8,4423680,my_ring_all_reduce,8,8
232,18.97487400000001,18.977305000000023,18.97603766666668,18.97593400000001,0.0009951550409689031,0,8,4456448,my_ring_all_reduce,8,8
233,18.995513999999996,18.99695200000008,18.996185000000025,18.996088999999994,0.0005909726446365609,0,8,4489216,my_ring_all_reduce,8,8
234,19.012413000000002,19.015004,19.014001666666665,19.01458799999999,0.0011361221569662807,0,8,4521984,my_ring_all_reduce,8,8
235,19.008859000000026,19.018014000000004,19.013095000000003,19.01241199999997,0.0037685870915532696,0,8,4554752,my_ring_all_reduce,8,8
236,19.018653000000022,19.020698000000003,19.01948433333335,19.019102000000014,0.0008775497453376831,0,8,4587520,my_ring_all_reduce,8,8
237,19.023420000000073,19.029116000000037,19.026524666666692,19.027037999999973,0.0023535416338206668,0,8,4620288,my_ring_all_reduce,8,8
238,19.027516000000002,19.027898999999977,19.027685666666656,19.027641999999993,0.0001593786546316351,0,8,4653056,my_ring_all_reduce,8,8
239,19.029177999999987,19.034176,19.03140966666665,19.03087499999997,0.002075154987524815,0,8,4685824,my_ring_all_reduce,8,8
240,19.035485999999977,19.03906700000004,19.037148333333338,19.036891999999995,0.0014731305290538663,0,8,4718592,my_ring_all_reduce,8,8
241,19.047486000000013,19.048698999999992,19.04825233333334,19.048572000000014,0.000544354255562821,0,8,4751360,my_ring_all_reduce,8,8
242,19.041593999999954,19.045019,19.043162999999975,19.04287599999996,0.0014129007986134446,0,8,4784128,my_ring_all_reduce,8,8
243,19.054620000000025,19.057726999999986,19.056669,19.057659999999988,0.001449119962810079,0,8,4816896,my_ring_all_reduce,8,8
244,19.05769100000005,19.058106999999996,19.057873333333344,19.057821999999987,0.00017366698654543007,0,8,4849664,my_ring_all_reduce,8,8
245,19.056891000000032,19.05922800000002,19.05777766666669,19.057214000000016,0.0010339833439415528,0,8,4882432,my_ring_all_reduce,8,8
246,19.056761000000026,19.061405999999987,19.05855666666667,19.057502999999997,0.0020374275174433578,0,8,4915200,my_ring_all_reduce,8,8
247,19.046266999999993,19.049277000000004,19.047898999999997,19.048153,0.0012418835157442258,0,8,4947968,my_ring_all_reduce,8,8
248,19.045979000000006,19.049787999999996,19.04799533333333,19.04821899999999,0.0015630398445147554,0,8,4980736,my_ring_all_reduce,8,8
249,19.04351199999996,19.045212,19.044379333333314,19.04441399999999,0.0006944548621600096,0,8,5013504,my_ring_all_reduce,8,8
250,19.04383600000001,19.045019000000014,19.04454,19.044764999999984,0.0005084886101618187,0,8,5046272,my_ring_all_reduce,8,8
251,19.047195999999996,19.051742000000058,19.04927666666668,19.04889199999999,0.0018757230309913568,0,8,5079040,my_ring_all_reduce,8,8
252,19.054909000000045,19.056571000000027,19.055921333333362,19.05628400000001,0.0007253534004462736,0,8,5111808,my_ring_all_reduce,8,8
253,19.08338600000003,19.085629,19.084454000000004,19.08434699999998,0.0009188213464259153,0,8,5144576,my_ring_all_reduce,8,8
254,19.091551000000006,19.09785400000005,19.09407733333335,19.092826999999996,0.0027208396171668077,0,8,5177344,my_ring_all_reduce,8,8
255,19.10284599999996,19.10664999999998,19.104656666666646,19.104474,0.0015583387165752883,0,8,5210112,my_ring_all_reduce,8,8
256,19.096795000000043,19.09999700000002,19.09883366666669,19.099709000000004,0.001446341899015729,0,8,5242880,my_ring_all_reduce,8,8
257,19.10610600000003,19.10975699999999,19.10741933333335,19.106395000000035,0.0016571852306927674,0,8,5275648,my_ring_all_reduce,8,8
258,19.105528999999997,19.10722799999999,19.106512333333338,19.10678000000003,0.0007189734966537356,0,8,5308416,my_ring_all_reduce,8,8
259,19.11660799999995,19.12086,19.118823333333317,19.119002000000002,0.0017404630290904508,0,8,5341184,my_ring_all_reduce,8,8
260,19.116863000000013,19.122458999999996,19.120070666666674,19.120890000000013,0.002356874248277846,0,8,5373952,my_ring_all_reduce,8,8
261,19.121564000000042,19.12425100000002,19.123121333333355,19.123549,0.001137882926986021,0,8,5406720,my_ring_all_reduce,8,8
262,19.135739,19.14111600000001,19.138609666666667,19.138973999999987,0.0022102166309139848,0,8,5439488,my_ring_all_reduce,8,8
263,19.14617100000003,19.148379000000045,19.14752566666668,19.148026999999974,0.0009686132125592799,0,8,5472256,my_ring_all_reduce,8,8
264,19.154298999999913,19.15622399999996,19.155569999999965,19.156187000000013,0.000898859647958519,0,8,5505024,my_ring_all_reduce,8,8
265,19.17007199999998,19.17283,19.17122733333333,19.170780000000015,0.0011695359003615906,0,8,5537792,my_ring_all_reduce,8,8
266,19.174811999999978,19.178686999999982,19.176945333333318,19.177336999999994,0.0016060216547621018,0,8,5570560,my_ring_all_reduce,8,8
267,19.178044,19.18245900000002,19.1796446666667,19.17843100000007,0.0019962959589035103,0,8,5603328,my_ring_all_reduce,8,8
268,19.183549000000006,19.185148000000016,19.184102999999997,19.183611999999965,0.000739374059607365,0,8,5636096,my_ring_all_reduce,8,8
269,19.171358000000023,19.172796999999964,19.171900333333337,19.171546000000017,0.0006386675365072517,0,8,5668864,my_ring_all_reduce,8,8
270,19.127740000000006,19.13445899999999,19.13097233333333,19.130717999999995,0.0027489093998985217,0,8,5701632,my_ring_all_reduce,8,8
271,19.118043999999994,19.121659000000008,19.120112333333335,19.120633999999992,0.0015212184443956069,0,8,5734400,my_ring_all_reduce,8,8
272,19.123036,19.124701,19.12413566666666,19.124669999999984,0.0007776847404644377,0,8,5767168,my_ring_all_reduce,8,8
273,19.118396999999998,19.119066000000007,19.118832000000012,19.119033000000027,0.00030788634267411787,0,8,5799936,my_ring_all_reduce,8,8
274,19.131641999999992,19.137177000000012,19.134470000000004,19.134591,0.0022612735349877592,0,8,5832704,my_ring_all_reduce,8,8
275,19.135325000000012,19.13820499999999,19.137191333333334,19.138044000000008,0.0013213327446951393,0,8,5865472,my_ring_all_reduce,8,8
276,19.139869000000008,19.14386899999992,19.141553999999978,19.140924000000005,0.001692665550701839,0,8,5898240,my_ring_all_reduce,8,8
277,19.143484999999995,19.144797000000008,19.144178666666672,19.144254000000014,0.0005382640822389185,0,8,5931008,my_ring_all_reduce,8,8
278,19.146046000000002,19.148957000000003,19.14734666666667,19.14703700000001,0.001208415031720455,0,8,5963776,my_ring_all_reduce,8,8
279,19.13343699999992,19.13593200000003,19.134812666666658,19.13506900000002,0.001034580859891887,0,8,5996544,my_ring_all_reduce,8,8
280,19.144382000000004,19.14620000000001,19.145264,19.14520999999999,0.0007431769641242469,0,8,6029312,my_ring_all_reduce,8,8
281,19.13599500000004,19.137502,19.136678666666686,19.13653900000002,0.0006231063757786764,0,8,6062080,my_ring_all_reduce,8,8
282,19.154686999999992,19.155388999999996,19.154984333333335,19.154877000000024,0.000296469597464923,0,8,6094848,my_ring_all_reduce,8,8
283,19.14633400000001,19.14844400000002,19.147740666666675,19.14844399999999,0.0009946635388665911,0,8,6127616,my_ring_all_reduce,8,8
284,19.146618999999976,19.15074800000002,19.148999333333332,19.149630999999996,0.0017438295661034067,0,8,6160384,my_ring_all_reduce,8,8
285,19.151774000000007,19.153244000000008,19.152508666666673,19.152508,0.0006001251721289563,0,8,6193152,my_ring_all_reduce,8,8
286,19.152313999999983,19.156954000000013,19.154565333333327,19.154427999999985,0.0018967595759444781,0,8,6225920,my_ring_all_reduce,8,8
287,19.15177399999999,19.156569000000033,19.153649666666674,19.152606,0.002092038293698572,0,8,6258688,my_ring_all_reduce,8,8
288,19.15561600000001,19.15679599999999,19.15628599999999,19.156445999999967,0.0004948400414835537,0,8,6291456,my_ring_all_reduce,8,8
289,19.164897000000057,19.16822,19.167081333333353,19.168127000000002,0.0015450234805579944,0,8,6324224,my_ring_all_reduce,8,8
290,19.17420600000002,19.176092000000004,19.17537799999999,19.175835999999954,0.0008352931620930901,0,8,6356992,my_ring_all_reduce,8,8
291,19.17826700000001,19.181500999999976,19.180102333333334,19.18053900000002,0.0013559000290809472,0,8,6389760,my_ring_all_reduce,8,8
292,19.181018999999942,19.18242600000002,19.181499666666646,19.181053999999975,0.0006551724116045772,0,8,6422528,my_ring_all_reduce,8,8
293,19.187356000000015,19.190944999999992,19.18890433333333,19.18841199999999,0.0015059934336507854,0,8,6455296,my_ring_all_reduce,8,8
294,19.202524000000004,19.206236000000004,19.204048333333333,19.203384999999994,0.0015863468165022967,0,8,6488064,my_ring_all_reduce,8,8
295,19.212092000000034,19.213823000000033,19.212967000000024,19.212986000000004,0.0007068054895084858,0,8,6520832,my_ring_all_reduce,8,8
296,19.221595999999963,19.22694100000002,19.224071333333338,19.223677000000027,0.0021998303470156673,0,8,6553600,my_ring_all_reduce,8,8
297,19.234495000000038,19.23609400000004,19.235305000000015,19.235325999999972,0.0006529578853190399,0,8,6586368,my_ring_all_reduce,8,8
298,19.239359000000025,19.240412000000042,19.239718666666693,19.239385000000023,0.0004903755930205777,0,8,6619136,my_ring_all_reduce,8,8
299,19.24783600000001,19.25090900000007,19.249542666666695,19.249883000000008,0.0012774198822667877,0,8,6651904,my_ring_all_reduce,8,8
300,19.25228600000005,19.254587999999988,19.25359666666668,19.253916,0.0009665337839426972,0,8,6684672,my_ring_all_reduce,8,8
301,19.25801299999997,19.26425099999999,19.26155299999998,19.26239499999999,0.0026153245815225923,0,8,6717440,my_ring_all_reduce,8,8
302,19.259484999999994,19.26364499999999,19.261382999999995,19.261019,0.0017177062224542207,0,8,6750208,my_ring_all_reduce,8,8
303,19.25855799999996,19.267547999999938,19.263143666666632,19.263325,0.0036723912584975303,0,8,6782976,my_ring_all_reduce,8,8
304,19.260282,19.26316300000006,19.261915333333352,19.262301000000004,0.0012073647152396384,0,8,6815744,my_ring_all_reduce,8,8
305,19.264795999999944,19.266878000000005,19.265681999999984,19.265372000000003,0.0008777835724351962,0,8,6848512,my_ring_all_reduce,8,8
306,19.268668999999996,19.275612000000002,19.272199333333337,19.272317000000005,0.002835688785622476,0,8,6881280,my_ring_all_reduce,8,8
307,19.272060000000014,19.274270000000005,19.273159666666672,19.273149000000004,0.0009022602482371279,0,8,6914048,my_ring_all_reduce,8,8
308,19.274552999999987,19.278590999999984,19.27651899999999,19.276412999999998,0.0016502096836451163,0,8,6946816,my_ring_all_reduce,8,8
309,19.27970699999998,19.283708000000043,19.28115766666665,19.280057999999933,0.0018090421652623985,0,8,6979584,my_ring_all_reduce,8,8
310,19.276540999999984,19.283579,19.281104666666664,19.283194000000005,0.0032308251096189677,0,8,7012352,my_ring_all_reduce,8,8
311,19.275004999999975,19.281024,19.277906999999995,19.27769200000001,0.0024619448951408896,0,8,7045120,my_ring_all_reduce,8,8
312,19.27106899999999,19.273821999999996,19.272413666666665,19.272350000000007,0.0011248088232643824,0,8,7077888,my_ring_all_reduce,8,8
313,19.270045999999972,19.271548,19.270962333333326,19.271293000000007,0.0006562552010514722,0,8,7110656,my_ring_all_reduce,8,8
314,19.270299999999995,19.274616999999985,19.27183466666666,19.270587,0.0019708925783850713,0,8,7143424,my_ring_all_reduce,8,8
315,19.272861000000006,19.276699999999984,19.27436433333334,19.273532000000035,0.0016741294918569305,0,8,7176192,my_ring_all_reduce,8,8
316,19.273179999999993,19.277244,19.275036666666665,19.27468600000001,0.0016775476810595212,0,8,7208960,my_ring_all_reduce,8,8
317,19.286108999999996,19.288864,19.287304000000006,19.286939000000014,0.0011539569604913486,0,8,7241728,my_ring_all_reduce,8,8
318,19.304763000000015,19.306331999999994,19.305382333333338,19.30505200000001,0.0006818016981081054,0,8,7274496,my_ring_all_reduce,8,8
319,19.30741900000001,19.30895499999996,19.308358333333313,19.30870099999997,0.0006722545813846555,0,8,7307264,my_ring_all_reduce,8,8
320,19.30230200000001,19.303835999999997,19.302994000000027,19.30284400000007,0.0006351713679412987,0,8,7340032,my_ring_all_reduce,8,8
321,19.322333999999973,19.323963000000003,19.32323899999997,19.323419999999928,0.0006772399870126012,0,8,7372800,my_ring_all_reduce,8,8
322,19.333528999999995,19.33791500000001,19.336016000000004,19.336604000000015,0.001838215982964531,0,8,7405568,my_ring_all_reduce,8,8
323,19.339710000000007,19.339964000000023,19.33983666666667,19.33983599999998,0.00010369613729669943,0,8,7438336,my_ring_all_reduce,8,8
324,19.345306999999988,19.352155000000057,19.349841666666684,19.35206300000001,0.0032067135131926827,0,8,7471104,my_ring_all_reduce,8,8
325,19.35122900000005,19.35391399999999,19.35268900000001,19.35292399999999,0.0011086703747918653,0,8,7503872,my_ring_all_reduce,8,8
326,19.360091999999977,19.363549000000006,19.36209733333333,19.362651000000007,0.0014646096939440962,0,8,7536640,my_ring_all_reduce,8,8
327,19.375000999999962,19.378399999999992,19.377064333333294,19.37779199999993,0.0014799604349101515,0,8,7569408,my_ring_all_reduce,8,8
328,19.39004400000001,19.392634000000037,19.390928000000013,19.390106,0.0012065896844837228,0,8,7602176,my_ring_all_reduce,8,8
329,19.397661000000006,19.403197999999982,19.400467333333335,19.40054300000002,0.002261103909342723,0,8,7634944,my_ring_all_reduce,8,8
330,19.415962999999998,19.41721400000001,19.416530000000005,19.416413000000016,0.0005173760721210135,0,8,7667712,my_ring_all_reduce,8,8
331,19.407359000000028,19.411547999999982,19.408925333333332,19.40786899999999,0.0018661565374233644,0,8,7700480,my_ring_all_reduce,8,8
332,19.44217100000003,19.445405999999988,19.44394233333334,19.444249999999993,0.0013384818099273648,0,8,7733248,my_ring_all_reduce,8,8
333,19.43894000000006,19.443646000000022,19.441575666666683,19.442140999999975,0.0019623642769559728,0,8,7766016,my_ring_all_reduce,8,8
334,19.426013000000008,19.431388999999967,19.42945766666666,19.430971000000007,0.0024417176103789717,0,8,7798784,my_ring_all_reduce,8,8
335,19.424507000000002,19.426652999999998,19.425926666666683,19.426620000000053,0.0010039463243839313,0,8,7831552,my_ring_all_reduce,8,8
336,19.415675999999962,19.420316,19.418226333333322,19.418687000000006,0.0019220753251683786,0,8,7864320,my_ring_all_reduce,8,8
337,19.403103,19.406746999999996,19.40487166666667,19.404765000000015,0.0014895675733404413,0,8,7897088,my_ring_all_reduce,8,8
338,19.40911600000004,19.41468599999999,19.412593333333337,19.41397799999999,0.002475776152126401,0,8,7929856,my_ring_all_reduce,8,8
339,19.405723000000005,19.411866999999997,19.40974466666668,19.41164400000003,0.0028452046596996426,0,8,7962624,my_ring_all_reduce,8,8
340,19.408507000000004,19.414110999999988,19.410994333333324,19.410364999999985,0.00233070080065995,0,8,7995392,my_ring_all_reduce,8,8
341,19.406779000000018,19.41106899999999,19.40873166666667,19.408347000000003,0.0017723809472524358,0,8,8028160,my_ring_all_reduce,8,8
342,19.41426699999999,19.416541999999986,19.41514299999999,19.414619999999996,0.0009996842834912845,0,8,8060928,my_ring_all_reduce,8,8
343,19.473247999999984,19.481471000000035,19.476905333333338,19.475997000000003,0.0034179169419933193,0,8,8093696,my_ring_all_reduce,8,8
344,19.500733999999998,19.505215000000025,19.503624666666692,19.504925000000046,0.00204743584896475,0,8,8126464,my_ring_all_reduce,8,8
345,19.517022999999988,19.52540400000001,19.520552000000016,19.51922900000005,0.0035471149779336643,0,8,8159232,my_ring_all_reduce,8,8
346,19.53381899999999,19.53945399999997,19.536678666666667,19.536763000000036,0.0023012518815176066,0,8,8192000,my_ring_all_reduce,8,8
347,19.526684999999997,19.53077900000001,19.52931799999999,19.53048999999996,0.0018655467473776015,0,8,8224768,my_ring_all_reduce,8,8
348,19.547131999999984,19.554077999999993,19.55026933333333,19.549598,0.002875151628854869,0,8,8257536,my_ring_all_reduce,8,8
349,19.539293999999995,19.541373999999998,19.54052,19.540892000000014,0.0008889649411945837,0,8,8290304,my_ring_all_reduce,8,8
350,19.546207999999925,19.55164499999997,19.54812633333329,19.546525999999982,0.002491457716999475,0,8,8323072,my_ring_all_reduce,8,8
351,19.549500999999974,19.554396999999998,19.552135999999994,19.55251000000001,0.0020162028667879703,0,8,8355840,my_ring_all_reduce,8,8
352,19.569888000000006,19.57145,19.570653000000007,19.570621000000013,0.0006380851562782577,0,8,8388608,my_ring_all_reduce,8,8
353,25.959460999999997,25.962500000000002,25.961253666666664,25.961799999999993,0.0012994204691160814,0,8,8421376,my_ring_all_reduce,8,8
354,32.32757000000004,32.33233999999997,32.32967133333333,32.329103999999994,0.001988236292659035,0,8,8454144,my_ring_all_reduce,8,8
355,32.354864999999975,32.355632999999976,32.35530233333333,32.35540900000003,0.00032247928444002354,0,8,8486912,my_ring_all_reduce,8,8
356,32.371859999999984,32.37515999999999,32.37326899999999,32.37278700000001,0.0013896625489648543,0,8,8519680,my_ring_all_reduce,8,8
357,32.39112299999991,32.396429999999874,32.39460999999993,32.396277000000005,0.0024664723797494597,0,8,8552448,my_ring_all_reduce,8,8
358,32.4124660000001,32.41477000000003,32.41390600000003,32.41448199999998,0.001024999512152608,0,8,8585216,my_ring_all_reduce,8,8
359,32.43601999999999,32.44148799999997,32.43927166666665,32.440306999999976,0.002349282490927855,0,8,8617984,my_ring_all_reduce,8,8
360,32.43954000000001,32.44149000000002,32.44071200000002,32.441106000000026,0.0008434263453393834,0,8,8650752,my_ring_all_reduce,8,8
361,32.44955199999997,32.45541200000001,32.451953333333336,32.450896000000036,0.002506440415330662,0,8,8683520,my_ring_all_reduce,8,8
362,32.46037099999999,32.462996999999916,32.4615353333333,32.461238000000016,0.0010924816804627963,0,8,8716288,my_ring_all_reduce,8,8
363,32.47992399999997,32.483475999999996,32.48127766666664,32.48043299999996,0.001568284058751057,0,8,8749056,my_ring_all_reduce,8,8
364,32.50695899999997,32.508017999999986,32.507397666666655,32.507216000000014,0.0004510153976185495,0,8,8781824,my_ring_all_reduce,8,8
365,32.51928,32.520784999999975,32.51981466666664,32.51937899999996,0.0006873186225356587,0,8,8814592,my_ring_all_reduce,8,8
366,32.53307700000002,32.536179999999995,32.53493233333333,32.53553999999998,0.0013376836530060053,0,8,8847360,my_ring_all_reduce,8,8
367,32.545554000000095,32.552496000000005,32.54853100000003,32.547543000000005,0.0029188980797248422,0,8,8880128,my_ring_all_reduce,8,8
368,32.557553999999975,32.56520299999997,32.56248233333333,32.564690000000034,0.0034911454026290856,0,8,8912896,my_ring_all_reduce,8,8
369,32.569968999999986,32.574897999999976,32.571676999999944,32.57016399999988,0.00227898179020545,0,8,8945664,my_ring_all_reduce,8,8
370,32.58277199999982,32.59038499999998,32.58771833333328,32.58999800000002,0.0035011524135372942,0,8,8978432,my_ring_all_reduce,8,8
371,32.585620000000006,32.596209,32.590866,32.590769,0.004323485245337672,0,8,9011200,my_ring_all_reduce,8,8
372,32.61082999999996,32.61509000000001,32.61294399999999,32.612911999999994,0.0017392849105518759,0,8,9043968,my_ring_all_reduce,8,8
373,32.61909,32.62369699999987,32.62211966666664,32.623572000000046,0.0021429055560457924,0,8,9076736,my_ring_all_reduce,8,8
374,32.61022599999997,32.61713800000003,32.61477999999999,32.616975999999966,0.0032208433678301398,0,8,9109504,my_ring_all_reduce,8,8
375,32.62068800000002,32.62632299999998,32.623419333333324,32.62324699999998,0.0023037043116412312,0,8,9142272,my_ring_all_reduce,8,8
376,32.63832000000012,32.639155999999986,32.6386316666667,32.63841899999999,0.00037295605933301086,0,8,9175040,my_ring_all_reduce,8,8
377,32.65115400000001,32.65630699999998,32.65344833333336,32.65288400000008,0.0021412155944999164,0,8,9207808,my_ring_all_reduce,8,8
378,32.70465599999996,32.710320999999965,32.70666199999999,32.70500900000005,0.0025913140810381783,0,8,9240576,my_ring_all_reduce,8,8
379,32.71224000000004,32.714415000000066,32.71305000000003,32.712495,0.0009707986403171638,0,8,9273344,my_ring_all_reduce,8,8
380,32.72593400000001,32.72798499999999,32.727301,32.72798399999999,0.0009666150560848043,0,8,9306112,my_ring_all_reduce,8,8
381,32.72481399999995,32.72811299999996,32.72613866666662,32.725488999999946,0.0014230016006896791,0,8,9338880,my_ring_all_reduce,8,8
382,32.710191999999964,32.71499500000005,32.71242266666668,32.71208100000003,0.0019756440862894104,0,8,9371648,my_ring_all_reduce,8,8
383,32.715537000000126,32.721165000000006,32.71838333333337,32.718447999999974,0.00229807634526383,0,8,9404416,my_ring_all_reduce,8,8
384,32.70798300000007,32.713361000000035,32.710874000000054,32.71127800000005,0.002214066093548911,0,8,9437184,my_ring_all_reduce,8,8
385,32.715217999999965,32.720143999999856,32.71769133333328,32.717712,0.0020110841741154788,0,8,9469952,my_ring_all_reduce,8,8
386,32.738544,32.74645000000001,32.742780333333315,32.74334699999995,0.003252388079893801,0,8,9502720,my_ring_all_reduce,8,8
387,32.75169800000003,32.75505800000002,32.75308466666667,32.75249799999997,0.001433069743207514,0,8,9535488,my_ring_all_reduce,8,8
388,32.76821000000001,32.76996800000011,32.76931866666669,32.76977799999996,0.000787773797218514,0,8,9568256,my_ring_all_reduce,8,8
389,32.77995200000002,32.786064000000074,32.782970333333374,32.78289500000002,0.0024957820863065177,0,8,9601024,my_ring_all_reduce,8,8
390,32.74939400000003,32.75239899999998,32.751302333333335,32.752113999999985,0.001354402287171531,0,8,9633792,my_ring_all_reduce,8,8
391,32.751568999999904,32.75406700000001,32.75273133333328,32.75255799999993,0.0010271430713310224,0,8,9666560,my_ring_all_reduce,8,8
392,32.73249500000017,32.738255999999964,32.734800666666686,32.733650999999924,0.002488450700456569,0,8,9699328,my_ring_all_reduce,8,8
393,32.696784000000015,32.698994000000006,32.69814966666667,32.698671000000004,0.0009746337203688758,0,8,9732096,my_ring_all_reduce,8,8
394,32.714831000000004,32.71524700000002,32.715066000000014,32.71512000000003,0.00017407086680253407,0,8,9764864,my_ring_all_reduce,8,8
395,32.716594,32.72193400000001,32.71881066666668,32.71790400000001,0.002272360495660537,0,8,9797632,my_ring_all_reduce,8,8
396,32.682768999999986,32.68485100000002,32.68358033333333,32.68312099999999,0.0009099162354771378,0,8,9830400,my_ring_all_reduce,8,8
397,32.70574400000001,32.70974299999996,32.70754599999997,32.70715099999995,0.0016563049236002622,0,8,9863168,my_ring_all_reduce,8,8
398,32.724655,32.72833799999993,32.7262133333333,32.72564699999997,0.0015559932161817312,0,8,9895936,my_ring_all_reduce,8,8
399,32.73566499999998,32.74203400000002,32.73862066666668,32.73816300000003,0.002620195200544135,0,8,9928704,my_ring_all_reduce,8,8
400,32.72366400000002,32.73236900000006,32.7289556666667,32.730834,0.0037938861635917714,0,8,9961472,my_ring_all_reduce,8,8
401,32.77627199999994,32.77992199999999,32.77752033333334,32.776367000000086,0.0016986775902228164,0,8,9994240,my_ring_all_reduce,8,8
402,32.775695000000034,32.785359000000014,32.77930066666672,32.776848000000115,0.004309671629642015,0,8,10027008,my_ring_all_reduce,8,8
403,32.797488,32.80503899999996,32.801135666666646,32.80087999999998,0.003087979310506101,0,8,10059776,my_ring_all_reduce,8,8
404,32.81543700000004,32.818220999999994,32.81724100000002,32.818065000000004,0.0012772094581361042,0,8,10092544,my_ring_all_reduce,8,8
405,32.81230299999996,32.81912199999997,32.815728000000014,32.815759000000135,0.002783931392839292,0,8,10125312,my_ring_all_reduce,8,8
406,32.83627500000005,32.845807,32.84050800000001,32.839441999999984,0.003963754365060779,0,8,10158080,my_ring_all_reduce,8,8
407,32.85153699999992,32.867185000000056,32.859227666666655,32.85896099999998,0.00639105152195279,0,8,10190848,my_ring_all_reduce,8,8
408,32.85006399999995,32.866159000000074,32.859045666666674,32.860913999999994,0.006702251280192744,0,8,10223616,my_ring_all_reduce,8,8
409,32.85211400000006,32.861036999999996,32.855375333333356,32.85297500000002,0.004018804327414802,0,8,10256384,my_ring_all_reduce,8,8
410,32.833869000000064,32.841809000000026,32.83823300000004,32.83902100000001,0.0032890330899138518,0,8,10289152,my_ring_all_reduce,8,8
411,32.812624000000014,32.824266000000016,32.81786866666666,32.81671599999996,0.004822207055793106,0,8,10321920,my_ring_all_reduce,8,8
412,32.76507300000009,32.77147200000001,32.76857033333337,32.76916600000003,0.002646118457042516,0,8,10354688,my_ring_all_reduce,8,8
413,32.77617299999998,32.78081600000005,32.77911866666667,32.780366999999984,0.0020909510329772886,0,8,10387456,my_ring_all_reduce,8,8
414,32.73828700000007,32.743410999999966,32.74142433333335,32.742574999999995,0.0022445295472977213,0,8,10420224,my_ring_all_reduce,8,8
415,32.745582,32.755310999999985,32.75198366666663,32.755057999999906,0.004527840127698891,0,8,10452992,my_ring_all_reduce,8,8
416,32.84884600000002,32.865553999999975,32.855226333333334,32.851279000000005,0.007370002095562947,0,8,10485760,my_ring_all_reduce,8,8
417,32.816493000000015,32.82513400000002,32.82217933333336,32.82491100000005,0.00402187537793339,0,8,10518528,my_ring_all_reduce,8,8
418,32.81025500000003,32.81867099999992,32.81342299999997,32.811342999999965,0.0037373844686294346,0,8,10551296,my_ring_all_reduce,8,8
419,32.86270299999998,32.867757,32.86588166666666,32.867185,0.002259754755629423,0,8,10584064,my_ring_all_reduce,8,8
420,32.87166499999992,32.886318,32.879342666666645,32.88004500000002,0.006002641437121046,0,8,10616832,my_ring_all_reduce,8,8
421,32.89399900000001,32.89742300000007,32.8956196666667,32.89543700000001,0.0014037970730463776,0,8,10649600,my_ring_all_reduce,8,8
422,32.91118399999998,32.916782999999995,32.913146000000005,32.91147100000005,0.0025744150144509617,0,8,10682368,my_ring_all_reduce,8,8
423,32.91668500000003,32.92430400000006,32.91990733333335,32.91873299999995,0.003219377199974274,0,8,10715136,my_ring_all_reduce,8,8
424,32.92859299999999,32.93639999999996,32.93346633333325,32.93540599999979,0.003469778314998562,0,8,10747904,my_ring_all_reduce,8,8
425,32.92744099999993,32.938352000000044,32.93280466666666,32.93262100000001,0.004456289961687095,0,8,10780672,my_ring_all_reduce,8,8
426,32.91956499999994,32.927983999999995,32.92454766666665,32.926094,0.0036067760612126442,0,8,10813440,my_ring_all_reduce,8,8
427,32.91761700000003,32.92567700000003,32.92116666666671,32.920206000000064,0.003359867093929027,0,8,10846208,my_ring_all_reduce,8,8
428,32.922801000000035,32.92532600000002,32.92377933333335,32.92321100000001,0.0011063930384584554,0,8,10878976,my_ring_all_reduce,8,8
429,32.89758099999983,32.911309000000124,32.90570899999998,32.908237,0.005882606225251868,0,8,10911744,my_ring_all_reduce,8,8
430,32.90180699999997,32.905263000000005,32.90392899999998,32.90471699999995,0.0015169469338181527,0,8,10944512,my_ring_all_reduce,8,8
431,32.92286099999999,32.9320769999999,32.92717133333331,32.92657600000005,0.0037858931427829897,0,8,10977280,my_ring_all_reduce,8,8
432,32.93176000000007,32.942254,32.93729466666668,32.93787,0.004303430053104653,0,8,11010048,my_ring_all_reduce,8,8
433,32.92427099999995,32.93607800000001,32.92969899999998,32.92874799999999,0.0048668684661597236,0,8,11042816,my_ring_all_reduce,8,8
434,32.94318100000001,32.94750299999997,32.945732,32.94651200000002,0.0018486429256683939,0,8,11075584,my_ring_all_reduce,8,8
435,32.95911500000002,32.96936099999995,32.965186999999986,32.96708499999999,0.0043929437358608886,0,8,11108352,my_ring_all_reduce,8,8
436,32.96138799999998,32.96337399999995,32.96257299999996,32.96295699999997,0.000855040349915304,0,8,11141120,my_ring_all_reduce,8,8
437,32.95933999999997,32.968269,32.96421599999999,32.965039000000004,0.003691409577216839,0,8,11173888,my_ring_all_reduce,8,8
438,32.97665100000004,32.98372400000002,32.98134600000002,32.983663,0.0033199597386970228,0,8,11206656,my_ring_all_reduce,8,8
439,32.98923100000003,32.997008999999906,32.99403133333331,32.995854,0.003426942887657725,0,8,11239424,my_ring_all_reduce,8,8
440,32.994350999999995,33.005680999999925,32.99902199999997,32.99703399999999,0.004834344698752738,0,8,11272192,my_ring_all_reduce,8,8
441,32.990606,32.99969400000013,32.99665333333335,32.99965999999991,0.004276132936308982,0,8,11304960,my_ring_all_reduce,8,8
442,32.996973,33.001489,32.999396999999995,32.999728999999995,0.0018585356242670134,0,8,11337728,my_ring_all_reduce,8,8
443,32.99761300000001,33.00337200000002,33.00052533333334,33.00059100000001,0.002351560380310197,0,8,11370496,my_ring_all_reduce,8,8
444,32.99339199999988,33.00494000000003,32.99842433333331,32.99694100000001,0.004829719407594855,0,8,11403264,my_ring_all_reduce,8,8
445,33.00353399999999,33.01751599999997,33.008323,33.003919000000025,0.006502332555818917,0,8,11436032,my_ring_all_reduce,8,8
446,33.009132,33.01252499999997,33.0105303333333,33.00993399999995,0.0014479462083234283,0,8,11468800,my_ring_all_reduce,8,8
447,33.02600000000006,33.03102299999999,33.02905033333338,33.03012800000008,0.0021876404843606187,0,8,11501568,my_ring_all_reduce,8,8
448,33.034670999999975,33.05342099999986,33.04482466666662,33.046382000000015,0.007733459352381067,0,8,11534336,my_ring_all_reduce,8,8
449,33.05707000000001,33.060494999999996,33.05838166666664,33.05757999999993,0.001508787224532167,0,8,11567104,my_ring_all_reduce,8,8
450,33.060143000000096,33.06660500000004,33.06373700000006,33.064463000000046,0.0026875847893351058,0,8,11599872,my_ring_all_reduce,8,8
451,33.05431700000004,33.06138899999997,33.058466999999986,33.05969499999995,0.003014883524525378,0,8,11632640,my_ring_all_reduce,8,8
452,33.064076,33.07006299999985,33.067361333333295,33.06794500000004,0.0024787822726687427,0,8,11665408,my_ring_all_reduce,8,8
453,33.06638099999999,33.07813099999999,33.072557999999994,33.073161999999996,0.004815892925166154,0,8,11698176,my_ring_all_reduce,8,8
454,33.08375900000002,33.091595999999974,33.08691400000001,33.08538700000002,0.003376728100768757,0,8,11730944,my_ring_all_reduce,8,8
455,33.08042899999989,33.086379,33.08316999999992,33.08270199999988,0.0024515155856960195,0,8,11763712,my_ring_all_reduce,8,8
456,33.095020000000034,33.09797000000002,33.096196333333346,33.095598999999986,0.0012762524132093334,0,8,11796480,my_ring_all_reduce,8,8
457,33.089870000000026,33.09966300000006,33.095673000000026,33.097485999999996,0.0041984869496893215,0,8,11829248,my_ring_all_reduce,8,8
458,33.10452699999999,33.11441099999996,33.1091763333333,33.108590999999954,0.004056297600292107,0,8,11862016,my_ring_all_reduce,8,8
459,33.107916000000145,33.11892499999999,33.11423166666672,33.11585400000002,0.004638497912931394,0,8,11894784,my_ring_all_reduce,8,8
460,33.12065400000001,33.12734,33.123224,33.12167800000001,0.0029403215243629425,0,8,11927552,my_ring_all_reduce,8,8
461,33.125967,33.12862299999985,33.127534666666605,33.128013999999965,0.0011360470451370363,0,8,11960320,my_ring_all_reduce,8,8
462,33.13879800000001,33.140012,33.13931900000002,33.13914700000006,0.0005103182013768269,0,8,11993088,my_ring_all_reduce,8,8
463,33.135852000000014,33.147337,33.142090666666654,33.143082999999926,0.004740945779987623,0,8,12025856,my_ring_all_reduce,8,8
464,33.14631599999999,33.154826999999976,33.149538666666665,33.147473000000026,0.0037691302562774427,0,8,12058624,my_ring_all_reduce,8,8
465,33.149421999999994,33.153327000000004,33.15130966666667,33.15118,0.001596844040256432,0,8,12091392,my_ring_all_reduce,8,8
466,33.145036000000026,33.151822000000045,33.14911200000003,33.15047800000001,0.0029339297878473148,0,8,12124160,my_ring_all_reduce,8,8
467,33.162188,33.16398000000004,33.16336166666667,33.163916999999955,0.0008303061015197166,0,8,12156928,my_ring_all_reduce,8,8
468,33.16001300000009,33.16535700000002,33.162744,33.162861999999905,0.0021832738413973055,0,8,12189696,my_ring_all_reduce,8,8
469,33.17367800000007,33.17598300000001,33.17499933333335,33.175337,0.0009708313733582662,0,8,12222464,my_ring_all_reduce,8,8
470,33.170863000000004,33.18148799999995,33.17788066666665,33.18129100000001,0.004962891383938747,0,8,12255232,my_ring_all_reduce,8,8
471,33.18052499999997,33.18609399999998,33.183502666666655,33.18388900000002,0.002289887964274601,0,8,12288000,my_ring_all_reduce,8,8
472,33.20193300000002,33.203344000000044,33.20277700000005,33.203054000000066,0.0006084280291745144,0,8,12320768,my_ring_all_reduce,8,8
473,33.19738900000002,33.20250999999998,33.19991799999996,33.199854999999864,0.0020911140571325737,0,8,12353536,my_ring_all_reduce,8,8
474,33.19332199999987,33.20804700000002,33.199532333333295,33.197227999999996,0.00622836898577018,0,8,12386304,my_ring_all_reduce,8,8
475,33.20769399999996,33.21300400000002,33.21112766666666,33.212685,0.002431459141270836,0,8,12419072,my_ring_all_reduce,8,8
476,33.215051999999964,33.22103599999999,33.217515666666664,33.21645900000003,0.002554665318374515,0,8,12451840,my_ring_all_reduce,8,8
477,33.23911800000002,33.25323000000004,33.245369000000004,33.24375899999996,0.005872603681516304,0,8,12484608,my_ring_all_reduce,8,8
478,33.265839000000064,33.27364400000003,33.27030666666669,33.27143699999998,0.003285092219216293,0,8,12517376,my_ring_all_reduce,8,8
479,33.284238000000016,33.293835999999985,33.288001333333334,33.28592999999999,0.004183158083967714,0,8,12550144,my_ring_all_reduce,8,8
480,33.31572500000015,33.32125999999995,33.31846600000006,33.31841300000006,0.0022599650438969512,0,8,12582912,my_ring_all_reduce,8,8
481,33.34503799999998,33.35067,33.34780033333332,33.34769299999997,0.0023005066591791383,0,8,12615680,my_ring_all_reduce,8,8
482,33.44190200000003,33.45200900000001,33.44538733333338,33.442251000000105,0.004684392691550684,0,8,12648448,my_ring_all_reduce,8,8
483,33.45898499999999,33.47188799999998,33.464875999999975,33.46375499999995,0.005326933639531444,0,8,12681216,my_ring_all_reduce,8,8
484,33.48119699999993,33.490668999999876,33.484717666666604,33.482287000000014,0.004231690074726424,0,8,12713984,my_ring_all_reduce,8,8
485,33.503693,33.51329200000008,33.508023,33.507083999999914,0.003974627110434308,0,8,12746752,my_ring_all_reduce,8,8
486,33.51457100000005,33.522571,33.51812300000008,33.51722700000019,0.0033268716035375233,0,8,12779520,my_ring_all_reduce,8,8
487,33.540011,33.55485800000001,33.54593166666664,33.54292599999992,0.006423076953903803,0,8,12812288,my_ring_all_reduce,8,8
488,33.56257599999997,33.565038,33.56340533333332,33.562601999999984,0.0011545184662509875,0,8,12845056,my_ring_all_reduce,8,8
489,33.58721400000001,33.59822099999999,33.59424066666667,33.59728700000001,0.004983213309585228,0,8,12877824,my_ring_all_reduce,8,8
490,33.611214999999966,33.626924999999986,33.619660999999994,33.62084300000002,0.006467810964059413,0,8,12910592,my_ring_all_reduce,8,8
491,33.64215300000005,33.64868199999999,33.645941333333354,33.64698900000001,0.002766485656703508,0,8,12943360,my_ring_all_reduce,8,8
492,33.65828099999999,33.667274999999904,33.66302899999996,33.66353099999999,0.0036889033600466573,0,8,12976128,my_ring_all_reduce,8,8
493,33.69133799999999,33.69473299999998,33.69278,33.69226900000003,0.0014323284073980034,0,8,13008896,my_ring_all_reduce,8,8
494,33.70669900000002,33.71409000000001,33.71033500000001,33.71021599999999,0.003018536179449808,0,8,13041664,my_ring_all_reduce,8,8
495,33.72250600000001,33.73214199999998,33.72608133333332,33.723595999999965,0.0043085794513795395,0,8,13074432,my_ring_all_reduce,8,8
496,33.740905,33.74577099999995,33.74355033333331,33.74397499999998,0.002009103503757144,0,8,13107200,my_ring_all_reduce,8,8
497,33.756108999999995,33.76573899999995,33.76036333333332,33.75924200000003,0.004010591505255001,0,8,13139968,my_ring_all_reduce,8,8
498,33.77242599999992,33.78174099999998,33.77689699999997,33.776524000000016,0.0038119682580242927,0,8,13172736,my_ring_all_reduce,8,8
499,33.78468100000002,33.78656900000008,33.7854706666667,33.785161999999985,0.0008010794107151673,0,8,13205504,my_ring_all_reduce,8,8
500,33.77527600000002,33.78113199999996,33.77846533333334,33.77898800000004,0.002419100291868556,0,8,13238272,my_ring_all_reduce,8,8
501,33.76631599999999,33.77396299999993,33.77110466666662,33.77303499999997,0.0034072268619444114,0,8,13271040,my_ring_all_reduce,8,8
502,33.75914900000012,33.76769199999998,33.76349000000002,33.76362899999996,0.003489049822840329,0,8,13303808,my_ring_all_reduce,8,8
503,33.767564,33.7755959999999,33.77085999999996,33.76942,0.003433507050576137,0,8,13336576,my_ring_all_reduce,8,8
504,33.75188000000001,33.760298999999996,33.75518899999995,33.75338799999986,0.0036653868372666953,0,8,13369344,my_ring_all_reduce,8,8
505,33.75607299999997,33.763594999999974,33.75911433333332,33.75767500000002,0.0032351075544481507,0,8,13402112,my_ring_all_reduce,8,8
506,33.750091999999974,33.75889200000001,33.753738999999975,33.75223299999995,0.003747090159953226,0,8,13434880,my_ring_all_reduce,8,8
507,33.755145000000006,33.75591399999999,33.75546700000002,33.75534200000006,0.0003261482280454259,0,8,13467648,my_ring_all_reduce,8,8
508,33.74938699999999,33.75674499999991,33.75333233333331,33.75386500000005,0.0030274126833633665,0,8,13500416,my_ring_all_reduce,8,8
509,33.747051000000035,33.75393200000003,33.750998333333335,33.75201199999993,0.002899158536909836,0,8,13533184,my_ring_all_reduce,8,8
510,33.756074999999896,33.76084099999996,33.759168333333314,33.760589000000095,0.0021897350423765245,0,8,13565952,my_ring_all_reduce,8,8
511,33.762282000000035,33.76445999999998,33.763158666666634,33.76273399999988,0.0009385014059039182,0,8,13598720,my_ring_all_reduce,8,8
512,33.76337300000002,33.76922499999998,33.766316666666654,33.766351999999955,0.0023891996335173435,0,8,13631488,my_ring_all_reduce,8,8
513,33.76404000000004,33.769578999999986,33.76659033333336,33.76615200000006,0.0022824303323679927,0,8,13664256,my_ring_all_reduce,8,8
514,33.758506,33.762987000000024,33.76119466666664,33.7620909999999,0.0019360441340171282,0,8,13697024,my_ring_all_reduce,8,8
515,33.76372400000003,33.76800900000002,33.76525800000001,33.76404099999997,0.001949550888460179,0,8,13729792,my_ring_all_reduce,8,8
516,33.761546999999844,33.771723,33.76727499999996,33.768555000000035,0.004251787388926009,0,8,13762560,my_ring_all_reduce,8,8
517,33.76957999999996,33.77168899999999,33.77070866666664,33.770856999999964,0.0008673608758215009,0,8,13795328,my_ring_all_reduce,8,8
518,33.76225100000005,33.76618800000002,33.76390433333333,33.76327399999992,0.0016679293217144989,0,8,13828096,my_ring_all_reduce,8,8
519,33.767531000000076,33.769736999999964,33.76834166666668,33.76775699999998,0.0009909541978084973,0,8,13860864,my_ring_all_reduce,8,8
520,33.762348999999986,33.766893000000024,33.765324,33.76672999999998,0.0021046949105991857,0,8,13893632,my_ring_all_reduce,8,8
521,33.758476999999985,33.765131,33.76258166666668,33.76413700000005,0.0029306683348638988,0,8,13926400,my_ring_all_reduce,8,8
522,33.758826,33.76673199999996,33.76236766666665,33.761544999999984,0.0032796132224378583,0,8,13959168,my_ring_all_reduce,8,8
523,33.76183599999995,33.766893000000096,33.7647036666667,33.765382000000045,0.0021194990498871503,0,8,13991936,my_ring_all_reduce,8,8
524,33.762634000000034,33.770378000000015,33.76684833333334,33.76753299999998,0.0031983287649676156,0,8,14024704,my_ring_all_reduce,8,8
525,33.76311700000003,33.76730899999995,33.764941333333326,33.764398,0.0017539715568114546,0,8,14057472,my_ring_all_reduce,8,8
526,33.747337,33.756073999999906,33.75304333333334,33.7557190000001,0.004037588911987115,0,8,14090240,my_ring_all_reduce,8,8
527,33.750985999999976,33.7657680000001,33.75791933333335,33.75700399999996,0.006069335896363345,0,8,14123008,my_ring_all_reduce,8,8
528,33.75441199999998,33.756812999999966,33.755839999999985,33.75629500000003,0.0010316553041940417,0,8,14155776,my_ring_all_reduce,8,8
529,33.75136900000007,33.759755999999996,33.75610633333337,33.75719400000005,0.003509293027857031,0,8,14188544,my_ring_all_reduce,8,8
530,33.75322199999998,33.76890799999991,33.762335333333304,33.76487600000002,0.006651009413765199,0,8,14221312,my_ring_all_reduce,8,8
531,33.758697999999974,33.76506500000012,33.76111966666668,33.75959599999996,0.0028137569586982377,0,8,14254080,my_ring_all_reduce,8,8
532,33.75789899999997,33.773547,33.76548366666666,33.765005,0.00639722946978033,0,8,14286848,my_ring_all_reduce,8,8
533,33.779147999999985,33.78253900000005,33.78114200000001,33.781738999999995,0.0014473025484433365,0,8,14319616,my_ring_all_reduce,8,8
534,33.769325000000045,33.778984999999984,33.77573400000001,33.77889199999999,0.004532006398909709,0,8,14352384,my_ring_all_reduce,8,8
535,33.779251000000045,33.78913199999998,33.784174666666694,33.78414100000006,0.004033971602363761,0,8,14385152,my_ring_all_reduce,8,8
536,33.78766100000002,33.79338699999999,33.790487000000006,33.790413,0.0023382152737941747,0,8,14417920,my_ring_all_reduce,8,8
537,33.78151600000006,33.78615500000006,33.783277000000034,33.78215999999999,0.0020519660491133103,0,8,14450688,my_ring_all_reduce,8,8
538,33.77003099999999,33.77293900000001,33.771576666666675,33.771760000000036,0.0011942429494225413,0,8,14483456,my_ring_all_reduce,8,8
539,33.75751300000001,33.76311199999999,33.760766,33.76167299999998,0.0023740523723416885,0,8,14516224,my_ring_all_reduce,8,8
540,33.747786,33.75079599999997,33.74955833333334,33.75009300000005,0.0012856713767081126,0,8,14548992,my_ring_all_reduce,8,8
541,33.74689100000006,33.75111100000015,33.748916666666744,33.74874800000002,0.001726931060877548,0,8,14581760,my_ring_all_reduce,8,8
542,33.742695999999995,33.74926000000013,33.74507633333338,33.74327300000003,0.0029676626418584373,0,8,14614528,my_ring_all_reduce,8,8
543,33.742283999999984,33.75082900000009,33.746721000000015,33.74704999999996,0.0034962300649339006,0,8,14647296,my_ring_all_reduce,8,8
544,33.75118199999997,33.753191999999984,33.752192666666645,33.752203999999985,0.0008206181951619149,0,8,14680064,my_ring_all_reduce,8,8
545,33.76224999999997,33.764587,33.763531,33.76375600000002,0.0009672507430988765,0,8,14712832,my_ring_all_reduce,8,8
546,33.88538399999996,33.888808000000076,33.88750800000002,33.88833200000003,0.001514414298269944,0,8,14745600,my_ring_all_reduce,8,8
547,33.87940299999999,33.89661699999997,33.88675233333336,33.88423700000011,0.007249166634073187,0,8,14778368,my_ring_all_reduce,8,8
548,33.88449199999991,33.894571000000084,33.88809733333333,33.885228999999995,0.004587451168439112,0,8,14811136,my_ring_all_reduce,8,8
549,33.88081,33.890059000000036,33.88481000000001,33.883560999999986,0.003877800149588352,0,8,14843904,my_ring_all_reduce,8,8
550,33.876554000000034,33.88311400000006,33.879221666666695,33.877996999999986,0.0028146351253763996,0,8,14876672,my_ring_all_reduce,8,8
551,33.877004,33.89079300000004,33.88278266666668,33.880551000000004,0.005846331176252296,0,8,14909440,my_ring_all_reduce,8,8
552,33.883688999999954,33.894090000000084,33.89003600000001,33.89232899999998,0.0045452236469059725,0,8,14942208,my_ring_all_reduce,8,8
553,33.895945999999995,33.90218400000001,33.89819566666667,33.896457,0.00282788287515565,0,8,14974976,my_ring_all_reduce,8,8
554,33.89095599999999,33.90365600000003,33.89677800000002,33.89572200000004,0.005238247289584131,0,8,15007744,my_ring_all_reduce,8,8
555,33.90436200000002,33.914760000000015,33.909172666666684,33.90839600000001,0.004280343392245783,0,8,15040512,my_ring_all_reduce,8,8
556,33.914985000000044,33.92222,33.91768533333334,33.91585099999997,0.0032259252247260947,0,8,15073280,my_ring_all_reduce,8,8
557,33.91082499999984,33.91882700000001,33.91370599999994,33.91146599999998,0.0036305372422034223,0,8,15106048,my_ring_all_reduce,8,8
558,33.91313099999999,33.928457999999985,33.921621333333334,33.923275000000025,0.006365542256730519,0,8,15138816,my_ring_all_reduce,8,8
559,33.928968999999995,33.938087999999986,33.934888,33.93760700000001,0.004189969053187568,0,8,15171584,my_ring_all_reduce,8,8
560,33.93498300000007,33.94436299999998,33.941192666666694,33.94423200000002,0.004391223089521848,0,8,15204352,my_ring_all_reduce,8,8
561,33.94100000000006,33.95534100000002,33.94716733333337,33.94516100000002,0.0060241237444725836,0,8,15237120,my_ring_all_reduce,8,8
562,33.935497999999995,33.945380999999934,33.94055166666664,33.940776000000014,0.004037834925884471,0,8,15269888,my_ring_all_reduce,8,8
563,33.95450299999991,33.95565700000001,33.95502666666661,33.95491999999992,0.00047711796821780773,0,8,15302656,my_ring_all_reduce,8,8
564,33.95603900000005,33.96145299999995,33.959231,33.960201000000005,0.0023142347907018834,0,8,15335424,my_ring_all_reduce,8,8
565,33.946759999999834,33.94714300000001,33.94699499999995,33.947081999999995,0.0001680257917506631,0,8,15368192,my_ring_all_reduce,8,8
566,33.94640899999999,33.95530599999995,33.95083766666665,33.95079800000001,0.0036322933373799716,0,8,15400960,my_ring_all_reduce,8,8
567,33.955978999999935,33.96285999999999,33.96031966666666,33.962120000000056,0.003084146595488407,0,8,15433728,my_ring_all_reduce,8,8
568,33.96372099999984,33.96852099999995,33.96536299999996,33.963847000000065,0.0022336356014369257,0,8,15466496,my_ring_all_reduce,8,8
569,33.965386,33.97667999999991,33.97253199999998,33.97553000000003,0.005074748729391459,0,8,15499264,my_ring_all_reduce,8,8
570,33.98484099999999,33.98509499999997,33.98499066666668,33.98503600000008,0.00010853673214095851,0,8,15532032,my_ring_all_reduce,8,8
571,33.98919299999997,34.00759500000001,33.99722500000003,33.994887000000105,0.007692337486099416,0,8,15564800,my_ring_all_reduce,8,8
572,33.99751299999995,34.010476,34.002698333333335,34.00010600000006,0.005600594393063755,0,8,15597568,my_ring_all_reduce,8,8
573,34.01194700000001,34.022345000000016,34.016713666666675,34.01584899999999,0.004288771178583034,0,8,15630336,my_ring_all_reduce,8,8
574,34.02497199999998,34.03219899999999,34.02880966666667,34.029258000000034,0.0029673932818113005,0,8,15663104,my_ring_all_reduce,8,8
575,34.02378600000008,34.04608800000003,34.03625433333337,34.038889,0.009293399174778543,0,8,15695872,my_ring_all_reduce,8,8
576,34.04736899999995,34.05217099999997,34.05056933333333,34.052168000000066,0.002262977733513409,0,8,15728640,my_ring_all_reduce,8,8
577,34.044936000000014,34.052327000000105,34.049652000000044,34.05169300000003,0.003344745231979305,0,8,15761408,my_ring_all_reduce,8,8
578,34.04900199999998,34.05629900000012,34.052725666666674,34.052875999999934,0.002980883798899594,0,8,15794176,my_ring_all_reduce,8,8
579,34.05322900000011,34.06522299999997,34.05762066666668,34.054409999999976,0.005397239685412588,0,8,15826944,my_ring_all_reduce,8,8
580,34.06001099999994,34.07092399999997,34.065334,34.0650670000001,0.004459212112778698,0,8,15859712,my_ring_all_reduce,8,8
581,34.05537099999999,34.06525699999995,34.059732999999966,34.058570999999965,0.004118732167373665,0,8,15892480,my_ring_all_reduce,8,8
582,34.061514999999986,34.066441999999924,34.064747333333294,34.06628499999998,0.002286503346920587,0,8,15925248,my_ring_all_reduce,8,8
583,34.069387999999975,34.073228,34.07155199999996,34.072039999999895,0.0016052015449786728,0,8,15958016,my_ring_all_reduce,8,8
584,34.06301200000005,34.069386000000016,34.06584166666668,34.06512699999998,0.0026507898613129456,0,8,15990784,my_ring_all_reduce,8,8
585,34.05949999999994,34.074534999999976,34.06821199999998,34.070601000000025,0.006366228449163283,0,8,16023552,my_ring_all_reduce,8,8
586,34.06867999999994,34.08298599999998,34.07372633333333,34.06951300000009,0.006556398520175941,0,8,16056320,my_ring_all_reduce,8,8
587,34.062054999999994,34.075815000000006,34.06979966666668,34.071529000000055,0.005749048926185466,0,8,16089088,my_ring_all_reduce,8,8
588,34.07312899999999,34.07863100000005,34.07530466666666,34.07415399999995,0.002389006255550385,0,8,16121856,my_ring_all_reduce,8,8
589,34.08349799999999,34.08551399999991,34.08474566666663,34.085224999999994,0.0008900877609436817,0,8,16154624,my_ring_all_reduce,8,8
590,34.08471000000005,34.09476300000001,34.08970433333336,34.08964000000002,0.004104372167426326,0,8,16187392,my_ring_all_reduce,8,8
591,34.08653699999995,34.103785999999964,34.093683666666635,34.09072799999998,0.007345473632716177,0,8,16220160,my_ring_all_reduce,8,8
592,34.08381899999996,34.086029000000096,34.084896333333354,34.084841000000004,0.0009030767163726946,0,8,16252928,my_ring_all_reduce,8,8
593,34.08384700000001,34.099947000000014,34.090601,34.088008999999964,0.006823554694348158,0,8,16285696,my_ring_all_reduce,8,8
594,34.08036099999995,34.08387799999997,34.08199233333331,34.081738000000016,0.0014470282958210475,0,8,16318464,my_ring_all_reduce,8,8
595,34.081356000000056,34.09459999999998,34.089396000000015,34.09223199999999,0.005766746974358085,0,8,16351232,my_ring_all_reduce,8,8
596,34.08938199999992,34.092586999999945,34.09089933333329,34.090728999999996,0.0013139676133398005,0,8,16384000,my_ring_all_reduce,8,8
597,34.090889,34.098183999999954,34.09450433333333,34.094440000000034,0.002978518684757127,0,8,16416768,my_ring_all_reduce,8,8
598,34.083337,34.09524599999999,34.088373000000004,34.086536000000024,0.005032361738447046,0,8,16449536,my_ring_all_reduce,8,8
599,34.09309799999997,34.09914500000002,34.09657433333334,34.09748000000004,0.002550389033530806,0,8,16482304,my_ring_all_reduce,8,8
600,34.108968999999966,34.11236200000001,34.11123066666667,34.112361000000035,0.0015992398889186244,0,8,16515072,my_ring_all_reduce,8,8
601,34.11997800000001,34.12371999999997,34.12167266666666,34.121320000000004,0.0015478848650666186,0,8,16547840,my_ring_all_reduce,8,8
602,34.13633099999998,34.147498000000006,34.14227133333333,34.14298500000002,0.004586753560236439,0,8,16580608,my_ring_all_reduce,8,8
603,34.152807999999965,34.16359400000004,34.15993433333332,34.16340099999996,0.005039694589528234,0,8,16613376,my_ring_all_reduce,8,8
604,34.16669600000006,34.17488899999999,34.17128299999999,34.172263999999906,0.00341595111202474,0,8,16646144,my_ring_all_reduce,8,8
605,34.18481500000018,34.198854999999995,34.19389800000007,34.19802400000002,0.0064316046208511436,0,8,16678912,my_ring_all_reduce,8,8
606,34.198119000000005,34.20810499999998,34.202119,34.20013300000003,0.0043118593050494175,0,8,16711680,my_ring_all_reduce,8,8
607,34.22765300000002,34.23760900000003,34.23167633333337,34.22976700000005,0.004282884490101254,0,8,16744448,my_ring_all_reduce,8,8
608,34.25370299999998,34.25786300000007,34.25566566666669,34.25543100000001,0.0017063999792012571,0,8,16777216,my_ring_all_reduce,8,8
609,34.24608900000004,34.25722499999998,34.25109133333334,34.24996000000001,0.0046160993875045625,0,8,16777216,my_ring_all_reduce,8,8
610,34.333736000000094,34.337901999999985,34.33591433333339,34.336105000000096,0.0017060977566985245,0,8,16908288,my_ring_all_reduce,8,8
611,34.422056999999974,34.42970299999998,34.42537266666664,34.42435799999995,0.0032028622962797008,0,8,17039360,my_ring_all_reduce,8,8
612,34.493064999999945,34.49786399999997,34.49572966666662,34.49625999999995,0.001994749831164034,0,8,17170432,my_ring_all_reduce,8,8
613,34.52256300000003,34.52531399999996,34.52404599999997,34.52426099999994,0.001133334019576894,0,8,17301504,my_ring_all_reduce,8,8
614,34.52234699999998,34.54157300000001,34.52985233333334,34.52563700000002,0.008395893652394322,0,8,17432576,my_ring_all_reduce,8,8
615,34.524296000000035,34.52912900000013,34.52680333333335,34.52698499999987,0.0019772412318732405,0,8,17563648,my_ring_all_reduce,8,8
616,34.51882599999999,34.54048800000001,34.530311333333294,34.53161999999988,0.008891757131688572,0,8,17694720,my_ring_all_reduce,8,8
617,34.542023,34.545257000000014,34.543891666666674,34.54439500000002,0.0013674056538722703,0,8,17825792,my_ring_all_reduce,8,8
618,34.530535000000036,34.537926,34.53351033333337,34.53207000000007,0.0031846130411843842,0,8,17956864,my_ring_all_reduce,8,8
619,34.537032999999994,34.53719200000007,34.53711833333334,34.53712999999995,6.543359656065985e-05,0,8,18087936,my_ring_all_reduce,8,8
620,34.53348000000001,34.54112900000002,34.53676400000002,34.53568300000002,0.003214884238457603,0,8,18219008,my_ring_all_reduce,8,8
621,34.53811899999995,34.54442200000002,34.541702000000036,34.54256500000012,0.0026445578080684087,0,8,18350080,my_ring_all_reduce,8,8
622,34.53853400000001,34.544070000000126,34.541179666666714,34.540935,0.0022666745588583704,0,8,18481152,my_ring_all_reduce,8,8
623,34.534473000000055,34.549062000000035,34.54239700000005,34.54365600000008,0.00602210046411774,0,8,18612224,my_ring_all_reduce,8,8
624,34.562410000000035,34.568676999999965,34.564787333333356,34.56327500000008,0.002772987117771495,0,8,18743296,my_ring_all_reduce,8,8
625,34.57587699999995,34.58896699999995,34.5802423333333,34.575883000000005,0.00616927144985935,0,8,18874368,my_ring_all_reduce,8,8
626,34.6167429999999,34.62083600000007,34.61900399999998,34.61943299999998,0.00169827225935494,0,8,19005440,my_ring_all_reduce,8,8
627,34.65732000000002,34.66346500000001,34.659368333333354,34.657320000000034,0.0028967807802525477,0,8,19136512,my_ring_all_reduce,8,8
628,34.68253399999998,34.68867899999999,34.68611866666668,34.68714300000007,0.0026111555977447057,0,8,19267584,my_ring_all_reduce,8,8
629,34.72308100000001,34.73568599999999,34.72847666666666,34.72666299999999,0.005303366624652695,0,8,19398656,my_ring_all_reduce,8,8
630,34.760517999999955,34.76227599999989,34.76144599999997,34.76154400000005,0.0007210381404420724,0,8,19529728,my_ring_all_reduce,8,8
631,34.78522499999995,34.795913,34.789703999999986,34.787974000000006,0.004531593612275135,0,8,19660800,my_ring_all_reduce,8,8
632,34.830247000000035,34.83594199999998,34.83343566666668,34.83411800000002,0.002374509118840652,0,8,19791872,my_ring_all_reduce,8,8
633,34.84733500000005,34.862212,34.855356000000036,34.85652100000005,0.006129121796780143,0,8,19922944,my_ring_all_reduce,8,8
634,34.886150999999956,34.902950999999916,34.89372433333329,34.892070999999994,0.00695749635682779,0,8,20054016,my_ring_all_reduce,8,8
635,34.897478999999976,34.90515899999998,34.90219466666668,34.90394600000008,0.003371050907708547,0,8,20185088,my_ring_all_reduce,8,8
636,34.90500099999999,34.90816799999995,34.90692966666662,34.90761999999994,0.0013820015275535196,0,8,20316160,my_ring_all_reduce,8,8
637,34.92660200000002,34.93239000000001,34.929618,34.929861999999964,0.0023692316616679265,0,8,20447232,my_ring_all_reduce,8,8
638,34.947111000000035,34.96234200000006,34.95258233333333,34.948293999999905,0.006918005123548739,0,8,20578304,my_ring_all_reduce,8,8
639,34.980647000000175,34.991652999999985,34.987419000000045,34.98995699999997,0.004838325605597505,0,8,20709376,my_ring_all_reduce,8,8
640,35.069701,35.08573599999996,35.076869666666646,35.07517199999997,0.0066554168581206856,0,8,20840448,my_ring_all_reduce,8,8
641,35.144036999999955,35.15149400000001,35.14786633333333,35.14806800000003,0.003047645466425656,0,8,20971520,my_ring_all_reduce,8,8
642,35.22538000000004,35.236009,35.23009700000002,35.22890200000003,0.0044207788906332705,0,8,21102592,my_ring_all_reduce,8,8
643,35.30736799999999,35.31427900000001,35.311922,35.314119000000005,0.003220826705478971,0,8,21233664,my_ring_all_reduce,8,8
644,35.32963500000001,35.34365499999997,35.334629999999976,35.33059999999995,0.00639378734918458,0,8,21364736,my_ring_all_reduce,8,8
645,35.31641999999999,35.34128800000003,35.32996866666665,35.33219799999995,0.010273973633530085,0,8,21495808,my_ring_all_reduce,8,8
646,35.33197299999999,35.345859999999995,35.33671966666666,35.33232599999999,0.006464798132109162,0,8,21626880,my_ring_all_reduce,8,8
647,35.335011999999956,35.351911999999984,35.34447566666666,35.34650300000003,0.007046751513223919,0,8,21757952,my_ring_all_reduce,8,8
648,35.342051000000005,35.35072300000003,35.347054666666686,35.348390000000016,0.003664080815469914,0,8,21889024,my_ring_all_reduce,8,8
649,35.34819600000006,35.357322000000046,35.3529666666667,35.35338200000001,0.003737231179474999,0,8,22020096,my_ring_all_reduce,8,8
650,35.35581199999998,35.366151000000016,35.35988799999999,35.357700999999985,0.004495253570913958,0,8,22151168,my_ring_all_reduce,8,8
651,35.36125400000002,35.37146099999998,35.36530666666667,35.363205,0.004424060301966624,0,8,22282240,my_ring_all_reduce,8,8
652,35.36877400000001,35.378538,35.374875666666675,35.37731500000003,0.004343323177272659,0,8,22413312,my_ring_all_reduce,8,8
653,35.38915799999994,35.402373000000026,35.39649633333332,35.39795799999998,0.005493111342637074,0,8,22544384,my_ring_all_reduce,8,8
654,35.43222800000006,35.43747499999998,35.435045333333335,35.435432999999975,0.002159547226172475,0,8,22675456,my_ring_all_reduce,8,8
655,35.460678000000016,35.48234299999999,35.47118566666667,35.470535999999996,0.008856621113912243,0,8,22806528,my_ring_all_reduce,8,8
656,35.48586099999998,35.50954299999989,35.500357666666595,35.50566899999993,0.010371980760113718,0,8,22937600,my_ring_all_reduce,8,8
657,35.529796999999995,35.540006,35.53444866666668,35.53354300000004,0.004216720236812264,0,8,23068672,my_ring_all_reduce,8,8
658,35.56141300000003,35.57302999999997,35.56679033333335,35.56592800000004,0.00478165845238733,0,8,23199744,my_ring_all_reduce,8,8
659,35.58534900000004,35.59239000000013,35.58918000000006,35.58980100000004,0.002907822896976675,0,8,23330816,my_ring_all_reduce,8,8
660,35.61123999999999,35.62864299999987,35.61707266666661,35.611334999999976,0.008181553085326606,0,8,23461888,my_ring_all_reduce,8,8
661,35.637124999999884,35.645961,35.64235266666663,35.64397200000001,0.0037846536022873314,0,8,23592960,my_ring_all_reduce,8,8
662,35.657317,35.670021999999996,35.664880666666626,35.6673029999999,0.005462296851024664,0,8,23724032,my_ring_all_reduce,8,8
663,35.68944399999996,35.69507500000013,35.691588333333364,35.690246,0.0024870912506881203,0,8,23855104,my_ring_all_reduce,8,8
664,35.71712599999999,35.733926000000054,35.7256263333333,35.725826999999875,0.00686003888880183,0,8,23986176,my_ring_all_reduce,8,8
665,35.7433339999998,35.763142999999985,35.75321166666657,35.753157999999935,0.008087079420704874,0,8,24117248,my_ring_all_reduce,8,8
666,35.839941000000024,35.858595000000086,35.846853000000046,35.84202300000003,0.00834624083048512,0,8,24248320,my_ring_all_reduce,8,8
667,35.82026400000009,35.837546999999965,35.828318000000024,35.82714300000002,0.00710450519032133,0,8,24379392,my_ring_all_reduce,8,8
668,35.834180999999994,35.837575000000015,35.83616599999999,35.83674199999997,0.0014442162811291908,0,8,24510464,my_ring_all_reduce,8,8
669,35.83671100000001,35.86109199999995,35.84589399999999,35.83987899999999,0.010824153823716764,0,8,24641536,my_ring_all_reduce,8,8
670,35.842533999999986,35.85130299999984,35.84732266666661,35.848130999999995,0.0036252716985765462,0,8,24772608,my_ring_all_reduce,8,8
671,35.900071000000054,35.948452000000046,35.91678433333339,35.901830000000075,0.02240393349887119,0,8,24903680,my_ring_all_reduce,8,8
672,35.92163899999997,35.92547499999992,35.92318466666665,35.92244000000006,0.001652194567467419,0,8,25034752,my_ring_all_reduce,8,8
673,36.044965000000055,36.06358799999999,36.05562133333337,36.058311000000074,0.007837081188506418,0,8,25165824,my_ring_all_reduce,8,8
674,36.26816300000002,36.31318599999996,36.28852633333336,36.2842300000001,0.018629930977353513,0,8,25296896,my_ring_all_reduce,8,8
675,36.30771399999992,36.32665900000004,36.31593833333332,36.313442,0.00793313793881693,0,8,25427968,my_ring_all_reduce,8,8
676,36.31363500000001,36.33654999999999,36.32208466666669,36.31606900000008,0.010276688517630557,0,8,25559040,my_ring_all_reduce,8,8
677,36.28291599999985,36.29904799999995,36.28975533333324,36.28730199999991,0.006810506067055468,0,8,25690112,my_ring_all_reduce,8,8
678,36.26128399999999,36.325219999999945,36.293294333333314,36.293379,0.02610183135761316,0,8,25821184,my_ring_all_reduce,8,8
679,36.2243239999999,36.27670700000001,36.24242666666664,36.226248999999996,0.024252592250938974,0,8,25952256,my_ring_all_reduce,8,8
680,36.256643,36.26490199999997,36.26125233333332,36.26221199999999,0.003439330393476127,0,8,26083328,my_ring_all_reduce,8,8
681,36.30566900000001,36.361538,36.32846366666664,36.318183999999924,0.023938670950772126,0,8,26214400,my_ring_all_reduce,8,8
682,36.33101099999991,36.37072800000002,36.34960533333332,36.34707700000002,0.016312661224447213,0,8,26345472,my_ring_all_reduce,8,8
683,36.31437200000009,36.41033899999999,36.36608300000001,36.37353799999994,0.0395314140146335,0,8,26476544,my_ring_all_reduce,8,8
684,36.38259599999999,36.39859500000003,36.390029666666685,36.38889800000002,0.006580400308674958,0,8,26607616,my_ring_all_reduce,8,8
685,36.42160500000004,36.446277,36.43629333333335,36.44099800000002,0.010607460026881592,0,8,26738688,my_ring_all_reduce,8,8
686,36.47133200000011,36.503332999999984,36.48342700000003,36.47561599999998,0.014183906161526559,0,8,26869760,my_ring_all_reduce,8,8
687,36.506723999999956,36.51568299999999,36.51148966666665,36.51206199999999,0.0036798183228244903,0,8,27000832,my_ring_all_reduce,8,8
688,36.47952399999998,36.49110800000001,36.48465433333333,36.483331,0.004820834805544673,0,8,27131904,my_ring_all_reduce,8,8
689,36.515296999999975,36.56643300000002,36.54438533333333,36.55142599999999,0.021461607027967917,0,8,27262976,my_ring_all_reduce,8,8
690,36.71907700000005,36.75561799999998,36.73134133333329,36.71932899999985,0.01716650390215302,0,8,27394048,my_ring_all_reduce,8,8
691,36.711135999999996,36.75239,36.728205666666675,36.721091000000015,0.017577200959069065,0,8,27525120,my_ring_all_reduce,8,8
692,36.739233000000006,36.78768399999992,36.76140033333331,36.757284,0.019993048797538323,0,8,27656192,my_ring_all_reduce,8,8
693,36.74103,36.78374599999999,36.759907999999996,36.754948000000006,0.017787924068491143,0,8,27787264,my_ring_all_reduce,8,8
694,36.75453,36.799588,36.77545833333331,36.772256999999925,0.018533613469109183,0,8,27918336,my_ring_all_reduce,8,8
695,36.70480700000003,36.739106000000014,36.717029,36.707173999999945,0.015640676008418324,0,8,28049408,my_ring_all_reduce,8,8
696,36.74652699999994,36.75353999999998,36.74954899999998,36.748580000000004,0.002943893453697624,0,8,28180480,my_ring_all_reduce,8,8
697,36.766591,36.79699299999996,36.782689,36.78448300000004,0.012476223467045687,0,8,28311552,my_ring_all_reduce,8,8
698,36.766370999999985,36.7928330000001,36.78210300000004,36.78710500000004,0.011367332258171943,0,8,28442624,my_ring_all_reduce,8,8
699,36.74291500000004,36.75772699999995,36.75267333333333,36.757377999999996,0.00690165450370146,0,8,28573696,my_ring_all_reduce,8,8
700,36.73046799999994,36.760356,36.74547566666663,36.745602999999946,0.012202057103463644,0,8,28704768,my_ring_all_reduce,8,8
701,36.729220000000005,36.75001899999997,36.74108033333332,36.74400199999998,0.008738867292465228,0,8,28835840,my_ring_all_reduce,8,8
702,36.7410909999999,36.79046399999999,36.767191333333294,36.770018999999984,0.020255370585530976,0,8,28966912,my_ring_all_reduce,8,8
703,36.810181,36.856802999999985,36.837209666666645,36.844644999999964,0.019746153335654604,0,8,29097984,my_ring_all_reduce,8,8
704,36.82326600000002,36.866239999999934,36.84790533333331,36.854209999999966,0.018101616600577637,0,8,29229056,my_ring_all_reduce,8,8
705,36.89331099999996,36.90982800000004,36.90387299999998,36.908479999999955,0.007488709679708322,0,8,29360128,my_ring_all_reduce,8,8
706,37.14249799999996,37.171681999999976,37.15596966666664,37.15372899999999,0.012019204198101749,0,8,29491200,my_ring_all_reduce,8,8
707,37.12601800000007,37.151935999999985,37.13771900000001,37.13520299999998,0.010729503654222938,0,8,29622272,my_ring_all_reduce,8,8
708,37.13667500000002,37.18342300000001,37.15337666666668,37.14003200000001,0.021290122472377125,0,8,29753344,my_ring_all_reduce,8,8
709,37.126977000000075,37.15187200000006,37.141036333333375,37.144259999999996,0.010415830142398084,0,8,29884416,my_ring_all_reduce,8,8
710,37.10720099999996,37.138400000000026,37.12134433333329,37.118431999999885,0.012902342534972992,0,8,30015488,my_ring_all_reduce,8,8
711,37.10361900000001,37.10835399999988,37.10597599999996,37.10595499999999,0.001933112688504947,0,8,30146560,my_ring_all_reduce,8,8
712,37.13545800000004,37.15516900000017,37.14553766666675,37.145986000000036,0.008053224295670697,0,8,30277632,my_ring_all_reduce,8,8
713,37.18089700000001,37.232065000000006,37.20219766666667,37.193630999999996,0.021749818226571457,0,8,30408704,my_ring_all_reduce,8,8
714,37.17900999999995,37.21328,37.197642999999964,37.20063899999994,0.014150152814268782,0,8,30539776,my_ring_all_reduce,8,8
715,37.200611,37.23542599999999,37.222039333333335,37.230081000000006,0.015308436853212568,0,8,30670848,my_ring_all_reduce,8,8
716,37.21420600000003,37.23158599999984,37.224341666666625,37.227233000000005,0.007384034865023926,0,8,30801920,my_ring_all_reduce,8,8
717,37.215070999999995,37.24361799999999,37.22796866666665,37.225216999999944,0.011815570358173216,0,8,30932992,my_ring_all_reduce,8,8
718,37.26940999999997,37.294783999999986,37.27965999999998,37.27478599999996,0.010917169230169759,0,8,31064064,my_ring_all_reduce,8,8
719,37.298015000000014,37.32553599999991,37.30797899999997,37.300385999999996,0.012452351772476954,0,8,31195136,my_ring_all_reduce,8,8
720,37.297984,37.33840299999999,37.31688733333332,37.31427499999997,0.016604057823983196,0,8,31326208,my_ring_all_reduce,8,8
721,37.323717,37.35993599999996,37.34345799999998,37.34672099999996,0.014965279081910525,0,8,31457280,my_ring_all_reduce,8,8
722,37.57407799999998,37.625342999999994,37.60140666666666,37.60479900000003,0.02106586496893114,0,8,31588352,my_ring_all_reduce,8,8
723,37.59043,37.60621000000002,37.600757333333355,37.60563200000004,0.0073063388612749575,0,8,31719424,my_ring_all_reduce,8,8
724,37.59888400000002,37.616096000000006,37.60622966666668,37.603709,0.007249301406951512,0,8,31850496,my_ring_all_reduce,8,8
725,37.6035830000001,37.64121700000012,37.61830466666671,37.61011399999989,0.016419394108502294,0,8,31981568,my_ring_all_reduce,8,8
726,37.61741000000001,37.627582,37.622730666666676,37.623200000000026,0.0041659413768714215,0,8,32112640,my_ring_all_reduce,8,8
727,37.603292999999994,37.60867200000002,37.60538533333334,37.60419099999999,0.0023527621119895426,0,8,32243712,my_ring_all_reduce,8,8
728,37.608543000000125,37.61353399999999,37.6113906666667,37.61209499999998,0.002097551641467821,0,8,32374784,my_ring_all_reduce,8,8
729,37.60412600000005,37.637693,37.61729900000001,37.61007799999998,0.0146240214031447,0,8,32505856,my_ring_all_reduce,8,8
730,37.61417499999999,37.64144000000006,37.62611233333336,37.62272200000004,0.011386126831492541,0,8,32636928,my_ring_all_reduce,8,8
731,37.59727999999997,37.607744,37.60366899999992,37.605982999999775,0.004574550688294285,0,8,32768000,my_ring_all_reduce,8,8
732,37.56163399999999,37.59497700000002,37.575265333333384,37.56918500000012,0.014275077403950362,0,8,32899072,my_ring_all_reduce,8,8
733,37.57062300000002,37.59068599999996,37.57922133333333,37.576355000000014,0.008437728459433504,0,8,33030144,my_ring_all_reduce,8,8
734,37.56544099999988,37.60915099999998,37.586175666666584,37.58393499999988,0.01791473258402536,0,8,33161216,my_ring_all_reduce,8,8
735,37.62032000000001,37.65209500000003,37.63749333333337,37.640065000000064,0.013098925104344468,0,8,33292288,my_ring_all_reduce,8,8
736,37.67110500000015,37.67830400000003,37.67353566666673,37.67119799999999,0.003371934591411873,0,8,33423360,my_ring_all_reduce,8,8
737,37.69158199999994,37.71561299999998,37.70235433333331,37.699868,0.009966899562510387,0,8,33554432,my_ring_all_reduce,8,8
738,37.70793799999996,37.77283200000004,37.74327466666665,37.749053999999944,0.026806197409497134,0,8,33685504,my_ring_all_reduce,8,8
739,37.738687999999996,37.77599800000008,37.7581106666667,37.75964600000004,0.015270384438183772,0,8,33816576,my_ring_all_reduce,8,8
740,37.74098900000012,37.796446999999986,37.776414333333356,37.79180699999997,0.02512101485912219,0,8,33947648,my_ring_all_reduce,8,8
741,37.81507400000004,37.826784,37.81952033333335,37.81670300000001,0.005179063643372713,0,8,34078720,my_ring_all_reduce,8,8
742,37.80194899999999,37.843487,37.82521433333333,37.830206999999994,0.017321401046749813,0,8,34209792,my_ring_all_reduce,8,8
743,37.855614,37.88950099999999,37.869117666666675,37.86223800000001,0.014664686661795852,0,8,34340864,my_ring_all_reduce,8,8
744,37.908543999999935,37.926016000000004,37.916052999999984,37.913599000000005,0.007340948303887183,0,8,34471936,my_ring_all_reduce,8,8
745,37.917025000000024,37.96348800000001,37.945119333333345,37.95484499999999,0.02017662073345968,0,8,34603008,my_ring_all_reduce,8,8
746,37.95932899999997,38.01689300000004,37.993727000000014,38.004959000000035,0.024806207448975055,0,8,34734080,my_ring_all_reduce,8,8
747,38.00742300000001,38.02336100000001,38.01618066666668,38.01775800000003,0.006601562761112065,0,8,34865152,my_ring_all_reduce,8,8
748,38.025821000000015,38.06201400000001,38.046078,38.05039899999998,0.015088330877420803,0,8,34996224,my_ring_all_reduce,8,8
749,38.058369000000006,38.11122700000004,38.09073900000005,38.1026210000001,0.02315712250405676,0,8,35127296,my_ring_all_reduce,8,8
750,38.100637,38.10489700000003,38.10241966666667,38.10172499999998,0.001807174836297785,0,8,35258368,my_ring_all_reduce,8,8
751,38.13378999999992,38.14508500000005,38.138802333333324,38.137532,0.004697841088135398,0,8,35389440,my_ring_all_reduce,8,8
752,38.113085999999996,38.15810899999994,38.140146999999985,38.14924600000001,0.019474110728505488,0,8,35520512,my_ring_all_reduce,8,8
753,38.129185999999976,38.186459000000035,38.15532566666666,38.15033199999996,0.023646728629773607,0,8,35651584,my_ring_all_reduce,8,8
754,38.15580999999988,38.20060299999997,38.18297399999998,38.19250900000008,0.01949000395080321,0,8,35782656,my_ring_all_reduce,8,8
755,38.183678,38.24092399999994,38.208978666666646,38.20233399999999,0.023838202187966277,0,8,35913728,my_ring_all_reduce,8,8
756,38.21900700000001,38.23737399999995,38.228905,38.23033400000002,0.007566073530328755,0,8,36044800,my_ring_all_reduce,8,8
757,38.21084599999996,38.25666900000005,38.23501766666669,38.23753800000006,0.018791858030107023,0,8,36175872,my_ring_all_reduce,8,8
758,38.24133799999996,38.27356700000004,38.258791333333335,38.26146900000001,0.013292968926833296,0,8,36306944,my_ring_all_reduce,8,8
759,38.29139000000003,38.30495999999991,38.29711933333332,38.29500800000003,0.005737567506205104,0,8,36438016,my_ring_all_reduce,8,8
760,38.29830099999986,38.319290999999986,38.30629999999996,38.301308000000006,0.009267688420920737,0,8,36569088,my_ring_all_reduce,8,8
761,38.265311000000004,38.298300999999995,38.28720799999997,38.29801199999993,0.015483966696749849,0,8,36700160,my_ring_all_reduce,8,8
762,38.287165,38.32172499999992,38.300765333333295,38.293405999999976,0.015038134643451478,0,8,36831232,my_ring_all_reduce,8,8
763,38.315132999999975,38.331007000000014,38.32075433333332,38.31612299999996,0.007260987321927788,0,8,36962304,my_ring_all_reduce,8,8
764,38.31945199999999,38.335612999999924,38.32634466666664,38.323969,0.006808197232390477,0,8,37093376,my_ring_all_reduce,8,8
765,38.320414000000014,38.35174400000004,38.33300166666668,38.32684700000001,0.013510543199882707,0,8,37224448,my_ring_all_reduce,8,8
766,38.31404700000005,38.35363199999998,38.32894833333335,38.319166,0.017578653538351953,0,8,37355520,my_ring_all_reduce,8,8
767,38.374527,38.419518999999916,38.38980133333333,38.37535800000007,0.021016301995194414,0,8,37486592,my_ring_all_reduce,8,8
768,38.42351799999998,38.435837000000014,38.42918066666667,38.42818700000001,0.005078055423980604,0,8,37617664,my_ring_all_reduce,8,8
769,38.4686369999999,38.51609400000001,38.49515533333332,38.50073500000005,0.019771886140619203,0,8,37748736,my_ring_all_reduce,8,8
770,38.51257000000007,38.52786799999996,38.519696999999994,38.51865299999995,0.0062888606810912046,0,8,37879808,my_ring_all_reduce,8,8
771,38.52834899999999,38.55615500000006,38.542438666666676,38.54281199999999,0.011354821071077643,0,8,38010880,my_ring_all_reduce,8,8
772,38.57049199999991,38.59881099999993,38.588070999999935,38.59490999999998,0.012531836284723128,0,8,38141952,my_ring_all_reduce,8,8
773,38.60211100000001,38.642844,38.61889899999999,38.61174199999997,0.01738219987995372,0,8,38273024,my_ring_all_reduce,8,8
774,38.63337300000002,38.676280000000084,38.6543836666667,38.653498,0.017527900926517948,0,8,38404096,my_ring_all_reduce,8,8
775,38.68325899999998,38.70223599999998,38.69111033333332,38.68783600000001,0.00808589621226244,0,8,38535168,my_ring_all_reduce,8,8
776,38.71769300000003,38.74031500000003,38.72907300000003,38.729211000000014,0.009235908329268575,0,8,38666240,my_ring_all_reduce,8,8
777,38.743546,38.788410000000006,38.76402600000001,38.76012200000003,0.018522518475268323,0,8,38797312,my_ring_all_reduce,8,8
778,38.78866500000004,38.80453599999996,38.79674999999999,38.79704899999997,0.006482757180881439,0,8,38928384,my_ring_all_reduce,8,8
779,38.80549900000001,38.82351399999997,38.815994999999994,38.81897200000001,0.0076499216989308625,0,8,39059456,my_ring_all_reduce,8,8
780,38.815101,38.88239500000002,38.85107766666671,38.85573700000011,0.027669509685264614,0,8,39190528,my_ring_all_reduce,8,8
781,38.88252400000003,38.89718000000011,38.88809200000008,38.88457200000008,0.006480348961826734,0,8,39321600,my_ring_all_reduce,8,8
782,38.90658600000001,38.92982000000001,38.91786133333334,38.917178000000014,0.009497539938786706,0,8,39452672,my_ring_all_reduce,8,8
783,38.912637000000046,38.932695999999936,38.9241653333333,38.927162999999915,0.008458935091842174,0,8,39583744,my_ring_all_reduce,8,8
784,38.903034,38.95196200000009,38.931791333333365,38.94037800000001,0.020877187379772944,0,8,39714816,my_ring_all_reduce,8,8
785,38.90953099999999,38.92438100000001,38.91931366666666,38.924029,0.0069188824402742835,0,8,39845888,my_ring_all_reduce,8,8
786,38.957018999999946,38.961528999999985,38.959781666666636,38.96079699999999,0.001976225583184379,0,8,39976960,my_ring_all_reduce,8,8
787,38.98418399999998,39.00088800000004,38.99428533333339,38.99778400000016,0.0072542587645406265,0,8,40108032,my_ring_all_reduce,8,8
788,38.99362699999995,39.02681300000008,39.00603300000002,38.99765900000004,0.014785591094080423,0,8,40239104,my_ring_all_reduce,8,8
789,39.007995999999984,39.02357699999993,39.017934666666626,39.02223099999997,0.007049148900539891,0,8,40370176,my_ring_all_reduce,8,8
790,38.99704999999999,39.04297200000001,39.02505133333334,39.03513200000001,0.020056958914286063,0,8,40501248,my_ring_all_reduce,8,8
791,39.007608000000005,39.034300000000044,39.01990766666669,39.017815000000006,0.010996974018153116,0,8,40632320,my_ring_all_reduce,8,8
792,38.995065000000004,39.043928000000015,39.0269156666667,39.041754000000104,0.022539303365972565,0,8,40763392,my_ring_all_reduce,8,8
793,39.04422000000003,39.05833100000001,39.05203766666665,39.05356199999992,0.005860760720420179,0,8,40894464,my_ring_all_reduce,8,8
794,39.0411449999999,39.06210400000002,39.05435066666664,39.05980300000002,0.009384948031640288,0,8,41025536,my_ring_all_reduce,8,8
795,39.10844300000002,39.11871399999999,39.1145006666667,39.11634500000009,0.004391243888567107,0,8,41156608,my_ring_all_reduce,8,8
796,39.08831699999998,39.12463900000002,39.102204666666644,39.09365799999994,0.016012621154048175,0,8,41287680,my_ring_all_reduce,8,8
797,39.096093000000025,39.127546,39.11673133333332,39.12655499999993,0.014599112355030018,0,8,41418752,my_ring_all_reduce,8,8
798,39.10367399999991,39.17228299999999,39.140208666666595,39.14466899999988,0.028186517466521246,0,8,41549824,my_ring_all_reduce,8,8
799,39.20504699999998,39.213430999999865,39.208418999999964,39.20677900000004,0.0036138681030467266,0,8,41680896,my_ring_all_reduce,8,8
800,39.220986,39.25320799999999,39.23508666666664,39.231065999999934,0.013458297102117696,0,8,41811968,my_ring_all_reduce,8,8
801,39.269532999999996,39.29627799999994,39.285252999999976,39.289948,0.011412157990476256,0,8,41943040,my_ring_all_reduce,8,8
802,39.40578600000002,39.41973799999995,39.41069233333339,39.40655300000019,0.006403912154926878,0,8,42074112,my_ring_all_reduce,8,8
803,39.39624900000004,39.40047200000001,39.39887366666665,39.39989999999991,0.0018705529188180671,0,8,42205184,my_ring_all_reduce,8,8
804,39.414648000000014,39.43378399999999,39.42514499999999,39.42700299999997,0.007921941975706944,0,8,42336256,my_ring_all_reduce,8,8
805,39.43017100000003,39.444186,39.43903366666667,39.442743999999976,0.006294441268981757,0,8,42467328,my_ring_all_reduce,8,8
806,39.45928799999999,39.48146500000003,39.47276066666668,39.47752900000001,0.009661179511626759,0,8,42598400,my_ring_all_reduce,8,8
807,39.44248899999997,39.49938299999997,39.472921333333325,39.47689200000005,0.02339596053928438,0,8,42729472,my_ring_all_reduce,8,8
808,39.45420100000006,39.48699900000001,39.47022233333336,39.469467,0.013400375550273172,0,8,42860544,my_ring_all_reduce,8,8
809,39.495159000000015,39.51922300000006,39.50757700000004,39.508349000000045,0.009839241569706196,0,8,42991616,my_ring_all_reduce,8,8
810,39.52582000000004,39.53096900000001,39.52881600000005,39.5296590000001,0.002184954156650807,0,8,43122688,my_ring_all_reduce,8,8
811,39.55439200000005,39.614328999999856,39.584227666666614,39.58396199999994,0.024469898873616457,0,8,43253760,my_ring_all_reduce,8,8
812,39.61714699999994,39.63234099999984,39.6267226666666,39.63068000000002,0.006804889141056319,0,8,43384832,my_ring_all_reduce,8,8
813,39.621403999999984,39.648474000000014,39.63201466666667,39.626166,0.01179975709732345,0,8,43515904,my_ring_all_reduce,8,8
814,39.66658499999999,39.69064600000001,39.68160133333334,39.687573000000036,0.010692007367928672,0,8,43646976,my_ring_all_reduce,8,8
815,39.640758000000034,39.67125600000002,39.65404933333337,39.65013400000004,0.012754852078930635,0,8,43778048,my_ring_all_reduce,8,8
816,39.668631,39.70024699999999,39.68657266666668,39.69084000000003,0.013255199340469344,0,8,43909120,my_ring_all_reduce,8,8
817,39.69336800000002,39.71291999999998,39.70018466666667,39.694266000000006,0.00901269982979332,0,8,44040192,my_ring_all_reduce,8,8
818,39.80683800000005,39.82594400000002,39.81323899999998,39.80693499999988,0.008983878932127976,0,8,44171264,my_ring_all_reduce,8,8
819,39.81256900000002,39.828919,39.81956566666667,39.817209000000005,0.006879730291864089,0,8,44302336,my_ring_all_reduce,8,8
820,39.81637700000004,39.8242140000001,39.821144000000054,39.82284100000002,0.0034170649198931612,0,8,44433408,my_ring_all_reduce,8,8
821,39.83266399999987,39.83608699999997,39.83415733333331,39.833721000000075,0.0014310887075773785,0,8,44564480,my_ring_all_reduce,8,8
822,39.84754400000003,39.849622999999966,39.848321999999996,39.84779899999999,0.0009258174765903446,0,8,44695552,my_ring_all_reduce,8,8
823,39.83164200000001,39.83400800000009,39.832525333333365,39.83192599999998,0.0010547951881665556,0,8,44826624,my_ring_all_reduce,8,8
824,39.848119,39.867285,39.85544599999999,39.85093399999998,0.00844995057185299,0,8,44957696,my_ring_all_reduce,8,8
825,39.86619600000001,39.8891730000001,39.878100666666704,39.87893300000002,0.009398766455740663,0,8,45088768,my_ring_all_reduce,8,8
826,39.91794299999997,39.93717700000003,39.92536799999999,39.92098399999997,0.008442009279022647,0,8,45219840,my_ring_all_reduce,8,8
827,39.89778199999989,39.920757999999914,39.90796933333328,39.90536800000002,0.009558568419077595,0,8,45350912,my_ring_all_reduce,8,8
828,39.919448,39.92876199999999,39.923918666666644,39.923545999999945,0.0038115446854088252,0,8,45481984,my_ring_all_reduce,8,8
829,39.93887400000001,39.944182000000005,39.94087733333334,39.939576,0.002354261006957564,0,8,45613056,my_ring_all_reduce,8,8
830,39.97423,40.014714,39.996002333333344,39.99906300000003,0.01666861970557071,0,8,45744128,my_ring_all_reduce,8,8
831,40.04632900000004,40.056501999999995,40.05063500000002,40.049074000000026,0.004297287749247184,0,8,45875200,my_ring_all_reduce,8,8
832,40.050744999999985,40.057686000000004,40.053559666666615,40.05224799999985,0.0029815792609051094,0,8,46006272,my_ring_all_reduce,8,8
833,40.10898200000002,40.14904599999999,40.130955,40.134837,0.016584801616729716,0,8,46137344,my_ring_all_reduce,8,8
834,40.302038,40.319609999999955,40.31158533333333,40.313108000000035,0.007254087644585553,0,8,46268416,my_ring_all_reduce,8,8
835,40.35275899999999,40.384726999999955,40.36896133333332,40.369398000000004,0.013054533422857733,0,8,46399488,my_ring_all_reduce,8,8
836,40.42142899999995,40.443225999999996,40.42875899999995,40.421621999999914,0.010230017236901185,0,8,46530560,my_ring_all_reduce,8,8
837,40.44008799999993,40.470165999999914,40.45106433333327,40.44293899999998,0.013556973662598514,0,8,46661632,my_ring_all_reduce,8,8
838,40.44997600000003,40.45650099999999,40.45390100000001,40.455226000000025,0.0028237829236556255,0,8,46792704,my_ring_all_reduce,8,8
839,40.38933699999994,40.40322199999998,40.39399766666663,40.38943399999995,0.006522708861285014,0,8,46923776,my_ring_all_reduce,8,8
840,40.408341,40.42088500000001,40.415467,40.417175,0.00526155439644144,0,8,47054848,my_ring_all_reduce,8,8
841,40.43326899999991,40.44018199999997,40.437652999999955,40.43950799999999,0.0031121440626788975,0,8,47185920,my_ring_all_reduce,8,8
842,40.444661000000025,40.4497840000001,40.44640100000004,40.444757999999986,0.002392469992890184,0,8,47316992,my_ring_all_reduce,8,8
843,40.429235999999975,40.45490200000009,40.44212266666669,40.44223000000001,0.010478375489066475,0,8,47448064,my_ring_all_reduce,8,8
844,40.45960400000011,40.47871100000001,40.469686666666696,40.470744999999965,0.007836215682426637,0,8,47579136,my_ring_all_reduce,8,8
845,40.44655099999998,40.45950799999994,40.453077666666594,40.45317399999988,0.00529011167702513,0,8,47710208,my_ring_all_reduce,8,8
846,40.44430799999995,40.49067699999997,40.47384466666666,40.48654900000006,0.02095345801747411,0,8,47841280,my_ring_all_reduce,8,8
847,40.48478899999995,40.50619800000006,40.49381300000004,40.490452000000104,0.009057540541849419,0,8,47972352,my_ring_all_reduce,8,8
848,40.50178200000006,40.52748099999997,40.51283333333335,40.509237000000006,0.010795365065070853,0,8,48103424,my_ring_all_reduce,8,8
849,40.48939800000001,40.507670999999974,40.49964833333336,40.50187600000011,0.0076244128225622975,0,8,48234496,my_ring_all_reduce,8,8
850,40.71070600000004,40.71186499999999,40.71123166666667,40.711124,0.0004792454717621912,0,8,48365568,my_ring_all_reduce,8,8
851,40.66293599999999,40.69624400000001,40.67733233333333,40.67281700000001,0.013967745996487873,0,8,48496640,my_ring_all_reduce,8,8
852,40.703475000000005,40.71797100000008,40.7098106666667,40.707986000000005,0.0060569827655866885,0,8,48627712,my_ring_all_reduce,8,8
853,40.70126900000009,40.71295200000002,40.70554733333342,40.70242100000015,0.005256969490283147,0,8,48758784,my_ring_all_reduce,8,8
854,40.71278999999999,40.72926799999999,40.718837666666644,40.71445499999996,0.007406616246459208,0,8,48889856,my_ring_all_reduce,8,8
855,40.69381400000001,40.696950000000015,40.69561633333333,40.69608499999996,0.0013224624338248054,0,8,49020928,my_ring_all_reduce,8,8
856,40.709520999999995,40.71269200000004,40.71066433333336,40.70978000000006,0.0014376704150272845,0,8,49152000,my_ring_all_reduce,8,8
857,40.73061500000005,40.73137899999996,40.73096500000001,40.73090100000003,0.0003151676802005657,0,8,49283072,my_ring_all_reduce,8,8
858,40.74626099999994,40.75486999999994,40.75091166666659,40.75160399999988,0.0035485409521182933,0,8,49414144,my_ring_all_reduce,8,8
859,40.76997100000002,40.79695200000005,40.78241033333334,40.78030799999996,0.011114808270466799,0,8,49545216,my_ring_all_reduce,8,8
860,40.803864000000004,40.83061200000002,40.81610666666667,40.81384399999998,0.011036413104919589,0,8,49676288,my_ring_all_reduce,8,8
861,40.85070700000003,40.889652000000005,40.86805233333333,40.86379799999995,0.016181321955331816,0,8,49807360,my_ring_all_reduce,8,8
862,40.851476,40.863890999999946,40.856489666666626,40.854101999999955,0.005342207429708414,0,8,49938432,my_ring_all_reduce,8,8
863,40.86945999999999,40.89285499999998,40.87906100000001,40.87486800000005,0.010000581416419817,0,8,50069504,my_ring_all_reduce,8,8
864,40.86933100000001,40.900499999999944,40.88762533333332,40.893045,0.013289249548223605,0,8,50200576,my_ring_all_reduce,8,8
865,40.940306000000156,40.960243000000006,40.95207166666671,40.95566599999997,0.008526836706596572,0,8,50331648,my_ring_all_reduce,8,8
866,40.972691999999995,41.02338099999994,40.99796166666662,40.99781199999993,0.02069396820866502,0,8,50462720,my_ring_all_reduce,8,8
867,41.031699999999894,41.07688299999999,41.0489263333333,41.038196000000006,0.019945440787888586,0,8,50593792,my_ring_all_reduce,8,8
868,41.11265900000004,41.12286900000001,41.11932733333334,41.12245399999997,0.004718266513101196,0,8,50724864,my_ring_all_reduce,8,8
869,41.17579599999998,41.18504200000002,41.17994433333333,41.17899499999999,0.003833888742388679,0,8,50855936,my_ring_all_reduce,8,8
870,41.19109099999999,41.20574400000001,41.19664666666668,41.19310500000004,0.006485119085687726,0,8,50987008,my_ring_all_reduce,8,8
871,41.20270900000009,41.241683,41.21599900000003,41.20360500000001,0.018165013918679147,0,8,51118080,my_ring_all_reduce,8,8
872,41.22977799999999,41.245329,41.238503333333334,41.24040300000002,0.006489219281930029,0,8,51249152,my_ring_all_reduce,8,8
873,41.260307000000005,41.281875000000014,41.27212666666668,41.274198000000005,0.008926084335004698,0,8,51380224,my_ring_all_reduce,8,8
874,41.23346300000005,41.283186,41.26063799999999,41.26526499999993,0.020561307173075014,0,8,51511296,my_ring_all_reduce,8,8
875,41.294095999999996,41.33893300000002,41.310716666666686,41.29912100000004,0.020057147625945102,0,8,51642368,my_ring_all_reduce,8,8
876,41.29989000000001,41.34974699999997,41.32337833333333,41.32049800000002,0.020455681400404106,0,8,51773440,my_ring_all_reduce,8,8
877,41.324785000000006,41.35694399999997,41.33991166666667,41.33800600000005,0.013197827961010478,0,8,51904512,my_ring_all_reduce,8,8
878,41.32875500000001,41.35944099999999,41.340146999999995,41.33224499999999,0.013717114662585128,0,8,52035584,my_ring_all_reduce,8,8
879,41.3396669999999,41.377074999999984,41.3524783333333,41.340693000000016,0.017397512797984183,0,8,52166656,my_ring_all_reduce,8,8
880,41.33083400000003,41.37470599999998,41.35414133333333,41.35688399999998,0.01801535939750996,0,8,52297728,my_ring_all_reduce,8,8
881,41.38862400000007,41.39973100000009,41.39268933333336,41.38971299999993,0.004999018725968391,0,8,52428800,my_ring_all_reduce,8,8
882,41.398322,41.41393900000007,41.40726033333338,41.40952000000008,0.006572784409161646,0,8,52559872,my_ring_all_reduce,8,8
883,41.430707,41.44683599999999,41.438664333333314,41.43844999999995,0.006586380611194585,0,8,52690944,my_ring_all_reduce,8,8
884,41.44520299999998,41.457811,41.45258366666666,41.45473700000001,0.005367684127163937,0,8,52822016,my_ring_all_reduce,8,8
885,41.479729999999925,41.49851499999984,41.4885519999999,41.48741099999994,0.007711267383906405,0,8,52953088,my_ring_all_reduce,8,8
886,41.504690999999994,41.52059199999998,41.51293533333336,41.513523000000106,0.006504842520937071,0,8,53084160,my_ring_all_reduce,8,8
887,41.507152999999995,41.53838699999996,41.520509,41.515987000000024,0.013146027333994488,0,8,53215232,my_ring_all_reduce,8,8
888,41.50837,41.550128999999956,41.52891466666667,41.528245000000055,0.017054615413085304,0,8,53346304,my_ring_all_reduce,8,8
889,41.56052799999999,41.60049899999996,41.575056999999994,41.56414400000003,0.018050676570860742,0,8,53477376,my_ring_all_reduce,8,8
890,41.65397400000002,41.67204900000003,41.663090999999994,41.66324999999994,0.007379944308736556,0,8,53608448,my_ring_all_reduce,8,8
891,41.63794000000002,41.67582799999998,41.66094699999999,41.669072999999976,0.0165004857100032,0,8,53739520,my_ring_all_reduce,8,8
892,41.66402099999995,41.695763000000035,41.682174333333364,41.68673900000012,0.013354544228720464,0,8,53870592,my_ring_all_reduce,8,8
893,41.726450000000014,41.745235000000044,41.734300333333344,41.73121599999996,0.007973033313773834,0,8,54001664,my_ring_all_reduce,8,8
894,41.73812799999997,41.76184400000004,41.74848633333335,41.745487000000026,0.00991158125070912,0,8,54132736,my_ring_all_reduce,8,8
895,41.70821000000002,41.770957999999986,41.737989000000006,41.73479900000002,0.025715882913079465,0,8,54263808,my_ring_all_reduce,8,8
896,41.73953700000001,41.76677099999999,41.75268033333334,41.751733,0.011138395136734416,0,8,54394880,my_ring_all_reduce,8,8
897,41.79758599999998,41.81972999999992,41.81224133333329,41.81940799999997,0.010363719323768762,0,8,54525952,my_ring_all_reduce,8,8
898,41.88133000000002,41.88875700000004,41.884349666666715,41.882962000000084,0.003186878967823833,0,8,54657024,my_ring_all_reduce,8,8
899,41.91355600000007,41.957359,41.93784033333336,41.942606000000026,0.01819724129882831,0,8,54788096,my_ring_all_reduce,8,8
900,42.01918499999982,42.04615800000017,42.02821799999998,42.01931099999996,0.012685599946527184,0,8,54919168,my_ring_all_reduce,8,8
901,42.05265599999996,42.061581999999994,42.05822266666661,42.060429999999876,0.003964224121922116,0,8,55050240,my_ring_all_reduce,8,8
902,42.07188699999996,42.079184000000026,42.07650666666665,42.078448999999964,0.003280350218448478,0,8,55181312,my_ring_all_reduce,8,8
903,42.09185699999999,42.11489599999995,42.10369633333332,42.104335999999996,0.009416501839250333,0,8,55312384,my_ring_all_reduce,8,8
904,42.10699699999997,42.13012800000003,42.11771466666664,42.116018999999916,0.009519007452955182,0,8,55443456,my_ring_all_reduce,8,8
905,42.12712300000008,42.13496299999999,42.13108000000003,42.13115400000001,0.0032010942920239214,0,8,55574528,my_ring_all_reduce,8,8
906,42.12804699999996,42.14273699999997,42.134138999999955,42.131632999999944,0.006253481803502991,0,8,55705600,my_ring_all_reduce,8,8
907,42.11108499999996,42.14334199999995,42.12378999999996,42.11694299999997,0.014030670428260021,0,8,55836672,my_ring_all_reduce,8,8
908,42.13166599999994,42.139441000000005,42.136326333333315,42.137872,0.0033570294739681916,0,8,55967744,my_ring_all_reduce,8,8
909,42.16193699999998,42.191887,42.17291133333333,42.164910000000006,0.013472604953101996,0,8,56098816,my_ring_all_reduce,8,8
910,42.18756599999999,42.19054299999995,42.188803999999976,42.18830299999999,0.0012659339108415186,0,8,56229888,my_ring_all_reduce,8,8
911,42.18715399999998,42.20603199999995,42.19849333333329,42.20229399999994,0.008162047183273421,0,8,56360960,my_ring_all_reduce,8,8
912,42.21524700000002,42.26094500000001,42.23096966666669,42.21671700000003,0.02120425556867906,0,8,56492032,my_ring_all_reduce,8,8
913,42.237968999999985,42.27009700000001,42.25672033333334,42.26209500000003,0.013655703993420072,0,8,56623104,my_ring_all_reduce,8,8
914,42.268912,42.28094500000001,42.27615533333335,42.27860900000005,0.005209838918399661,0,8,56754176,my_ring_all_reduce,8,8
915,42.27079800000001,42.28510599999997,42.27958833333336,42.28286100000009,0.0062829120813703955,0,8,56885248,my_ring_all_reduce,8,8
916,42.315149000000005,42.325296999999935,42.32170033333326,42.32465499999985,0.004639900669383958,0,8,57016320,my_ring_all_reduce,8,8
917,42.31226900000003,42.34212700000004,42.33089500000002,42.33828899999999,0.013263445203511618,0,8,57147392,my_ring_all_reduce,8,8
918,42.338060999999975,42.36967900000006,42.35608933333339,42.36052800000011,0.013284095812539885,0,8,57278464,my_ring_all_reduce,8,8
919,42.368624999999994,42.40228699999995,42.381893333333316,42.37476800000001,0.01463694736690553,0,8,57409536,my_ring_all_reduce,8,8
920,42.3849769999999,42.39844799999992,42.3918036666666,42.391985999999974,0.005501023803708975,0,8,57540608,my_ring_all_reduce,8,8
921,42.433070999999956,42.44712,42.441177999999994,42.44334300000002,0.005936273747079208,0,8,57671680,my_ring_all_reduce,8,8
922,42.47281699999981,42.50791799999999,42.4854236666666,42.475536000000005,0.015944581406347687,0,8,57802752,my_ring_all_reduce,8,8
923,42.49022400000005,42.52600300000001,42.51169833333336,42.51886800000002,0.015461507048852905,0,8,57933824,my_ring_all_reduce,8,8
924,42.52059100000013,42.52110299999995,42.520835666666734,42.52081300000014,0.0002096367227434208,0,8,58064896,my_ring_all_reduce,8,8
925,42.54964800000002,42.557483999999995,42.55230300000003,42.54977700000009,0.0036638987431145222,0,8,58195968,my_ring_all_reduce,8,8
926,42.5543490000001,42.567373000000025,42.561069666666704,42.56148699999999,0.005325208561349469,0,8,58327040,my_ring_all_reduce,8,8
927,42.55863799999998,42.567279,42.564142666666676,42.566511000000055,0.003904994437347148,0,8,58458112,my_ring_all_reduce,8,8
928,42.587469999999975,42.605965000000026,42.597966000000035,42.600463000000104,0.007754246707481566,0,8,58589184,my_ring_all_reduce,8,8
929,42.61995200000005,42.651788999999994,42.63368966666668,42.62932800000001,0.013358311877692007,0,8,58720256,my_ring_all_reduce,8,8
930,42.829038000000004,42.87613799999998,42.854274333333365,42.857647000000114,0.01937582102059583,0,8,58851328,my_ring_all_reduce,8,8
931,42.878449,42.89278200000007,42.88539166666669,42.884944000000004,0.0058599787447743005,0,8,58982400,my_ring_all_reduce,8,8
932,42.87908899999995,42.9304439999999,42.908782333333285,42.91681399999999,0.021721184104196156,0,8,59113472,my_ring_all_reduce,8,8
933,42.93185500000001,42.943026000000046,42.93794733333336,42.93896100000001,0.004616524690969802,0,8,59244544,my_ring_all_reduce,8,8
934,42.91746099999995,42.938418999999996,42.92660033333332,42.923921,0.008763316013690818,0,8,59375616,my_ring_all_reduce,8,8
935,42.87026200000006,42.906801999999985,42.891047666666715,42.896079000000086,0.015335767263324047,0,8,59506688,my_ring_all_reduce,8,8
936,42.893043999999996,42.90196799999994,42.89775633333332,42.898257000000015,0.0036603683178158476,0,8,59637760,my_ring_all_reduce,8,8
937,42.918099999999946,42.926641000000004,42.921127333333374,42.91864100000018,0.003905001949045479,0,8,59768832,my_ring_all_reduce,8,8
938,42.893202,42.92209499999994,42.91057566666667,42.916430000000055,0.01250083400772252,0,8,59899904,my_ring_all_reduce,8,8
939,42.90392100000009,42.92369799999997,42.91093,42.905170999999946,0.009042750061028419,0,8,60030976,my_ring_all_reduce,8,8
940,42.92596899999998,42.930066999999866,42.92747433333329,42.92638700000003,0.0018412172301652515,0,8,60162048,my_ring_all_reduce,8,8
941,42.93838400000002,42.95428999999995,42.94888233333332,42.953973,0.007424570664706879,0,8,60293120,my_ring_all_reduce,8,8
942,42.953970000000034,42.970959,42.96125433333335,42.95883400000001,0.007143763729438822,0,8,60424192,my_ring_all_reduce,8,8
943,42.97499099999998,43.009649999999965,42.98945666666665,42.98372899999999,0.014717703496876471,0,8,60555264,my_ring_all_reduce,8,8
944,42.95134600000003,43.006261,42.987090000000016,43.003663,0.025297069039700262,0,8,60686336,my_ring_all_reduce,8,8
945,43.011087,43.036912000000015,43.02733366666666,43.03400199999995,0.011549391277843697,0,8,60817408,my_ring_all_reduce,8,8
946,43.21188799999998,43.23659399999998,43.22617166666666,43.230033,0.010449211464138452,0,8,60948480,my_ring_all_reduce,8,8
947,43.23902699999994,43.253200000000014,43.24816633333331,43.25227199999997,0.006473579964429578,0,8,61079552,my_ring_all_reduce,8,8
948,43.24677100000001,43.25006699999998,43.24848866666667,43.248628,0.00134918848035522,0,8,61210624,my_ring_all_reduce,8,8
949,43.26760100000003,43.27342099999998,43.27026566666666,43.26977499999997,0.0024012032168902,0,8,61341696,my_ring_all_reduce,8,8
950,43.267666000000006,43.29527999999997,43.28250166666664,43.28455899999995,0.011366844016195126,0,8,61472768,my_ring_all_reduce,8,8
951,43.2553490000001,43.27578799999994,43.26791066666669,43.272595,0.008977580012884158,0,8,61603840,my_ring_all_reduce,8,8
952,43.262640999999974,43.27998599999998,43.26955266666664,43.26603099999996,0.007506168944427616,0,8,61734912,my_ring_all_reduce,8,8
953,43.302385000000065,43.32103400000016,43.31045666666674,43.30795099999999,0.007816865285374461,0,8,61865984,my_ring_all_reduce,8,8
954,43.31319999999998,43.31995000000002,43.315855000000035,43.314415000000096,0.002937779773910284,0,8,61997056,my_ring_all_reduce,8,8
955,43.30855900000001,43.31947499999986,43.31245399999997,43.309328000000036,0.004974513108427863,0,8,62128128,my_ring_all_reduce,8,8
956,43.293905,43.34580700000003,43.3163686666667,43.30939400000006,0.021755288741418084,0,8,62259200,my_ring_all_reduce,8,8
957,43.30632199999993,43.346897000000055,43.330341666666676,43.33780600000004,0.017385240106409048,0,8,62390272,my_ring_all_reduce,8,8
958,43.35418999999999,43.35934100000007,43.35629200000002,43.35534499999997,0.002206929541281245,0,8,62521344,my_ring_all_reduce,8,8
959,43.36299399999998,43.39477000000002,43.37409733333334,43.36452800000002,0.014631191551700451,0,8,62652416,my_ring_all_reduce,8,8
960,43.39515599999999,43.42328200000001,43.4106213333333,43.41342599999992,0.011652398475087181,0,8,62783488,my_ring_all_reduce,8,8
961,43.423956999999994,43.46020999999996,43.44644999999999,43.45518300000002,0.016036811175121627,0,8,62914560,my_ring_all_reduce,8,8
962,43.68904299999995,43.7008789999999,43.693306999999955,43.689999000000014,0.005368418264841319,0,8,63045632,my_ring_all_reduce,8,8
963,43.72363500000001,43.734638999999966,43.72799599999998,43.72571399999998,0.00477337385921641,0,8,63176704,my_ring_all_reduce,8,8
964,43.73345400000003,43.74286600000002,43.73891766666669,43.74043300000002,0.0039890360016154106,0,8,63307776,my_ring_all_reduce,8,8
965,43.73102199999994,43.761774999999965,43.74569899999998,43.744300000000045,0.012593772349863041,0,8,63438848,my_ring_all_reduce,8,8
966,43.710575999999975,43.748114,43.73485433333332,43.74587299999998,0.01719173488111383,0,8,63569920,my_ring_all_reduce,8,8
967,43.66741000000003,43.696911999999955,43.68555299999999,43.69233699999999,0.012964284091272184,0,8,63700992,my_ring_all_reduce,8,8
968,43.685262000000044,43.698930000000026,43.69167433333336,43.69083100000001,0.005611711820423841,0,8,63832064,my_ring_all_reduce,8,8
969,43.70999999999997,43.71905499999993,43.71324366666664,43.71067600000002,0.004118490041506507,0,8,63963136,my_ring_all_reduce,8,8
970,43.72712200000003,43.742195000000024,43.73413933333333,43.73310099999994,0.006197173244492279,0,8,64094208,my_ring_all_reduce,8,8
971,43.739219999999996,43.75643000000005,43.74652333333331,43.743919999999896,0.00726310463159029,0,8,64225280,my_ring_all_reduce,8,8
972,43.752527999999934,43.80161600000004,43.77690233333332,43.77656299999997,0.020041528490210788,0,8,64356352,my_ring_all_reduce,8,8
973,43.781488999999944,43.80376500000001,43.79209299999999,43.79102500000001,0.009125441066992607,0,8,64487424,my_ring_all_reduce,8,8
974,43.830928000000014,43.84164999999991,43.83758566666663,43.84017899999995,0.004745830052634751,0,8,64618496,my_ring_all_reduce,8,8
975,43.85041899999994,43.89006500000018,43.86616100000003,43.85799899999996,0.017183616460756383,0,8,64749568,my_ring_all_reduce,8,8
976,43.86536100000015,43.903248999999896,43.88023966666668,43.872108999999995,0.016501635097342298,0,8,64880640,my_ring_all_reduce,8,8
977,43.8692950000001,43.909737999999955,43.89026400000009,43.89175900000019,0.016544592893093426,0,8,65011712,my_ring_all_reduce,8,8
978,44.10865199999997,44.13188800000004,44.121753333333345,44.12472000000001,0.009715237424930056,0,8,65142784,my_ring_all_reduce,8,8
979,44.1308330000001,44.14305499999982,44.13799866666665,44.140108000000005,0.0052077689613178185,0,8,65273856,my_ring_all_reduce,8,8
980,44.14983899999992,44.15514900000001,44.152794666666644,44.15339600000001,0.0022091063553073905,0,8,65404928,my_ring_all_reduce,8,8
981,44.14548699999991,44.166926999999994,44.155458999999986,44.15396300000005,0.008816534164124222,0,8,65536000,my_ring_all_reduce,8,8
982,44.14653999999998,44.162574000000085,44.153987000000036,44.15284700000005,0.00659530080187475,0,8,65667072,my_ring_all_reduce,8,8
983,44.13140799999988,44.15233600000003,44.143024333333294,44.14532899999997,0.008697850781846704,0,8,65798144,my_ring_all_reduce,8,8
984,44.14148399999997,44.155344000000035,44.15014666666669,44.15361200000008,0.006166106352961867,0,8,65929216,my_ring_all_reduce,8,8
985,44.16619,44.18653999999998,44.173004999999954,44.16628499999986,0.009570768864992406,0,8,66060288,my_ring_all_reduce,8,8
986,44.185004000000134,44.192782000000065,44.18924033333341,44.18993500000003,0.0032131233333537587,0,8,66191360,my_ring_all_reduce,8,8
987,44.17227399999997,44.176048999999885,44.17417066666663,44.17418900000004,0.0015411918187276524,0,8,66322432,my_ring_all_reduce,8,8
988,44.16190200000006,44.190061999999976,44.175363333333365,44.17412600000005,0.011529517056439375,0,8,66453504,my_ring_all_reduce,8,8
989,44.15924999999997,44.171631,44.165732666666656,44.166316999999985,0.00507138208206899,0,8,66584576,my_ring_all_reduce,8,8
990,44.21080000000002,44.225711999999945,44.216462999999976,44.21287699999998,0.006594769796308452,0,8,66715648,my_ring_all_reduce,8,8
991,44.24689200000005,44.25867000000016,44.25179933333339,44.24983599999995,0.0050047530298213865,0,8,66846720,my_ring_all_reduce,8,8
992,44.25147100000001,44.27239899999999,44.26114666666666,44.25957,0.008616252253084256,0,8,66977792,my_ring_all_reduce,8,8
993,44.29652800000002,44.31364500000002,44.30437666666672,44.30295700000011,0.007059722012147336,0,8,67108864,my_ring_all_reduce,8,8
994,0.398556,1.2013739999999997,0.6770313333333334,0.43116400000000066,0.37100516122315874,0,2,2048,my_ring_all_reduce,2,8
995,1.0155460000000003,1.015992000000002,1.0157613333333335,1.0157459999999983,0.00018240126705291223,0,2,10240,my_ring_all_reduce,2,8
996,1.6251130000000031,1.6253699999999953,1.6252309999999994,1.6252099999999992,0.00010596540315592533,0,2,18432,my_ring_all_reduce,2,8
997,2.7311260000000037,2.732404999999997,2.7318826666666687,2.732117000000006,0.0005478103889304921,0,2,26624,my_ring_all_reduce,2,8
998,3.2976169999999985,3.2981990000000114,3.297918000000004,3.297938000000002,0.00023802100748143137,0,2,34816,my_ring_all_reduce,2,8
999,2.8289160000000084,2.830260999999984,2.8294503333333307,2.8291740000000005,0.0005828243493631333,0,2,43008,my_ring_all_reduce,2,8
1000,2.8233790000000005,2.823607,2.8234773333333325,2.823445999999996,9.568118356779124e-05,0,2,51200,my_ring_all_reduce,2,8
1001,2.8255570000000008,2.8257779999999983,2.8256509999999992,2.8256179999999995,9.319155898733259e-05,0,2,59392,my_ring_all_reduce,2,8
1002,2.713459000000006,2.713621000000001,2.713567000000003,2.713621000000001,7.63675323658422e-05,0,2,67584,my_ring_all_reduce,2,8
1003,2.7195400000000047,2.7208530000000026,2.720041666666669,2.719732000000002,0.0005790292642763013,0,2,75776,my_ring_all_reduce,2,8
1004,2.7185490000000008,2.7186140000000014,2.7185813333333364,2.7185810000000057,2.6537185650238774e-05,0,2,83968,my_ring_all_reduce,2,8
1005,2.723378999999998,2.7246590000000035,2.724030666666666,2.7240539999999966,0.0005228182178263061,0,2,92160,my_ring_all_reduce,2,8
1006,2.7251400000000015,2.7280520000000035,2.726506000000002,2.726326000000001,0.0011956130923792992,0,2,100352,my_ring_all_reduce,2,8
1007,2.7196360000000057,2.7235720000000074,2.721865666666671,2.7223889999999993,0.0016489253739598393,0,2,108544,my_ring_all_reduce,2,8
1008,2.722036000000002,2.7221029999999993,2.722080333333332,2.7221019999999956,3.1351058813985236e-05,0,2,116736,my_ring_all_reduce,2,8
1009,2.7246249999999965,2.7253029999999927,2.7249583333333294,2.7249469999999985,0.0002769083281906311,0,2,124928,my_ring_all_reduce,2,8
1010,2.728117000000002,2.728434999999998,2.728308666666667,2.728374000000001,0.00013779775840647127,0,2,133120,my_ring_all_reduce,2,8
1011,2.729779999999999,2.7300060000000013,2.7298766666666645,2.7298439999999937,9.511163032212971e-05,0,2,141312,my_ring_all_reduce,2,8
1012,2.731957000000002,2.7323710000000028,2.732106666666667,2.7319919999999964,0.00018745725438820793,0,2,149504,my_ring_all_reduce,2,8
1013,2.736243000000002,2.736467999999999,2.7363286666666724,2.736275000000016,9.938589213145722e-05,0,2,157696,my_ring_all_reduce,2,8
1014,2.7377169999999986,2.739317000000003,2.738356666666666,2.7380359999999966,0.0006914334546616824,0,2,165888,my_ring_all_reduce,2,8
1015,2.740659999999998,2.7410139999999994,2.7408639999999997,2.7409180000000006,0.00014947909552927858,0,2,174080,my_ring_all_reduce,2,8
1016,2.741749,2.7432519999999934,2.7422933333333313,2.741879,0.0006799540834139675,0,2,182272,my_ring_all_reduce,2,8
1017,2.7445330000000068,2.7449470000000002,2.7447770000000022,2.744850999999999,0.0001769293644335732,0,2,190464,my_ring_all_reduce,2,8
1018,2.745237,2.7468379999999963,2.746217999999999,2.7465790000000014,0.0007016841644682786,0,2,198656,my_ring_all_reduce,2,8
1019,2.7471229999999998,2.7503239999999933,2.748756333333334,2.7488220000000076,0.0013076274528890791,0,2,206848,my_ring_all_reduce,2,8
1020,2.7495900000000004,2.7502929999999868,2.7500063333333298,2.750136000000002,0.00030128871350654484,0,2,215040,my_ring_all_reduce,2,8
1021,2.7520509999999994,2.7533979999999993,2.752939333333334,2.7533690000000024,0.0006282580856806292,0,2,223232,my_ring_all_reduce,2,8
1022,2.7533320000000003,2.759828999999998,2.757322,2.758805,0.002852159298963288,0,2,231424,my_ring_all_reduce,2,8
1023,2.7551570000000027,2.756182999999999,2.7558293333333332,2.756147999999999,0.00047562613702425505,0,2,239616,my_ring_all_reduce,2,8
1024,2.7569489999999934,2.758677999999998,2.7578979999999973,2.758067000000001,0.0007159054872466538,0,2,247808,my_ring_all_reduce,2,8
1025,2.758451999999994,2.7595069999999997,2.7588576666666627,2.7586139999999943,0.00046388671989110533,0,2,256000,my_ring_all_reduce,2,8
1026,2.760310999999999,2.7623579999999994,2.7616323333333317,2.7622279999999972,0.000935829875327346,0,2,264192,my_ring_all_reduce,2,8
1027,2.7631590000000026,2.767989000000005,2.7653133333333373,2.764792000000005,0.002006002049407132,0,2,272384,my_ring_all_reduce,2,8
1028,2.7654930000000095,2.7674099999999964,2.766250333333336,2.765848000000002,0.0008327169720543963,0,2,280576,my_ring_all_reduce,2,8
1029,2.769201000000001,2.7708060000000008,2.7699293333333324,2.7697809999999956,0.0006635803560151714,0,2,288768,my_ring_all_reduce,2,8
1030,2.7689489999999988,2.774418000000005,2.7713060000000014,2.7705509999999993,0.0022956493634727782,0,2,296960,my_ring_all_reduce,2,8
1031,2.773717999999999,2.775890999999996,2.774526999999999,2.7739720000000014,0.0009700518886447512,0,2,305152,my_ring_all_reduce,2,8
1032,2.775443000000001,2.781077000000001,2.777343333333335,2.775510000000002,0.002640242707698436,0,2,313344,my_ring_all_reduce,2,8
1033,2.774964,2.782903,2.7783889999999993,2.7772999999999994,0.003331303148419096,0,2,321536,my_ring_all_reduce,2,8
1034,2.7796370000000006,2.780852000000006,2.7804363333333355,2.78082,0.0005653649755307603,0,2,329728,my_ring_all_reduce,2,8
1035,2.7786790000000012,2.788790000000008,2.784395666666669,2.785717999999997,0.004232375560947456,0,2,337920,my_ring_all_reduce,2,8
1036,2.784724000000002,2.787992000000006,2.7861130000000025,2.785623,0.0013784123717785043,0,2,346112,my_ring_all_reduce,2,8
1037,2.782323000000002,2.7909610000000065,2.786462666666669,2.7861039999999995,0.00353555675326663,0,2,354304,my_ring_all_reduce,2,8
1038,2.785173000000006,2.792372000000001,2.789748333333336,2.791700000000001,0.003246860261166197,0,2,362496,my_ring_all_reduce,2,8
1039,2.791635000000002,2.796114999999998,2.794078333333335,2.7944850000000043,0.0018514198755416854,0,2,370688,my_ring_all_reduce,2,8
1040,2.7934609999999975,2.797620999999999,2.7958389999999977,2.7964349999999976,0.0017498213242124055,0,2,378880,my_ring_all_reduce,2,8
1041,2.799286,2.800437000000002,2.7996800000000004,2.799316999999999,0.000535429422676665,0,2,387072,my_ring_all_reduce,2,8
1042,2.800984000000004,2.8032539999999955,2.8024656666666665,2.8031589999999986,0.0010484141463253534,0,2,395264,my_ring_all_reduce,2,8
1043,2.795894,2.8048860000000007,2.7989893333333327,2.796187999999998,0.004171300143707567,0,2,403456,my_ring_all_reduce,2,8
1044,2.8067119999999997,2.810228,2.808736666666663,2.8092699999999895,0.0014841152995030095,0,2,411648,my_ring_all_reduce,2,8
1045,2.7998910000000032,2.814451,2.8047863333333307,2.800016999999989,0.0068341449274151285,0,2,419840,my_ring_all_reduce,2,8
1046,2.8024509999999974,2.811185999999998,2.8078166666666657,2.809813000000002,0.003835280635828745,0,2,428032,my_ring_all_reduce,2,8
1047,2.8142959999999984,2.8154780000000064,2.8148376666666675,2.8147389999999985,0.0004875669754597436,0,2,436224,my_ring_all_reduce,2,8
1048,2.8165339999999923,2.8179400000000023,2.817065,2.816721000000005,0.0006234105121583747,0,2,444416,my_ring_all_reduce,2,8
1049,2.815255000000001,2.8218769999999997,2.819426333333334,2.821147,0.002964595681632206,0,2,452608,my_ring_all_reduce,2,8
1050,2.811158000000001,2.822775999999998,2.8188600000000004,2.8226460000000024,0.005446395015665089,0,2,460800,my_ring_all_reduce,2,8
1051,2.8204050000000014,2.8244399999999996,2.822113666666668,2.821496000000003,0.0017041988016520248,0,2,468992,my_ring_all_reduce,2,8
1052,2.814743000000002,2.828309999999998,2.8226686666666656,2.8249529999999976,0.005769431302609663,0,2,477184,my_ring_all_reduce,2,8
1053,2.8173039999999965,2.827287,2.8238429999999988,2.8269379999999993,0.004625965917155118,0,2,485376,my_ring_all_reduce,2,8
1054,2.830039,2.8307099999999994,2.8304443333333325,2.830583999999999,0.0002911933302040281,0,2,493568,my_ring_all_reduce,2,8
1055,2.821493999999999,2.8347370000000005,2.830133,2.8341680000000005,0.006113110555737962,0,2,501760,my_ring_all_reduce,2,8
1056,2.8234159999999937,2.8356710000000023,2.8300703333333317,2.831124,0.005058255057058571,0,2,509952,my_ring_all_reduce,2,8
1057,2.8364059999999953,2.837078999999998,2.8366836666666617,2.8365659999999915,0.00028707296788425064,0,2,518144,my_ring_all_reduce,2,8
1058,2.8381049999999997,2.8390619999999998,2.8384766666666663,2.838262999999999,0.000418889272030617,0,2,526336,my_ring_all_reduce,2,8
1059,2.8280500000000006,2.841365999999999,2.8362016666666676,2.8391890000000024,0.005832214235510103,0,2,534528,my_ring_all_reduce,2,8
1060,2.8287259999999987,2.843028000000002,2.8376423333333314,2.8411729999999933,0.006350118441590005,0,2,542720,my_ring_all_reduce,2,8
1061,2.839452000000001,2.8401470000000044,2.8398306666666695,2.8398930000000036,0.0002871356628663916,0,2,550912,my_ring_all_reduce,2,8
1062,2.844727999999999,2.859383,2.8537513333333346,2.8571430000000038,0.006445660469564185,0,2,559104,my_ring_all_reduce,2,8
1063,2.844663000000004,2.857686000000005,2.8525663333333373,2.8553500000000023,0.005669287570370294,0,2,567296,my_ring_all_reduce,2,8
1064,2.845779999999999,2.8586769999999997,2.8532479999999993,2.8552869999999992,0.005459016578102909,0,2,575488,my_ring_all_reduce,2,8
1065,2.8585200000000004,2.861368999999999,2.860161999999999,2.860596999999999,0.0012030846465087475,0,2,583680,my_ring_all_reduce,2,8
1066,2.8570470000000023,2.8628699999999956,2.8593716666666644,2.8581979999999967,0.0025179293521087717,0,2,591872,my_ring_all_reduce,2,8
1067,2.8608549999999995,2.861815999999999,2.8612716666666667,2.8611440000000004,0.0004025786327604035,0,2,600064,my_ring_all_reduce,2,8
1068,2.8595109999999986,2.8614619999999995,2.8604273333333343,2.860309000000005,0.0008008754931671317,0,2,608256,my_ring_all_reduce,2,8
1069,2.8594770000000027,2.8606280000000006,2.8601593333333333,2.860372999999996,0.0004935857462359364,0,2,616448,my_ring_all_reduce,2,8
1070,2.8588990000000014,2.8601840000000083,2.8595843333333373,2.859670000000002,0.0005280847995903139,0,2,624640,my_ring_all_reduce,2,8
1071,2.859383000000009,2.8619100000000106,2.86080133333334,2.8611110000000006,0.0010546254732786639,0,2,632832,my_ring_all_reduce,2,8
1072,2.8595740000000043,2.8624859999999974,2.860842333333333,2.8604669999999968,0.0012180838321792916,0,2,641024,my_ring_all_reduce,2,8
1073,2.8507729999999993,2.8629939999999916,2.858270666666663,2.8610449999999985,0.005361026290633446,0,2,649216,my_ring_all_reduce,2,8
1074,2.849495,2.8497779999999877,2.8496519999999954,2.8496829999999997,0.00011759535137758367,0,2,657408,my_ring_all_reduce,2,8
1075,2.8490139999999995,2.8626450000000077,2.856746333333336,2.858580000000001,0.005713888946148899,0,2,665600,my_ring_all_reduce,2,8
1076,2.8501970000000036,2.8647579999999944,2.859337999999999,2.8630589999999985,0.006500772313088676,0,2,673792,my_ring_all_reduce,2,8
1077,2.8613939999999967,2.8639879999999938,2.8622596666666644,2.861397000000001,0.0012221168338377771,0,2,681984,my_ring_all_reduce,2,8
1078,2.849907000000003,2.8631569999999993,2.858206999999999,2.8615569999999937,0.005905223676257589,0,2,690176,my_ring_all_reduce,2,8
1079,2.8552839999999997,2.863127999999997,2.8603193333333294,2.862545999999991,0.0035684373174922276,0,2,698368,my_ring_all_reduce,2,8
1080,2.8601479999999975,2.8619720000000015,2.8613013333333304,2.8617839999999926,0.0008191334174331937,0,2,706560,my_ring_all_reduce,2,8
1081,2.8616510000000006,2.8638590000000006,2.8623873333333343,2.861652000000002,0.00104062555972589,0,2,714752,my_ring_all_reduce,2,8
1082,2.861909,2.8658119999999947,2.86378633333333,2.8636379999999955,0.0015968415353072478,0,2,722944,my_ring_all_reduce,2,8
1083,2.850900999999999,2.863574999999999,2.855264,2.8513160000000024,0.005879206125546047,0,2,731136,my_ring_all_reduce,2,8
1084,2.851348,2.863218999999999,2.8586973333333336,2.8615250000000017,0.005242577885819928,0,2,739328,my_ring_all_reduce,2,8
1085,2.8506749999999994,2.8644360000000018,2.858761,2.861171999999999,0.005870886985797645,0,2,747520,my_ring_all_reduce,2,8
1086,2.860947999999998,2.8677949999999965,2.8645539999999983,2.864919,0.00280716594925637,0,2,755712,my_ring_all_reduce,2,8
1087,2.854291000000001,2.870867999999995,2.8638170000000005,2.866292000000005,0.0069901574135813015,0,2,763904,my_ring_all_reduce,2,8
1088,2.8556679999999908,2.8715729999999984,2.865161333333331,2.8682430000000023,0.006849075768959279,0,2,772096,my_ring_all_reduce,2,8
1089,2.8662930000000015,2.8740029999999988,2.8694706666666687,2.8681160000000054,0.0032901232330836724,0,2,780288,my_ring_all_reduce,2,8
1090,2.8651090000000003,2.876020000000004,2.869844000000002,2.868403000000001,0.004569452264770291,0,2,788480,my_ring_all_reduce,2,8
1091,2.856628999999999,2.8703600000000007,2.8651843333333336,2.8685640000000006,0.006093805616271196,0,2,796672,my_ring_all_reduce,2,8
1092,2.8572999999999995,2.8793180000000005,2.8710283333333337,2.8764670000000008,0.009776925294909042,0,2,804864,my_ring_all_reduce,2,8
1093,2.8693609999999996,2.8774939999999987,2.872894666666667,2.8718290000000017,0.003404717935779382,0,2,813056,my_ring_all_reduce,2,8
1094,2.8671829999999936,2.8791889999999993,2.8728409999999975,2.872151,0.004925652850132789,0,2,821248,my_ring_all_reduce,2,8
1095,2.859188,2.8806929999999977,2.872958666666665,2.878994999999998,0.009761975426224027,0,2,829440,my_ring_all_reduce,2,8
1096,2.8597650000000012,2.880564999999995,2.872553666666665,2.8773309999999985,0.009138825064280057,0,2,837632,my_ring_all_reduce,2,8
1097,2.86097800000001,2.8822920000000014,2.8743450000000057,2.8797650000000066,0.009508029904591625,0,2,845824,my_ring_all_reduce,2,8
1098,2.8807910000000003,2.882961000000003,2.8815340000000016,2.8808500000000006,0.001009328819894236,0,2,854016,my_ring_all_reduce,2,8
1099,2.8637289999999958,2.881682000000008,2.872946333333335,2.873428,0.007337190849066739,0,2,862208,my_ring_all_reduce,2,8
1100,2.8650759999999935,2.8860650000000008,2.8753359999999986,2.874867,0.008575138521721763,0,2,870400,my_ring_all_reduce,2,8
1101,2.8634139999999997,2.8856200000000025,2.8770323333333345,2.882063000000002,0.009738491133413787,0,2,878592,my_ring_all_reduce,2,8
1102,2.8732019999999974,2.8836359999999996,2.8795399999999987,2.8817819999999994,0.004545108139528613,0,2,886784,my_ring_all_reduce,2,8
1103,2.874485000000001,2.8839220000000023,2.8802436666666704,2.8823240000000077,0.00412392065340358,0,2,894976,my_ring_all_reduce,2,8
1104,2.864242999999991,2.8816849999999996,2.872424999999995,2.8713469999999943,0.007161350152034851,0,2,903168,my_ring_all_reduce,2,8
1105,2.8613330000000023,2.877265999999996,2.869438333333333,2.8697160000000004,0.006507582568731338,0,2,911360,my_ring_all_reduce,2,8
1106,2.8604970000000014,2.8773960000000005,2.8686163333333337,2.867955999999998,0.006914770679896171,0,2,919552,my_ring_all_reduce,2,8
1107,2.8679880000000013,2.874899999999998,2.872105333333334,2.8734280000000036,0.0029727676591942837,0,2,927744,my_ring_all_reduce,2,8
1108,2.854389000000001,2.87525,2.8650116666666676,2.8653960000000027,0.008520802557401131,0,2,935936,my_ring_all_reduce,2,8
1109,2.8647540000000027,2.8756039999999965,2.871047666666667,2.8727850000000017,0.004596692313196769,0,2,944128,my_ring_all_reduce,2,8
1110,2.8605640000000014,2.8744820000000035,2.8698326666666687,2.874452000000001,0.006553948496051399,0,2,952320,my_ring_all_reduce,2,8
1111,2.8537489999999988,2.874644999999999,2.8631349999999998,2.861011000000002,0.008661956514937142,0,2,960512,my_ring_all_reduce,2,8
1112,2.8699039999999987,2.8755070000000007,2.8730309999999997,2.873682000000001,0.0023332742373478083,0,2,968704,my_ring_all_reduce,2,8
1113,2.8639570000000005,2.8649150000000017,2.8643190000000005,2.8640849999999993,0.00042466300364795307,0,2,976896,my_ring_all_reduce,2,8
1114,2.854707999999998,2.866581000000006,2.862281,2.8655539999999964,0.005371308282596201,0,2,985088,my_ring_all_reduce,2,8
1115,2.865526000000009,2.875541000000003,2.872202000000005,2.8755390000000043,0.0047206449418106845,0,2,993280,my_ring_all_reduce,2,8
1116,2.866065999999999,2.876211000000003,2.871934000000001,2.8735250000000008,0.0042917530994548165,0,2,1001472,my_ring_all_reduce,2,8
1117,2.8620050000000012,2.868051999999998,2.8658973333333324,2.8676349999999986,0.002757555237684446,0,2,1009664,my_ring_all_reduce,2,8
1118,2.863892,2.872722,2.8688513333333336,2.869940000000001,0.0036861109888639224,0,2,1017856,my_ring_all_reduce,2,8
1119,2.887187,2.8956320000000013,2.892785999999999,2.895538999999997,0.003959272913048246,0,2,1026048,my_ring_all_reduce,2,8
1120,2.8918589999999966,2.899606999999999,2.8961703333333317,2.897044999999998,0.0032230066018489956,0,2,1034240,my_ring_all_reduce,2,8
1121,2.8868649999999945,2.896404000000002,2.8903336666666655,2.887732,0.004306942638219165,0,2,1042432,my_ring_all_reduce,2,8
1122,2.8823559999999997,2.8911549999999915,2.8872519999999966,2.888244999999999,0.0036601581932996017,0,2,1048576,my_ring_all_reduce,2,8
1123,2.893331000000002,2.8942600000000005,2.893929666666667,2.8941979999999985,0.0004240772990323341,0,2,1081344,my_ring_all_reduce,2,8
1124,2.898674,2.8995380000000006,2.8991333333333333,2.8991879999999983,0.0003548383043334911,0,2,1114112,my_ring_all_reduce,2,8
1125,2.895987999999998,2.8989640000000056,2.8975453333333365,2.897684000000005,0.0012188971335721102,0,2,1146880,my_ring_all_reduce,2,8
1126,2.890099,2.900849999999999,2.89707466666667,2.9002750000000086,0.004938123822759343,0,2,1179648,my_ring_all_reduce,2,8
1127,2.8952819999999955,2.899093000000001,2.8974813333333347,2.8980690000000067,0.001610371454737255,0,2,1212416,my_ring_all_reduce,2,8
1128,2.898583999999999,2.9050449999999945,2.9017499999999927,2.901620999999985,0.0026392689644402973,0,2,1245184,my_ring_all_reduce,2,8
1129,2.8893329999999953,2.8980699999999997,2.8949429999999965,2.897425999999996,0.003975571992390134,0,2,1277952,my_ring_all_reduce,2,8
1130,2.889715000000004,2.909874000000007,2.901022000000003,2.903476999999997,0.008410968592657688,0,2,1310720,my_ring_all_reduce,2,8
1131,2.891221000000005,2.9089149999999937,2.900414666666668,2.9011080000000056,0.0072401630890119376,0,2,1343488,my_ring_all_reduce,2,8
1132,2.906770999999997,2.913297999999999,2.9104946666666653,2.911415,0.0027429536796844305,0,2,1376256,my_ring_all_reduce,2,8
1133,2.9061339999999944,2.9102300000000034,2.9085229999999993,2.909205,0.0017403346421534659,0,2,1409024,my_ring_all_reduce,2,8
1134,2.8995070000000087,2.9008179999999992,2.9002320000000026,2.9003709999999994,0.0005441635783433394,0,2,1441792,my_ring_all_reduce,2,8
1135,2.9143249999999936,2.9286619999999983,2.920159666666663,2.9174919999999966,0.006149510892928276,0,2,1474560,my_ring_all_reduce,2,8
1136,2.9150920000000045,2.9178730000000015,2.9162220000000025,2.915701000000001,0.0011936138404014364,0,2,1507328,my_ring_all_reduce,2,8
1137,2.919158999999996,2.9237629999999992,2.922121666666667,2.9234430000000065,0.002098991080392713,0,2,1540096,my_ring_all_reduce,2,8
1138,2.9176810000000044,2.918770000000008,2.918343333333338,2.9185790000000016,0.0004747872037970553,0,2,1572864,my_ring_all_reduce,2,8
1139,2.9189960000000066,2.9366260000000075,2.929342000000004,2.9324039999999987,0.007516032109208623,0,2,1605632,my_ring_all_reduce,2,8
1140,2.921009000000001,2.9338460000000013,2.9266750000000012,2.925170000000002,0.005347641910225502,0,2,1638400,my_ring_all_reduce,2,8
1141,2.9138769999999985,2.935251,2.9240613333333325,2.9230559999999985,0.008754807834683399,0,2,1671168,my_ring_all_reduce,2,8
1142,2.9272839999999962,2.9337770000000054,2.929822666666667,2.928406999999999,0.002833472114252005,0,2,1703936,my_ring_all_reduce,2,8
1143,2.9312500000000017,2.940277000000002,2.9351976666666677,2.9340660000000005,0.0037711346067494742,0,2,1736704,my_ring_all_reduce,2,8
1144,2.9284650000000036,2.9383200000000036,2.9340016666666684,2.9352199999999975,0.004114487277359162,0,2,1769472,my_ring_all_reduce,2,8
1145,2.932818000000003,2.9434450000000005,2.9373210000000003,2.935699999999997,0.004487316421499998,0,2,1802240,my_ring_all_reduce,2,8
1146,2.937494999999997,2.949682999999997,2.942611666666668,2.94065700000001,0.005164131248868394,0,2,1835008,my_ring_all_reduce,2,8
1147,2.945779000000002,2.9552850000000017,2.9518380000000017,2.954450000000001,0.004297900029859179,0,2,1867776,my_ring_all_reduce,2,8
1148,2.949589000000002,2.9676980000000004,2.9592623333333328,2.9604999999999966,0.007444587937256391,0,2,1900544,my_ring_all_reduce,2,8
1149,2.9512179999999972,2.9694260000000012,2.960700999999999,2.961458999999999,0.0074526835882580515,0,2,1933312,my_ring_all_reduce,2,8
1150,2.9599860000000047,2.9721810000000004,2.9661100000000027,2.9661630000000043,0.0049787289542595845,0,2,1966080,my_ring_all_reduce,2,8
1151,2.9581950000000017,2.9664530000000013,2.961844000000001,2.960884,0.003438976688880958,0,2,1998848,my_ring_all_reduce,2,8
1152,2.9595709999999964,2.9644350000000013,2.9621946666666665,2.9625780000000015,0.002004134448807628,0,2,2031616,my_ring_all_reduce,2,8
1153,2.961396999999997,2.977302,2.967040333333332,2.962421999999999,0.007268150077947568,0,2,2064384,my_ring_all_reduce,2,8
1154,2.9686270000000006,2.9772659999999997,2.973299000000002,2.9740040000000043,0.003561914185752689,0,2,2097152,my_ring_all_reduce,2,8
1155,4.789675999999992,4.800204000000005,4.794380333333329,4.793260999999991,0.0043703071084620565,0,2,2129920,my_ring_all_reduce,2,8
1156,4.782319000000003,4.798958999999999,4.793273333333333,4.798541999999998,0.007747753925419687,0,2,2162688,my_ring_all_reduce,2,8
1157,4.7992479999999995,4.806383,4.802339666666668,4.801388000000003,0.0029895716898727916,0,2,2195456,my_ring_all_reduce,2,8
1158,4.803181999999997,4.819182000000002,4.811022666666666,4.810704000000001,0.006535858083596755,0,2,2228224,my_ring_all_reduce,2,8
1159,4.805358999999997,4.811853999999998,4.808845333333331,4.809323,0.0026729983580663437,0,2,2260992,my_ring_all_reduce,2,8
1160,4.812524999999995,4.822858,4.816896666666665,4.815307000000001,0.004365623463176545,0,2,2293760,my_ring_all_reduce,2,8
1161,4.815379000000001,4.8343209999999965,4.823366333333333,4.820399000000003,0.008012641733880261,0,2,2326528,my_ring_all_reduce,2,8
1162,4.822507999999998,4.825836,4.8239800000000015,4.823596000000007,0.0013855174725229062,0,2,2359296,my_ring_all_reduce,2,8
1163,4.812974000000002,4.835848999999999,4.825900666666668,4.828879000000004,0.009573200730278363,0,2,2392064,my_ring_all_reduce,2,8
1164,4.819373,4.822253000000004,4.8206956666666665,4.820460999999997,0.001187406510941995,0,2,2424832,my_ring_all_reduce,2,8
1165,4.8066379999999995,4.821226999999995,4.813324333333333,4.812108000000004,0.0060177144240036685,0,2,2457600,my_ring_all_reduce,2,8
1166,4.832590000000004,4.840875999999997,4.8355109999999994,4.833066999999995,0.0037986226451161235,0,2,2490368,my_ring_all_reduce,2,8
1167,4.836364999999996,4.844043999999987,4.840791333333328,4.841965,0.0032429287517414932,0,2,2523136,my_ring_all_reduce,2,8
1168,4.833742000000002,4.838282999999996,4.835852666666668,4.835533000000003,0.0018675849526985533,0,2,2555904,my_ring_all_reduce,2,8
1169,4.827947999999997,4.840010999999995,4.833045999999999,4.831179000000004,0.0050985788215917715,0,2,2588672,my_ring_all_reduce,2,8
1170,4.844875000000004,4.849997000000009,4.847168333333336,4.846632999999994,0.002125034483383508,0,2,2621440,my_ring_all_reduce,2,8
1171,4.842252999999997,4.855536999999996,4.848835999999998,4.848718000000001,0.005423812128014579,0,2,2654208,my_ring_all_reduce,2,8
1172,4.882218999999997,4.894445000000004,4.890029000000001,4.893423000000003,0.005538242561200955,0,2,2686976,my_ring_all_reduce,2,8
1173,4.886766000000003,4.902573000000006,4.893869666666669,4.892269999999999,0.006551565326106457,0,2,2719744,my_ring_all_reduce,2,8
1174,4.894924999999995,4.903531000000003,4.899959,4.901421000000002,0.003662320939880982,0,2,2752512,my_ring_all_reduce,2,8
1175,4.884939999999993,4.902026999999997,4.893548333333332,4.893678000000004,0.006976341081749825,0,2,2785280,my_ring_all_reduce,2,8
1176,4.896076999999997,4.898732000000003,4.897526000000003,4.897769000000007,0.0010974342804954212,0,2,2818048,my_ring_all_reduce,2,8
1177,4.885966999999994,4.899562000000013,4.894071000000005,4.8966840000000085,0.005849605855676289,0,2,2850816,my_ring_all_reduce,2,8
1178,4.8902829999999975,4.909835999999996,4.901516666666666,4.904431000000004,0.00824418810772532,0,2,2883584,my_ring_all_reduce,2,8
1179,4.893293000000002,4.896941999999996,4.894509333333336,4.893293000000012,0.0017201550963611427,0,2,2916352,my_ring_all_reduce,2,8
1180,4.896749000000003,4.905419000000002,4.9007373333333355,4.900044000000002,0.0035733045707792457,0,2,2949120,my_ring_all_reduce,2,8
1181,4.884107999999997,4.913576999999997,4.898732,4.898511000000006,0.01203168375581759,0,2,2981888,my_ring_all_reduce,2,8
1182,4.902857000000004,4.909743000000017,4.906572666666674,4.907118000000002,0.0028375212578791386,0,2,3014656,my_ring_all_reduce,2,8
1183,4.905930000000001,4.913294000000009,4.909846000000005,4.910314000000006,0.0030244990769858994,0,2,3047424,my_ring_all_reduce,2,8
1184,4.905165000000001,4.922220999999998,4.913079666666666,4.911853000000001,0.007016899473571075,0,2,3080192,my_ring_all_reduce,2,8
1185,4.930540000000005,4.937194000000003,4.9332600000000015,4.932045999999995,0.002848891714334482,0,2,3112960,my_ring_all_reduce,2,8
1186,4.935019999999997,4.940717000000008,4.937739666666666,4.937481999999993,0.002332916105559394,0,2,3145728,my_ring_all_reduce,2,8
1187,4.936111000000005,4.947212999999982,4.94341566666666,4.9469229999999955,0.00516653599833994,0,2,3178496,my_ring_all_reduce,2,8
1188,4.928203000000002,4.937037000000004,4.932407000000001,4.9319809999999995,0.0036190234410229333,0,2,3211264,my_ring_all_reduce,2,8
1189,4.936845000000002,4.952207000000009,4.946286000000003,4.949805999999999,0.006747372871473021,0,2,3244032,my_ring_all_reduce,2,8
1190,4.941706000000002,4.950573000000004,4.945836000000002,4.945228999999999,0.0036452945925774596,0,2,3276800,my_ring_all_reduce,2,8
1191,4.9235950000000015,4.948301,4.939574333333328,4.946826999999983,0.01131510758037485,0,2,3309568,my_ring_all_reduce,2,8
1192,4.942122999999996,4.947053,4.945291666666666,4.946699000000001,0.0022452416845924602,0,2,3342336,my_ring_all_reduce,2,8
1193,4.942414999999997,4.955467999999999,4.949430999999999,4.95041,0.005373641409696951,0,2,3375104,my_ring_all_reduce,2,8
1194,4.947237999999991,4.95300399999999,4.950739999999985,4.951977999999974,0.002511463318463019,0,2,3407872,my_ring_all_reduce,2,8
1195,4.946989000000001,4.962860000000001,4.953728666666665,4.9513369999999925,0.006696377743892673,0,2,3440640,my_ring_all_reduce,2,8
1196,4.953867000000006,4.9545069999999996,4.954133666666672,4.954027000000009,0.0002719477073882873,0,2,3473408,my_ring_all_reduce,2,8
1197,4.959372999999998,4.966668999999998,4.963522333333332,4.964525,0.0030617978741622194,0,2,3506176,my_ring_all_reduce,2,8
1198,4.959756999999994,4.978541999999987,4.96755466666666,4.964364999999998,0.007993728222101652,0,2,3538944,my_ring_all_reduce,2,8
1199,4.976751000000004,4.988491,4.983351333333334,4.984812,0.004902860412270067,0,2,3571712,my_ring_all_reduce,2,8
1200,4.986189000000002,4.994379000000001,4.991371666666669,4.993547000000006,0.0036804058954901606,0,2,3604480,my_ring_all_reduce,2,8
1201,4.975469000000005,4.989574999999997,4.982944000000001,4.9837880000000006,0.005789591868168434,0,2,3637248,my_ring_all_reduce,2,8
1202,4.979564999999996,4.987405000000013,4.984110000000007,4.985360000000015,0.003320469344343,0,2,3670016,my_ring_all_reduce,2,8
1203,4.984202000000005,4.990572,4.988287666666668,4.990089,0.002895724012322687,0,2,3702784,my_ring_all_reduce,2,8
1204,4.986124999999995,4.996779999999999,4.991457333333331,4.991466999999999,0.004349890905402591,0,2,3735552,my_ring_all_reduce,2,8
1205,4.982190999999993,4.994286000000004,4.986595666666665,4.983309999999998,0.005457041954111743,0,2,3768320,my_ring_all_reduce,2,8
1206,4.977932000000001,4.99252500000002,4.9855596666666715,4.986221999999993,0.005975947697978477,0,2,3801088,my_ring_all_reduce,2,8
1207,4.97290600000001,4.992108000000008,4.984619666666673,4.988845000000001,0.008389250357184628,0,2,3833856,my_ring_all_reduce,2,8
1208,4.980937999999998,4.9927790000000165,4.986251000000009,4.985036000000011,0.004909819344952437,0,2,3866624,my_ring_all_reduce,2,8
1209,4.981808999999994,4.994283000000005,4.987009999999996,4.984937999999991,0.00529906010534477,0,2,3899392,my_ring_all_reduce,2,8
1210,4.979947999999997,4.993422000000006,4.986167000000001,4.985130999999999,0.005549302718964795,0,2,3932160,my_ring_all_reduce,2,8
1211,4.985517,4.988524000000002,4.986849666666672,4.986508000000017,0.001251149959925107,0,2,3964928,my_ring_all_reduce,2,8
1212,4.9786319999999975,4.992108999999993,4.984693666666664,4.983340000000002,0.005584603377936772,0,2,3997696,my_ring_all_reduce,2,8
1213,4.983562999999988,4.9860600000000055,4.985131666666664,4.985771999999999,0.0011154288662085653,0,2,4030464,my_ring_all_reduce,2,8
1214,4.976108999999997,4.9935149999999995,4.984406999999991,4.98359699999998,0.007129015079239673,0,2,4063232,my_ring_all_reduce,2,8
1215,4.98539,4.987946999999997,4.987064,4.987855000000003,0.0011842924751372151,0,2,4096000,my_ring_all_reduce,2,8
1216,4.975083999999995,4.997577999999998,4.984448999999994,4.9806849999999905,0.009561059250942637,0,2,4128768,my_ring_all_reduce,2,8
1217,4.979563999999991,4.986059999999976,4.982464666666652,4.981769999999989,0.002697087976970864,0,2,4161536,my_ring_all_reduce,2,8
1218,4.980683999999999,4.994572999999993,4.988683999999997,4.9907949999999985,0.005863350634802645,0,2,4194304,my_ring_all_reduce,2,8
1219,4.987178,4.994348000000002,4.989973666666668,4.988395,0.0031327694173412836,0,2,4227072,my_ring_all_reduce,2,8
1220,4.983499999999998,5.002123999999985,4.992715666666659,4.992522999999994,0.007604436614381405,0,2,4259840,my_ring_all_reduce,2,8
1221,4.973069000000003,4.989485000000001,4.982517999999999,4.984999999999993,0.006927794598569803,0,2,4292608,my_ring_all_reduce,2,8
1222,4.988718000000008,4.995148999999983,4.991756666666661,4.991402999999991,0.002637328235576341,0,2,4325376,my_ring_all_reduce,2,8
1223,4.987083999999995,4.998604999999996,4.992321,4.991274000000007,0.004761338537287866,0,2,4358144,my_ring_all_reduce,2,8
1224,4.979691000000004,4.999946999999993,4.986997333333335,4.981354000000007,0.00918193125412325,0,2,4390912,my_ring_all_reduce,2,8
1225,4.982126000000004,4.999597000000001,4.988450666666669,4.9836290000000005,0.007905496498568726,0,2,4423680,my_ring_all_reduce,2,8
1226,5.012843999999998,5.016077,5.0148273333333355,5.015561000000009,0.001418161329173481,0,2,4456448,my_ring_all_reduce,2,8
1227,5.006700999999997,5.013866999999991,5.009845999999996,5.0089700000000015,0.002990364637740549,0,2,4489216,my_ring_all_reduce,2,8
1228,5.002539999999997,5.016554000000011,5.007926333333336,5.004685000000001,0.006163209679673879,0,2,4521984,my_ring_all_reduce,2,8
1229,5.008876000000004,5.012012999999999,5.010807000000001,5.011531999999999,0.0013794711547037075,0,2,4554752,my_ring_all_reduce,2,8
1230,5.0003629999999974,5.009162000000011,5.005088000000001,5.005738999999994,0.003621551325058983,0,2,4587520,my_ring_all_reduce,2,8
1231,4.999116000000017,5.005164000000004,5.001505000000008,5.000235000000001,0.002627324494610956,0,2,4620288,my_ring_all_reduce,2,8
1232,5.006955000000006,5.01073,5.009227333333339,5.00999700000001,0.0016344104611607118,0,2,4653056,my_ring_all_reduce,2,8
1233,5.009580999999991,5.019627000000001,5.015616999999996,5.017642999999996,0.00434427101671842,0,2,4685824,my_ring_all_reduce,2,8
1234,5.001901,5.010921000000004,5.007744333333338,5.010411000000009,0.0041371031196051865,0,2,4718592,my_ring_all_reduce,2,8
1235,5.0083650000000075,5.010348000000006,5.009205666666671,5.008904,0.0008371874872984235,0,2,4751360,my_ring_all_reduce,2,8
1236,5.003658,5.010603999999992,5.007968999999997,5.009644999999997,0.003073376102375052,0,2,4784128,my_ring_all_reduce,2,8
1237,5.010094000000005,5.019948000000004,5.01506366666667,5.015149000000001,0.0040233311516145185,0,2,4816896,my_ring_all_reduce,2,8
1238,5.0053839999999985,5.020170999999995,5.0112,5.008045000000005,0.006435804067866335,0,2,4849664,my_ring_all_reduce,2,8
1239,4.999177000000011,5.012235999999995,5.005845666666668,5.006123999999999,0.005334945943695448,0,2,4882432,my_ring_all_reduce,2,8
1240,5.008333000000006,5.018123999999997,5.012651666666668,5.0114980000000005,0.004079553107330111,0,2,4915200,my_ring_all_reduce,2,8
1241,5.006472000000009,5.011400000000005,5.008586000000002,5.007885999999991,0.0020718423363440893,0,2,4947968,my_ring_all_reduce,2,8
1242,5.004619000000003,5.017384000000002,5.011295333333336,5.011883000000002,0.005227830673955624,0,2,4980736,my_ring_all_reduce,2,8
1243,5.005931000000002,5.0092270000000205,5.0074880000000075,5.007306000000001,0.0013517265502638342,0,2,5013504,my_ring_all_reduce,2,8
1244,5.00829800000001,5.008777000000016,5.0085323333333465,5.008522000000012,0.00019568739243142717,0,2,5046272,my_ring_all_reduce,2,8
1245,5.019082999999998,5.0198189999999885,5.019530999999997,5.019691000000006,0.0003210648947885527,0,2,5079040,my_ring_all_reduce,2,8
1246,5.011821,5.0224440000000055,5.017676333333336,5.018764000000003,0.004404489855693505,0,2,5111808,my_ring_all_reduce,2,8
1247,5.0174530000000015,5.018858999999995,5.0179839999999984,5.017639999999999,0.0006234105121532566,0,2,5144576,my_ring_all_reduce,2,8
1248,5.009805,5.020841000000001,5.015818666666665,5.016809999999994,0.004559633050537518,0,2,5177344,my_ring_all_reduce,2,8
1249,4.997192999999999,5.020489999999999,5.009748666666664,5.011562999999994,0.009597097003202534,0,2,5210112,my_ring_all_reduce,2,8
1250,5.011816999999995,5.019660000000004,5.014794333333329,5.0129059999999885,0.0034691511289638086,0,2,5242880,my_ring_all_reduce,2,8
1251,5.005964,5.024906999999985,5.015851999999994,5.016684999999998,0.00775584635398198,0,2,5275648,my_ring_all_reduce,2,8
1252,5.007177000000003,5.019949999999997,5.015616666666659,5.019722999999977,0.005968465036238335,0,2,5308416,my_ring_all_reduce,2,8
1253,5.021931,5.034572999999996,5.026837666666667,5.024009000000006,0.005535103572249129,0,2,5341184,my_ring_all_reduce,2,8
1254,5.021676999999996,5.0378350000000065,5.0289603333333375,5.02736900000001,0.006691760970696461,0,2,5373952,my_ring_all_reduce,2,8
1255,5.0258059999999825,5.04068499999999,5.031906666666658,5.0292290000000035,0.0063625772730523805,0,2,5406720,my_ring_all_reduce,2,8
1256,5.031276000000002,5.036204999999998,5.033409,5.032746000000001,0.002066145687020436,0,2,5439488,my_ring_all_reduce,2,8
1257,5.031210000000007,5.0406530000000025,5.034924333333335,5.032909999999997,0.004109802617590364,0,2,5472256,my_ring_all_reduce,2,8
1258,5.032809999999998,5.034189000000013,5.033728333333335,5.034185999999995,0.0006493608823753271,0,2,5505024,my_ring_all_reduce,2,8
1259,5.034185999999995,5.040748000000007,5.036939666666668,5.035885000000002,0.002780791534002723,0,2,5537792,my_ring_all_reduce,2,8
1260,5.030728999999999,5.0394700000000086,5.035051333333339,5.034955000000009,0.003569148388936692,0,2,5570560,my_ring_all_reduce,2,8
1261,5.025228000000003,5.038955999999998,5.03181966666667,5.031275000000009,0.005617650299623796,0,2,5603328,my_ring_all_reduce,2,8
1262,5.0287769999999945,5.0417049999999985,5.034453666666665,5.032879000000001,0.0053940076216329865,0,2,5636096,my_ring_all_reduce,2,8
1263,5.031144999999993,5.033863999999987,5.032798666666661,5.033387000000003,0.0011854232249376262,0,2,5668864,my_ring_all_reduce,2,8
1264,5.028170999999999,5.032619000000006,5.030048000000005,5.02935400000001,0.0018810286193127002,0,2,5701632,my_ring_all_reduce,2,8
1265,5.031564999999999,5.043789999999993,5.03772,5.037805000000008,0.00499119725115915,0,2,5734400,my_ring_all_reduce,2,8
1266,5.032908000000002,5.034288999999993,5.033656333333331,5.033771999999999,0.0005696925096503623,0,2,5767168,my_ring_all_reduce,2,8
1267,5.021579000000005,5.033932000000003,5.029258999999996,5.032265999999981,0.0054730058164239375,0,2,5799936,my_ring_all_reduce,2,8
1268,5.027822000000015,5.033003999999994,5.030071666666671,5.029389000000001,0.002169916485840184,0,2,5832704,my_ring_all_reduce,2,8
1269,5.029167000000016,5.035527999999995,5.033014000000004,5.034347000000001,0.0027626372665657335,0,2,5865472,my_ring_all_reduce,2,8
1270,5.031145999999986,5.036936000000002,5.0347723333333265,5.036234999999993,0.0025801253630236194,0,2,5898240,my_ring_all_reduce,2,8
1271,5.035083999999981,5.043948999999993,5.039691333333324,5.040040999999998,0.0036275571517108435,0,2,5931008,my_ring_all_reduce,2,8
1272,5.036236999999997,5.0448150000000025,5.040365,5.040043000000002,0.0035093478976415907,0,2,5963776,my_ring_all_reduce,2,8
1273,5.036009999999988,5.044206000000005,5.0404923333333285,5.0412609999999916,0.0033898613868811617,0,2,5996544,my_ring_all_reduce,2,8
1274,5.036359999999993,5.043530999999995,5.039423666666664,5.0383800000000045,0.003019132362487679,0,2,6029312,my_ring_all_reduce,2,8
1275,5.0293259999999975,5.046989999999983,5.038070999999996,5.037897000000008,0.007212347329400719,0,2,6062080,my_ring_all_reduce,2,8
1276,5.023820000000014,5.036042999999998,5.031349666666673,5.034186000000005,0.005377981178424507,0,2,6094848,my_ring_all_reduce,2,8
1277,5.031342000000004,5.043499,5.036960666666666,5.036040999999997,0.005005497133706215,0,2,6127616,my_ring_all_reduce,2,8
1278,5.028906000000003,5.038955999999991,5.0351583333333325,5.037613000000005,0.004454934816829025,0,2,6160384,my_ring_all_reduce,2,8
1279,5.031563999999999,5.046314999999999,5.039061000000001,5.0393040000000076,0.006024521391779052,0,2,6193152,my_ring_all_reduce,2,8
1280,5.050859999999986,5.058090999999997,5.05452966666666,5.054637999999999,0.0029530371183323165,0,2,6225920,my_ring_all_reduce,2,8
1281,5.045769999999982,5.058124,5.0528959999999925,5.054793999999995,0.005219012167075156,0,2,6258688,my_ring_all_reduce,2,8
1282,5.055467000000001,5.061294000000002,5.05871033333333,5.059369999999988,0.0024241634066659024,0,2,6291456,my_ring_all_reduce,2,8
1283,5.054985000000005,5.061036000000001,5.057984000000001,5.057930999999997,0.002470594665256433,0,2,6324224,my_ring_all_reduce,2,8
1284,5.058188999999995,5.064714999999997,5.061387999999993,5.061259999999987,0.0026657653059996367,0,2,6356992,my_ring_all_reduce,2,8
1285,5.054986000000012,5.060268000000011,5.057002666666675,5.055754000000001,0.002330129800868705,0,2,6389760,my_ring_all_reduce,2,8
1286,5.056781000000006,5.0640420000000015,5.059798333333334,5.0585719999999945,0.003088521796731428,0,2,6422528,my_ring_all_reduce,2,8
1287,5.051627000000008,5.059214999999993,5.054668333333332,5.053162999999993,0.003275561766912369,0,2,6455296,my_ring_all_reduce,2,8
1288,5.050444999999996,5.068171000000006,5.061888666666666,5.067049999999996,0.008104825325421443,0,2,6488064,my_ring_all_reduce,2,8
1289,5.0627669999999965,5.064430000000008,5.063800999999995,5.0642059999999836,0.0007368450764359608,0,2,6520832,my_ring_all_reduce,2,8
1290,5.054952999999987,5.063341000000001,5.059936999999997,5.061517000000004,0.0036020305384671823,0,2,6553600,my_ring_all_reduce,2,8
1291,5.058764999999985,5.063342000000004,5.06065333333333,5.059853000000003,0.0019523716062556406,0,2,6586368,my_ring_all_reduce,2,8
1292,5.056459,5.064712999999996,5.061482666666665,5.063275999999998,0.003600385380605386,0,2,6619136,my_ring_all_reduce,2,8
1293,5.06001100000001,5.067020000000001,5.063083666666671,5.062220000000001,0.002925857177342107,0,2,6651904,my_ring_all_reduce,2,8
1294,5.062603000000003,5.074283999999985,5.070176666666662,5.073643000000001,0.005361780819420204,0,2,6684672,my_ring_all_reduce,2,8
1295,5.065127999999997,5.070888999999999,5.068788666666665,5.070348999999998,0.0025978530024285524,0,2,6717440,my_ring_all_reduce,2,8
1296,5.061290999999999,5.0731970000000075,5.068683666666668,5.071562999999995,0.005269796285332793,0,2,6750208,my_ring_all_reduce,2,8
1297,5.056939000000001,5.0657690000000075,5.060672000000001,5.059307999999998,0.0037316302960893996,0,2,6782976,my_ring_all_reduce,2,8
1298,5.063018999999999,5.068393000000004,5.065931,5.066380999999998,0.0022168812928695103,0,2,6815744,my_ring_all_reduce,2,8
1299,5.067147000000012,5.071723999999999,5.068758666666671,5.067405000000003,0.0020994510922789865,0,2,6848512,my_ring_all_reduce,2,8
1300,5.053802,5.070088999999997,5.061482666666667,5.060557000000001,0.0066812791356796975,0,2,6881280,my_ring_all_reduce,2,8
1301,5.071020000000004,5.071820999999998,5.0713190000000035,5.071116000000009,0.0003571246281024631,0,2,6914048,my_ring_all_reduce,2,8
1302,5.053800000000018,5.066188999999999,5.061994333333338,5.065993999999999,0.005794815518097744,0,2,6946816,my_ring_all_reduce,2,8
1303,5.062826000000001,5.0667300000000175,5.06454333333334,5.064074000000001,0.0016279863499364911,0,2,6979584,my_ring_all_reduce,2,8
1304,5.06135300000001,5.073259,5.067136000000004,5.066796,0.004866546277045771,0,2,7012352,my_ring_all_reduce,2,8
1305,5.061516999999997,5.074414000000004,5.069218,5.071722999999999,0.005555143022463952,0,2,7045120,my_ring_all_reduce,2,8
1306,5.069289000000001,5.0787660000000034,5.074518,5.075498999999996,0.003930661776342866,0,2,7077888,my_ring_all_reduce,2,8
1307,5.233803000000007,5.238218,5.236138666666669,5.236394999999999,0.0018115069846799101,0,2,7110656,my_ring_all_reduce,2,8
1308,5.239083999999999,5.240012999999999,5.23968133333333,5.239946999999993,0.0004232369969112638,0,2,7143424,my_ring_all_reduce,2,8
1309,5.249102000000002,5.251500000000014,5.250614333333339,5.251241,0.0010745958413414611,0,2,7176192,my_ring_all_reduce,2,8
1310,5.248904999999992,5.252844999999999,5.251498666666666,5.252746000000006,0.0018344445723181412,0,2,7208960,my_ring_all_reduce,2,8
1311,5.245836,5.262889999999998,5.255788333333334,5.258639000000003,0.007248193077511565,0,2,7241728,my_ring_all_reduce,2,8
1312,5.26116399999999,5.265548000000003,5.263755,5.264553000000007,0.0018766045578892225,0,2,7274496,my_ring_all_reduce,2,8
1313,5.261708999999995,5.263881999999984,5.263008999999993,5.263436000000001,0.0009370980026985713,0,2,7307264,my_ring_all_reduce,2,8
1314,5.262857000000004,5.269898999999998,5.266398333333331,5.266438999999991,0.002875028270389911,0,2,7340032,my_ring_all_reduce,2,8
1315,5.2658339999999955,5.268007999999988,5.2671136666666625,5.2674990000000035,0.0009284145386371984,0,2,7372800,my_ring_all_reduce,2,8
1316,5.270316999999988,5.277224000000002,5.2727456666666646,5.270696000000004,0.0031704376494278972,0,2,7405568,my_ring_all_reduce,2,8
1317,5.275494999999988,5.282794999999998,5.279252666666664,5.279468000000005,0.002984099678113348,0,2,7438336,my_ring_all_reduce,2,8
1318,5.2826010000000005,5.285004999999997,5.28368033333333,5.2834349999999946,0.0009966428090780529,0,2,7471104,my_ring_all_reduce,2,8
1319,5.267688000000002,5.280746000000007,5.275016666666669,5.276616,0.0054495407349827605,0,2,7503872,my_ring_all_reduce,2,8
1320,5.284745999999999,5.288361999999998,5.286943333333335,5.287722000000009,0.00157556451964341,0,2,7536640,my_ring_all_reduce,2,8
1321,5.288109000000011,5.289450000000012,5.288565333333342,5.2881370000000025,0.0006256582311655468,0,2,7569408,my_ring_all_reduce,2,8
1322,5.310411,5.31143399999998,5.310805333333318,5.310570999999975,0.0004493078627745025,0,2,7602176,my_ring_all_reduce,2,8
1323,5.325581000000006,5.329546999999984,5.327231999999995,5.3265679999999955,0.0016858155296385572,0,2,7634944,my_ring_all_reduce,2,8
1324,5.3304409999999915,5.336075000000005,5.332822333333335,5.331951000000008,0.0023811629278374675,0,2,7667712,my_ring_all_reduce,2,8
1325,5.334762,5.336330000000009,5.335765333333335,5.336203999999998,0.0007113261480445888,0,2,7700480,my_ring_all_reduce,2,8
1326,5.3368400000000005,5.338248000000007,5.3375650000000014,5.337606999999997,0.0005755802869015127,0,2,7733248,my_ring_all_reduce,2,8
1327,5.334281999999999,5.341514000000003,5.338196333333333,5.338792999999998,0.0029824446721154747,0,2,7766016,my_ring_all_reduce,2,8
1328,5.364872999999992,5.3681050000000035,5.367017,5.368073000000004,0.0015160932249315394,0,2,7798784,my_ring_all_reduce,2,8
1329,5.370605000000018,5.377034000000002,5.373557333333341,5.373033000000005,0.0026506859908690277,0,2,7831552,my_ring_all_reduce,2,8
1330,5.376167999999991,5.37821899999999,5.37717266666666,5.377131000000001,0.0008378354386281235,0,2,7864320,my_ring_all_reduce,2,8
1331,5.389355000000004,5.394794000000009,5.392170000000005,5.392361000000005,0.0022245660250955453,0,2,7897088,my_ring_all_reduce,2,8
1332,5.387758,5.389993999999997,5.389205999999999,5.389866000000002,0.001025223227724719,0,2,7929856,my_ring_all_reduce,2,8
1333,5.389161999999997,5.395337000000003,5.3927999999999985,5.393900999999998,0.0026384094956388784,0,2,7962624,my_ring_all_reduce,2,8
1334,5.389481,5.394123000000007,5.392575666666668,5.394122999999996,0.0021882597855126134,0,2,7995392,my_ring_all_reduce,2,8
1335,5.394793999999997,5.398543999999987,5.396353666666663,5.395723000000002,0.0015945595699769024,0,2,8028160,my_ring_all_reduce,2,8
1336,5.398666000000012,5.4035299999999955,5.401823,5.403272999999994,0.002234800363932045,0,2,8060928,my_ring_all_reduce,2,8
1337,5.394219999999996,5.403339,5.399755333333332,5.401707000000003,0.003970372974365593,0,2,8093696,my_ring_all_reduce,2,8
1338,5.39850399999999,5.407185000000013,5.403043333333334,5.403440999999999,0.003555141284902705,0,2,8126464,my_ring_all_reduce,2,8
1339,5.391018000000003,5.401128999999994,5.397108333333329,5.399177999999993,0.004379552513919899,0,2,8159232,my_ring_all_reduce,2,8
1340,5.401992999999995,5.409356000000007,5.4068909999999955,5.4093239999999865,0.0034634336527026737,0,2,8192000,my_ring_all_reduce,2,8
1341,5.404298999999992,5.406952999999987,5.4051943333333305,5.404331000000013,0.0012436337438615347,0,2,8224768,my_ring_all_reduce,2,8
1342,5.407274000000005,5.4113399999999965,5.409622333333332,5.410252999999997,0.0017187969306688242,0,2,8257536,my_ring_all_reduce,2,8
1343,5.402057000000008,5.406510999999998,5.4040956666666675,5.403718999999997,0.0018377408836782543,0,2,8290304,my_ring_all_reduce,2,8
1344,5.401288999999998,5.409608000000004,5.40493733333333,5.40391499999999,0.0034723012862145834,0,2,8323072,my_ring_all_reduce,2,8
1345,5.4004579999999995,5.403084999999992,5.401910333333331,5.402188000000002,0.0010902924174505336,0,2,8355840,my_ring_all_reduce,2,8
1346,5.403754999999994,5.407243000000006,5.405481999999999,5.405447999999997,0.0014241729763901844,0,2,8388608,my_ring_all_reduce,2,8
1347,5.404552999999993,5.409483000000001,5.406794333333327,5.406346999999987,0.0020373684551985433,0,2,8421376,my_ring_all_reduce,2,8
1348,5.415434999999991,5.421579000000006,5.4190723333333315,5.420202999999998,0.002632614585461812,0,2,8454144,my_ring_all_reduce,2,8
1349,5.415785,5.425225,5.420596666666666,5.420779999999999,0.003856043597033603,0,2,8486912,my_ring_all_reduce,2,8
1350,5.424936999999984,5.429673999999992,5.427603333333323,5.428198999999993,0.001979209662694728,0,2,8519680,my_ring_all_reduce,2,8
1351,5.424169000000002,5.425930999999997,5.425226666666667,5.42558,0.0007614872874093853,0,2,8552448,my_ring_all_reduce,2,8
1352,5.428680000000001,5.431690999999999,5.430207666666667,5.430252,0.0012296352666083521,0,2,8585216,my_ring_all_reduce,2,8
1353,5.424714999999989,5.431592999999993,5.428863333333325,5.430281999999992,0.0029817424808712104,0,2,8617984,my_ring_all_reduce,2,8
1354,5.431338000000018,5.436938999999995,5.434420333333339,5.434984000000003,0.0023210759478120764,0,2,8650752,my_ring_all_reduce,2,8
1355,5.429227000000006,5.433899999999994,5.431455666666668,5.431240000000005,0.0019138297265438005,0,2,8683520,my_ring_all_reduce,2,8
1356,5.4232770000000095,5.43824700000001,5.432223000000003,5.43514499999999,0.006451293823719764,0,2,8716288,my_ring_all_reduce,2,8
1357,5.429382999999987,5.435592000000011,5.432146666666665,5.431464999999998,0.0025802354328508786,0,2,8749056,my_ring_all_reduce,2,8
1358,5.431752999999999,5.438412000000004,5.434623666666667,5.433705999999998,0.002794894671045039,0,2,8781824,my_ring_all_reduce,2,8
1359,5.434506999999995,5.438313999999995,5.436896666666662,5.437868999999999,0.001699487439070557,0,2,8814592,my_ring_all_reduce,2,8
1360,5.424455999999998,5.442248999999982,5.43528366666666,5.439145999999999,0.007760409195964686,0,2,8847360,my_ring_all_reduce,2,8
1361,5.432454000000019,5.438344999999994,5.436168000000005,5.437704999999999,0.0026391598410495775,0,2,8880128,my_ring_all_reduce,2,8
1362,5.441003000000001,5.443625999999989,5.442335666666665,5.442378000000004,0.0010712535751222583,0,2,8912896,my_ring_all_reduce,2,8
1363,5.4396250000000075,5.445479999999981,5.4430169999999976,5.443946000000004,0.0024789160265368737,0,2,8945664,my_ring_all_reduce,2,8
1364,5.444395999999993,5.446952000000005,5.445301333333333,5.444556,0.0011690239043314007,0,2,8978432,my_ring_all_reduce,2,8
1365,5.450056,5.451306999999994,5.450697666666666,5.450730000000004,0.0005112301069183331,0,2,9011200,my_ring_all_reduce,2,8
1366,5.449481999999993,5.455946,5.4534816666666615,5.455016999999993,0.0028535078217697316,0,2,9043968,my_ring_all_reduce,2,8
1367,5.4516919999999995,5.4570029999999985,5.455211666666666,5.456939999999999,0.0024889130603980244,0,2,9076736,my_ring_all_reduce,2,8
1368,5.453995000000003,5.458761999999999,5.4562023333333345,5.4558500000000025,0.001962001755575963,0,2,9109504,my_ring_all_reduce,2,8
1369,5.450761999999988,5.459879000000016,5.456680333333335,5.459400000000001,0.004189459975817162,0,2,9142272,my_ring_all_reduce,2,8
1370,5.452009000000006,5.457671999999988,5.455284333333336,5.456172000000013,0.002395601014818316,0,2,9175040,my_ring_all_reduce,2,8
1371,5.459657999999996,5.461324999999997,5.460447666666663,5.460359999999997,0.0006833673162286233,0,2,9207808,my_ring_all_reduce,2,8
1372,5.455242000000001,5.46116,5.458591000000001,5.459370999999999,0.0024781688131891148,0,2,9240576,my_ring_all_reduce,2,8
1373,5.454567999999999,5.464106000000014,5.459699333333336,5.460423999999992,0.003927443386682543,0,2,9273344,my_ring_all_reduce,2,8
1374,5.457417999999991,5.467144000000007,5.463711333333332,5.466571999999995,0.004456181424598263,0,2,9306112,my_ring_all_reduce,2,8
1375,5.466891000000003,5.471530999999995,5.469386000000001,5.469736000000005,0.001910370819148963,0,2,9338880,my_ring_all_reduce,2,8
1376,5.472681999999994,5.4763299999999875,5.474793333333332,5.475368000000016,0.0015437308343397714,0,2,9371648,my_ring_all_reduce,2,8
1377,5.473769000000008,5.476392000000007,5.475102666666673,5.475147000000004,0.0010712940254140608,0,2,9404416,my_ring_all_reduce,2,8
1378,5.475404000000003,5.477323000000002,5.476107999999997,5.475596999999987,0.0008627402080993349,0,2,9437184,my_ring_all_reduce,2,8
1379,5.472170999999995,5.481220999999998,5.477683666666667,5.479659000000007,0.00394985918174029,0,2,9469952,my_ring_all_reduce,2,8
1380,5.472265999999996,5.4778649999999995,5.474879333333327,5.474506999999983,0.0023008946569177636,0,2,9502720,my_ring_all_reduce,2,8
1381,5.482029000000003,5.482988000000002,5.482518333333336,5.482538000000001,0.0003917570108565033,0,2,9535488,my_ring_all_reduce,2,8
1382,5.480394999999997,5.4824420000000025,5.481344,5.481195000000001,0.0008422996299834352,0,2,9568256,my_ring_all_reduce,2,8
1383,5.479402000000004,5.484235000000008,5.48222933333334,5.483051000000007,0.0020568299773103768,0,2,9601024,my_ring_all_reduce,2,8
1384,5.476553999999995,5.484139,5.480714666666664,5.481450999999997,0.003140031457735459,0,2,9633792,my_ring_all_reduce,2,8
1385,5.481129000000001,5.481548999999994,5.481343666666664,5.481352999999996,0.00017159124556504344,0,2,9666560,my_ring_all_reduce,2,8
1386,5.478026000000005,5.483657999999996,5.480980666666663,5.481257999999987,0.002307602122449907,0,2,9699328,my_ring_all_reduce,2,8
1387,5.483532999999996,5.484134,5.483903999999998,5.484044999999998,0.0002648408327042979,0,2,9732096,my_ring_all_reduce,2,8
1388,5.474854999999996,5.486569999999999,5.482440333333334,5.485896000000008,0.005370693954750155,0,2,9764864,my_ring_all_reduce,2,8
1389,5.478695000000002,5.484297000000002,5.480680666666674,5.479050000000018,0.0025612375047112737,0,2,9797632,my_ring_all_reduce,2,8
1390,5.480618999999999,5.488616000000009,5.484201666666671,5.4833700000000025,0.0033173035569445705,0,2,9830400,my_ring_all_reduce,2,8
1391,5.486604999999996,5.491910000000003,5.488425333333328,5.4867609999999845,0.002464854334219043,0,2,9863168,my_ring_all_reduce,2,8
1392,5.484808999999998,5.4939630000000035,5.48941766666666,5.489480999999978,0.003737373171391803,0,2,9895936,my_ring_all_reduce,2,8
1393,5.490188000000002,5.493353999999999,5.491978333333332,5.492392999999996,0.0013253553821089576,0,2,9928704,my_ring_all_reduce,2,8
1394,5.492105,5.4946670000000015,5.493374999999998,5.4933529999999955,0.0010460478000558773,0,2,9961472,my_ring_all_reduce,2,8
1395,5.489737999999994,5.492553,5.491507666666663,5.4922319999999925,0.0012581866139644196,0,2,9994240,my_ring_all_reduce,2,8
1396,5.494699999999997,5.497034000000014,5.496159666666671,5.496745000000001,0.0010388616633444918,0,2,10027008,my_ring_all_reduce,2,8
1397,5.496487999999983,5.501288000000004,5.498824333333329,5.498697,0.0019616592183459456,0,2,10059776,my_ring_all_reduce,2,8
1398,5.499947000000002,5.505771000000005,5.502047666666667,5.5004249999999955,0.0026400163299183078,0,2,10092544,my_ring_all_reduce,2,8
1399,5.499272000000005,5.502696000000004,5.501511333333336,5.502565999999997,0.0015843369450812476,0,2,10125312,my_ring_all_reduce,2,8
1400,5.503655999999998,5.505413,5.504699999999999,5.505030999999999,0.0007545122044526509,0,2,10158080,my_ring_all_reduce,2,8
1401,5.500203999999983,5.504777999999991,5.503103666666658,5.504329,0.002058551324494541,0,2,10190848,my_ring_all_reduce,2,8
1402,5.513037000000004,5.517642000000002,5.515872333333337,5.516938000000002,0.0020253790317415945,0,2,10223616,my_ring_all_reduce,2,8
1403,5.513963999999996,5.517866999999998,5.515316999999996,5.514119999999996,0.0018042466571962102,0,2,10256384,my_ring_all_reduce,2,8
1404,5.520712,5.522347000000009,5.521353000000004,5.5210000000000035,0.000712630338959242,0,2,10289152,my_ring_all_reduce,2,8
1405,5.511303999999996,5.520327999999983,5.51688266666666,5.519016000000003,0.003980910895201623,0,2,10321920,my_ring_all_reduce,2,8
1406,5.515178000000001,5.526090999999993,5.520031666666657,5.518825999999979,0.004536049406940866,0,2,10354688,my_ring_all_reduce,2,8
1407,5.521097000000002,5.525961999999993,5.524339333333331,5.525959,0.0022926762139932667,0,2,10387456,my_ring_all_reduce,2,8
1408,5.521131000000001,5.530216999999997,5.524767333333332,5.522953999999998,0.003924706556615865,0,2,10420224,my_ring_all_reduce,2,8
1409,5.518985000000001,5.527306,5.523828000000001,5.525193,0.0035314943956723014,0,2,10452992,my_ring_all_reduce,2,8
1410,5.527492000000006,5.528233000000004,5.527750666666673,5.527527000000009,0.00034136035049159313,0,2,10485760,my_ring_all_reduce,2,8
1411,5.525672999999995,5.531718999999999,5.527987666666668,5.526571000000011,0.002663798958045342,0,2,10518528,my_ring_all_reduce,2,8
1412,5.526600999999995,5.528554999999979,5.527710333333324,5.527974999999999,0.0008193759142666485,0,2,10551296,my_ring_all_reduce,2,8
1413,5.526411000000002,5.531211,5.529407,5.530598999999999,0.0021331741607272642,0,2,10584064,my_ring_all_reduce,2,8
1414,5.525514999999996,5.528554999999996,5.527177666666668,5.527463000000011,0.001257367974073368,0,2,10616832,my_ring_all_reduce,2,8
1415,5.52458600000001,5.531178999999996,5.527817333333338,5.527687000000006,0.002693158286385196,0,2,10649600,my_ring_all_reduce,2,8
1416,5.526313000000002,5.5384720000000165,5.53125200000001,5.528971000000013,0.0052193576233147765,0,2,10682368,my_ring_all_reduce,2,8
1417,5.523655000000002,5.536650000000005,5.531273333333336,5.533515000000001,0.005536925039125694,0,2,10715136,my_ring_all_reduce,2,8
1418,5.52916199999999,5.5354629999999965,5.53310733333333,5.534697000000004,0.002807244239863712,0,2,10747904,my_ring_all_reduce,2,8
1419,5.534153000000006,5.541802000000003,5.538729000000007,5.540232000000011,0.003298591315496033,0,2,10780672,my_ring_all_reduce,2,8
1420,5.533896,5.542089000000003,5.537565333333336,5.536711000000003,0.0033988945588573,0,2,10813440,my_ring_all_reduce,2,8
1421,5.5370629999999945,5.540967000000026,5.538996000000007,5.538958000000001,0.0015940278124009673,0,2,10846208,my_ring_all_reduce,2,8
1422,5.542344000000004,5.549131000000009,5.545875000000002,5.546149999999995,0.002777596202955844,0,2,10878976,my_ring_all_reduce,2,8
1423,5.554150000000009,5.557737000000005,5.555666333333336,5.555111999999994,0.0015159389462932969,0,2,10911744,my_ring_all_reduce,2,8
1424,5.5428270000000195,5.551237999999998,5.546601000000006,5.545738000000001,0.0034875786251510645,0,2,10944512,my_ring_all_reduce,2,8
1425,5.540392999999989,5.542314999999995,5.541545333333329,5.541928000000004,0.0008299985274458396,0,2,10977280,my_ring_all_reduce,2,8
1426,5.548870999999999,5.551080999999998,5.549906666666669,5.549768000000011,0.0009075411224219947,0,2,11010048,my_ring_all_reduce,2,8
1427,5.547912000000019,5.551560999999973,5.549789999999995,5.549896999999997,0.0014916181369944708,0,2,11042816,my_ring_all_reduce,2,8
1428,5.552616999999999,5.553896000000008,5.553373666666668,5.553607999999995,0.0005478103889347502,0,2,11075584,my_ring_all_reduce,2,8
1429,5.559366999999984,5.560457999999992,5.559900999999994,5.559878000000005,0.00044569571084902333,0,2,11108352,my_ring_all_reduce,2,8
1430,5.561478000000006,5.564297999999999,5.562835333333337,5.562730000000007,0.0011536670037529848,0,2,11141120,my_ring_all_reduce,2,8
1431,5.566698,5.5667300000000015,5.566718666666667,5.566727999999996,1.46363322663924e-05,0,2,11173888,my_ring_all_reduce,2,8
1432,5.565388,5.570119999999996,5.5672516666666665,5.566247000000003,0.002058311983692568,0,2,11206656,my_ring_all_reduce,2,8
1433,5.567146999999998,5.569354000000003,5.568319333333334,5.568457000000001,0.0009062473295003075,0,2,11239424,my_ring_all_reduce,2,8
1434,5.566279000000001,5.573256999999996,5.570184333333333,5.571017000000002,0.002908965604623216,0,2,11272192,my_ring_all_reduce,2,8
1435,5.568488999999994,5.573383000000009,5.570142333333337,5.568555000000008,0.0022916557817959575,0,2,11304960,my_ring_all_reduce,2,8
1436,5.578409,5.587882000000013,5.58310266666667,5.583016999999996,0.0038678104342893664,0,2,11337728,my_ring_all_reduce,2,8
1437,5.590921000000001,5.593894999999999,5.5922113333333305,5.591817999999992,0.0012455794724635417,0,2,11370496,my_ring_all_reduce,2,8
1438,5.598024999999991,5.602058000000019,5.6006496666666665,5.601865999999991,0.0018575741050042484,0,2,11403264,my_ring_all_reduce,2,8
1439,5.606440999999999,5.611659999999975,5.609609666666658,5.610728000000001,0.002272662510989351,0,2,11436032,my_ring_all_reduce,2,8
1440,5.609352999999988,5.615080999999996,5.612499666666661,5.613064999999999,0.002372368343148693,0,2,11468800,my_ring_all_reduce,2,8
1441,5.611822000000015,5.618699,5.614378333333343,5.612614000000012,0.003072234402219815,0,2,11501568,my_ring_all_reduce,2,8
1442,5.616040000000003,5.623018999999986,5.619764666666668,5.620235000000015,0.0028685095239264695,0,2,11534336,my_ring_all_reduce,2,8
1443,5.619400999999991,5.621674999999995,5.620393999999995,5.620106,0.000950430428806864,0,2,11567104,my_ring_all_reduce,2,8
1444,5.621163000000005,5.625896000000015,5.6232316666666735,5.622636000000001,0.001977614106840802,0,2,11599872,my_ring_all_reduce,2,8
1445,5.619847999999998,5.626152999999999,5.623719666666664,5.625157999999996,0.002767653438484294,0,2,11632640,my_ring_all_reduce,2,8
1446,5.62161099999999,5.629995000000001,5.625866666666659,5.625993999999984,0.0034239377265928034,0,2,11665408,my_ring_all_reduce,2,8
1447,5.623245000000001,5.628999000000011,5.62590766666667,5.6254789999999995,0.002368536163029191,0,2,11698176,my_ring_all_reduce,2,8
1448,5.620709999999999,5.629127,5.624849,5.624710000000001,0.0034376312581006416,0,2,11730944,my_ring_all_reduce,2,8
1449,5.629671000000002,5.637932999999999,5.632659333333334,5.630374,0.0037400732910220897,0,2,11763712,my_ring_all_reduce,2,8
1450,5.6336109999999975,5.636266999999993,5.6353173333333295,5.636073999999997,0.0012091298064665764,0,2,11796480,my_ring_all_reduce,2,8
1451,5.628649000000002,5.635177000000003,5.631731666666668,5.6313689999999985,0.002677354581589662,0,2,11829248,my_ring_all_reduce,2,8
1452,5.629700000000012,5.638758999999991,5.635313333333336,5.637481000000004,0.004003369775014021,0,2,11862016,my_ring_all_reduce,2,8
1453,5.62542,5.640841999999982,5.634240333333326,5.636458999999995,0.006488522293671345,0,2,11894784,my_ring_all_reduce,2,8
1454,5.634412000000011,5.639304999999986,5.637225333333332,5.637959,0.002063825304828231,0,2,11927552,my_ring_all_reduce,2,8
1455,5.6368699999999885,5.642373999999997,5.638843666666662,5.637287000000001,0.002502120744933963,0,2,11960320,my_ring_all_reduce,2,8
1456,5.635177000000003,5.640361000000005,5.637064666666665,5.6356559999999885,0.002339048286997585,0,2,11993088,my_ring_all_reduce,2,8
1457,5.643399999999998,5.645416999999994,5.644317666666665,5.644136000000002,0.0008333963976116406,0,2,12025856,my_ring_all_reduce,2,8
1458,5.639429000000004,5.6473689999999985,5.644412666666668,5.646439999999999,0.0035443344775671014,0,2,12058624,my_ring_all_reduce,2,8
1459,5.64308,5.6548559999999926,5.6493629999999975,5.650152999999999,0.004839877340040485,0,2,12091392,my_ring_all_reduce,2,8
1460,5.646372000000002,5.653192999999999,5.650524333333337,5.652008000000009,0.002975730759923849,0,2,12124160,my_ring_all_reduce,2,8
1461,5.649545000000013,5.655147000000005,5.651732666666676,5.650506000000009,0.0024459673387448814,0,2,12156928,my_ring_all_reduce,2,8
1462,5.6556900000000025,5.660039999999993,5.657598999999997,5.657066999999995,0.0018152856524491015,0,2,12189696,my_ring_all_reduce,2,8
1463,5.651340000000004,5.660104000000007,5.656393333333334,5.65773599999999,0.0037017103554371216,0,2,12222464,my_ring_all_reduce,2,8
1464,5.658759999999995,5.661064999999995,5.660028999999995,5.660261999999999,0.0009553264712483015,0,2,12255232,my_ring_all_reduce,2,8
1465,5.654151000000003,5.660649000000001,5.657469333333338,5.657608000000008,0.0026546088642619603,0,2,12288000,my_ring_all_reduce,2,8
1466,5.656904000000003,5.661642999999996,5.659752333333334,5.660710000000006,0.0020497763021566735,0,2,12320768,my_ring_all_reduce,2,8
1467,5.6556900000000025,5.660135999999992,5.658494999999999,5.659659000000007,0.001992971148810547,0,2,12353536,my_ring_all_reduce,2,8
1468,5.648778000000004,5.659560000000003,5.655881000000002,5.659305000000001,0.005023658228819985,0,2,12386304,my_ring_all_reduce,2,8
1469,5.654155999999996,5.656329999999987,5.655198666666661,5.6551100000000005,0.0008897435335807043,0,2,12419072,my_ring_all_reduce,2,8
1470,5.655465999999997,5.6613519999999955,5.657960666666663,5.657063999999995,0.00248519044653594,0,2,12451840,my_ring_all_reduce,2,8
1471,5.654219999999994,5.661221999999998,5.658258999999998,5.659335000000003,0.0029580774161629513,0,2,12484608,my_ring_all_reduce,2,8
1472,5.652712000000014,5.657516999999992,5.654645333333331,5.653706999999987,0.0020708063378461062,0,2,12517376,my_ring_all_reduce,2,8
1473,5.653517000000007,5.660393000000007,5.658048333333336,5.660234999999993,0.0032047857269301683,0,2,12550144,my_ring_all_reduce,2,8
1474,5.655465000000004,5.659979,5.658047000000001,5.658697000000001,0.0018992847776623982,0,2,12582912,my_ring_all_reduce,2,8
1475,5.655593000000016,5.662570999999996,5.660148000000007,5.662280000000006,0.003223061587986687,0,2,12615680,my_ring_all_reduce,2,8
1476,5.651720000000001,5.665318999999999,5.660124666666667,5.663334999999999,0.005997937441783294,0,2,12648448,my_ring_all_reduce,2,8
1477,5.6509209999999985,5.664009999999995,5.65861133333333,5.6609029999999985,0.005583862601778659,0,2,12681216,my_ring_all_reduce,2,8
1478,5.660424999999999,5.663624000000011,5.661971000000002,5.661863999999998,0.0013081760839733787,0,2,12713984,my_ring_all_reduce,2,8
1479,5.656778000000002,5.666187000000013,5.662505000000006,5.664549999999999,0.004104374820443546,0,2,12746752,my_ring_all_reduce,2,8
1480,5.659143,5.664139000000002,5.6611296666666675,5.660106999999998,0.002164006982943359,0,2,12779520,my_ring_all_reduce,2,8
1481,5.654054999999993,5.656107000000002,5.6551236666666655,5.655209000000001,0.0008398957607317167,0,2,12812288,my_ring_all_reduce,2,8
1482,5.661894999999997,5.663941000000003,5.663120666666667,5.663525999999998,0.0008830818509964717,0,2,12845056,my_ring_all_reduce,2,8
1483,5.667111999999994,5.669801999999998,5.668232999999996,5.667784999999997,0.0011429648580205461,0,2,12877824,my_ring_all_reduce,2,8
1484,5.6698340000000025,5.673163000000001,5.671264000000001,5.670794999999998,0.001398935547716775,0,2,12910592,my_ring_all_reduce,2,8
1485,5.666054999999993,5.675367999999995,5.669555666666665,5.667244000000006,0.004138505715296761,0,2,12943360,my_ring_all_reduce,2,8
1486,5.670825999999999,5.6780240000000015,5.675411666666663,5.677384999999988,0.003253032875468412,0,2,12976128,my_ring_all_reduce,2,8
1487,5.6747929999999975,5.684070999999998,5.679570666666666,5.679848000000002,0.00379280075347449,0,2,13008896,my_ring_all_reduce,2,8
1488,5.68016599999999,5.685831000000002,5.682491333333336,5.681477000000013,0.002421392207436288,0,2,13041664,my_ring_all_reduce,2,8
1489,5.686056999999987,5.690184999999998,5.688286333333326,5.6886169999999945,0.0017013918485281926,0,2,13074432,my_ring_all_reduce,2,8
1490,5.681736000000004,5.687048999999999,5.684723000000001,5.685383999999998,0.0022188109428225807,0,2,13107200,my_ring_all_reduce,2,8
1491,5.682346000000001,5.690187000000002,5.686603000000001,5.687276,0.0032362547283346387,0,2,13139968,my_ring_all_reduce,2,8
1492,5.685322000000007,5.686855999999993,5.685854999999994,5.685386999999981,0.0007083111369060113,0,2,13172736,my_ring_all_reduce,2,8
1493,5.677189999999995,5.689385999999999,5.683623333333331,5.684293999999998,0.005001529721552358,0,2,13205504,my_ring_all_reduce,2,8
1494,5.682150999999991,5.690859999999997,5.686760999999994,5.687271999999997,0.003573747892621706,0,2,13238272,my_ring_all_reduce,2,8
1495,5.682954000000005,5.689449000000002,5.686418999999995,5.686853999999978,0.0026693538543975603,0,2,13271040,my_ring_all_reduce,2,8
1496,5.687271000000008,5.6915950000000155,5.689202333333341,5.688741000000002,0.0017951537229169933,0,2,13303808,my_ring_all_reduce,2,8
1497,5.686856,5.691880999999994,5.690120333333332,5.691624,0.002310615550500797,0,2,13336576,my_ring_all_reduce,2,8
1498,5.691367999999999,5.6935780000000085,5.692317333333339,5.692006000000009,0.0009286984919201973,0,2,13369344,my_ring_all_reduce,2,8
1499,5.693067000000003,5.697158000000011,5.694695666666668,5.69386199999999,0.0017711239996798485,0,2,13402112,my_ring_all_reduce,2,8
1500,5.691818999999996,5.6940580000000045,5.692585000000001,5.6918780000000035,0.0010418467577678427,0,2,13434880,my_ring_all_reduce,2,8
1501,5.688103000000002,5.6971939999999925,5.691773666666665,5.690024000000001,0.003912166521105224,0,2,13467648,my_ring_all_reduce,2,8
1502,5.692556000000001,5.694764000000003,5.693548333333335,5.6933250000000015,0.0009151409120406231,0,2,13500416,my_ring_all_reduce,2,8
1503,5.722153000000002,5.726729999999996,5.724285999999992,5.723974999999977,0.0018814485554120765,0,2,13533184,my_ring_all_reduce,2,8
1504,5.735237999999998,5.736393999999993,5.735879999999997,5.736008,0.000480535812052529,0,2,13565952,my_ring_all_reduce,2,8
1505,5.741738000000005,5.7481379999999955,5.744115333333333,5.742469999999997,0.0028601097104024556,0,2,13598720,my_ring_all_reduce,2,8
1506,5.743142000000007,5.752170999999995,5.748297000000005,5.749578000000012,0.003795737170384849,0,2,13631488,my_ring_all_reduce,2,8
1507,5.749258999999999,5.753352000000007,5.751433333333334,5.751688999999995,0.0016807114234450634,0,2,13664256,my_ring_all_reduce,2,8
1508,5.755558000000001,5.760774000000012,5.757776333333344,5.756997000000018,0.00219957334246957,0,2,13697024,my_ring_all_reduce,2,8
1509,5.756741000000002,5.762821000000003,5.760272666666672,5.761256000000008,0.0025777003101400426,0,2,13729792,my_ring_all_reduce,2,8
1510,5.761833999999995,5.770345999999998,5.764820333333332,5.762281000000001,0.003911495565069419,0,2,13762560,my_ring_all_reduce,2,8
1511,5.759690999999992,5.765865999999998,5.762452666666661,5.761800999999992,0.0025627014825965588,0,2,13795328,my_ring_all_reduce,2,8
1512,5.763173999999999,5.770631999999998,5.767442000000003,5.768520000000011,0.0031386838005772535,0,2,13828096,my_ring_all_reduce,2,8
1513,5.769384999999987,5.770280000000014,5.769683333333333,5.769384999999999,0.00042190704611775047,0,2,13860864,my_ring_all_reduce,2,8
1514,5.764489999999998,5.7741849999999975,5.770024666666664,5.771398999999998,0.00407552453338486,0,2,13893632,my_ring_all_reduce,2,8
1515,5.769926000000028,5.778504999999999,5.773768333333339,5.772873999999989,0.003558996518985845,0,2,13926400,my_ring_all_reduce,2,8
1516,5.772807000000003,5.778056999999993,5.775015333333332,5.774182000000001,0.0022228297780541137,0,2,13959168,my_ring_all_reduce,2,8
1517,5.768584999999999,5.774822999999997,5.772019000000003,5.772649000000012,0.0025853221591647536,0,2,13991936,my_ring_all_reduce,2,8
1518,5.768008000000009,5.778313999999995,5.773672333333337,5.7746950000000075,0.004269097822980523,0,2,14024704,my_ring_all_reduce,2,8
1519,5.769610000000005,5.775401999999998,5.772179666666669,5.771527000000001,0.002409190228176877,0,2,14057472,my_ring_all_reduce,2,8
1520,5.767174999999988,5.775241000000002,5.772403666666661,5.774794999999991,0.0037017063933073658,0,2,14090240,my_ring_all_reduce,2,8
1521,5.773159999999996,5.774504999999998,5.774002666666664,5.774342999999999,0.0005995144331512733,0,2,14123008,my_ring_all_reduce,2,8
1522,5.761065,5.776395000000004,5.767763333333334,5.765829999999995,0.006406015835831134,0,2,14155776,my_ring_all_reduce,2,8
1523,5.844330000000002,5.856263999999996,5.851388666666671,5.853572000000015,0.005110792328222805,0,2,14188544,my_ring_all_reduce,2,8
1524,5.865223999999995,5.8706919999999885,5.868262333333328,5.8688709999999995,0.0022734133416986145,0,2,14221312,my_ring_all_reduce,2,8
1525,5.856166999999987,5.873766999999993,5.866759333333327,5.870344000000001,0.007619159023296779,0,2,14254080,my_ring_all_reduce,2,8
1526,5.8653199999999925,5.878154,5.870366666666668,5.867626000000011,0.005586372068605471,0,2,14286848,my_ring_all_reduce,2,8
1527,5.87575,5.879619999999996,5.877745,5.877865000000005,0.0015821978384497038,0,2,14319616,my_ring_all_reduce,2,8
1528,5.877319000000011,5.881929000000018,5.879730666666675,5.879943999999997,0.0018880604392421895,0,2,14352384,my_ring_all_reduce,2,8
1529,5.883945000000003,5.885126999999997,5.884638333333334,5.884843000000001,0.0005037839042882154,0,2,14385152,my_ring_all_reduce,2,8
1530,5.881544000000001,5.8890609999999946,5.884114000000001,5.881737000000008,0.003498944507509995,0,2,14417920,my_ring_all_reduce,2,8
1531,5.888709000000003,5.891496999999999,5.889703000000002,5.888903000000006,0.001271019538268588,0,2,14450688,my_ring_all_reduce,2,8
1532,5.889735000000002,5.894441000000021,5.892306666666669,5.892743999999984,0.0019459452430402977,0,2,14483456,my_ring_all_reduce,2,8
1533,5.891719000000005,5.897451000000001,5.894163666666672,5.893321000000011,0.002414749308357089,0,2,14516224,my_ring_all_reduce,2,8
1534,5.8943800000000035,5.897806999999993,5.896470666666663,5.897224999999995,0.0014972967493259916,0,2,14548992,my_ring_all_reduce,2,8
1535,5.8960740000000005,5.9009630000000035,5.898598999999997,5.898759999999988,0.0019991699944402128,0,2,14581760,my_ring_all_reduce,2,8
1536,5.899015999999989,5.909830000000002,5.903569999999996,5.901863999999998,0.0045766418547567665,0,2,14614528,my_ring_all_reduce,2,8
1537,5.913448000000004,5.914378000000001,5.9138323333333345,5.913670999999999,0.0003964394307099259,0,2,14647296,my_ring_all_reduce,2,8
1538,5.9104390000000055,5.920489999999998,5.914804000000006,5.9134830000000145,0.004208280012859309,0,2,14680064,my_ring_all_reduce,2,8
1539,5.923911,5.930346000000002,5.926632333333337,5.925640000000007,0.0027191727091565587,0,2,14712832,my_ring_all_reduce,2,8
1540,5.939686000000002,5.942824000000001,5.941255666666674,5.94125700000002,0.0012810834824037943,0,2,14745600,my_ring_all_reduce,2,8
1541,5.947495999999996,5.956295999999998,5.952797666666665,5.954601000000003,0.003812174211947423,0,2,14778368,my_ring_all_reduce,2,8
1542,5.959720999999983,5.962058000000012,5.9606056666666705,5.960038000000015,0.0010350769160977146,0,2,14811136,my_ring_all_reduce,2,8
1543,5.973160000000011,5.982086999999993,5.97740433333333,5.976965999999986,0.0036575888536266284,0,2,14843904,my_ring_all_reduce,2,8
1544,5.989319000000002,5.9970979999999985,5.993927666666667,5.9953660000000015,0.0033346476408882414,0,2,14876672,my_ring_all_reduce,2,8
1545,6.005512000000002,6.007589000000007,6.0064490000000035,6.006246000000001,0.0008599957364259474,0,2,14909440,my_ring_all_reduce,2,8
1546,6.012646,6.013382999999998,6.013009666666666,6.0130000000000035,0.00030095662293497125,0,2,14942208,my_ring_all_reduce,2,8
1547,6.0218639999999946,6.027431000000019,6.0245936666666715,6.024486000000001,0.002273993012800894,0,2,14974976,my_ring_all_reduce,2,8
1548,6.0342180000000045,6.036453999999998,6.035431333333342,6.035622000000025,0.0009227456613573663,0,2,15007744,my_ring_all_reduce,2,8
1549,6.04506300000001,6.049285000000011,6.04738733333334,6.047814000000001,0.001749829388508482,0,2,15040512,my_ring_all_reduce,2,8
1550,6.065064999999999,6.072042000000023,6.0683820000000095,6.068039000000004,0.0028586557447030903,0,2,15073280,my_ring_all_reduce,2,8
1551,6.074022000000012,6.079625999999998,6.07775666666667,6.079622,0.0026408086303612425,0,2,15106048,my_ring_all_reduce,2,8
1552,6.076419999999994,6.082182,6.078575666666662,6.077124999999993,0.0025662536031288564,0,2,15138816,my_ring_all_reduce,2,8
1553,6.078951000000008,6.092071999999979,6.0847113333333285,6.083110999999997,0.00547484918106637,0,2,15171584,my_ring_all_reduce,2,8
1554,6.089223999999987,6.094122000000001,6.091484999999995,6.091108999999997,0.0020171982219625837,0,2,15204352,my_ring_all_reduce,2,8
1555,6.1025339999999995,6.108615999999999,6.1051276666666645,6.104232999999996,0.002562290945402,0,2,15237120,my_ring_all_reduce,2,8
1556,6.107301999999996,6.113799999999989,6.111067999999995,6.112101999999999,0.0027517107406100196,0,2,15269888,my_ring_all_reduce,2,8
1557,6.117127000000003,6.120839999999999,6.1187923333333325,6.118409999999996,0.0015397459386381634,0,2,15302656,my_ring_all_reduce,2,8
1558,6.123622999999978,6.132997,6.12912699999999,6.130760999999992,0.003997535574167798,0,2,15335424,my_ring_all_reduce,2,8
1559,6.138248,6.142057000000001,6.140295666666668,6.140582000000002,0.001568143346622832,0,2,15368192,my_ring_all_reduce,2,8
1560,6.147559000000001,6.148552000000003,6.1480920000000046,6.1481650000000085,0.00040866367590107797,0,2,15400960,my_ring_all_reduce,2,8
1561,6.152325999999994,6.157735000000008,6.155142666666677,6.155367000000028,0.0022139051972138776,0,2,15433728,my_ring_all_reduce,2,8
1562,6.159879999999998,6.169575999999987,6.16558633333333,6.167303000000004,0.0041403149906982925,0,2,15466496,my_ring_all_reduce,2,8
1563,6.1698659999999945,6.173255000000001,6.171859333333333,6.1724570000000005,0.0014466592165736038,0,2,15499264,my_ring_all_reduce,2,8
1564,6.179590999999986,6.182920000000003,6.180914666666659,6.180232999999986,0.001442003775623116,0,2,15532032,my_ring_all_reduce,2,8
1565,6.189578999999995,6.193991999999999,6.191550333333331,6.1910799999999995,0.00183203936153874,0,2,15564800,my_ring_all_reduce,2,8
1566,6.198984,6.2041649999999935,6.202332333333332,6.203848000000003,0.0023711634743764625,0,2,15597568,my_ring_all_reduce,2,8
1567,6.207428999999978,6.209125999999994,6.208442999999989,6.208773999999997,0.0007312651138118245,0,2,15630336,my_ring_all_reduce,2,8
1568,6.209733999999993,6.2153649999999905,6.21311466666666,6.214244999999996,0.002433828305822008,0,2,15663104,my_ring_all_reduce,2,8
1569,6.219046000000002,6.222568000000003,6.221276333333339,6.222215000000011,0.0015836544937460123,0,2,15695872,my_ring_all_reduce,2,8
1570,6.218632000000005,6.228169000000002,6.22457266666667,6.226917000000001,0.0042316676250476635,0,2,15728640,my_ring_all_reduce,2,8
1571,6.222853999999992,6.226664,6.225020333333334,6.2255430000000125,0.0015987308160659013,0,2,15761408,my_ring_all_reduce,2,8
1572,6.231587999999996,6.233893999999993,6.23310399999999,6.23382999999998,0.0010722922487164648,0,2,15794176,my_ring_all_reduce,2,8
1573,6.230981999999989,6.243911,6.238929999999995,6.241896999999995,0.005679910621366598,0,2,15826944,my_ring_all_reduce,2,8
1574,6.2422169999999975,6.245383,6.243697666666667,6.243493000000003,0.0013005909767837965,0,2,15859712,my_ring_all_reduce,2,8
1575,6.244548999999992,6.2496060000000035,6.246854333333332,6.246408000000003,0.0020884958436411852,0,2,15892480,my_ring_all_reduce,2,8
1576,6.246150000000009,6.247910000000001,6.247217666666676,6.247593000000015,0.0007659662017478981,0,2,15925248,my_ring_all_reduce,2,8
1577,6.252359000000001,6.260327000000008,6.255622333333336,6.254180999999998,0.0034088450960572964,0,2,15958016,my_ring_all_reduce,2,8
1578,6.25555999999999,6.259720999999991,6.257566333333327,6.257417999999998,0.0017019561947621404,0,2,15990784,my_ring_all_reduce,2,8
1579,6.25853600000003,6.266473000000002,6.263058333333345,6.264166000000005,0.003333585290465515,0,2,16023552,my_ring_all_reduce,2,8
1580,6.256744000000003,6.261957999999992,6.259782999999995,6.260646999999992,0.0022145460031296367,0,2,16056320,my_ring_all_reduce,2,8
1581,6.261959999999999,6.266214000000006,6.2636883333333335,6.262890999999996,0.0018259124355332731,0,2,16089088,my_ring_all_reduce,2,8
1582,6.2643290000000125,6.272486000000019,6.267420333333337,6.265445999999982,0.003610877671095864,0,2,16121856,my_ring_all_reduce,2,8
1583,6.268008000000002,6.273704999999998,6.271197000000001,6.271878000000001,0.002375117260261699,0,2,16154624,my_ring_all_reduce,2,8
1584,6.274405000000001,6.280681000000004,6.27779866666667,6.278310000000005,0.002587552296842823,0,2,16187392,my_ring_all_reduce,2,8
1585,6.273158000000003,6.2849639999999924,6.278010666666666,6.2759100000000005,0.005043478253035598,0,2,16220160,my_ring_all_reduce,2,8
1586,6.276071999999993,6.2790470000000065,6.27774533333334,6.27811700000002,0.0012426472638044628,0,2,16252928,my_ring_all_reduce,2,8
1587,6.280549000000007,6.283273000000003,6.281489333333336,6.280645999999999,0.0012618643174110947,0,2,16285696,my_ring_all_reduce,2,8
1588,6.285318000000003,6.287593000000004,6.286151000000003,6.285542000000001,0.0010237405270224367,0,2,16318464,my_ring_all_reduce,2,8
1589,6.2871759999999774,6.297319999999993,6.292508333333324,6.293029000000002,0.0041576038237924814,0,2,16351232,my_ring_all_reduce,2,8
1590,6.289222000000001,6.295715000000011,6.29308166666667,6.294307999999997,0.002788988147859805,0,2,16384000,my_ring_all_reduce,2,8
1591,6.293798999999992,6.300104000000006,6.297724999999999,6.2992719999999975,0.002796803294244226,0,2,16416768,my_ring_all_reduce,2,8
1592,6.294405999999981,6.304391999999971,6.300007999999984,6.301225999999999,0.004166748692524137,0,2,16449536,my_ring_all_reduce,2,8
1593,6.303493999999999,6.316869000000006,6.3081660000000035,6.304135000000006,0.006159511723074208,0,2,16482304,my_ring_all_reduce,2,8
1594,6.307911,6.310407,6.309148666666668,6.309128000000003,0.001019092515699812,0,2,16515072,my_ring_all_reduce,2,8
1595,6.308072000000007,6.311814000000013,6.309969000000007,6.310021000000001,0.0015281075442108065,0,2,16547840,my_ring_all_reduce,2,8
1596,6.304969000000001,6.313928,6.308413333333344,6.30634300000003,0.003939596454229544,0,2,16580608,my_ring_all_reduce,2,8
1597,6.309030999999999,6.314757999999999,6.312113,6.312550000000002,0.0023583693519042314,0,2,16613376,my_ring_all_reduce,2,8
1598,6.310118000000003,6.320390999999996,6.3139590000000005,6.3113680000000025,0.004576650376272955,0,2,16646144,my_ring_all_reduce,2,8
1599,6.315589999999997,6.325126,6.320934333333333,6.322087,0.003977461865172379,0,2,16678912,my_ring_all_reduce,2,8
1600,6.317606,6.324037999999997,6.319984333333333,6.318309000000001,0.002880707359118702,0,2,16711680,my_ring_all_reduce,2,8
1601,6.31655000000001,6.3199399999999955,6.318768999999999,6.319816999999988,0.0015698732432821258,0,2,16744448,my_ring_all_reduce,2,8
1602,6.325126999999997,6.330950000000004,6.327079000000002,6.325160000000007,0.0027372435039662436,0,2,16777216,my_ring_all_reduce,2,8
1603,6.317892000000003,6.327750999999982,6.324047999999999,6.326501000000011,0.004382759937143278,0,2,16777216,my_ring_all_reduce,2,8
1604,6.3320740000000075,6.3409050000000065,6.336423333333336,6.336290999999994,0.0036064547996918256,0,2,16908288,my_ring_all_reduce,2,8
1605,6.332263999999989,6.345605999999993,6.340956333333321,6.344998999999982,0.006151401267642179,0,2,17039360,my_ring_all_reduce,2,8
1606,6.344485000000001,6.352482999999993,6.348441666666666,6.348357000000004,0.003265718637942065,0,2,17170432,my_ring_all_reduce,2,8
1607,6.345478999999999,6.347044,6.346287999999999,6.346340999999999,0.0006400067707979618,0,2,17301504,my_ring_all_reduce,2,8
1608,6.349797999999995,6.3513010000000065,6.350352333333336,6.349958000000003,0.0006739813713256626,0,2,17432576,my_ring_all_reduce,2,8
1609,6.352615999999988,6.354565000000003,6.35335133333333,6.352873,0.0008645817228948153,0,2,17563648,my_ring_all_reduce,2,8
1610,6.354243999999999,6.357315999999985,6.3559946666666605,6.356423999999995,0.0012903594675680106,0,2,17694720,my_ring_all_reduce,2,8
1611,6.3493499999999985,6.353926000000036,6.3510886666666755,6.349989999999991,0.0020232392070551352,0,2,17825792,my_ring_all_reduce,2,8
1612,6.3508229999999894,6.356360000000004,6.353437333333332,6.353129000000001,0.0022709607854198843,0,2,17956864,my_ring_all_reduce,2,8
1613,6.360454000000005,6.361159999999997,6.360774666666669,6.360710000000006,0.00029182795540091304,0,2,18087936,my_ring_all_reduce,2,8
1614,6.352006999999999,6.357442999999999,6.354032000000001,6.352646000000008,0.002426007831807707,0,2,18219008,my_ring_all_reduce,2,8
1615,6.353957999999999,6.355526999999997,6.354791000000006,6.354888000000021,0.0006442033840337626,0,2,18350080,my_ring_all_reduce,2,8
1616,6.356904000000003,6.359076999999997,6.358342666666666,6.359047,0.0010173646784143464,0,2,18481152,my_ring_all_reduce,2,8
1617,6.362759999999995,6.366984999999999,6.364434333333331,6.363557999999998,0.0018327804620921707,0,2,18612224,my_ring_all_reduce,2,8
1618,6.362566000000006,6.367139999999992,6.365070999999998,6.365506999999995,0.001892606844181715,0,2,18743296,my_ring_all_reduce,2,8
1619,6.3652229999999985,6.370980000000001,6.368122333333332,6.368163999999994,0.0023504700711901283,0,2,18874368,my_ring_all_reduce,2,8
1620,6.366215000000004,6.371012999999995,6.368283999999999,6.367623999999998,0.0020136039001385298,0,2,19005440,my_ring_all_reduce,2,8
1621,6.364453000000002,6.368519999999997,6.366362666666667,6.366115000000005,0.0016695560953581138,0,2,19136512,my_ring_all_reduce,2,8
1622,6.373349000000002,6.3760080000000015,6.37481233333333,6.375079999999987,0.0011019087479850046,0,2,19267584,my_ring_all_reduce,2,8
1623,6.371174,6.379044999999999,6.376220333333335,6.378442000000007,0.0035767780970537805,0,2,19398656,my_ring_all_reduce,2,8
1624,6.3753359999999955,6.375780000000013,6.375526000000005,6.375462000000007,0.0001868261223772066,0,2,19529728,my_ring_all_reduce,2,8
1625,6.378726999999992,6.380517000000004,6.379482999999997,6.3792049999999945,0.0007567421401471741,0,2,19660800,my_ring_all_reduce,2,8
1626,6.389731999999989,6.4008690000000135,6.395748666666669,6.396645000000004,0.004590624673068127,0,2,19791872,my_ring_all_reduce,2,8
1627,6.400519000000008,6.4071440000000015,6.40423066666667,6.405029000000001,0.00276292819707744,0,2,19922944,my_ring_all_reduce,2,8
1628,6.415107,6.420005000000012,6.417540333333338,6.417509,0.001999722869693632,0,2,20054016,my_ring_all_reduce,2,8
1629,6.431239999999998,6.436297999999995,6.433981666666665,6.434407000000003,0.0020867075075868876,0,2,20185088,my_ring_all_reduce,2,8
1630,6.454248000000022,6.459402999999998,6.4563076666666745,6.455272000000004,0.0022282968583319583,0,2,20316160,my_ring_all_reduce,2,8
1631,6.473674000000014,6.4814779999999885,6.477116333333335,6.476197000000002,0.0032516133773080502,0,2,20447232,my_ring_all_reduce,2,8
1632,6.486919000000005,6.491589999999997,6.489115666666668,6.488837999999999,0.001917008839018965,0,2,20578304,my_ring_all_reduce,2,8
1633,6.505443,6.508739999999998,6.506692666666667,6.505895000000004,0.001459396298320147,0,2,20709376,my_ring_all_reduce,2,8
1634,6.521734000000004,6.5262790000000095,6.52449733333333,6.525478999999978,0.0019810785502376274,0,2,20840448,my_ring_all_reduce,2,8
1635,6.539366000000016,6.54471100000001,6.542864333333341,6.544516,0.002474975869686407,0,2,20971520,my_ring_all_reduce,2,8
1636,6.547140999999989,6.549732000000011,6.548570666666669,6.548839000000007,0.0010746541562641424,0,2,21102592,my_ring_all_reduce,2,8
1637,6.560327000000005,6.562755999999994,6.561488333333333,6.561382000000002,0.0009944815511341812,0,2,21233664,my_ring_all_reduce,2,8
1638,6.573187999999995,6.576615000000009,6.57485333333334,6.574757000000012,0.001400724177787375,0,2,21364736,my_ring_all_reduce,2,8
1639,6.578050999999992,6.586021000000001,6.583289666666663,6.585796999999999,0.003705425331714883,0,2,21495808,my_ring_all_reduce,2,8
1640,6.598022999999986,6.602787000000019,6.601039666666672,6.602309000000009,0.0021420129681243164,0,2,21626880,my_ring_all_reduce,2,8
1641,6.619300000000007,6.6260829999999915,6.62232966666667,6.621606000000014,0.0028160305790562537,0,2,21757952,my_ring_all_reduce,2,8
1642,6.667269000000007,6.674214000000014,6.670693000000007,6.670595999999998,0.002836113890522951,0,2,21889024,my_ring_all_reduce,2,8
1643,6.71770299999998,6.725894000000004,6.721125333333332,6.7197790000000115,0.0034768357581192767,0,2,22020096,my_ring_all_reduce,2,8
1644,6.771044000000002,6.776899000000009,6.774083999999999,6.774308999999986,0.0023955827405202352,0,2,22151168,my_ring_all_reduce,2,8
1645,6.817635999999999,6.819939999999999,6.818851333333334,6.818978000000003,0.0009448588371933003,0,2,22282240,my_ring_all_reduce,2,8
1646,6.860324999999997,6.8728669999999985,6.86738533333333,6.868963999999993,0.005240520478816071,0,2,22413312,my_ring_all_reduce,2,8
1647,6.910339999999997,6.920163999999999,6.915854999999998,6.9170609999999995,0.004100290314925746,0,2,22544384,my_ring_all_reduce,2,8
1648,6.962852000000006,6.967303000000007,6.9646770000000044,6.963876,0.0019033393461682592,0,2,22675456,my_ring_all_reduce,2,8
1649,7.015172999999988,7.015522000000001,7.0153000000000025,7.015205000000017,0.00015752036905332257,0,2,22806528,my_ring_all_reduce,2,8
1650,7.053187000000004,7.071529,7.061286666666668,7.059144000000001,0.007639830117365172,0,2,22937600,my_ring_all_reduce,2,8
1651,7.0884499999999955,7.090944000000003,7.089549000000009,7.089253000000026,0.0010394617196740146,0,2,23068672,my_ring_all_reduce,2,8
1652,7.086403999999999,7.095269,7.089807666666672,7.087750000000015,0.0039006452742511096,0,2,23199744,my_ring_all_reduce,2,8
1653,7.087235000000001,7.089478999999978,7.088312666666664,7.088224000000016,0.0009182520835098124,0,2,23330816,my_ring_all_reduce,2,8
1654,7.092644,7.095203,7.094020000000005,7.094213000000018,0.0010535834091338397,0,2,23461888,my_ring_all_reduce,2,8
1655,7.08377900000001,7.091876999999993,7.088548,7.089987999999997,0.0034592485696489424,0,2,23592960,my_ring_all_reduce,2,8
1656,7.08627700000001,7.094499999999993,7.0910756666666686,7.092450000000005,0.0034948558704920507,0,2,23724032,my_ring_all_reduce,2,8
1657,7.088034,7.089061000000002,7.088655000000002,7.088870000000003,0.0004459828098339487,0,2,23855104,my_ring_all_reduce,2,8
1658,7.090563000000009,7.099042999999996,7.094584333333331,7.09414699999999,0.0034757296915693004,0,2,23986176,my_ring_all_reduce,2,8
1659,7.096578999999998,7.102339,7.100216666666667,7.101732000000004,0.0025841280068067004,0,2,24117248,my_ring_all_reduce,2,8
1660,7.095488,7.10288499999998,7.099426999999994,7.099908000000001,0.003038905833786612,0,2,24248320,my_ring_all_reduce,2,8
1661,7.096387999999999,7.100997000000017,7.098371666666672,7.097730000000001,0.0019355485584849105,0,2,24379392,my_ring_all_reduce,2,8
1662,7.1096039999999965,7.112066999999997,7.110766333333333,7.110628000000005,0.0010102621222016002,0,2,24510464,my_ring_all_reduce,2,8
1663,7.105441000000006,7.107718000000008,7.106552666666675,7.106499000000011,0.0009303556070433493,0,2,24641536,my_ring_all_reduce,2,8
1664,7.109380000000005,7.113027000000002,7.110840666666668,7.110114999999998,0.0015748219652461839,0,2,24772608,my_ring_all_reduce,2,8
1665,7.098785999999999,7.104483999999997,7.101390999999999,7.100902999999999,0.002351653177375962,0,2,24903680,my_ring_all_reduce,2,8
1666,7.101472999999999,7.11078899999999,7.106210666666661,7.106369999999996,0.003804909489356496,0,2,25034752,my_ring_all_reduce,2,8
1667,7.101826000000001,7.107843999999997,7.103917666666667,7.102083,0.0027783187162167696,0,2,25165824,my_ring_all_reduce,2,8
1668,7.112292000000004,7.116036,7.114692333333335,7.115749,0.0017013313087746135,0,2,25296896,my_ring_all_reduce,2,8
1669,7.122306000000003,7.124960999999995,7.123894999999997,7.124417999999994,0.0011452519373447336,0,2,25427968,my_ring_all_reduce,2,8
1670,7.108194000000002,7.112706000000005,7.110222333333337,7.109767000000007,0.001869943374069187,0,2,25559040,my_ring_all_reduce,2,8
1671,7.113410999999993,7.117732,7.115746999999999,7.116098000000005,0.0017814153549015393,0,2,25690112,my_ring_all_reduce,2,8
1672,7.112674000000006,7.118659,7.116428666666667,7.117952999999995,0.002670549298465439,0,2,25821184,my_ring_all_reduce,2,8
1673,7.130691999999995,7.134178000000004,7.132452000000002,7.1324860000000045,0.0014233565962224759,0,2,25952256,my_ring_all_reduce,2,8
1674,7.147909,7.154915999999997,7.150723999999999,7.1493470000000015,0.00302176648115924,0,2,26083328,my_ring_all_reduce,2,8
1675,7.132003999999999,7.133731000000004,7.133080333333331,7.133505999999991,0.000766605649745449,0,2,26214400,my_ring_all_reduce,2,8
1676,7.1496379999999995,7.164325999999994,7.157050333333333,7.157187000000006,0.005997129554116838,0,2,26345472,my_ring_all_reduce,2,8
1677,7.184611999999994,7.188772000000005,7.186629000000001,7.1865030000000045,0.0017006483077581407,0,2,26476544,my_ring_all_reduce,2,8
1678,7.199875999999989,7.209187999999998,7.203714999999995,7.202080999999999,0.003973311213587897,0,2,26607616,my_ring_all_reduce,2,8
1679,7.197990000000012,7.199429000000018,7.198618666666675,7.198436999999998,0.0006013497780496314,0,2,26738688,my_ring_all_reduce,2,8
1680,7.219044999999969,7.231492,7.224717666666655,7.2236159999999945,0.0051408303047604615,0,2,26869760,my_ring_all_reduce,2,8
1681,7.2327379999999835,7.237983999999999,7.2353199999999935,7.235237999999998,0.0021424552893102864,0,2,27000832,my_ring_all_reduce,2,8
1682,7.276899000000013,7.281860000000015,7.279000333333332,7.2782419999999695,0.002095102596274315,0,2,27131904,my_ring_all_reduce,2,8
1683,7.286822999999989,7.294181000000012,7.2912370000000015,7.292707000000003,0.003178649188998883,0,2,27262976,my_ring_all_reduce,2,8
1684,7.308832999999999,7.315460000000028,7.311384333333341,7.309859999999993,0.00291227017215793,0,2,27394048,my_ring_all_reduce,2,8
1685,7.320257000000002,7.321856999999996,7.321164999999998,7.321380999999998,0.0006708164180039136,0,2,27525120,my_ring_all_reduce,2,8
1686,7.333825000000012,7.336900000000002,7.335864666666683,7.336869000000036,0.0014423176564930223,0,2,27656192,my_ring_all_reduce,2,8
1687,7.3288359999999955,7.3335060000000025,7.330455000000001,7.329023000000001,0.0021587331161298214,0,2,27787264,my_ring_all_reduce,2,8
1688,7.371394999999983,7.377472999999997,7.374264666666657,7.373925999999992,0.0024928621212539997,0,2,27918336,my_ring_all_reduce,2,8
1689,7.388385999999999,7.390307000000008,7.389220333333335,7.388967999999999,0.000804286156929717,0,2,28049408,my_ring_all_reduce,2,8
1690,7.397763000000001,7.403071999999993,7.40078066666667,7.401507000000013,0.00222741110310042,0,2,28180480,my_ring_all_reduce,2,8
1691,7.414308999999987,7.419557000000005,7.416495,7.415619000000007,0.0022302328727492266,0,2,28311552,my_ring_all_reduce,2,8
1692,7.419170000000013,7.421825999999998,7.420364000000006,7.420096000000007,0.0011007427795143318,0,2,28442624,my_ring_all_reduce,2,8
1693,7.4181469999999825,7.4214770000000065,7.419939666666661,7.4201949999999925,0.0013714034984576564,0,2,28573696,my_ring_all_reduce,2,8
1694,7.420294999999999,7.423425999999999,7.421657666666668,7.421252000000008,0.0013100163697016588,0,2,28704768,my_ring_all_reduce,2,8
1695,7.428034999999996,7.433760999999999,7.430145666666664,7.428640999999993,0.0025683698245317983,0,2,28835840,my_ring_all_reduce,2,8
1696,7.447294999999999,7.453347000000002,7.449804666666668,7.448772000000004,0.002576363889067723,0,2,28966912,my_ring_all_reduce,2,8
1697,7.49869000000001,7.502628000000012,7.501122333333338,7.5020489999999915,0.0017360864673781346,0,2,29097984,my_ring_all_reduce,2,8
1698,7.551779999999999,7.562852000000003,7.556258999999997,7.5541449999999895,0.004760885281824971,0,2,29229056,my_ring_all_reduce,2,8
1699,7.607424000000014,7.612675000000017,7.60998500000001,7.609856,0.0021456515715915516,0,2,29360128,my_ring_all_reduce,2,8
1700,7.658497000000003,7.662561,7.660332,7.659937999999999,0.0016823497456424944,0,2,29491200,my_ring_all_reduce,2,8
1701,7.694627000000004,7.709505999999994,7.702572999999997,7.703585999999989,0.006116414363547455,0,2,29622272,my_ring_all_reduce,2,8
1702,7.741920000000013,7.760450999999999,7.749484333333338,7.746082000000002,0.007938572261778437,0,2,29753344,my_ring_all_reduce,2,8
1703,7.786309999999998,7.792000000000003,7.788932333333334,7.788487,0.002344179505832823,0,2,29884416,my_ring_all_reduce,2,8
1704,7.828036999999997,7.8329019999999945,7.830929333333326,7.831848999999988,0.0020898797945210395,0,2,30015488,my_ring_all_reduce,2,8
1705,7.867683000000005,7.871366000000017,7.869359000000006,7.869027999999998,0.0015216861262048373,0,2,30146560,my_ring_all_reduce,2,8
1706,7.867940999999999,7.871974000000001,7.870415333333334,7.8713310000000005,0.001769200635567168,0,2,30277632,my_ring_all_reduce,2,8
1707,7.867713999999957,7.8743760000000025,7.870832333333319,7.870406999999999,0.002736328724584234,0,2,30408704,my_ring_all_reduce,2,8
1708,7.867655000000003,7.8734470000000005,7.870449000000002,7.870245000000002,0.002368969959003768,0,2,30539776,my_ring_all_reduce,2,8
1709,7.873064000000006,7.877446,7.875333999999992,7.875491999999969,0.0017924292640589376,0,2,30670848,my_ring_all_reduce,2,8
1710,7.868133999999955,7.879335000000001,7.874203333333319,7.875141,0.004620607054894522,0,2,30801920,my_ring_all_reduce,2,8
1711,7.872386999999995,7.875845999999999,7.874053999999998,7.873929,0.0014148943423465267,0,2,30932992,my_ring_all_reduce,2,8
1712,7.874276999999998,7.8795550000000025,7.877754666666667,7.879432,0.0024595943206613194,0,2,31064064,my_ring_all_reduce,2,8
1713,7.8701480000000235,7.881670999999999,7.875963000000013,7.876070000000018,0.004704853451480342,0,2,31195136,my_ring_all_reduce,2,8
1714,7.872548999999984,7.878628000000003,7.875855666666666,7.876390000000014,0.0025103378701415427,0,2,31326208,my_ring_all_reduce,2,8
1715,7.875720999999998,7.881607000000011,7.878227000000003,7.877353000000003,0.0024811497334960722,0,2,31457280,my_ring_all_reduce,2,8
1716,7.881575999999999,7.885990000000006,7.883569666666658,7.883142999999968,0.001827089184716719,0,2,31588352,my_ring_all_reduce,2,8
1717,7.87802,7.882211999999996,7.880697999999999,7.881862000000001,0.0018990151833682821,0,2,31719424,my_ring_all_reduce,2,8
1718,7.883749,7.88858400000001,7.886352999999999,7.886725999999988,0.001991423778776909,0,2,31850496,my_ring_all_reduce,2,8
1719,7.88349500000001,7.887432,7.88495666666667,7.8839429999999995,0.0017598546025776854,0,2,31981568,my_ring_all_reduce,2,8
1720,7.883172000000006,7.8882299999999965,7.886105333333334,7.886914000000001,0.002142630366832352,0,2,32112640,my_ring_all_reduce,2,8
1721,7.880934000000009,7.887592000000011,7.885094666666674,7.886758000000002,0.002961671750135788,0,2,32243712,my_ring_all_reduce,2,8
1722,7.881896000000008,7.885732999999979,7.883612333333332,7.8832080000000095,0.0015923266694306934,0,2,32374784,my_ring_all_reduce,2,8
1723,7.885318000000028,7.888875000000008,7.887687666666679,7.8888700000000025,0.001675608612470585,0,2,32505856,my_ring_all_reduce,2,8
1724,7.893032999999996,7.897126999999986,7.895623333333329,7.896710000000007,0.0018395365962344916,0,2,32636928,my_ring_all_reduce,2,8
1725,7.912291999999987,7.9147259999999955,7.913349333333332,7.913030000000013,0.001019009104747377,0,2,32768000,my_ring_all_reduce,2,8
1726,7.912453999999998,7.931460999999996,7.92213966666666,7.922503999999987,0.007763850691219093,0,2,32899072,my_ring_all_reduce,2,8
1727,7.934628999999994,7.94029099999999,7.937902999999996,7.938789000000004,0.002394898466880638,0,2,33030144,my_ring_all_reduce,2,8
1728,7.959878000000004,7.972802999999986,7.967577999999996,7.970053,0.005559264040014206,0,2,33161216,my_ring_all_reduce,2,8
1729,7.973185999999995,7.980293000000013,7.977049000000002,7.977667999999998,0.002934249818955529,0,2,33292288,my_ring_all_reduce,2,8
1730,7.993349000000017,8.004230000000003,8.000325666666663,8.003397999999972,0.0049449276592714265,0,2,33423360,my_ring_all_reduce,2,8
1731,8.009896000000015,8.014950000000011,8.01240100000001,8.012357000000003,0.002063521423843244,0,2,33554432,my_ring_all_reduce,2,8
1732,8.029513999999988,8.03641999999999,8.032720666666657,8.03222799999999,0.0028408037986154752,0,2,33685504,my_ring_all_reduce,2,8
1733,8.043013000000007,8.051013000000006,8.047878000000003,8.049607999999994,0.0034875660089307777,0,2,33816576,my_ring_all_reduce,2,8
1734,8.058407,8.070278000000009,8.063750000000006,8.062565000000006,0.004918219799890112,0,2,33947648,my_ring_all_reduce,2,8
1735,8.079365000000001,8.085476000000018,8.082052333333339,8.081316000000003,0.0025485578056865725,0,2,34078720,my_ring_all_reduce,2,8
1736,8.090982000000004,8.098054000000005,8.094907333333333,8.095685999999995,0.0029391651119923287,0,2,34209792,my_ring_all_reduce,2,8
1737,8.10323999999999,8.118659,8.109264666666656,8.105894999999975,0.006730645354568641,0,2,34340864,my_ring_all_reduce,2,8
1738,8.130278000000034,8.133891999999978,8.131898000000003,8.131523999999999,0.0014989231690119525,0,2,34471936,my_ring_all_reduce,2,8
1739,8.146564000000014,8.151715999999972,8.148814999999992,8.148164999999993,0.0021529283932807566,0,2,34603008,my_ring_all_reduce,2,8
1740,8.160898999999997,8.167591000000016,8.164079666666675,8.163749000000012,0.0027419848447665877,0,2,34734080,my_ring_all_reduce,2,8
1741,8.17056800000001,8.179045000000002,8.174203999999998,8.172998999999981,0.0035640707998950047,0,2,34865152,my_ring_all_reduce,2,8
1742,8.189254000000002,8.194404000000006,8.191301000000001,8.190244999999996,0.0022311397685217554,0,2,34996224,my_ring_all_reduce,2,8
1743,8.196227000000002,8.205444000000018,8.200847000000003,8.200869999999988,0.003762859639518085,0,2,35127296,my_ring_all_reduce,2,8
1744,8.207910999999992,8.215172999999995,8.211120999999993,8.210278999999995,0.003023891973380036,0,2,35258368,my_ring_all_reduce,2,8
1745,8.229285999999986,8.233958000000007,8.231151333333335,8.23021000000001,0.002020144769295573,0,2,35389440,my_ring_all_reduce,2,8
1746,8.232675000000018,8.234725,8.233998666666679,8.23459600000002,0.0009374541173910829,0,2,35520512,my_ring_all_reduce,2,8
1747,8.232838000000001,8.234050999999992,8.233327333333326,8.233092999999986,0.0005221917485179499,0,2,35651584,my_ring_all_reduce,2,8
1748,8.231429999999992,8.237733,8.234265999999996,8.233634999999994,0.0026115861080993675,0,2,35782656,my_ring_all_reduce,2,8
1749,8.232964,8.236583999999988,8.234938333333334,8.235267000000015,0.0014960205732357514,0,2,35913728,my_ring_all_reduce,2,8
1750,8.232835999999995,8.240258999999991,8.23572633333334,8.234084000000031,0.0032453224116416207,0,2,36044800,my_ring_all_reduce,2,8
1751,8.24771799999998,8.254404999999991,8.25110833333333,8.251202000000019,0.002730759641977079,0,2,36175872,my_ring_all_reduce,2,8
1752,8.295111999999994,8.300773999999997,8.298427333333338,8.299396000000023,0.0024108501036449663,0,2,36306944,my_ring_all_reduce,2,8
1753,8.346695,8.348833999999995,8.347674333333329,8.347493999999992,0.0008825041391133347,0,2,36438016,my_ring_all_reduce,2,8
1754,8.397571999999986,8.400834999999992,8.398990333333325,8.398564,0.0013657994809726912,0,2,36569088,my_ring_all_reduce,2,8
1755,8.435522999999995,8.443589,8.440131999999993,8.441283999999985,0.003392188772263514,0,2,36700160,my_ring_all_reduce,2,8
1756,8.482117000000006,8.48662799999999,8.484666333333328,8.485253999999987,0.0018879078955804415,0,2,36831232,my_ring_all_reduce,2,8
1757,8.527844999999973,8.535749000000004,8.531279333333321,8.530243999999984,0.00330880042044085,0,2,36962304,my_ring_all_reduce,2,8
1758,8.569603000000003,8.570212000000014,8.569901666666675,8.569890000000013,0.00024876003609468957,0,2,37093376,my_ring_all_reduce,2,8
1759,8.607074,8.613120999999992,8.610989666666661,8.612773999999991,0.002772416074269069,0,2,37224448,my_ring_all_reduce,2,8
1760,8.618210999999995,8.619461999999984,8.618937666666659,8.619139999999996,0.0005303799476651331,0,2,37355520,my_ring_all_reduce,2,8
1761,8.604131999999998,8.61177900000001,8.60895366666667,8.61095,0.003426189558228391,0,2,37486592,my_ring_all_reduce,2,8
1762,8.608835000000006,8.620454000000013,8.614180000000006,8.613250999999996,0.0047887069235895115,0,2,37617664,my_ring_all_reduce,2,8
1763,8.617443000000014,8.619364000000001,8.61815866666667,8.617668999999994,0.0008572787696455078,0,2,37748736,my_ring_all_reduce,2,8
1764,8.613828999999997,8.619010999999999,8.616802999999996,8.617568999999989,0.002183780819282097,0,2,37879808,my_ring_all_reduce,2,8
1765,8.619524999999994,8.626370000000017,8.622370666666672,8.621217000000005,0.002911095593691369,0,2,38010880,my_ring_all_reduce,2,8
1766,8.617158,8.62249900000001,8.620676333333341,8.622372000000011,0.0024883775615677692,0,2,38141952,my_ring_all_reduce,2,8
1767,8.620513000000006,8.629380000000012,8.624270666666673,8.622919,0.003743988455588634,0,2,38273024,my_ring_all_reduce,2,8
1768,8.622118000000002,8.626468999999982,8.624709666666659,8.625541999999994,0.0018712534717477114,0,2,38404096,my_ring_all_reduce,2,8
1769,8.625316000000014,8.625892000000007,8.62550866666667,8.625317999999993,0.000271058829204832,0,2,38535168,my_ring_all_reduce,2,8
1770,8.620612000000008,8.62464499999999,8.622723333333335,8.622913000000008,0.001651918547890812,0,2,38666240,my_ring_all_reduce,2,8
1771,8.625154000000009,8.632481999999996,8.628344,8.627395999999994,0.0030658249569471777,0,2,38797312,my_ring_all_reduce,2,8
1772,8.627843000000007,8.636164999999993,8.632068999999996,8.632198999999993,0.0033986856282920844,0,2,38928384,my_ring_all_reduce,2,8
1773,8.62765200000001,8.63075499999999,8.629464000000004,8.629985000000016,0.0013192758114402168,0,2,39059456,my_ring_all_reduce,2,8
1774,8.636610000000001,8.643910999999992,8.63924733333333,8.637220999999998,0.003307130713402686,0,2,39190528,my_ring_all_reduce,2,8
1775,8.642817999999995,8.652933,8.649412000000003,8.652485000000015,0.004666247814542391,0,2,39321600,my_ring_all_reduce,2,8
1776,8.667011999999996,8.67018,8.668634000000003,8.668710000000006,0.001294446599904641,0,2,39452672,my_ring_all_reduce,2,8
1777,8.678628000000005,8.690663000000015,8.68465433333334,8.684671999999999,0.004913284056744669,0,2,39583744,my_ring_all_reduce,2,8
1778,8.709698000000001,8.71411500000002,8.71193800000001,8.712001000000008,0.0018037828768155252,0,2,39714816,my_ring_all_reduce,2,8
1779,8.726373000000008,8.73546,8.73076633333334,8.730466000000016,0.0037158258241646804,0,2,39845888,my_ring_all_reduce,2,8
1780,8.746950999999973,8.752132000000012,8.749790666666675,8.750289000000034,0.0021442857915020363,0,2,39976960,my_ring_all_reduce,2,8
1781,8.762370999999996,8.776323000000005,8.769538999999998,8.769922999999995,0.005702348522030666,0,2,40108032,my_ring_all_reduce,2,8
1782,8.780452999999994,8.790628000000005,8.786330000000014,8.787909000000043,0.004301363117286166,0,2,40239104,my_ring_all_reduce,2,8
1783,8.802117000000013,8.811877999999995,8.807183333333338,8.807555000000004,0.003993568357016318,0,2,40370176,my_ring_all_reduce,2,8
1784,8.820037000000012,8.825633999999992,8.822520999999997,8.821891999999986,0.0023278506538514524,0,2,40501248,my_ring_all_reduce,2,8
1785,8.836161999999996,8.839045999999987,8.83789066666666,8.838463999999993,0.0012452301884447031,0,2,40632320,my_ring_all_reduce,2,8
1786,8.847618000000017,8.858882000000005,8.852066000000002,8.84969799999999,0.00489387317639678,0,2,40763392,my_ring_all_reduce,2,8
1787,8.86121699999999,8.867364999999976,8.863875999999989,8.863045999999995,0.002577615306176127,0,2,40894464,my_ring_all_reduce,2,8
1788,8.881987999999998,8.88823000000001,8.885380000000007,8.885922000000013,0.002576944443851353,0,2,41025536,my_ring_all_reduce,2,8
1789,8.89514,8.898370999999985,8.896984999999995,8.897444000000004,0.001358393904575434,0,2,41156608,my_ring_all_reduce,2,8
1790,8.909314999999996,8.913286000000008,8.911694999999996,8.91248399999999,0.0017144680418942977,0,2,41287680,my_ring_all_reduce,2,8
1791,8.919296999999991,8.926627999999997,8.92412066666666,8.926436999999991,0.003411738592306237,0,2,41418752,my_ring_all_reduce,2,8
1792,8.939715999999986,8.947975000000035,8.94367533333334,8.943335,0.003380299822356797,0,2,41549824,my_ring_all_reduce,2,8
1793,8.956580999999991,8.960066000000007,8.957827333333334,8.956835000000003,0.0015863690897467135,0,2,41680896,my_ring_all_reduce,2,8
1794,8.971330000000039,8.976227000000003,8.972984000000016,8.971395000000005,0.002293300823404052,0,2,41811968,my_ring_all_reduce,2,8
1795,8.983877999999997,8.987428,8.985806666666669,8.98611400000001,0.00146548406868197,0,2,41943040,my_ring_all_reduce,2,8
1796,9.001537999999996,9.008708000000002,9.00567733333333,9.006785999999993,0.003030300461818541,0,2,42074112,my_ring_all_reduce,2,8
1797,9.014113000000012,9.019238000000012,9.016643333333347,9.01657900000002,0.002092766961597626,0,2,42205184,my_ring_all_reduce,2,8
1798,9.027717000000019,9.029477000000028,9.02850533333335,9.028322000000001,0.0007301179509029268,0,2,42336256,my_ring_all_reduce,2,8
1799,9.047844999999986,9.055649000000013,9.052428999999997,9.05379299999999,0.003328761130920551,0,2,42467328,my_ring_all_reduce,2,8
1800,9.049539999999979,9.055552999999982,9.05289799999999,9.05360100000001,0.002504622260279193,0,2,42598400,my_ring_all_reduce,2,8
1801,9.050499000000011,9.055844000000002,9.053838666666676,9.055173000000018,0.00237733609085531,0,2,42729472,my_ring_all_reduce,2,8
1802,9.054149,9.065826,9.059992666666666,9.060002999999996,0.004767120887448835,0,2,42860544,my_ring_all_reduce,2,8
1803,9.048994000000013,9.057025000000005,9.052929000000008,9.052768000000004,0.003280617929594798,0,2,42991616,my_ring_all_reduce,2,8
1804,9.052034000000004,9.057380000000004,9.05384733333335,9.05212800000004,0.002498267310660056,0,2,43122688,my_ring_all_reduce,2,8
1805,9.058305999999993,9.059713000000004,9.059223666666666,9.059652,0.0006493660156089234,0,2,43253760,my_ring_all_reduce,2,8
1806,9.055008999999984,9.062884999999987,9.058820333333317,9.05856699999998,0.003220349601450838,0,2,43384832,my_ring_all_reduce,2,8
1807,9.084834000000003,9.096960999999988,9.089794333333328,9.087587999999997,0.0051908228206609145,0,2,43515904,my_ring_all_reduce,2,8
1808,9.132258000000002,9.143522999999986,9.137463666666664,9.136610000000008,0.004638362953545167,0,2,43646976,my_ring_all_reduce,2,8
1809,9.172992000000027,9.177378999999958,9.175383999999994,9.175780999999999,0.0018128520807187464,0,2,43778048,my_ring_all_reduce,2,8
1810,9.215522000000005,9.223010000000002,9.220183666666665,9.222018999999992,0.0033210311986189567,0,2,43909120,my_ring_all_reduce,2,8
1811,9.265377000000008,9.268546999999998,9.267041999999995,9.267201999999976,0.0012990830099163671,0,2,44040192,my_ring_all_reduce,2,8
1812,9.31273799999999,9.315329000000004,9.313909666666666,9.313661999999999,0.0010721704881065232,0,2,44171264,my_ring_all_reduce,2,8
1813,9.355263000000006,9.359712,9.358198000000002,9.359618999999999,0.002075705663138863,0,2,44302336,my_ring_all_reduce,2,8
1814,9.355617000000006,9.36109,9.358551000000006,9.35894600000001,0.002251732814225363,0,2,44433408,my_ring_all_reduce,2,8
1815,9.358083000000013,9.359810000000012,9.359073666666665,9.359327999999966,0.0007276200168222209,0,2,44564480,my_ring_all_reduce,2,8
1816,9.359588000000018,9.366239000000009,9.363319000000011,9.364130000000005,0.002775156572154967,0,2,44695552,my_ring_all_reduce,2,8
1817,9.360227999999996,9.361696999999985,9.361175666666666,9.361602000000014,0.0006712229303470519,0,2,44826624,my_ring_all_reduce,2,8
1818,9.360706999999994,9.361092999999979,9.360888666666657,9.360865999999998,0.00015839682936667055,0,2,44957696,my_ring_all_reduce,2,8
1819,9.36003300000001,9.370562000000005,9.364843999999993,9.363936999999963,0.004346028608589131,0,2,45088768,my_ring_all_reduce,2,8
1820,9.367199999999983,9.368607999999993,9.368118666666668,9.368548000000025,0.0006500570915218276,0,2,45219840,my_ring_all_reduce,2,8
1821,9.363746000000006,9.368227999999988,9.365581000000004,9.364769000000015,0.0019177398155023123,0,2,45350912,my_ring_all_reduce,2,8
1822,9.368578000000022,9.371042000000001,9.369528000000008,9.368964,0.0010820954979360105,0,2,45481984,my_ring_all_reduce,2,8
1823,9.367588000000003,9.374656999999964,9.37082933333332,9.370242999999995,0.002915536581052939,0,2,45613056,my_ring_all_reduce,2,8
1824,9.379681000000005,9.382593000000005,9.381452999999995,9.382084999999977,0.0012700404192997183,0,2,45744128,my_ring_all_reduce,2,8
1825,9.385537000000001,9.396611000000034,9.389442666666682,9.386180000000008,0.005075569874969297,0,2,45875200,my_ring_all_reduce,2,8
1826,9.407040999999998,9.412609999999994,9.409975999999995,9.410276999999995,0.002283475567344448,0,2,46006272,my_ring_all_reduce,2,8
1827,9.420100000000021,9.424927999999992,9.422647333333337,9.422914,0.0019800217731568257,0,2,46137344,my_ring_all_reduce,2,8
1828,9.438817999999992,9.443744999999996,9.441036333333331,9.440546000000003,0.0020411030242393773,0,2,46268416,my_ring_all_reduce,2,8
1829,9.465378000000008,9.475106000000029,9.468802000000007,9.465921999999985,0.00446313014226533,0,2,46399488,my_ring_all_reduce,2,8
1830,9.468834000000003,9.489504999999998,9.48146266666667,9.48604900000001,0.009040589963541274,0,2,46530560,my_ring_all_reduce,2,8
1831,9.506530000000001,9.522372000000018,9.513005666666675,9.510115000000006,0.006782782434639406,0,2,46661632,my_ring_all_reduce,2,8
1832,9.515554999999994,9.529215999999993,9.52196466666666,9.521122999999992,0.00560874509632518,0,2,46792704,my_ring_all_reduce,2,8
1833,9.537505000000005,9.552002999999969,9.545355666666659,9.546559000000002,0.005979632615977434,0,2,46923776,my_ring_all_reduce,2,8
1834,9.560066000000006,9.570786,9.565666666666663,9.566147999999986,0.004389636380786914,0,2,47054848,my_ring_all_reduce,2,8
1835,9.588097999999999,9.596484999999994,9.592408666666659,9.592642999999981,0.0034279854466154323,0,2,47185920,my_ring_all_reduce,2,8
1836,9.602880000000034,9.607426,9.605014000000011,9.604735999999997,0.0018662782929184175,0,2,47316992,my_ring_all_reduce,2,8
1837,9.607840000000012,9.622816999999996,9.617046000000004,9.620481000000003,0.006579110932837786,0,2,47448064,my_ring_all_reduce,2,8
1838,9.63769700000003,9.639426,9.638817000000014,9.63932800000001,0.0007929695244131711,0,2,47579136,my_ring_all_reduce,2,8
1839,9.652097000000001,9.667232000000004,9.658549333333331,9.656318999999993,0.006376929581618129,0,2,47710208,my_ring_all_reduce,2,8
1840,9.667588,9.673921000000016,9.671010000000004,9.671521,0.0026105635406996766,0,2,47841280,my_ring_all_reduce,2,8
1841,9.676833999999989,9.681570000000008,9.679937333333333,9.681408,0.0021953844512795067,0,2,47972352,my_ring_all_reduce,2,8
1842,9.693855000000003,9.70531300000001,9.698986333333341,9.697791000000013,0.004753458904374212,0,2,48103424,my_ring_all_reduce,2,8
1843,9.704451999999995,9.714144000000001,9.709558666666664,9.710079999999996,0.003973877815045299,0,2,48234496,my_ring_all_reduce,2,8
1844,9.725508000000016,9.726432,9.726123333333339,9.726430000000004,0.0004351071387794606,0,2,48365568,my_ring_all_reduce,2,8
1845,9.731232999999992,9.737377999999998,9.734124333333321,9.733761999999974,0.0025217348966346757,0,2,48496640,my_ring_all_reduce,2,8
1846,9.749059000000004,9.754880999999994,9.751157666666666,9.749532999999996,0.002639896125899404,0,2,48627712,my_ring_all_reduce,2,8
1847,9.760671999999992,9.763169999999985,9.761642999999994,9.761087000000002,0.001092963250368121,0,2,48758784,my_ring_all_reduce,2,8
1848,9.778305000000003,9.783458999999995,9.781452333333334,9.782593000000007,0.002253407691079208,0,2,48889856,my_ring_all_reduce,2,8
1849,9.79631800000002,9.802977000000006,9.799765666666685,9.80000200000003,0.0027236568963174986,0,2,49020928,my_ring_all_reduce,2,8
1850,9.815040999999997,9.820513000000007,9.81722733333333,9.816127999999983,0.0023653183483245918,0,2,49152000,my_ring_all_reduce,2,8
1851,9.826495999999999,9.830144999999996,9.828362666666665,9.828447,0.0014908910832852405,0,2,49283072,my_ring_all_reduce,2,8
1852,9.84883200000001,9.851391999999997,9.850399666666675,9.850975000000021,0.0011215038514798697,0,2,49414144,my_ring_all_reduce,2,8
1853,9.864932000000001,9.873470999999999,9.869153333333335,9.869057000000003,0.003486697609804154,0,2,49545216,my_ring_all_reduce,2,8
1854,9.86640300000002,9.873120999999992,9.869421000000004,9.868739000000001,0.002784687175717863,0,2,49676288,my_ring_all_reduce,2,8
1855,9.86867300000001,9.871198999999987,9.869588999999996,9.86889499999999,0.0011420437819909728,0,2,49807360,my_ring_all_reduce,2,8
1856,9.878400000000024,9.884545000000013,9.881963333333346,9.882945,0.002602948114898671,0,2,49938432,my_ring_all_reduce,2,8
1857,9.872481000000002,9.874371999999989,9.873622666666662,9.874015,0.0008203309630152056,0,2,50069504,my_ring_all_reduce,2,8
1858,9.877028,9.877505000000035,9.877346000000005,9.877504999999976,0.00022485995642028156,0,2,50200576,my_ring_all_reduce,2,8
1859,9.874146000000023,9.882368000000001,9.877718666666683,9.876642000000022,0.0034418724877828873,0,2,50331648,my_ring_all_reduce,2,8
1860,9.878301,9.884064000000013,9.880459,9.879011999999989,0.002565592719049737,0,2,50462720,my_ring_all_reduce,2,8
1861,9.872160000000004,9.885057000000002,9.879349333333337,9.880831000000006,0.005368404749601667,0,2,50593792,my_ring_all_reduce,2,8
1862,9.88835099999998,9.894496999999992,9.891509333333326,9.891680000000008,0.002511994470982919,0,2,50724864,my_ring_all_reduce,2,8
1863,9.91952199999999,9.925697000000023,9.922145000000006,9.921216000000001,0.002605115096639135,0,2,50855936,my_ring_all_reduce,2,8
1864,9.955201,9.962240999999995,9.95818833333333,9.957122999999992,0.0029711503196933097,0,2,50987008,my_ring_all_reduce,2,8
1865,10.001147000000019,10.004030000000014,10.002792000000019,10.003199000000022,0.001211654241108755,0,2,51118080,my_ring_all_reduce,2,8
1866,10.043644999999989,10.045539000000005,10.044330666666662,10.043807999999993,0.0008570081031707797,0,2,51249152,my_ring_all_reduce,2,8
1867,10.085953000000002,10.092380999999992,10.089629999999998,10.090555999999998,0.0027046753347947745,0,2,51380224,my_ring_all_reduce,2,8
1868,10.098689000000002,10.101375999999975,10.099818333333316,10.099389999999971,0.0011380082991217129,0,2,51511296,my_ring_all_reduce,2,8
1869,10.103614999999998,10.108576000000005,10.105407666666666,10.104031999999993,0.0022468087492206494,0,2,51642368,my_ring_all_reduce,2,8
1870,10.112160999999993,10.116578,10.114358666666663,10.114336999999992,0.0018032977815379222,0,2,51773440,my_ring_all_reduce,2,8
1871,10.107036999999996,10.117532999999998,10.111047333333332,10.108572,0.0046286758605699,0,2,51904512,my_ring_all_reduce,2,8
1872,10.120287999999995,10.123356,10.122238999999997,10.123072999999994,0.0013843946932394359,0,2,52035584,my_ring_all_reduce,2,8
1873,10.122429000000011,10.127040999999998,10.124767333333335,10.124831999999994,0.0018833962821285758,0,2,52166656,my_ring_all_reduce,2,8
1874,10.118274000000001,10.123868999999985,10.121728999999993,10.123043999999995,0.002466160984196061,0,2,52297728,my_ring_all_reduce,2,8
1875,10.121570000000021,10.141345999999999,10.130221333333342,10.127748000000008,0.008260773867425644,0,2,52428800,my_ring_all_reduce,2,8
1876,10.145120999999998,10.148514000000025,10.147202000000002,10.147970999999984,0.001488093411052215,0,2,52559872,my_ring_all_reduce,2,8
1877,10.149951000000023,10.167775999999995,10.158997333333339,10.159265,0.007279486718767992,0,2,52690944,my_ring_all_reduce,2,8
1878,10.169059999999991,10.178527000000004,10.172554999999997,10.170077999999997,0.004243243177890017,0,2,52822016,my_ring_all_reduce,2,8
1879,10.188190999999993,10.202364999999999,10.196286333333346,10.198303000000044,0.005959629593270151,0,2,52953088,my_ring_all_reduce,2,8
1880,10.214718999999997,10.222236999999998,10.218004333333333,10.217057,0.0031414605237409716,0,2,53084160,my_ring_all_reduce,2,8
1881,10.220354000000036,10.24326399999998,10.23302466666667,10.235455999999992,0.009509663903372483,0,2,53215232,my_ring_all_reduce,2,8
1882,10.246561999999999,10.256895,10.250699333333325,10.248640999999974,0.004462456299198951,0,2,53346304,my_ring_all_reduce,2,8
1883,10.275744000000007,10.282977000000013,10.278848666666672,10.277824999999996,0.0030402842337924653,0,2,53477376,my_ring_all_reduce,2,8
1884,10.287648,10.31004800000001,10.296075333333336,10.290529999999999,0.009949976259049888,0,2,53608448,my_ring_all_reduce,2,8
1885,10.309502000000004,10.315232000000018,10.31190266666667,10.310973999999995,0.0024296832898395735,0,2,53739520,my_ring_all_reduce,2,8
1886,10.332671999999999,10.354303999999997,10.344831999999998,10.347519999999998,0.009033451315342072,0,2,53870592,my_ring_all_reduce,2,8
1887,10.350398999999996,10.360127000000011,10.353845000000005,10.351009000000007,0.004449019966993807,0,2,54001664,my_ring_all_reduce,2,8
1888,10.371454999999973,10.380797999999995,10.376798999999986,10.378143999999986,0.003931045747220353,0,2,54132736,my_ring_all_reduce,2,8
1889,10.396928000000004,10.413021999999982,10.402751000000004,10.398303000000029,0.007284354787243776,0,2,54263808,my_ring_all_reduce,2,8
1890,10.409728000000003,10.418752000000008,10.41384566666667,10.413057,0.003726002355819827,0,2,54394880,my_ring_all_reduce,2,8
1891,10.431742000000005,10.432738999999987,10.432191666666666,10.432094000000001,0.0004128408356125989,0,2,54525952,my_ring_all_reduce,2,8
1892,10.442401000000006,10.448129000000002,10.445248333333337,10.445215000000005,0.002338564992086917,0,2,54657024,my_ring_all_reduce,2,8
1893,10.455997000000002,10.464799000000014,10.459262000000004,10.45699,0.0039361816523182745,0,2,54788096,my_ring_all_reduce,2,8
1894,10.478656000000017,10.484255999999995,10.480608333333338,10.478913,0.002581422906497018,0,2,54919168,my_ring_all_reduce,2,8
1895,10.491293999999995,10.503103000000003,10.499114,10.502945000000008,0.0055299512354741506,0,2,55050240,my_ring_all_reduce,2,8
1896,10.505856000000014,10.512703999999998,10.508383666666667,10.506590999999986,0.0030696380170212294,0,2,55181312,my_ring_all_reduce,2,8
1897,10.516955999999977,10.528414000000001,10.521608999999996,10.51945700000001,0.004918995087081272,0,2,55312384,my_ring_all_reduce,2,8
1898,10.531519999999961,10.543966999999997,10.536586666666652,10.534272999999997,0.005338335716526384,0,2,55443456,my_ring_all_reduce,2,8
1899,10.538528999999995,10.543841000000008,10.540800000000003,10.54003,0.0022359205412289277,0,2,55574528,my_ring_all_reduce,2,8
1900,10.554016000000006,10.560799000000005,10.557876666666667,10.558814999999992,0.0028475280898018975,0,2,55705600,my_ring_all_reduce,2,8
1901,10.572159999999982,10.592156000000003,10.582333999999996,10.582686,0.008167126463255242,0,2,55836672,my_ring_all_reduce,2,8
1902,10.614941000000021,10.625280000000007,10.621449333333345,10.624127000000005,0.0046260965787033054,0,2,55967744,my_ring_all_reduce,2,8
1903,10.62818999999998,10.632192000000003,10.630741333333326,10.63184199999999,0.0018097147718866447,0,2,56098816,my_ring_all_reduce,2,8
1904,10.643935000000027,10.658112000000001,10.650793333333342,10.650333,0.005796882054642353,0,2,56229888,my_ring_all_reduce,2,8
1905,10.643806999999994,10.652510000000003,10.649235999999997,10.651390999999997,0.0038659687013768164,0,2,56360960,my_ring_all_reduce,2,8
1906,10.658491999999985,10.660926999999988,10.659335999999989,10.658588999999992,0.001125703631808558,0,2,56492032,my_ring_all_reduce,2,8
1907,10.670621000000022,10.678787,10.675476666666677,10.677022000000008,0.003508269310570741,0,2,56623104,my_ring_all_reduce,2,8
1908,10.68527899999998,10.68732600000003,10.686078666666665,10.68563099999998,0.0008936279365212667,0,2,56754176,my_ring_all_reduce,2,8
1909,10.689919999999999,10.701055999999998,10.694996666666654,10.694013999999967,0.0045990469544139705,0,2,56885248,my_ring_all_reduce,2,8
1910,10.695548999999986,10.701821999999996,10.698228333333327,10.697314000000006,0.002641292150110604,0,2,57016320,my_ring_all_reduce,2,8
1911,10.695744999999988,10.69852799999999,10.697173666666663,10.697248000000005,0.0011373701635317044,0,2,57147392,my_ring_all_reduce,2,8
1912,10.69948699999998,10.705918000000002,10.703434333333329,10.704898000000002,0.0028220772885022834,0,2,57278464,my_ring_all_reduce,2,8
1913,10.695966000000004,10.699680000000022,10.698164333333336,10.69884699999998,0.0015912205657595446,0,2,57409536,my_ring_all_reduce,2,8
1914,10.702624000000002,10.714943000000014,10.709289666666676,10.710302000000011,0.005079898577295384,0,2,57540608,my_ring_all_reduce,2,8
1915,10.699007999999994,10.702433000000003,10.700309333333331,10.699487000000001,0.0015143382126297715,0,2,57671680,my_ring_all_reduce,2,8
1916,10.703777000000017,10.726173999999999,10.712127333333337,10.706430999999998,0.009991415059379177,0,2,57802752,my_ring_all_reduce,2,8
1917,10.692286000000037,10.699423999999985,10.696265666666674,10.697087,0.0029713860214988985,0,2,57933824,my_ring_all_reduce,2,8
1918,10.70608200000001,10.731392000000007,10.71680166666667,10.712931,0.0106891087976917,0,2,58064896,my_ring_all_reduce,2,8
1919,10.732222000000009,10.751931999999972,10.74245099999999,10.743198999999994,0.00806393836780489,0,2,58195968,my_ring_all_reduce,2,8
1920,10.779872000000003,10.782817000000003,10.781568,10.782014999999996,0.001243144668437655,0,2,58327040,my_ring_all_reduce,2,8
1921,10.820321000000005,10.825821999999993,10.82261266666667,10.821695000000007,0.002337639027351268,0,2,58458112,my_ring_all_reduce,2,8
1922,10.840987999999998,10.863195000000022,10.85070633333334,10.847936,0.009275191726091479,0,2,58589184,my_ring_all_reduce,2,8
1923,10.856957000000007,10.870431999999994,10.864478333333333,10.866045999999999,0.005611719304767207,0,2,58720256,my_ring_all_reduce,2,8
1924,10.880284000000014,10.901053000000001,10.889533666666672,10.887264000000002,0.008629460405425615,0,2,58851328,my_ring_all_reduce,2,8
1925,10.89427199999999,10.90588800000002,10.90041633333334,10.901089000000006,0.004766006317908081,0,2,58982400,my_ring_all_reduce,2,8
1926,10.909023000000046,10.919709000000003,10.914056333333336,10.913436999999963,0.004384467229751127,0,2,59113472,my_ring_all_reduce,2,8
1927,10.896251000000005,10.904319000000019,10.901298333333344,10.903325000000011,0.0035919993813463254,0,2,59244544,my_ring_all_reduce,2,8
1928,10.909790000000001,10.912542999999994,10.911304333333339,10.911580000000017,0.001140685856061796,0,2,59375616,my_ring_all_reduce,2,8
1929,10.914620999999984,10.930142000000007,10.924327666666658,10.928219999999987,0.006908355054255033,0,2,59506688,my_ring_all_reduce,2,8
1930,10.925982000000003,10.93430399999999,10.929533999999999,10.928316000000002,0.0035049074167458486,0,2,59637760,my_ring_all_reduce,2,8
1931,10.952608000000009,10.953535999999993,10.953055666666666,10.953023000000002,0.00037955792998864386,0,2,59768832,my_ring_all_reduce,2,8
1932,10.973436999999992,10.980155999999996,10.976774999999996,10.976732000000004,0.002743188777075896,0,2,59899904,my_ring_all_reduce,2,8
1933,10.987293000000005,10.995354999999982,10.990002333333337,10.987359000000026,0.00378500280344732,0,2,60030976,my_ring_all_reduce,2,8
1934,11.017148,11.042877,11.026438666666662,11.019290999999983,0.011656535057882353,0,2,60162048,my_ring_all_reduce,2,8
1935,11.034751000000004,11.046331999999994,11.040392999999996,11.040095999999991,0.004732585410389592,0,2,60293120,my_ring_all_reduce,2,8
1936,11.057757999999987,11.077342999999994,11.064606666666663,11.058719000000005,0.009014489090100412,0,2,60424192,my_ring_all_reduce,2,8
1937,11.076766,11.086267999999997,11.081425999999992,11.081243999999977,0.0038813094010477825,0,2,60555264,my_ring_all_reduce,2,8
1938,11.109406,11.122875,11.114364999999994,11.110813999999984,0.006044870607937684,0,2,60686336,my_ring_all_reduce,2,8
1939,11.116574999999969,11.136477,11.124914666666657,11.121692000000003,0.00843846693555071,0,2,60817408,my_ring_all_reduce,2,8
1940,11.145313000000009,11.154368000000002,11.149451000000004,11.148672,0.0037375024637648436,0,2,60948480,my_ring_all_reduce,2,8
1941,11.15475099999999,11.158815000000002,11.157108000000003,11.157758000000017,0.001721607582084844,0,2,61079552,my_ring_all_reduce,2,8
1942,11.182331999999995,11.190396999999997,11.185586333333331,11.18403,0.003471568937654911,0,2,61210624,my_ring_all_reduce,2,8
1943,11.206813,11.214942,11.211346999999998,11.212286,0.003384420285169604,0,2,61341696,my_ring_all_reduce,2,8
1944,11.204892000000008,11.228351999999992,11.217939333333327,11.22057399999998,0.0097570146162677,0,2,61472768,my_ring_all_reduce,2,8
1945,11.230339999999998,11.25679800000001,11.243199333333337,11.24246,0.010814077286373836,0,2,61603840,my_ring_all_reduce,2,8
1946,11.242847999999954,11.256252,11.248156666666654,11.24537000000001,0.005816123413038832,0,2,61734912,my_ring_all_reduce,2,8
1947,11.265725999999995,11.279166000000005,11.271677666666667,11.270140999999999,0.005593413289063138,0,2,61865984,my_ring_all_reduce,2,8
1948,11.296477999999992,11.301182000000015,11.299592333333342,11.301117000000014,0.002202326093536015,0,2,61997056,my_ring_all_reduce,2,8
1949,11.303005,11.323644,11.310802000000004,11.305757000000012,0.009149903423895827,0,2,62128128,my_ring_all_reduce,2,8
1950,11.299582000000006,11.325372999999997,11.314217333333334,11.317697,0.010812800449258097,0,2,62259200,my_ring_all_reduce,2,8
1951,11.333438000000003,11.340283999999993,11.336967333333329,11.337179999999993,0.0027989104229205575,0,2,62390272,my_ring_all_reduce,2,8
1952,11.344411999999997,11.354587999999998,11.349031000000002,11.348093000000008,0.004206948775537678,0,2,62521344,my_ring_all_reduce,2,8
1953,11.350813999999998,11.362911999999996,11.358633666666677,11.362175000000033,0.005537519440654994,0,2,62652416,my_ring_all_reduce,2,8
1954,11.358076999999996,11.366942,11.361086999999989,11.358241999999969,0.004140658160252621,0,2,62783488,my_ring_all_reduce,2,8
1955,11.368986999999994,11.379134999999998,11.372391333333331,11.369052000000005,0.004768566264844836,0,2,62914560,my_ring_all_reduce,2,8
1956,11.380863000000012,11.400926000000007,11.389587999999998,11.386974999999977,0.008396500024813397,0,2,63045632,my_ring_all_reduce,2,8
1957,11.393021999999982,11.403327000000012,11.397991666666655,11.397625999999976,0.004214936957495409,0,2,63176704,my_ring_all_reduce,2,8
1958,11.409436000000008,11.430908999999998,11.419899666666666,11.419353999999993,0.008774802802465233,0,2,63307776,my_ring_all_reduce,2,8
1959,11.420830000000002,11.42793499999999,11.425545333333341,11.427871000000028,0.0033343465460132916,0,2,63438848,my_ring_all_reduce,2,8
1960,11.440252000000022,11.462203999999977,11.449521333333331,11.446107999999994,0.009281189195818027,0,2,63569920,my_ring_all_reduce,2,8
1961,11.441881999999955,11.449820999999996,11.445883333333322,11.445947000000015,0.003241395824178159,0,2,63700992,my_ring_all_reduce,2,8
1962,11.4591,11.47551999999999,11.465768666666657,11.462685999999987,0.007048934923484781,0,2,63832064,my_ring_all_reduce,2,8
1963,11.465627000000008,11.470173000000003,11.467815333333334,11.467645999999993,0.0018597552407637185,0,2,63963136,my_ring_all_reduce,2,8
1964,11.475550000000018,11.482686999999995,11.478259000000003,11.476540000000002,0.0031570464044658668,0,2,64094208,my_ring_all_reduce,2,8
1965,11.475262000000003,11.480830999999977,11.478344666666652,11.478940999999978,0.002312307697698758,0,2,64225280,my_ring_all_reduce,2,8
1966,11.48815799999998,11.490970999999991,11.489766999999992,11.490171999999996,0.0011835711498169735,0,2,64356352,my_ring_all_reduce,2,8
1967,11.490266,11.496445,11.493148333333332,11.492733999999997,0.002539522833569721,0,2,64487424,my_ring_all_reduce,2,8
1968,11.494425000000003,11.500123000000007,11.497466333333335,11.497850999999999,0.002342047157700977,0,2,64618496,my_ring_all_reduce,2,8
1969,11.499641000000004,11.514716,11.505723000000003,11.502812000000006,0.006489445122656653,0,2,64749568,my_ring_all_reduce,2,8
1970,11.506493999999984,11.523743999999995,11.51240366666667,11.506973000000027,0.00802121064566641,0,2,64880640,my_ring_all_reduce,2,8
1971,11.506813999999995,11.523549000000006,11.512626333333339,11.507516000000019,0.00772880699432697,0,2,65011712,my_ring_all_reduce,2,8
1972,11.511456000000006,11.533341,11.521555000000006,11.519868000000017,0.009013796203594828,0,2,65142784,my_ring_all_reduce,2,8
1973,11.511005,11.524028999999999,11.517778666666663,11.518301999999982,0.005329887574380957,0,2,65273856,my_ring_all_reduce,2,8
1974,11.516538999999982,11.521691999999996,11.519035666666666,11.518876000000018,0.002106730853457587,0,2,65404928,my_ring_all_reduce,2,8
1975,11.546688000000039,11.55487400000001,11.550407000000012,11.549658999999986,0.003383516612432853,0,2,65536000,my_ring_all_reduce,2,8
1976,11.578814000000007,11.602109000000011,11.589021333333344,11.586141000000017,0.009725790330640192,0,2,65667072,my_ring_all_reduce,2,8
1977,11.613850000000006,11.634751000000005,11.622280000000009,11.61823900000001,0.008998526212662752,0,2,65798144,my_ring_all_reduce,2,8
1978,11.642013999999982,11.652702000000012,11.647005666666665,11.646301,0.0043917158631141895,0,2,65929216,my_ring_all_reduce,2,8
1979,11.666014999999998,11.678493999999978,11.67322466666665,11.675164999999978,0.005276048416077274,0,2,66060288,my_ring_all_reduce,2,8
1980,11.684028999999995,11.696859999999973,11.69007666666665,11.689340999999986,0.0052640000210983405,0,2,66191360,my_ring_all_reduce,2,8
1981,11.68700099999999,11.69913399999999,11.692294333333328,11.690748000000001,0.005072526151292444,0,2,66322432,my_ring_all_reduce,2,8
1982,11.692862000000003,11.710816000000007,11.704148333333329,11.708766999999979,0.008024362501500857,0,2,66453504,my_ring_all_reduce,2,8
1983,11.698681000000011,11.720128000000026,11.712189333333358,11.717759000000035,0.009600671585313829,0,2,66584576,my_ring_all_reduce,2,8
1984,11.716223999999988,11.732253999999998,11.72670666666666,11.731641999999992,0.007416574291562811,0,2,66715648,my_ring_all_reduce,2,8
1985,11.73164400000003,11.762457999999999,11.748764000000008,11.752190000000002,0.012810900462743595,0,2,66846720,my_ring_all_reduce,2,8
1986,11.751323000000005,11.759772000000012,11.756465333333338,11.758300999999996,0.0036854356896069305,0,2,66977792,my_ring_all_reduce,2,8
1987,11.768220000000003,11.796928,11.781810999999996,11.780284999999981,0.011769560257998272,0,2,67108864,my_ring_all_reduce,2,8
1988,0.7173719999999995,0.997596999999998,0.8108973333333327,0.7177230000000009,0.13201667811387297,0,4,2048,my_ring_all_reduce,4,8
1989,2.401879000000001,2.403671000000006,2.402977000000002,2.4033809999999995,0.0007853780406075448,0,4,10240,my_ring_all_reduce,4,8
1990,4.07444899999999,4.074643000000002,4.0745349999999965,4.074512999999995,8.071348504093263e-05,0,4,18432,my_ring_all_reduce,4,8
1991,4.707564999999995,4.710963000000003,4.7095416666666665,4.710097000000002,0.0014417344492770004,0,4,26624,my_ring_all_reduce,4,8
1992,6.076651000000005,6.079084999999992,6.077526666666667,6.076844000000005,0.0011047214832445402,0,4,34816,my_ring_all_reduce,4,8
1993,7.454469000000026,7.459781999999992,7.457468333333336,7.4581539999999915,0.0022225505368427033,0,4,43008,my_ring_all_reduce,4,8
1994,7.574408000000011,7.576419999999999,7.575526333333336,7.575750999999997,0.0008366171300021724,0,4,51200,my_ring_all_reduce,4,8
1995,7.582471000000002,7.583430000000022,7.583100000000002,7.583398999999983,0.0004449501844784829,0,4,59392,my_ring_all_reduce,4,8
1996,7.605540000000008,7.6073020000000255,7.606426666666681,7.60643800000001,0.0007193781265085137,0,4,67584,my_ring_all_reduce,4,8
1997,7.594021000000016,7.5968399999999825,7.595589333333334,7.595907000000003,0.0011725682164342886,0,4,75776,my_ring_all_reduce,4,8
1998,7.600360000000008,7.603653000000006,7.60188366666667,7.6016379999999995,0.001355538351438559,0,4,83968,my_ring_all_reduce,4,8
1999,7.587944000000003,7.594119999999996,7.591655666666671,7.592903000000013,0.002671157593420049,0,4,92160,my_ring_all_reduce,4,8
2000,7.613224999999977,7.614629999999997,7.613799999999993,7.613545000000006,0.000601262560511745,0,4,100352,my_ring_all_reduce,4,8
2001,7.619045000000006,7.622149000000001,7.620838000000005,7.621320000000007,0.0013122365132332994,0,4,108544,my_ring_all_reduce,4,8
2002,7.622728000000003,7.625191999999996,7.623559999999998,7.622759999999995,0.0011540722103330295,0,4,116736,my_ring_all_reduce,4,8
2003,7.632388000000002,7.6335760000000015,7.633125333333333,7.633411999999997,0.0005256547240229271,0,4,124928,my_ring_all_reduce,4,8
2004,7.637962,7.641955000000002,7.6401239999999815,7.640454999999943,0.0016468521487948235,0,4,133120,my_ring_all_reduce,4,8
2005,7.63306200000002,7.636134999999981,7.634929000000002,7.635590000000004,0.0013387862662232039,0,4,141312,my_ring_all_reduce,4,8
2006,7.635685999999987,7.645414000000019,7.640785000000008,7.64125500000002,0.00398532064792475,0,4,149504,my_ring_all_reduce,4,8
2007,7.6457309999999925,7.648518,7.647514666666663,7.648294999999998,0.0012645242407971775,0,4,157696,my_ring_all_reduce,4,8
2008,7.654214999999997,7.659943000000006,7.656561000000003,7.655525000000005,0.0024505057981326983,0,4,165888,my_ring_all_reduce,4,8
2009,7.647782999999996,7.650692000000017,7.649617000000005,7.6503760000000005,0.0013032346936312361,0,4,174080,my_ring_all_reduce,4,8
2010,7.660068999999974,7.663464000000011,7.661713333333329,7.661607,0.0013880409055919533,0,4,182272,my_ring_all_reduce,4,8
2011,7.664422000000006,7.6671090000000115,7.665670000000007,7.665479000000003,0.001105245975641658,0,4,190464,my_ring_all_reduce,4,8
2012,7.668165000000001,7.6707589999999986,7.669574666666669,7.66980000000001,0.0010709155999525162,0,4,198656,my_ring_all_reduce,4,8
2013,7.665701999999991,7.6757479999999925,7.670405999999994,7.669767999999997,0.0041259998384234565,0,4,206848,my_ring_all_reduce,4,8
2014,7.669927000000003,7.674692000000003,7.672817333333335,7.673833000000001,0.002073642581438292,0,4,215040,my_ring_all_reduce,4,8
2015,7.676420999999988,7.683301999999996,7.6796643333333305,7.679270000000004,0.0028229611324937587,0,4,223232,my_ring_all_reduce,4,8
2016,7.681798999999995,7.686152000000002,7.683260333333336,7.6818300000000095,0.0020447562745278124,0,4,231424,my_ring_all_reduce,4,8
2017,7.686754999999997,7.689990000000009,7.688549333333335,7.688902999999999,0.0013441518598111728,0,4,239616,my_ring_all_reduce,4,8
2018,7.6880060000000014,7.691012999999999,7.689521333333332,7.6895449999999945,0.0012277166701725876,0,4,247808,my_ring_all_reduce,4,8
2019,7.690021999999983,7.691974999999991,7.690983333333328,7.690953000000008,0.0007975973643139355,0,4,256000,my_ring_all_reduce,4,8
2020,7.694661999999997,7.696837999999989,7.695420333333328,7.694760999999999,0.001003256143206063,0,4,264192,my_ring_all_reduce,4,8
2021,7.6995849999999955,7.7038139999999915,7.701882333333317,7.702247999999964,0.0017457365844277164,0,4,272384,my_ring_all_reduce,4,8
2022,7.701668999999998,7.705891999999992,7.703301666666665,7.7023440000000045,0.0018522556219039994,0,4,280576,my_ring_all_reduce,4,8
2023,7.709122,7.7105360000000145,7.709828999999999,7.709828999999983,0.0005772630827218959,0,4,288768,my_ring_all_reduce,4,8
2024,7.711590000000004,7.713895000000004,7.712753000000002,7.712773999999996,0.0009411294632871011,0,4,296960,my_ring_all_reduce,4,8
2025,7.713605999999992,7.719108999999997,7.716271333333331,7.7160990000000025,0.002249892787570747,0,4,305152,my_ring_all_reduce,4,8
2026,7.719268000000004,7.722115000000013,7.720560000000007,7.720297000000006,0.0011770666931015213,0,4,313344,my_ring_all_reduce,4,8
2027,7.7216360000000135,7.723749999999993,7.723044666666662,7.723747999999978,0.000996078087064122,0,4,321536,my_ring_all_reduce,4,8
2028,7.724678000000007,7.7297950000000055,7.727759333333338,7.728805,0.0022160003509812103,0,4,329728,my_ring_all_reduce,4,8
2029,7.727430000000008,7.727846000000034,7.7276756666666815,7.727751000000004,0.00017798938795612055,0,4,337920,my_ring_all_reduce,4,8
2030,7.733799000000014,7.736583999999999,7.735441333333334,7.7359409999999915,0.0011906038617176093,0,4,346112,my_ring_all_reduce,4,8
2031,7.736706999999995,7.74112799999999,7.738468999999995,7.737572,0.0019130720495201322,0,4,354304,my_ring_all_reduce,4,8
2032,7.738564999999995,7.740390000000003,7.739268999999999,7.738851999999999,0.0008012793936397916,0,4,362496,my_ring_all_reduce,4,8
2033,7.742756999999998,7.743813999999984,7.743237999999995,7.743143000000003,0.0004367157733137247,0,4,370688,my_ring_all_reduce,4,8
2034,7.763652999999992,7.765222999999994,7.764347333333331,7.764166000000005,0.0006536494133368213,0,4,378880,my_ring_all_reduce,4,8
2035,7.767589,7.774660999999979,7.770213333333328,7.768390000000007,0.0031619302473041505,0,4,387072,my_ring_all_reduce,4,8
2036,7.771206999999999,7.775748000000007,7.773115666666669,7.772392,0.0019231814498125968,0,4,395264,my_ring_all_reduce,4,8
2037,7.774117999999999,7.776322000000015,7.774896333333341,7.774249000000011,0.001009516165744137,0,4,403456,my_ring_all_reduce,4,8
2038,7.777507000000012,7.785415000000008,7.781839666666677,7.782597000000012,0.0032725404334980252,0,4,411648,my_ring_all_reduce,4,8
2039,7.779620000000003,7.784963999999997,7.782320000000001,7.782376000000004,0.0021820381909251176,0,4,419840,my_ring_all_reduce,4,8
2040,7.786053999999989,7.789190999999999,7.787174999999991,7.7862799999999845,0.0014285099463014967,0,4,428032,my_ring_all_reduce,4,8
2041,7.787111999999986,7.787876999999989,7.787483666666656,7.787461999999993,0.00031268550049997766,0,4,436224,my_ring_all_reduce,4,8
2042,7.793217999999993,7.79385899999999,7.793496999999999,7.793414000000012,0.00026818774518004855,0,4,444416,my_ring_all_reduce,4,8
2043,7.797379000000001,7.799971999999994,7.798404999999998,7.797863999999998,0.0011255881425550338,0,4,452608,my_ring_all_reduce,4,8
2044,7.800099000000031,7.801193000000029,7.800752000000021,7.8009640000000005,0.0004711100366809758,0,4,460800,my_ring_all_reduce,4,8
2045,7.801506999999998,7.807396999999997,7.804675333333331,7.805121999999996,0.0024252365291286475,0,4,468992,my_ring_all_reduce,4,8
2046,7.805409999999997,7.809030000000013,7.807727333333337,7.808741999999999,0.001642814928378952,0,4,477184,my_ring_all_reduce,4,8
2047,7.808998000000021,7.812548000000039,7.810446333333357,7.809793000000012,0.0015211307928370951,0,4,485376,my_ring_all_reduce,4,8
2048,7.811909,7.817770000000004,7.8147790000000015,7.814658,0.0023942724712685587,0,4,493568,my_ring_all_reduce,4,8
2049,7.816518999999986,7.819621000000007,7.817937666666666,7.817673000000003,0.0012801399229156202,0,4,501760,my_ring_all_reduce,4,8
2050,7.819812000000013,7.820422000000002,7.8200580000000075,7.81994000000001,0.0002626379002816417,0,4,509952,my_ring_all_reduce,4,8
2051,7.8234640000000075,7.825603999999992,7.824410666666668,7.824164000000004,0.0008908921870110239,0,4,518144,my_ring_all_reduce,4,8
2052,7.825570000000014,7.8284229999999955,7.827395666666674,7.8281940000000105,0.0012943220447558116,0,4,526336,my_ring_all_reduce,4,8
2053,7.831748999999997,7.8338900000000065,7.833135333333338,7.833767000000014,0.0009815709630830417,0,4,534528,my_ring_all_reduce,4,8
2054,7.835396000000001,7.839875000000004,7.836942333333333,7.835555999999997,0.0020747369846716777,0,4,542720,my_ring_all_reduce,4,8
2055,7.840965000000004,7.843399000000005,7.841946666666671,7.841476000000003,0.0010479294929638962,0,4,550912,my_ring_all_reduce,4,8
2056,7.844804000000004,7.84704300000002,7.84578533333334,7.845508999999998,0.0009347193280532436,0,4,559104,my_ring_all_reduce,4,8
2057,7.845730999999986,7.851300999999999,7.848035666666661,7.847074999999998,0.002373237638524919,0,4,567296,my_ring_all_reduce,4,8
2058,7.848612999999983,7.850821999999993,7.850075666666659,7.850792000000001,0.0010343340315884626,0,4,575488,my_ring_all_reduce,4,8
2059,7.852356999999997,7.854851999999996,7.853540666666664,7.853413000000001,0.0010225720295187978,0,4,583680,my_ring_all_reduce,4,8
2060,7.857636000000006,7.861540000000001,7.859300333333333,7.858724999999992,0.0016449033068502165,0,4,591872,my_ring_all_reduce,4,8
2061,7.859717000000008,7.863910000000033,7.8614983333333415,7.860867999999984,0.0017688607130783521,0,4,600064,my_ring_all_reduce,4,8
2062,7.86291800000002,7.868289999999987,7.865060333333335,7.863972999999998,0.002323978819933558,0,4,608256,my_ring_all_reduce,4,8
2063,7.867271000000016,7.870883000000002,7.8695300000000055,7.870435999999998,0.0016077443826606449,0,4,616448,my_ring_all_reduce,4,8
2064,7.871109000000011,7.875493000000009,7.873956666666676,7.875268000000011,0.002015698445259106,0,4,624640,my_ring_all_reduce,4,8
2065,7.873059999999998,7.875497000000003,7.874523333333333,7.875012999999999,0.0010534300588517813,0,4,632832,my_ring_all_reduce,4,8
2066,7.878563000000017,7.882339999999982,7.879907333333333,7.878819,0.0017233270792796976,0,4,641024,my_ring_all_reduce,4,8
2067,7.881953999999998,7.884261000000021,7.883118333333337,7.883139999999992,0.0009419534076799006,0,4,649216,my_ring_all_reduce,4,8
2068,7.883782000000014,7.887489000000016,7.8855610000000125,7.885412000000004,0.0015170394413694097,0,4,657408,my_ring_all_reduce,4,8
2069,7.885734000000004,7.89094999999999,7.88901933333334,7.890374000000025,0.00233495258100838,0,4,665600,my_ring_all_reduce,4,8
2070,7.889377000000008,7.895780999999996,7.893134333333333,7.894244999999995,0.0027298338573728477,0,4,673792,my_ring_all_reduce,4,8
2071,7.892612999999998,7.895814000000028,7.894286333333341,7.894431999999994,0.001310855784943187,0,4,681984,my_ring_all_reduce,4,8
2072,7.900644000000015,7.9036529999999985,7.902586333333336,7.903461999999999,0.001375648776226991,0,4,690176,my_ring_all_reduce,4,8
2073,7.904675000000011,7.909156000000032,7.906552666666673,7.9058269999999755,0.0018999621633802575,0,4,698368,my_ring_all_reduce,4,8
2074,7.909735,7.914599000000046,7.911771666666677,7.910980999999985,0.0020629250000059746,0,4,706560,my_ring_all_reduce,4,8
2075,7.9082289999999995,7.9125129999999775,7.910488666666654,7.910723999999988,0.0017568343373401208,0,4,714752,my_ring_all_reduce,4,8
2076,7.919110999999983,7.921029999999999,7.919802333333329,7.919266000000003,0.0008703946742109957,0,4,722944,my_ring_all_reduce,4,8
2077,7.916485999999994,7.9191730000000025,7.9181376666666665,7.918754000000001,0.0011803650094629624,0,4,731136,my_ring_all_reduce,4,8
2078,7.919747999999978,7.924453999999995,7.92181866666665,7.921253999999979,0.001962268301970348,0,4,739328,my_ring_all_reduce,4,8
2079,7.92599000000002,7.931587999999989,7.928879000000005,7.929059000000001,0.0022889154636948923,0,4,747520,my_ring_all_reduce,4,8
2080,7.924739999999991,7.928261000000006,7.9269043333333284,7.927711999999985,0.001546739437946689,0,4,755712,my_ring_all_reduce,4,8
2081,7.9304970000000035,7.932610999999997,7.931522000000002,7.931458000000006,0.0008642225793520047,0,4,763904,my_ring_all_reduce,4,8
2082,7.936131000000024,7.937570000000004,7.936876333333342,7.936928,0.0005886041869361954,0,4,772096,my_ring_all_reduce,4,8
2083,7.934403999999999,7.940453000000009,7.937913000000004,7.938882000000005,0.0025627876749132034,0,4,780288,my_ring_all_reduce,4,8
2084,7.9434289999999965,7.947332000000009,7.945636333333333,7.946147999999994,0.001633953147707194,0,4,788480,my_ring_all_reduce,4,8
2085,7.945475000000006,7.946789000000004,7.94599933333334,7.945734000000011,0.000568301758651996,0,4,796672,my_ring_all_reduce,4,8
2086,7.950434999999998,7.953831999999995,7.952089999999997,7.952002999999997,0.0013881832251771485,0,4,804864,my_ring_all_reduce,4,8
2087,7.955010000000006,7.9554599999999995,7.955235333333334,7.9552359999999975,0.00018371233551741495,0,4,813056,my_ring_all_reduce,4,8
2088,7.955651000000006,7.957827999999994,7.9570813333333374,7.957765000000014,0.0010117253689713554,0,4,821248,my_ring_all_reduce,4,8
2089,7.959585999999996,7.961860000000008,7.9609636666666646,7.961444999999992,0.0009887805059235625,0,4,829440,my_ring_all_reduce,4,8
2090,7.960161,7.964678000000007,7.963043666666668,7.964291999999998,0.002044435428725424,0,4,837632,my_ring_all_reduce,4,8
2091,7.960802999999993,7.969215999999993,7.963628333333328,7.960865999999995,0.0039511607014756775,0,4,845824,my_ring_all_reduce,4,8
2092,7.968959999999999,7.9711739999999915,7.969773333333329,7.969185999999994,0.0009947091143731439,0,4,854016,my_ring_all_reduce,4,8
2093,7.966916999999987,7.974148000000001,7.971565999999992,7.973632999999987,0.00329405595986028,0,4,862208,my_ring_all_reduce,4,8
2094,7.973444,7.9784390000000025,7.976314000000001,7.9770590000000015,0.0021061457689354594,0,4,870400,my_ring_all_reduce,4,8
2095,7.975460000000014,7.978501000000004,7.977389666666674,7.978208000000006,0.0013697134331226938,0,4,878592,my_ring_all_reduce,4,8
2096,7.980290000000008,7.984995000000003,7.98297866666667,7.983650999999998,0.00197876734918767,0,4,886784,my_ring_all_reduce,4,8
2097,7.981347000000009,7.988190999999992,7.984525666666673,7.984039000000019,0.0028151633858166363,0,4,894976,my_ring_all_reduce,4,8
2098,7.984708000000014,7.994048999999984,7.987874999999995,7.984867999999988,0.004366165900031459,0,4,903168,my_ring_all_reduce,4,8
2099,7.990498999999982,7.998851999999999,7.994382999999992,7.9937979999999955,0.0034350954377881803,0,4,911360,my_ring_all_reduce,4,8
2100,7.993251999999986,7.999652000000002,7.9958003333333325,7.994497000000011,0.0027705605128882354,0,4,919552,my_ring_all_reduce,4,8
2101,7.997154999999984,8.001859999999986,7.999513999999988,7.999526999999995,0.0019208302024567843,0,4,927744,my_ring_all_reduce,4,8
2102,8.000065000000003,8.002498999999967,8.001665999999995,8.002434000000015,0.0011323889202269496,0,4,935936,my_ring_all_reduce,4,8
2103,8.007523999999998,8.009957999999969,8.008964666666657,8.009412000000001,0.0010428068959321623,0,4,944128,my_ring_all_reduce,4,8
2104,8.009409999999988,8.011652000000009,8.010840333333332,8.011459000000002,0.0010144628573316664,0,4,952320,my_ring_all_reduce,4,8
2105,8.009253000000001,8.016293000000005,8.012580333333332,8.012194999999993,0.002886954720040867,0,4,960512,my_ring_all_reduce,4,8
2106,8.029858000000004,8.034789000000034,8.031800333333345,8.030754000000002,0.002144730027054496,0,4,968704,my_ring_all_reduce,4,8
2107,8.032324000000001,8.037697999999997,8.035513000000002,8.036517000000007,0.0023059316266240944,0,4,976896,my_ring_all_reduce,4,8
2108,8.038949000000008,8.040963,8.039662333333334,8.039074999999997,0.0009211475934323206,0,4,985088,my_ring_all_reduce,4,8
2109,8.042375999999997,8.042624999999992,8.042478666666662,8.042434999999998,0.00010623977074701265,0,4,993280,my_ring_all_reduce,4,8
2110,8.044161,8.04963399999999,8.046850666666666,8.046757000000005,0.0022353243363926823,0,4,1001472,my_ring_all_reduce,4,8
2111,8.049663999999996,8.051268000000011,8.050200000000006,8.049668000000006,0.0007551918078698345,0,4,1009664,my_ring_all_reduce,4,8
2112,8.051139000000003,8.059044999999998,8.054083333333326,8.052065999999977,0.003528780179548357,0,4,1017856,my_ring_all_reduce,4,8
2113,8.055680000000008,8.060996000000014,8.058349000000007,8.058371,0.0021703036653911447,0,4,1026048,my_ring_all_reduce,4,8
2114,8.061473999999995,8.064896999999982,8.06268099999999,8.061671999999994,0.0015690321857698571,0,4,1034240,my_ring_all_reduce,4,8
2115,8.063684000000002,8.070371000000021,8.06649933333334,8.065442999999993,0.0028302970790379796,0,4,1042432,my_ring_all_reduce,4,8
2116,8.063138999999996,8.066050000000018,8.064887000000008,8.065472000000009,0.0012583452096658018,0,4,1048576,my_ring_all_reduce,4,8
2117,8.067009999999994,8.074241999999998,8.070924666666668,8.071522000000012,0.0029825113951563475,0,4,1081344,my_ring_all_reduce,4,8
2118,8.073665000000002,8.080737999999998,8.076194000000006,8.074179000000019,0.00321993799111624,0,4,1114112,my_ring_all_reduce,4,8
2119,8.07526199999996,8.078146999999984,8.077152666666636,8.07804899999997,0.0013375017341711985,0,4,1146880,my_ring_all_reduce,4,8
2120,8.08179399999998,8.08547500000002,8.083373000000007,8.08285000000002,0.0015475974929035825,0,4,1179648,my_ring_all_reduce,4,8
2121,8.076286999999997,8.089059000000024,8.084119000000008,8.087011000000006,0.005600818035499015,0,4,1212416,my_ring_all_reduce,4,8
2122,8.089955000000016,8.095012000000017,8.092782000000021,8.09337900000003,0.0021072286697636183,0,4,1245184,my_ring_all_reduce,4,8
2123,8.098756000000009,8.101636999999995,8.099950333333334,8.099457999999998,0.0012266035309789391,0,4,1277952,my_ring_all_reduce,4,8
2124,8.104226999999984,8.113506000000024,8.109015999999999,8.109314999999988,0.0037940313651999838,0,4,1310720,my_ring_all_reduce,4,8
2125,8.114467000000001,8.120359,8.117433333333333,8.117473999999998,0.002405570803133326,0,4,1343488,my_ring_all_reduce,4,8
2126,8.120322999999997,8.127393999999994,8.12418333333333,8.124832999999999,0.002923047534488893,0,4,1376256,my_ring_all_reduce,4,8
2127,8.123457000000009,8.127907999999982,8.124972333333334,8.12355200000001,0.0020761920805890924,0,4,1409024,my_ring_all_reduce,4,8
2128,8.115555,8.133312999999994,8.126743666666668,8.131363000000006,0.007951533241386612,0,4,1441792,my_ring_all_reduce,4,8
2129,8.137538000000001,8.143425999999993,8.139661666666667,8.138021000000004,0.002669079283610438,0,4,1474560,my_ring_all_reduce,4,8
2130,8.146399999999998,8.149410999999978,8.147639333333325,8.147107000000004,0.0012855775182886893,0,4,1507328,my_ring_all_reduce,4,8
2131,8.144064000000009,8.150562000000006,8.147606666666677,8.148194000000018,0.002685109722566247,0,4,1540096,my_ring_all_reduce,4,8
2132,8.156097999999998,8.158146,8.15709033333332,8.157026999999959,0.0008372910021165542,0,4,1572864,my_ring_all_reduce,4,8
2133,8.162338999999978,8.164195999999997,8.16308666666665,8.162724999999977,0.0008000893005803249,0,4,1605632,my_ring_all_reduce,4,8
2134,8.161796000000002,8.16320200000002,8.162307,8.16192299999998,0.0006349808396184616,0,4,1638400,my_ring_all_reduce,4,8
2135,8.165409999999989,8.169380000000034,8.168024,8.169281999999978,0.0018488100677727891,0,4,1671168,my_ring_all_reduce,4,8
2136,8.16221,8.167934000000008,8.16538833333334,8.166021000000008,0.00237924978839384,0,4,1703936,my_ring_all_reduce,4,8
2137,8.171138999999988,8.173921000000016,8.172749000000001,8.173186999999999,0.0011772181899256996,0,4,1736704,my_ring_all_reduce,4,8
2138,8.18333100000002,8.190882000000013,8.18748966666667,8.18825599999998,0.003129946786903999,0,4,1769472,my_ring_all_reduce,4,8
2139,8.223392000000008,8.227775999999999,8.226071,8.227044999999992,0.0019177019233045747,0,4,1802240,my_ring_all_reduce,4,8
2140,8.221602999999996,8.223941999999981,8.222926666666657,8.223234999999994,0.0009794666348978676,0,4,1835008,my_ring_all_reduce,4,8
2141,8.224865000000005,8.226738999999988,8.226002333333337,8.22640300000002,0.000815830592434186,0,4,1867776,my_ring_all_reduce,4,8
2142,8.222752999999983,8.227682999999997,8.225323999999993,8.225536,0.002018239001379967,0,4,1900544,my_ring_all_reduce,4,8
2143,8.224928999999996,8.225988000000012,8.225571000000008,8.225796000000017,0.00046067993228214783,0,4,1933312,my_ring_all_reduce,4,8
2144,8.229603000000017,8.23020699999998,8.22987966666667,8.229829000000013,0.00024917107017954405,0,4,1966080,my_ring_all_reduce,4,8
2145,8.218594999999993,8.220289000000005,8.219511333333331,8.219649999999998,0.0006984890041332803,0,4,1998848,my_ring_all_reduce,4,8
2146,8.224353000000002,8.228514000000002,8.22593266666667,8.224931000000005,0.0018404677545541392,0,4,2031616,my_ring_all_reduce,4,8
2147,8.239840000000004,8.245408000000003,8.242346333333343,8.241791000000019,0.0023067946496268675,0,4,2064384,my_ring_all_reduce,4,8
2148,8.258946999999978,8.267585999999982,8.264417999999985,8.266720999999999,0.0038846653223549655,0,4,2097152,my_ring_all_reduce,4,8
2149,8.274691000000013,8.278754000000015,8.276898333333342,8.27725,0.0016772486067630446,0,4,2129920,my_ring_all_reduce,4,8
2150,8.277282000000003,8.280738000000012,8.279266333333334,8.279778999999987,0.001456732492792929,0,4,2162688,my_ring_all_reduce,4,8
2151,8.281922999999995,8.285793000000005,8.284279333333332,8.285121999999996,0.0016885477652603367,0,4,2195456,my_ring_all_reduce,4,8
2152,8.28646699999999,8.287041999999998,8.286753666666657,8.286751999999986,0.00023474572532248604,0,4,2228224,my_ring_all_reduce,4,8
2153,8.290783000000024,8.293792000000016,8.292629000000014,8.293312000000006,0.0013199462110195996,0,4,2260992,my_ring_all_reduce,4,8
2154,8.290946000000003,8.295039999999993,8.292855000000008,8.292579000000027,0.0016827241802052047,0,4,2293760,my_ring_all_reduce,4,8
2155,8.294593000000004,8.301379000000008,8.297047666666671,8.295171000000002,0.003071791804289868,0,4,2326528,my_ring_all_reduce,4,8
2156,8.302945,8.309059000000005,8.306486666666665,8.307455999999991,0.002588429940245589,0,4,2359296,my_ring_all_reduce,4,8
2157,8.321087000000043,8.324801000000015,8.323115000000021,8.323457000000003,0.001535398319641985,0,4,2392064,my_ring_all_reduce,4,8
2158,8.321632000000012,8.327041999999986,8.324312333333332,8.324262999999995,0.0022088987200661533,0,4,2424832,my_ring_all_reduce,4,8
2159,8.320035,8.329953000000009,8.32384066666666,8.321533999999971,0.004365181503171753,0,4,2457600,my_ring_all_reduce,4,8
2160,8.317792000000004,8.324064999999996,8.321878333333338,8.323778000000013,0.002891848582173843,0,4,2490368,my_ring_all_reduce,4,8
2161,8.324898000000022,8.325858999999982,8.325441333333336,8.325567000000003,0.0004022638713696386,0,4,2523136,my_ring_all_reduce,4,8
2162,8.335199999999997,8.341124000000004,8.33907366666667,8.340897000000005,0.0027406632206291403,0,4,2555904,my_ring_all_reduce,4,8
2163,8.334115000000013,8.338849000000032,8.336470000000014,8.336445999999997,0.0019327219148211326,0,4,2588672,my_ring_all_reduce,4,8
2164,8.329055999999998,8.336703999999997,8.332490333333334,8.331711000000007,0.0031705411034842175,0,4,2621440,my_ring_all_reduce,4,8
2165,8.34125,8.343332000000009,8.34198666666667,8.341378000000004,0.0009527284794534876,0,4,2654208,my_ring_all_reduce,4,8
2166,8.340480000000017,8.347329999999994,8.343383000000008,8.342339000000008,0.0028922974720129355,0,4,2686976,my_ring_all_reduce,4,8
2167,8.352065000000003,8.359970999999991,8.355094666666668,8.353248000000008,0.0034817469114670143,0,4,2719744,my_ring_all_reduce,4,8
2168,8.351102,8.357153000000002,8.354079333333337,8.353983000000008,0.0024712493916156934,0,4,2752512,my_ring_all_reduce,4,8
2169,8.356131000000001,8.36054200000001,8.35799566666667,8.357313999999999,0.0018641767322075122,0,4,2785280,my_ring_all_reduce,4,8
2170,8.348831999999994,8.354047000000007,8.351904333333332,8.352833999999996,0.002228193039716403,0,4,2818048,my_ring_all_reduce,4,8
2171,8.335007999999974,8.337956000000005,8.336236333333327,8.335745000000003,0.0012526591271834059,0,4,2850816,my_ring_all_reduce,4,8
2172,8.325726999999995,8.32851399999998,8.327125999999984,8.327136999999974,0.0011378145718817147,0,4,2883584,my_ring_all_reduce,4,8
2173,8.327585,8.329411,8.328237,8.327714999999996,0.0008318381252796199,0,4,2916352,my_ring_all_reduce,4,8
2174,8.331172000000006,8.333023,8.33197966666667,8.331744000000006,0.0007738235515189278,0,4,2949120,my_ring_all_reduce,4,8
2175,8.345026000000002,8.349088999999992,8.34680533333333,8.346301,0.0016966155198533527,0,4,2981888,my_ring_all_reduce,4,8
2176,8.342754999999983,8.350718999999998,8.346347333333322,8.345567999999984,0.0032976602142933097,0,4,3014656,my_ring_all_reduce,4,8
2177,8.345982000000012,8.355042000000001,8.349344666666664,8.34700999999998,0.0040504239558632905,0,4,3047424,my_ring_all_reduce,4,8
2178,8.344031999999977,8.346014000000004,8.345235999999993,8.345661999999997,0.0008633994826765481,0,4,3080192,my_ring_all_reduce,4,8
2179,8.340736999999994,8.346307000000001,8.342796666666663,8.341345999999998,0.002494600881016689,0,4,3112960,my_ring_all_reduce,4,8
2180,8.34313700000001,8.346046999999995,8.345003333333345,8.34582600000003,0.0013227774651180344,0,4,3145728,my_ring_all_reduce,4,8
2181,8.35062500000003,8.354624000000003,8.352395333333343,8.351936999999998,0.0016644423156699456,0,4,3178496,my_ring_all_reduce,4,8
2182,8.348064000000006,8.351874000000004,8.350188000000003,8.350626,0.0015859609074614174,0,4,3211264,my_ring_all_reduce,4,8
2183,8.351839000000052,8.352931000000012,8.352416666666691,8.35248000000001,0.000448050840352277,0,4,3244032,my_ring_all_reduce,4,8
2184,8.349570999999996,8.354467000000012,8.352140333333336,8.352383000000001,0.0020061354778733165,0,4,3276800,my_ring_all_reduce,4,8
2185,8.35036999999998,8.355424000000014,8.352865333333336,8.352802000000011,0.0020637728126607223,0,4,3309568,my_ring_all_reduce,4,8
2186,8.354656999999992,8.35811299999999,8.355991000000001,8.355203000000015,0.0015169469338066027,0,4,3342336,my_ring_all_reduce,4,8
2187,8.354143000000018,8.356384000000006,8.355019666666676,8.354532000000006,0.0009777130912907424,0,4,3375104,my_ring_all_reduce,4,8
2188,8.353727999999995,8.36364699999999,8.357525666666668,8.35520200000002,0.004370065623705823,0,4,3407872,my_ring_all_reduce,4,8
2189,8.351968000000005,8.360737,8.355786999999998,8.354655999999988,0.0036681703886267524,0,4,3440640,my_ring_all_reduce,4,8
2190,8.357826999999975,8.362367999999995,8.360790999999992,8.362178000000007,0.0020972993746044533,0,4,3473408,my_ring_all_reduce,4,8
2191,8.356739999999999,8.363139000000011,8.359832000000003,8.359616999999998,0.002616800718439893,0,4,3506176,my_ring_all_reduce,4,8
2192,8.357442999999986,8.360034000000004,8.358732333333329,8.358719999999995,0.0010578072708381952,0,4,3538944,my_ring_all_reduce,4,8
2193,8.374655999999987,8.382273000000001,8.37785666666666,8.376640999999989,0.0032262523494392624,0,4,3571712,my_ring_all_reduce,4,8
2194,8.378915000000008,8.385153999999998,8.38253033333334,8.383522000000012,0.0026418216358302144,0,4,3604480,my_ring_all_reduce,4,8
2195,8.382751999999986,8.387842000000004,8.384620999999996,8.383269,0.002287349703629443,0,4,3637248,my_ring_all_reduce,4,8
2196,8.381949999999998,8.385663000000008,8.383828333333346,8.383872000000032,0.0015161403482424926,0,4,3670016,my_ring_all_reduce,4,8
2197,8.394527999999996,8.39817699999999,8.39648066666666,8.396736999999995,0.0015006843623988973,0,4,3702784,my_ring_all_reduce,4,8
2198,8.389152999999999,8.394302000000003,8.392479333333334,8.393983,0.002355675463406734,0,4,3735552,my_ring_all_reduce,4,8
2199,8.403330000000002,8.40595199999999,8.40492933333332,8.405505999999965,0.0011454633220666407,0,4,3768320,my_ring_all_reduce,4,8
2200,8.40611200000001,8.414850000000007,8.410699333333339,8.411136000000003,0.0035806116175238355,0,4,3801088,my_ring_all_reduce,4,8
2201,8.40975899999999,8.417824000000008,8.413354666666667,8.412481,0.003349977744543548,0,4,3833856,my_ring_all_reduce,4,8
2202,8.396131999999998,8.399902999999995,8.398144666666662,8.39839899999999,0.0015499729746732047,0,4,3866624,my_ring_all_reduce,4,8
2203,8.37968200000003,8.385535000000004,8.382528333333346,8.382368000000003,0.002392165313861489,0,4,3899392,my_ring_all_reduce,4,8
2204,8.381983000000007,8.383777000000002,8.383029,8.383326999999994,0.0007621076039477192,0,4,3932160,my_ring_all_reduce,4,8
2205,8.379358999999974,8.387616999999995,8.384447666666661,8.386367000000012,0.0036342373187481774,0,4,3964928,my_ring_all_reduce,4,8
2206,8.375329000000002,8.385122000000003,8.381272000000003,8.383365000000005,0.004263113025322035,0,4,3997696,my_ring_all_reduce,4,8
2207,8.381631999999998,8.387871000000015,8.385536000000004,8.387105,0.00277820097665646,0,4,4030464,my_ring_all_reduce,4,8
2208,8.379458,8.38470399999999,8.382933999999995,8.384639999999996,0.0024580420392359523,0,4,4063232,my_ring_all_reduce,4,8
2209,8.379936000000031,8.380542999999962,8.380149333333334,8.379969000000004,0.0002786901903679895,0,4,4096000,my_ring_all_reduce,4,8
2210,8.384099999999998,8.389439000000003,8.386134333333336,8.384864000000006,0.0023574760986189436,0,4,4128768,my_ring_all_reduce,4,8
2211,8.394176999999981,8.400291999999995,8.397100666666663,8.396833000000013,0.0025036027817751357,0,4,4161536,my_ring_all_reduce,4,8
2212,8.394242000000013,8.397280000000013,8.396066666666677,8.396678000000007,0.001313432483566082,0,4,4194304,my_ring_all_reduce,4,8
2213,13.850220999999998,13.852013999999995,13.851053666666663,13.850925999999992,0.0007375347826064927,0,4,4227072,my_ring_all_reduce,4,8
2214,13.850481,13.851342999999995,13.850885999999997,13.850834000000003,0.00035382575749211915,0,4,4259840,my_ring_all_reduce,4,8
2215,13.847152999999977,13.847468999999982,13.84733266666666,13.847376000000018,0.0001325954582827063,0,4,4292608,my_ring_all_reduce,4,8
2216,13.84539,13.846637000000017,13.84604033333334,13.846093999999999,0.000510498013932458,0,4,4325376,my_ring_all_reduce,4,8
2217,13.84696000000002,13.849420999999944,13.848184999999978,13.84817399999997,0.0010047291508681925,0,4,4358144,my_ring_all_reduce,4,8
2218,13.852206999999995,13.855598999999998,13.85367766666666,13.853226999999992,0.0014209718114354562,0,4,4390912,my_ring_all_reduce,4,8
2219,13.848877999999983,13.84964800000003,13.849188333333343,13.849039000000012,0.00033161255841795826,0,4,4423680,my_ring_all_reduce,4,8
2220,13.843694999999979,13.846094999999957,13.845102666666628,13.845517999999952,0.0010228640617732196,0,4,4456448,my_ring_all_reduce,4,8
2221,13.847244999999996,13.851472000000001,13.849038666666672,13.84839900000002,0.0017839585819801808,0,4,4489216,my_ring_all_reduce,4,8
2222,13.852203999999984,13.854064000000042,13.853176333333343,13.853260999999998,0.0007616982488210199,0,4,4521984,my_ring_all_reduce,4,8
2223,13.853294000000009,13.855790000000024,13.854755333333353,13.85518200000003,0.0010627126715337329,0,4,4554752,my_ring_all_reduce,4,8
2224,13.855467999999979,13.858446000000011,13.857240333333332,13.857807000000001,0.0012800922709933142,0,4,4587520,my_ring_all_reduce,4,8
2225,13.873933000000005,13.875569000000004,13.874713333333341,13.87463800000002,0.0006700150910398598,0,4,4620288,my_ring_all_reduce,4,8
2226,13.877643999999986,13.88081200000002,13.879457666666669,13.879917,0.0013334907407218956,0,4,4653056,my_ring_all_reduce,4,8
2227,13.870634999999995,13.87131199999999,13.871064333333331,13.871246000000014,0.00030477787904829607,0,4,4685824,my_ring_all_reduce,4,8
2228,13.862157999999999,13.864141999999992,13.863117999999995,13.863053999999996,0.0008112278759153135,0,4,4718592,my_ring_all_reduce,4,8
2229,14.025357999999994,14.030988999999987,14.028696666666656,14.029742999999987,0.0024149741659505787,0,4,4751360,my_ring_all_reduce,4,8
2230,14.044941000000007,14.046476000000014,14.045645000000022,14.04551800000004,0.0006330629247302685,0,4,4784128,my_ring_all_reduce,4,8
2231,14.042218999999998,14.04408100000002,14.043309666666678,14.043629000000015,0.0007929864788070172,0,4,4816896,my_ring_all_reduce,4,8
2232,14.034065000000002,14.037486000000005,14.035556000000007,14.035117000000014,0.0014306993627827645,0,4,4849664,my_ring_all_reduce,4,8
2233,14.034027000000002,14.039789999999995,14.036288999999996,14.03504999999999,0.0025105620884562094,0,4,4882432,my_ring_all_reduce,4,8
2234,14.031435999999987,14.03885899999999,14.03540366666666,14.035916000000006,0.0030520044051249046,0,4,4915200,my_ring_all_reduce,4,8
2235,14.067786999999983,14.070543000000006,14.06922933333333,14.069358000000001,0.0011288047759660555,0,4,4947968,my_ring_all_reduce,4,8
2236,14.082317000000003,14.087693999999988,14.085847666666671,14.08753200000002,0.0024974341944397384,0,4,4980736,my_ring_all_reduce,4,8
2237,14.035217999999993,14.043533999999978,14.039246999999994,14.038989000000006,0.0033998908805951368,0,4,5013504,my_ring_all_reduce,4,8
2238,14.087759000000002,14.095465999999986,14.092365666666645,14.093871999999946,0.003321770846320704,0,4,5046272,my_ring_all_reduce,4,8
2239,14.136269,14.148463000000019,14.143682333333347,14.146315000000024,0.005314860257396916,0,4,5079040,my_ring_all_reduce,4,8
2240,14.146926999999998,14.153424000000028,14.150158666666675,14.150124999999997,0.0026524959734095014,0,4,5111808,my_ring_all_reduce,4,8
2241,14.120396000000008,14.124650999999998,14.122390000000001,14.122122999999997,0.0017473261477622144,0,4,5144576,my_ring_all_reduce,4,8
2242,14.087568000000006,14.089136000000014,14.088537666666669,14.088908999999985,0.0006918922523679005,0,4,5177344,my_ring_all_reduce,4,8
2243,14.12363000000002,14.12506899999999,14.124588666666677,14.125067000000024,0.0006778801926204892,0,4,5210112,my_ring_all_reduce,4,8
2244,14.211149000000006,14.215661999999982,14.214146666666664,14.215629000000005,0.0021197132405581117,0,4,5242880,my_ring_all_reduce,4,8
2245,14.22055700000003,14.224333999999988,14.22211500000001,14.221454000000012,0.001611236171374807,0,4,5275648,my_ring_all_reduce,4,8
2246,14.247787000000011,14.250349999999962,14.249122666666652,14.249230999999986,0.001049140706568923,0,4,5308416,my_ring_all_reduce,4,8
2247,14.222763999999952,14.225098,14.223595666666652,14.222925000000004,0.0010643415283230987,0,4,5341184,my_ring_all_reduce,4,8
2248,14.229069000000019,14.236204000000013,14.232694666666683,14.232811000000016,0.0029140128498131154,0,4,5373952,my_ring_all_reduce,4,8
2249,14.257707000000002,14.265358,14.26134599999999,14.26097299999997,0.003134623528698852,0,4,5406720,my_ring_all_reduce,4,8
2250,14.221708000000014,14.221870999999984,14.221785333333335,14.221777000000003,6.680485676399014e-05,0,4,5439488,my_ring_all_reduce,4,8
2251,14.239790999999999,14.248460999999967,14.244984666666653,14.24670199999999,0.0037420271095765967,0,4,5472256,my_ring_all_reduce,4,8
2252,14.250731000000014,14.253073000000004,14.252035000000006,14.252301000000006,0.0009744427467318126,0,4,5505024,my_ring_all_reduce,4,8
2253,14.224556999999972,14.230348000000003,14.227831666666667,14.228590000000025,0.002424214282807297,0,4,5537792,my_ring_all_reduce,4,8
2254,14.245262000000002,14.249198000000005,14.247373666666661,14.247660999999978,0.0016196592920183117,0,4,5570560,my_ring_all_reduce,4,8
2255,14.251406000000003,14.259018,14.255223999999993,14.255247999999979,0.0031076323248829117,0,4,5603328,my_ring_all_reduce,4,8
2256,14.245071999999999,14.251596999999997,14.24882466666667,14.249805000000007,0.0027525377785281102,0,4,5636096,my_ring_all_reduce,4,8
2257,14.24587,14.25048,14.247619666666674,14.246509000000021,0.0020393152990336124,0,4,5668864,my_ring_all_reduce,4,8
2258,14.250092999999978,14.255278000000013,14.251830999999997,14.250122000000003,0.0024374258279419216,0,4,5701632,my_ring_all_reduce,4,8
2259,14.249355000000001,14.254923999999995,14.251981333333326,14.25166499999998,0.0022845116667569647,0,4,5734400,my_ring_all_reduce,4,8
2260,14.247917999999961,14.252079999999959,14.249741333333295,14.249225999999966,0.001737764336405529,0,4,5767168,my_ring_all_reduce,4,8
2261,14.247277000000002,14.251533000000025,14.249581000000004,14.249932999999986,0.0017552420535905365,0,4,5799936,my_ring_all_reduce,4,8
2262,14.249387000000002,14.253006999999984,14.251222999999998,14.251275000000009,0.0014783161592316588,0,4,5832704,my_ring_all_reduce,4,8
2263,14.246798999999955,14.253354000000007,14.250946333333317,14.252685999999986,0.0029452601847163922,0,4,5865472,my_ring_all_reduce,4,8
2264,14.252040999999998,14.254089999999996,14.252928999999995,14.252655999999988,0.0008584858764127867,0,4,5898240,my_ring_all_reduce,4,8
2265,14.255501999999993,14.257773000000016,14.25686666666668,14.257325000000026,0.0009821447053498151,0,4,5931008,my_ring_all_reduce,4,8
2266,14.259245000000025,14.261836999999993,14.260120333333333,14.259278999999982,0.0012139459991599498,0,4,5963776,my_ring_all_reduce,4,8
2267,14.265072000000007,14.267694000000004,14.26657466666667,14.266957999999999,0.0011042129424245622,0,4,5996544,my_ring_all_reduce,4,8
2268,14.263405999999973,14.26714800000003,14.265272333333348,14.265263000000036,0.0015276793584695413,0,4,6029312,my_ring_all_reduce,4,8
2269,14.264047999999995,14.265357000000018,14.264812666666677,14.265033000000019,0.0005566449097647522,0,4,6062080,my_ring_all_reduce,4,8
2270,14.258093000000024,14.264812999999995,14.26084466666668,14.259628000000019,0.0028751589327925143,0,4,6094848,my_ring_all_reduce,4,8
2271,14.278124000000004,14.279179000000005,14.278764,14.278988999999994,0.000459147761254993,0,4,6127616,my_ring_all_reduce,4,8
2272,14.279727000000028,14.282793999999937,14.28122799999999,14.281163000000001,0.0012529408072901678,0,4,6160384,my_ring_all_reduce,4,8
2273,14.26971,14.275375000000007,14.273038333333337,14.274030000000007,0.0024166931033070753,0,4,6193152,my_ring_all_reduce,4,8
2274,14.26958100000002,14.272623999999983,14.271257000000007,14.271566000000021,0.0012613677761195742,0,4,6225920,my_ring_all_reduce,4,8
2275,14.296592000000004,14.305486999999994,14.300515999999993,14.299468999999982,0.003706068267042882,0,4,6258688,my_ring_all_reduce,4,8
2276,14.300268000000012,14.305578000000038,14.30296600000001,14.303051999999981,0.0021686511937248367,0,4,6291456,my_ring_all_reduce,4,8
2277,14.297648,14.300079999999987,14.298777666666668,14.298605000000018,0.0010003387204051346,0,4,6324224,my_ring_all_reduce,4,8
2278,14.301037000000012,14.311245,14.30527166666667,14.303532999999996,0.004344961628774814,0,4,6356992,my_ring_all_reduce,4,8
2279,14.305549,14.311499999999997,14.30855633333333,14.308619999999996,0.0024299026500838403,0,4,6389760,my_ring_all_reduce,4,8
2280,14.317035000000004,14.32497199999998,14.32146233333332,14.322379999999976,0.0033046004633157902,0,4,6422528,my_ring_all_reduce,4,8
2281,14.317039000000005,14.328139999999985,14.323799999999986,14.326220999999975,0.0048445144923472926,0,4,6455296,my_ring_all_reduce,4,8
2282,14.305966000000002,14.31716399999999,14.312439666666663,14.314188999999999,0.004735956526635447,0,4,6488064,my_ring_all_reduce,4,8
2283,14.319630000000005,14.332751999999994,14.324931333333332,14.322411999999996,0.005645470239242929,0,4,6520832,my_ring_all_reduce,4,8
2284,14.299089000000022,14.30167700000001,14.300024333333349,14.299307000000015,0.001171995828581762,0,4,6553600,my_ring_all_reduce,4,8
2285,14.299664000000034,14.303694000000018,14.301188333333343,14.30020699999998,0.0017855879206105897,0,4,6586368,my_ring_all_reduce,4,8
2286,14.320400999999999,14.327949999999998,14.323256999999993,14.321419999999984,0.0033444259098808077,0,4,6619136,my_ring_all_reduce,4,8
2287,14.319117999999996,14.328459000000002,14.322359999999994,14.319502999999983,0.004315507463406419,0,4,6651904,my_ring_all_reduce,4,8
2288,14.334862000000008,14.34650899999999,14.341303333333338,14.34253900000002,0.004834480760347494,0,4,6684672,my_ring_all_reduce,4,8
2289,14.349039000000005,14.354286000000007,14.351875666666665,14.352301999999982,0.002163187822532535,0,4,6717440,my_ring_all_reduce,4,8
2290,14.336400000000024,14.344785000000034,14.341263000000021,14.342604000000007,0.003552066722347218,0,4,6750208,my_ring_all_reduce,4,8
2291,14.337519000000015,14.341934999999998,14.339866999999998,14.340146999999982,0.0018136636953886088,0,4,6782976,my_ring_all_reduce,4,8
2292,14.33707100000004,14.345930999999997,14.34209366666668,14.343278999999999,0.0037129199051523345,0,4,6815744,my_ring_all_reduce,4,8
2293,14.33783600000001,14.341068000000014,14.33918033333334,14.338636999999995,0.0013742547879606816,0,4,6848512,my_ring_all_reduce,4,8
2294,14.342988999999987,14.347056,14.344718666666664,14.344111000000002,0.0017150444762659707,0,4,6881280,my_ring_all_reduce,4,8
2295,14.347083999999995,14.350763999999952,14.34928166666665,14.349997000000004,0.0015852184567171398,0,4,6914048,my_ring_all_reduce,4,8
2296,14.337387000000017,14.341484000000005,14.338774333333339,14.337451999999995,0.0019162074232414014,0,4,6946816,my_ring_all_reduce,4,8
2297,14.340108999999996,14.352236000000012,14.346412666666653,14.346892999999953,0.004962463926545845,0,4,6979584,my_ring_all_reduce,4,8
2298,14.340685999999959,14.34458799999996,14.342775333333307,14.343051999999997,0.0016049526126643307,0,4,7012352,my_ring_all_reduce,4,8
2299,14.343725000000035,14.34910100000001,14.34597600000001,14.345101999999985,0.0022800951734472446,0,4,7045120,my_ring_all_reduce,4,8
2300,14.334801,14.351598000000006,14.345421999999997,14.349866999999984,0.00754335561934963,0,4,7077888,my_ring_all_reduce,4,8
2301,14.344938999999977,14.354090999999986,14.348266999999991,14.345771000000008,0.004132173600739757,0,4,7110656,my_ring_all_reduce,4,8
2302,14.351055000000008,14.353324999999998,14.352472000000006,14.353036000000008,0.0010088927924519473,0,4,7143424,my_ring_all_reduce,4,8
2303,14.354671000000018,14.361006,14.357144666666656,14.355756999999954,0.0027661369372408494,0,4,7176192,my_ring_all_reduce,4,8
2304,14.351502000000037,14.359468000000051,14.356556333333371,14.358699000000023,0.003587715552952202,0,4,7208960,my_ring_all_reduce,4,8
2305,14.352650999999955,14.365006000000008,14.357964999999993,14.356238000000012,0.005189630879633858,0,4,7241728,my_ring_all_reduce,4,8
2306,14.354540000000037,14.363661999999968,14.357751333333335,14.355051999999997,0.004184696033009691,0,4,7274496,my_ring_all_reduce,4,8
2307,14.357808000000006,14.370186000000016,14.364738000000008,14.366220000000002,0.005160811564089031,0,4,7307264,my_ring_all_reduce,4,8
2308,14.37041399999999,14.37751600000001,14.373526666666654,14.372649999999965,0.0029649068938095552,0,4,7340032,my_ring_all_reduce,4,8
2309,14.373228999999977,14.382412999999985,14.37889399999999,14.381040000000008,0.0040447868505929544,0,4,7372800,my_ring_all_reduce,4,8
2310,14.377773999999993,14.379117000000006,14.378626333333331,14.378987999999998,0.0006049872358660212,0,4,7405568,my_ring_all_reduce,4,8
2311,14.381195999999989,14.393386000000014,14.387158333333332,14.386892999999997,0.0049800820832250165,0,4,7438336,my_ring_all_reduce,4,8
2312,14.383694999999989,14.388333000000014,14.38589233333333,14.38564899999999,0.0019012573617466079,0,4,7471104,my_ring_all_reduce,4,8
2313,14.386349999999988,14.397609999999991,14.390774999999993,14.388364999999999,0.0049025826527113025,0,4,7503872,my_ring_all_reduce,4,8
2314,14.39214099999999,14.405258999999992,14.39671633333333,14.392749000000011,0.0060456751116407465,0,4,7536640,my_ring_all_reduce,4,8
2315,14.407440999999992,14.416431000000006,14.412740333333332,14.414348999999994,0.003842384791887537,0,4,7569408,my_ring_all_reduce,4,8
2316,14.410925000000006,14.424684999999984,14.41656833333334,14.41409500000003,0.00588344759094516,0,4,7602176,my_ring_all_reduce,4,8
2317,14.431304000000063,14.433869999999967,14.43284366666668,14.433357000000004,0.001108669573018242,0,4,7634944,my_ring_all_reduce,4,8
2318,14.429549999999995,14.434892000000007,14.432386000000001,14.432716000000001,0.002193310435548679,0,4,7667712,my_ring_all_reduce,4,8
2319,14.441837999999974,14.447338000000011,14.444759333333332,14.445102000000015,0.0022584014012043178,0,4,7700480,my_ring_all_reduce,4,8
2320,14.438190000000002,14.443945,14.440417666666683,14.439118000000047,0.002522810117476835,0,4,7733248,my_ring_all_reduce,4,8
2321,14.445578999999984,14.450187999999981,14.448565666666644,14.449929999999965,0.002114517176299923,0,4,7766016,my_ring_all_reduce,4,8
2322,14.448141000000003,14.457258000000001,14.451319,14.448558,0.004202956340481991,0,4,7798784,my_ring_all_reduce,4,8
2323,14.449998000000036,14.451019999999989,14.450455333333343,14.450348000000004,0.0004240765129943659,0,4,7831552,my_ring_all_reduce,4,8
2324,14.455916999999987,14.459724999999992,14.458135333333326,14.458764,0.0016169173001629165,0,4,7864320,my_ring_all_reduce,4,8
2325,14.461165999999997,14.471757999999987,14.464973333333324,14.461995999999985,0.004809435263680618,0,4,7897088,my_ring_all_reduce,4,8
2326,14.457132000000012,14.458447,14.457890333333333,14.45809199999999,0.000555462770022692,0,4,7929856,my_ring_all_reduce,4,8
2327,14.458987000000024,14.459757000000012,14.459372333333343,14.459372999999992,0.0003143515371140324,0,4,7962624,my_ring_all_reduce,4,8
2328,14.460304999999964,14.461580999999978,14.460888666666643,14.460779999999984,0.000526561381885874,0,4,7995392,my_ring_all_reduce,4,8
2329,14.463181000000004,14.476109999999997,14.469143999999995,14.468140999999989,0.005325677859826187,0,4,8028160,my_ring_all_reduce,4,8
2330,14.462954999999987,14.47252800000005,14.466327333333346,14.463499000000002,0.004390154464532593,0,4,8060928,my_ring_all_reduce,4,8
2331,14.470443999999974,14.483851000000003,14.475735999999992,14.472913,0.0058260283212587345,0,4,8093696,my_ring_all_reduce,4,8
2332,14.466253999999994,14.484684000000009,14.475681999999999,14.476107999999993,0.0075300434704425176,0,4,8126464,my_ring_all_reduce,4,8
2333,14.46763099999998,14.478093000000008,14.473954666666666,14.476140000000015,0.004542034957558894,0,4,8159232,my_ring_all_reduce,4,8
2334,14.46670399999997,14.468878000000002,14.467555333333323,14.467083999999996,0.0009480454747754482,0,4,8192000,my_ring_all_reduce,4,8
2335,14.470191,14.481839999999995,14.474776666666665,14.472299,0.005068130775298914,0,4,8224768,my_ring_all_reduce,4,8
2336,14.468972000000004,14.471305000000015,14.470007333333337,14.469744999999996,0.0009703388869700883,0,4,8257536,my_ring_all_reduce,4,8
2337,14.468459999999935,14.480879000000016,14.473708999999978,14.471787999999986,0.0052488456509016575,0,4,8290304,my_ring_all_reduce,4,8
2338,14.466282999999995,14.470826999999998,14.468192666666674,14.46746800000003,0.001924550221621528,0,4,8323072,my_ring_all_reduce,4,8
2339,14.467949999999968,14.475501000000005,14.47140533333331,14.470764999999956,0.00311575783542214,0,4,8355840,my_ring_all_reduce,4,8
2340,14.468300999999995,14.473357999999994,14.470764666666668,14.47063500000001,0.002066546609415281,0,4,8388608,my_ring_all_reduce,4,8
2341,14.467595000000015,14.488012000000017,14.476714000000017,14.474535000000019,0.008476418386717094,0,4,8421376,my_ring_all_reduce,4,8
2342,14.470252000000022,14.476780999999992,14.473345666666676,14.473004000000016,0.0026763796857238865,0,4,8454144,my_ring_all_reduce,4,8
2343,14.467213000000012,14.474445999999983,14.470776666666668,14.47067100000001,0.0029538050413240357,0,4,8486912,my_ring_all_reduce,4,8
2344,14.468493000000004,14.477516999999994,14.472909000000001,14.472717000000005,0.003686533330917762,0,4,8519680,my_ring_all_reduce,4,8
2345,14.471180999999998,14.476142000000019,14.473837333333336,14.474188999999985,0.0020405280906957016,0,4,8552448,my_ring_all_reduce,4,8
2346,14.481773999999994,14.494699999999982,14.486680333333334,14.483567000000026,0.005717808573986954,0,4,8585216,my_ring_all_reduce,4,8
2347,14.484683000000002,14.489133999999998,14.487606000000001,14.489001000000004,0.002067586193285266,0,4,8617984,my_ring_all_reduce,4,8
2348,14.484140000000005,14.491979000000011,14.488332000000005,14.488876999999993,0.003223378041745964,0,4,8650752,my_ring_all_reduce,4,8
2349,14.484011000000027,14.498892000000023,14.490412666666694,14.488335000000037,0.006250256759167347,0,4,8683520,my_ring_all_reduce,4,8
2350,14.491148999999991,14.495118999999999,14.493517999999996,14.494286,0.001709306487052528,0,4,8716288,my_ring_all_reduce,4,8
2351,14.491785999999992,14.504301999999996,14.497750999999996,14.497165,0.005126409464723932,0,4,8749056,my_ring_all_reduce,4,8
2352,14.496753000000009,14.498578000000009,14.497755000000012,14.497934000000017,0.000755727905179972,0,4,8781824,my_ring_all_reduce,4,8
2353,14.498445000000007,14.50433200000001,14.500908666666676,14.49994900000001,0.0024973202081887158,0,4,8814592,my_ring_all_reduce,4,8
2354,14.498283999999986,14.503178999999998,14.501078666666663,14.501773000000002,0.0020578030896029873,0,4,8847360,my_ring_all_reduce,4,8
2355,14.49838199999999,14.510282999999996,14.50298833333333,14.500300000000003,0.005217202464497533,0,4,8880128,my_ring_all_reduce,4,8
2356,14.497710000000014,14.50462200000001,14.501037000000009,14.500779000000003,0.0028277033083392755,0,4,8912896,my_ring_all_reduce,4,8
2357,14.50417300000001,14.512623999999953,14.50728799999999,14.505067000000011,0.0037907326468367124,0,4,8945664,my_ring_all_reduce,4,8
2358,14.504846999999994,14.508302000000008,14.506871999999992,14.507466999999975,0.0014719091910411815,0,4,8978432,my_ring_all_reduce,4,8
2359,14.523563000000001,14.531211999999972,14.52737199999999,14.527340999999998,0.0031227681096410555,0,4,9011200,my_ring_all_reduce,4,8
2360,14.548909999999989,14.55905400000002,14.554103666666677,14.554347000000023,0.004144843570308618,0,4,9043968,my_ring_all_reduce,4,8
2361,14.563467999999986,14.574572,14.569303333333337,14.569870000000025,0.004550863458980635,0,4,9076736,my_ring_all_reduce,4,8
2362,14.573772000000012,14.582798000000025,14.578701000000011,14.579532999999996,0.0037315177430494338,0,4,9109504,my_ring_all_reduce,4,8
2363,14.577293999999995,14.585388999999982,14.580343666666664,14.578348000000013,0.003593444988979304,0,4,9142272,my_ring_all_reduce,4,8
2364,14.580010999999999,14.588653000000004,14.584982333333338,14.58628300000001,0.0036459878710136642,0,4,9175040,my_ring_all_reduce,4,8
2365,14.584588999999992,14.592911000000022,14.58768200000001,14.585546000000017,0.003718045454276934,0,4,9207808,my_ring_all_reduce,4,8
2366,14.579278000000006,14.584530999999988,14.581605000000005,14.581006000000023,0.002185955626255425,0,4,9240576,my_ring_all_reduce,4,8
2367,14.580075000000004,14.582569999999993,14.581311999999992,14.581290999999982,0.001018687717928206,0,4,9273344,my_ring_all_reduce,4,8
2368,14.585900000000038,14.587883999999992,14.586604333333336,14.58602899999998,0.0009063922378703966,0,4,9306112,my_ring_all_reduce,4,8
2369,14.584845000000012,14.591918000000005,14.587393333333333,14.585416999999987,0.0032079331178970242,0,4,9338880,my_ring_all_reduce,4,8
2370,14.585290999999984,14.586414000000012,14.586016666666664,14.586344999999994,0.0005138964443984117,0,4,9371648,my_ring_all_reduce,4,8
2371,14.586413000000015,14.587852999999988,14.586978333333336,14.58666900000001,0.0006272507915829093,0,4,9404416,my_ring_all_reduce,4,8
2372,14.583279999999998,14.587342000000005,14.584825,14.583852999999996,0.0017950949835628329,0,4,9437184,my_ring_all_reduce,4,8
2373,14.67067,14.674669000000005,14.672003000000004,14.670670000000005,0.0018851466786447368,0,4,9469952,my_ring_all_reduce,4,8
2374,14.679469000000012,14.680458999999999,14.679948666666682,14.679918000000034,0.00040474710896739707,0,4,9502720,my_ring_all_reduce,4,8
2375,14.688397000000027,14.69127499999998,14.68974,14.689547999999995,0.0011827563851539787,0,4,9535488,my_ring_all_reduce,4,8
2376,14.68906899999999,14.703694000000004,14.694636666666662,14.691146999999997,0.0064604430360690225,0,4,9568256,my_ring_all_reduce,4,8
2377,14.700649000000006,14.706892999999996,14.703265,14.702252999999997,0.002647639451784935,0,4,9601024,my_ring_all_reduce,4,8
2378,14.701002000000008,14.701516999999994,14.701323666666672,14.701452000000012,0.00022899539053751505,0,4,9633792,my_ring_all_reduce,4,8
2379,14.702381000000052,14.70926099999997,14.70509100000001,14.703631000000009,0.002992468323387737,0,4,9666560,my_ring_all_reduce,4,8
2380,14.704589,14.708650999999955,14.70721199999999,14.708396000000008,0.0018576603564598314,0,4,9699328,my_ring_all_reduce,4,8
2381,14.707373000000008,14.720748999999989,14.712674333333334,14.709901000000013,0.005802176449871707,0,4,9732096,my_ring_all_reduce,4,8
2382,14.720747000000003,14.726538999999997,14.724213666666659,14.72535499999998,0.0024985058646178654,0,4,9764864,my_ring_all_reduce,4,8
2383,14.735370000000001,14.746602000000014,14.740458666666674,14.739404000000002,0.004645693154841158,0,4,9797632,my_ring_all_reduce,4,8
2384,14.758573000000034,14.771819000000004,14.766496666666677,14.769097999999998,0.005711936643736029,0,4,9830400,my_ring_all_reduce,4,8
2385,14.783472000000009,14.789804000000018,14.786349000000016,14.785771000000024,0.002617138258992521,0,4,9863168,my_ring_all_reduce,4,8
2386,14.794603000000004,14.804331999999967,14.800704999999992,14.803180000000005,0.00434032095586389,0,4,9895936,my_ring_all_reduce,4,8
2387,14.820846000000005,14.835276000000013,14.829933666666683,14.833679000000034,0.006458940384381131,0,4,9928704,my_ring_all_reduce,4,8
2388,14.832329999999988,14.841676999999997,14.836778999999991,14.836329999999988,0.003829081961344753,0,4,9961472,my_ring_all_reduce,4,8
2389,14.859057000000002,14.863276000000013,14.861347666666669,14.861709999999992,0.0017413508804664365,0,4,9994240,my_ring_all_reduce,4,8
2390,14.865226000000025,14.869963999999996,14.867788333333342,14.868175000000003,0.0019535086951879286,0,4,10027008,my_ring_all_reduce,4,8
2391,14.881739000000001,14.886381000000023,14.883435333333338,14.882185999999994,0.002090879612891368,0,4,10059776,my_ring_all_reduce,4,8
2392,14.895402999999991,14.902890999999997,14.89904,14.898826000000009,0.0030607061276790638,0,4,10092544,my_ring_all_reduce,4,8
2393,14.904329999999987,14.905385999999984,14.90492766666666,14.90506700000001,0.0004422249301994586,0,4,10125312,my_ring_all_reduce,4,8
2394,14.91364299999999,14.917487000000005,14.915043000000002,14.913999000000011,0.001734269490787504,0,4,10158080,my_ring_all_reduce,4,8
2395,14.924618999999984,14.934345000000002,14.930324333333331,14.932009000000006,0.004145467029052694,0,4,10190848,my_ring_all_reduce,4,8
2396,14.94426599999996,14.94778899999999,14.945865999999986,14.945543000000006,0.0014562804217233708,0,4,10223616,my_ring_all_reduce,4,8
2397,14.957610000000008,14.962476000000024,14.959360333333342,14.957994999999988,0.0022087085719049706,0,4,10256384,my_ring_all_reduce,4,8
2398,14.971408999999985,14.976810999999998,14.973698333333326,14.972874999999993,0.002280907616624877,0,4,10289152,my_ring_all_reduce,4,8
2399,14.986667999999977,14.99780200000001,14.992320333333334,14.99249100000001,0.004547038181316501,0,4,10321920,my_ring_all_reduce,4,8
2400,15.00087900000003,15.01140400000001,15.006059666666673,15.005895999999979,0.00429837150040449,0,4,10354688,my_ring_all_reduce,4,8
2401,15.018187000000035,15.030410000000003,15.022465333333345,15.018799,0.0056232809126115935,0,4,10387456,my_ring_all_reduce,4,8
2402,15.029930000000022,15.038314999999988,15.034816,15.036202999999986,0.003560887810629512,0,4,10420224,my_ring_all_reduce,4,8
2403,15.041036000000037,15.048014000000025,15.04455600000002,15.044617999999994,0.002849093891041485,0,4,10452992,my_ring_all_reduce,4,8
2404,15.04887400000004,15.062220000000009,15.053856000000017,15.050474000000003,0.005950202909697665,0,4,10485760,my_ring_all_reduce,4,8
2405,15.068812999999995,15.072650000000024,15.070400666666645,15.069738999999915,0.001634828091564373,0,4,10518528,my_ring_all_reduce,4,8
2406,15.065195999999968,15.074601000000039,15.068682666666666,15.066250999999989,0.004206998798327971,0,4,10551296,my_ring_all_reduce,4,8
2407,15.070922999999992,15.080364000000001,15.074763666666664,15.073004000000001,0.004050139119698695,0,4,10584064,my_ring_all_reduce,4,8
2408,15.088137000000032,15.091594999999973,15.089450666666679,15.088620000000025,0.0015290402944795538,0,4,10616832,my_ring_all_reduce,4,8
2409,15.08429800000001,15.090793000000012,15.086697999999997,15.085002999999968,0.0029098711311764088,0,4,10649600,my_ring_all_reduce,4,8
2410,15.098699999999983,15.101546000000003,15.099978999999996,15.099691,0.001179586650773798,0,4,10682368,my_ring_all_reduce,4,8
2411,15.092748999999982,15.096938000000002,15.094794666666663,15.094697000000007,0.0017115459548554747,0,4,10715136,my_ring_all_reduce,4,8
2412,15.100394000000001,15.103211000000003,15.101343999999996,15.100426999999982,0.0013202370999235002,0,4,10747904,my_ring_all_reduce,4,8
2413,15.106925000000047,15.114794000000032,15.111350000000009,15.112330999999948,0.003286544385810349,0,4,10780672,my_ring_all_reduce,4,8
2414,15.095914000000011,15.102477000000071,15.099734333333368,15.10081200000002,0.0027855898637462765,0,4,10813440,my_ring_all_reduce,4,8
2415,15.096041999999958,15.10513199999999,15.100203666666642,15.099436999999977,0.0037503651674184843,0,4,10846208,my_ring_all_reduce,4,8
2416,15.095497999999992,15.116236999999995,15.10390433333333,15.099978000000004,0.00891024131111007,0,4,10878976,my_ring_all_reduce,4,8
2417,15.10500700000002,15.107114000000001,15.105739666666679,15.105098000000012,0.0009725102684332428,0,4,10911744,my_ring_all_reduce,4,8
2418,15.114720000000002,15.132492000000006,15.122375000000012,15.11991300000003,0.007461326021558249,0,4,10944512,my_ring_all_reduce,4,8
2419,15.113161999999983,15.120555999999983,15.116415999999989,15.11553,0.0030829159357102145,0,4,10977280,my_ring_all_reduce,4,8
2420,15.116871999999995,15.122894000000015,15.120138666666668,15.120649999999987,0.0024849168105971135,0,4,11010048,my_ring_all_reduce,4,8
2421,15.129483000000008,15.133289000000005,15.13148733333334,15.131690000000006,0.001560387629902303,0,4,11042816,my_ring_all_reduce,4,8
2422,15.134058000000005,15.149134999999996,15.139511666666666,15.135341999999998,0.006824884484164067,0,4,11075584,my_ring_all_reduce,4,8
2423,15.138219999999944,15.141132999999998,15.140108333333309,15.140971999999984,0.0013368700593610037,0,4,11108352,my_ring_all_reduce,4,8
2424,15.143242999999988,15.147657999999982,15.14518299999999,15.144648000000005,0.001841688536819196,0,4,11141120,my_ring_all_reduce,4,8
2425,15.149292999999991,15.150347999999983,15.14974066666665,15.149580999999976,0.00044525373539953635,0,4,11173888,my_ring_all_reduce,4,8
2426,15.161130999999965,15.167819999999985,15.164449333333314,15.164396999999987,0.0027310235362585393,0,4,11206656,my_ring_all_reduce,4,8
2427,15.166087000000015,15.173867000000014,15.168915666666678,15.166793000000002,0.003512965066090117,0,4,11239424,my_ring_all_reduce,4,8
2428,15.161546000000031,15.165934999999998,15.163095333333354,15.161805000000037,0.0020107296077510758,0,4,11272192,my_ring_all_reduce,4,8
2429,15.166954999999959,15.169134000000005,15.167829000000003,15.167398000000045,0.0009403300838971947,0,4,11304960,my_ring_all_reduce,4,8
2430,15.16494100000002,15.17092300000001,15.16840533333334,15.169351999999993,0.002532220939976575,0,4,11337728,my_ring_all_reduce,4,8
2431,15.16958100000001,15.172619000000003,15.170701000000006,15.169903000000007,0.0013625867556450396,0,4,11370496,my_ring_all_reduce,4,8
2432,15.167980000000004,15.177546999999992,15.172950666666665,15.173324999999997,0.003914670384870745,0,4,11403264,my_ring_all_reduce,4,8
2433,15.174378999999986,15.179276999999999,15.177440666666682,15.178666000000057,0.0021792479334920758,0,4,11436032,my_ring_all_reduce,4,8
2434,15.170824999999954,15.171145999999993,15.170985999999983,15.170987000000002,0.00013104960894315748,0,4,11468800,my_ring_all_reduce,4,8
2435,15.174601000000003,15.176584999999992,15.175656333333341,15.175783000000026,0.0008149017664015525,0,4,11501568,my_ring_all_reduce,4,8
2436,15.171532999999997,15.175978000000002,15.173717666666654,15.173641999999964,0.001815452254646015,0,4,11534336,my_ring_all_reduce,4,8
2437,15.177383000000006,15.181837,15.179488333333333,15.179244999999996,0.0018264605723130193,0,4,11567104,my_ring_all_reduce,4,8
2438,15.161066000000035,15.165223999999995,15.16300733333334,15.16273199999999,0.001708624658071742,0,4,11599872,my_ring_all_reduce,4,8
2439,15.16951200000001,15.179438,15.173386999999986,15.171210999999952,0.004334558877983852,0,4,11632640,my_ring_all_reduce,4,8
2440,15.183437999999999,15.190441,15.187680000000007,15.189161000000022,0.0030447247275724246,0,4,11665408,my_ring_all_reduce,4,8
2441,15.177101999999977,15.194731000000004,15.187105999999991,15.189484999999987,0.007390991859474949,0,4,11698176,my_ring_all_reduce,4,8
2442,15.195113000000005,15.202925999999978,15.198848999999997,15.19850800000001,0.0031987448580020525,0,4,11730944,my_ring_all_reduce,4,8
2443,15.18820900000001,15.197994999999967,15.193676999999994,15.194827000000005,0.004077035197281774,0,4,11763712,my_ring_all_reduce,4,8
2444,15.177321999999986,15.187113000000013,15.183304999999999,15.185479999999997,0.004282825313592571,0,4,11796480,my_ring_all_reduce,4,8
2445,15.181416999999987,15.18922699999997,15.184190999999993,15.181929000000018,0.0035671190990159015,0,4,11829248,my_ring_all_reduce,4,8
2446,15.178956999999995,15.187146999999998,15.183799333333335,15.18529400000001,0.0035066172049772423,0,4,11862016,my_ring_all_reduce,4,8
2447,15.189578999999998,15.19697099999999,15.193355666666681,15.193517000000051,0.003019926857095939,0,4,11894784,my_ring_all_reduce,4,8
2448,15.195594000000005,15.20570700000001,15.202324666666675,15.20567300000001,0.0047593202829369395,0,4,11927552,my_ring_all_reduce,4,8
2449,15.198921999999992,15.207854000000037,15.20402266666669,15.205292000000044,0.0037553127995386603,0,4,11960320,my_ring_all_reduce,4,8
2450,15.204651000000043,15.227179999999993,15.21278900000001,15.206535999999993,0.01020503036087608,0,4,11993088,my_ring_all_reduce,4,8
2451,15.203372000000003,15.210476999999978,15.206400666666662,15.205353000000002,0.0029937112233513834,0,4,12025856,my_ring_all_reduce,4,8
2452,15.196301000000004,15.200267,15.197856000000002,15.197000000000001,0.0017285525736858646,0,4,12058624,my_ring_all_reduce,4,8
2453,15.191593000000008,15.205421999999992,15.198037000000001,15.197096000000005,0.005684741037777075,0,4,12091392,my_ring_all_reduce,4,8
2454,15.187979999999953,15.193387000000046,15.190262333333331,15.189419999999998,0.0022863444379742815,0,4,12124160,my_ring_all_reduce,4,8
2455,15.191339000000065,15.196107999999994,15.194070333333363,15.194764000000024,0.0020077716226635203,0,4,12156928,my_ring_all_reduce,4,8
2456,15.198602999999995,15.202695999999996,15.201097333333328,15.201992999999987,0.0017869576255614258,0,4,12189696,my_ring_all_reduce,4,8
2457,15.200363000000005,15.206791000000042,15.20452233333335,15.206413000000001,0.002945138517784936,0,4,12222464,my_ring_all_reduce,4,8
2458,15.202728000000002,15.210408000000003,15.20680400000001,15.207276000000027,0.003153060735223655,0,4,12255232,my_ring_all_reduce,4,8
2459,15.202603999999992,15.206058000000004,15.204096333333325,15.20362699999998,0.001448616428035806,0,4,12288000,my_ring_all_reduce,4,8
2460,15.207850999999966,15.211850999999996,15.210368333333328,15.21140300000002,0.0017893949318943001,0,4,12320768,my_ring_all_reduce,4,8
2461,15.207626000000005,15.210700999999998,15.209387000000001,15.209834000000003,0.0012945431626615756,0,4,12353536,my_ring_all_reduce,4,8
2462,15.186793000000035,15.199368999999978,15.193267333333338,15.19364,0.005140888660725814,0,4,12386304,my_ring_all_reduce,4,8
2463,15.188489000000017,15.206921999999999,15.199370666666681,15.20270100000003,0.007885100393917712,0,4,12419072,my_ring_all_reduce,4,8
2464,15.185195999999996,15.194888999999966,15.191072666666654,15.193133000000001,0.004216814938096505,0,4,12451840,my_ring_all_reduce,4,8
2465,15.194856000000058,15.205736999999994,15.198804000000019,15.195819000000004,0.0049181100028172,0,4,12484608,my_ring_all_reduce,4,8
2466,15.200745000000024,15.208426000000006,15.203433666666678,15.201130000000004,0.003533610083497201,0,4,12517376,my_ring_all_reduce,4,8
2467,15.200841,15.208617999999987,15.205108999999993,15.205867999999988,0.0032199889233705584,0,4,12550144,my_ring_all_reduce,4,8
2468,15.207144999999993,15.22724099999998,15.218846999999991,15.222154999999999,0.008531098092660899,0,4,12582912,my_ring_all_reduce,4,8
2469,15.212460999999996,15.224589000000007,15.21905199999999,15.220105999999971,0.0050070139471236515,0,4,12615680,my_ring_all_reduce,4,8
2470,15.22544899999995,15.230824999999925,15.228446333333297,15.229065000000018,0.002237916491339901,0,4,12648448,my_ring_all_reduce,4,8
2471,15.226598999999988,15.240012000000018,15.232490000000011,15.230859000000025,0.0055959665831838154,0,4,12681216,my_ring_all_reduce,4,8
2472,15.217779000000009,15.230473000000043,15.22309500000002,15.221033000000004,0.005383511369621012,0,4,12713984,my_ring_all_reduce,4,8
2473,15.219465000000012,15.224679999999994,15.222675666666673,15.223882000000009,0.0022935396709443208,0,4,12746752,my_ring_all_reduce,4,8
2474,15.223882999999987,15.235052000000055,15.228491333333347,15.226539000000004,0.004764125966270958,0,4,12779520,my_ring_all_reduce,4,8
2475,15.226441999999981,15.235881000000001,15.23233966666666,15.234695999999996,0.004198246485811233,0,4,12812288,my_ring_all_reduce,4,8
2476,15.222632999999988,15.236650000000038,15.22995166666668,15.230572000000015,0.005739203332268851,0,4,12845056,my_ring_all_reduce,4,8
2477,15.227690000000017,15.244203000000002,15.234955000000005,15.232971999999995,0.006885686070872439,0,4,12877824,my_ring_all_reduce,4,8
2478,15.240585999999997,15.244812999999981,15.24217733333333,15.241133000000017,0.001877028917069086,0,4,12910592,my_ring_all_reduce,4,8
2479,15.23805800000002,15.240874000000026,15.23958300000002,15.239817000000011,0.001161473489439487,0,4,12943360,my_ring_all_reduce,4,8
2480,15.228967000000004,15.238029000000003,15.234719000000004,15.237161,0.0040826857173503536,0,4,12976128,my_ring_all_reduce,4,8
2481,15.23265300000002,15.237642999999997,15.234891000000005,15.234376999999993,0.002069327104793369,0,4,13008896,my_ring_all_reduce,4,8
2482,15.245320999999993,15.259719000000004,15.252253999999999,15.251721999999994,0.005889984097323111,0,4,13041664,my_ring_all_reduce,4,8
2483,15.235148999999977,15.249959999999993,15.242688333333327,15.24295600000001,0.006049526942026561,0,4,13074432,my_ring_all_reduce,4,8
2484,15.248939999999974,15.252428000000014,15.250549666666652,15.250280999999967,0.0014365867727383509,0,4,13107200,my_ring_all_reduce,4,8
2485,15.245032999999989,15.26145000000004,15.250761333333346,15.245801000000007,0.007564529169476804,0,4,13139968,my_ring_all_reduce,4,8
2486,15.257352000000044,15.268584000000033,15.26207866666669,15.260300000000003,0.004754800895469386,0,4,13172736,my_ring_all_reduce,4,8
2487,15.26493699999999,15.280647999999987,15.270313,15.265354000000022,0.007309931189817795,0,4,13205504,my_ring_all_reduce,4,8
2488,15.276423999999999,15.291946,15.285609333333332,15.288457999999999,0.00664927551609133,0,4,13238272,my_ring_all_reduce,4,8
2489,15.286184999999954,15.307688999999991,15.299721666666647,15.305290999999997,0.009621801956455404,0,4,13271040,my_ring_all_reduce,4,8
2490,15.289289999999994,15.291470000000016,15.290219000000002,15.289896999999998,0.0009186450166872844,0,4,13303808,my_ring_all_reduce,4,8
2491,15.26686000000003,15.281319999999997,15.275392000000018,15.277996000000028,0.006183769724033244,0,4,13336576,my_ring_all_reduce,4,8
2492,15.288460999999982,15.295689999999988,15.292171999999981,15.292364999999977,0.0029543805893418543,0,4,13369344,my_ring_all_reduce,4,8
2493,15.295398999999998,15.309640999999974,15.301054333333306,15.298122999999949,0.006172691327304704,0,4,13402112,my_ring_all_reduce,4,8
2494,15.306218999999983,15.310507999999972,15.30902466666664,15.310346999999965,0.0019849944304361163,0,4,13434880,my_ring_all_reduce,4,8
2495,15.326474999999991,15.344487999999968,15.33523133333332,15.334731,0.007362281907720093,0,4,13467648,my_ring_all_reduce,4,8
2496,15.335016000000017,15.343401999999987,15.33797199999998,15.335497999999934,0.003844628807400589,0,4,13500416,my_ring_all_reduce,4,8
2497,15.335756999999983,15.353738000000002,15.34177166666666,15.335819999999993,0.008461514534782232,0,4,13533184,my_ring_all_reduce,4,8
2498,15.339654999999999,15.346375999999998,15.343729999999985,15.345158999999956,0.002923980278084006,0,4,13565952,my_ring_all_reduce,4,8
2499,15.347657000000007,15.362665000000009,15.354420333333364,15.352939000000072,0.006215881666250886,0,4,13598720,my_ring_all_reduce,4,8
2500,15.364716000000016,15.375142999999996,15.37134733333334,15.37418300000001,0.004705410809783498,0,4,13631488,my_ring_all_reduce,4,8
2501,15.37357699999999,15.381416999999987,15.377769333333326,15.378314,0.0032237551947301964,0,4,13664256,my_ring_all_reduce,4,8
2502,15.38910099999998,15.407592999999993,15.39835799999999,15.398379999999994,0.007549343415163853,0,4,13697024,my_ring_all_reduce,4,8
2503,15.386891000000032,15.392042000000002,15.389770666666672,15.390378999999987,0.0021464315088438345,0,4,13729792,my_ring_all_reduce,4,8
2504,15.393130000000005,15.404841999999997,15.39977533333333,15.401353999999992,0.004909981488985772,0,4,13762560,my_ring_all_reduce,4,8
2505,15.416713000000003,15.418666000000027,15.417812666666675,15.418058999999994,0.0008161136903442979,0,4,13795328,my_ring_all_reduce,4,8
2506,15.402281999999992,15.409737000000002,15.405247333333328,15.403722999999994,0.003228720111062767,0,4,13828096,my_ring_all_reduce,4,8
2507,15.415818999999932,15.427659,15.421333333333308,15.420521999999998,0.004867586419963091,0,4,13860864,my_ring_all_reduce,4,8
2508,15.42273099999997,15.429643000000011,15.426943333333314,15.428455999999962,0.0030177316352330654,0,4,13893632,my_ring_all_reduce,4,8
2509,15.415687999999996,15.428750000000008,15.422869333333333,15.424169999999998,0.005411269803746493,0,4,13926400,my_ring_all_reduce,4,8
2510,15.436073999999964,15.441448999999965,15.438505666666641,15.437993999999993,0.0022239616803235106,0,4,13959168,my_ring_all_reduce,4,8
2511,15.443852000000042,15.447915000000068,15.445589000000034,15.444999999999993,0.001710201352684854,0,4,13991936,my_ring_all_reduce,4,8
2512,15.444197999999997,15.452393000000004,15.448168333333337,15.447914000000011,0.0033504248818482874,0,4,14024704,my_ring_all_reduce,4,8
2513,15.45402200000002,15.457609000000005,15.456391333333348,15.45754300000002,0.0016755883212206677,0,4,14057472,my_ring_all_reduce,4,8
2514,15.45585400000005,15.460043000000006,15.457986000000025,15.458061000000017,0.0017109741864225762,0,4,14090240,my_ring_all_reduce,4,8
2515,15.446954999999983,15.453451999999976,15.451071666666644,15.452807999999976,0.0029227717818654216,0,4,14123008,my_ring_all_reduce,4,8
2516,15.443147000000012,15.449033999999985,15.44580233333332,15.445225999999966,0.002437664501563226,0,4,14155776,my_ring_all_reduce,4,8
2517,15.452774999999994,15.45773700000003,15.455295333333334,15.455373999999981,0.0020264916042956366,0,4,14188544,my_ring_all_reduce,4,8
2518,15.461159000000015,15.469770999999978,15.464425666666664,15.462346999999994,0.0038107109864330864,0,4,14221312,my_ring_all_reduce,4,8
2519,15.461255999999993,15.472233999999938,15.46699666666664,15.467499999999992,0.004495859527242283,0,4,14254080,my_ring_all_reduce,4,8
2520,15.47658699999997,15.499597999999985,15.486806333333318,15.484233999999997,0.009568671253399462,0,4,14286848,my_ring_all_reduce,4,8
2521,15.483210999999995,15.508742999999996,15.493939666666664,15.489865000000005,0.010814278750284876,0,4,14319616,my_ring_all_reduce,4,8
2522,15.477095999999976,15.491305,15.484765999999981,15.485896999999968,0.005855669104958472,0,4,14352384,my_ring_all_reduce,4,8
2523,15.479787999999994,15.485228999999993,15.482806666666649,15.483402999999962,0.00226094822781839,0,4,14385152,my_ring_all_reduce,4,8
2524,15.48202499999998,15.488488000000013,15.484787666666662,15.483849999999991,0.002720539938252684,0,4,14417920,my_ring_all_reduce,4,8
2525,15.496617000000013,15.501803,15.498718666666683,15.497736000000033,0.0022282839934615207,0,4,14450688,my_ring_all_reduce,4,8
2526,15.507405000000029,15.515686999999991,15.510634000000003,15.508809999999992,0.003618757890020333,0,4,14483456,my_ring_all_reduce,4,8
2527,15.521418999999995,15.535305000000008,15.529854333333356,15.532839000000065,0.0060490453976153715,0,4,14516224,my_ring_all_reduce,4,8
2528,15.54276099999997,15.547790000000022,15.545012666666667,15.544487000000009,0.0020864570182420293,0,4,14548992,my_ring_all_reduce,4,8
2529,15.567175000000018,15.576137999999977,15.570504333333337,15.568200000000012,0.004005521716590462,0,4,14581760,my_ring_all_reduce,4,8
2530,15.58196000000005,15.594634000000006,15.587881333333351,15.587049999999996,0.005207424528695029,0,4,14614528,my_ring_all_reduce,4,8
2531,15.594731000000044,15.606473000000014,15.602099666666689,15.60509500000001,0.0052407160664103445,0,4,14647296,my_ring_all_reduce,4,8
2532,15.626250000000029,15.641802000000004,15.632457000000011,15.629319000000004,0.006725645396532173,0,4,14680064,my_ring_all_reduce,4,8
2533,15.646921999999998,15.654217999999993,15.651720999999995,15.654022999999993,0.0033943391109292525,0,4,14712832,my_ring_all_reduce,4,8
2534,15.660007999999987,15.671943000000008,15.665352333333331,15.664106,0.004951502555349779,0,4,14745600,my_ring_all_reduce,4,8
2535,15.671051999999996,15.69175100000002,15.682804000000004,15.685608999999998,0.008679983448533206,0,4,14778368,my_ring_all_reduce,4,8
2536,15.704040000000022,15.71226400000001,15.708072000000014,15.707912000000004,0.0033593396176383418,0,4,14811136,my_ring_all_reduce,4,8
2537,15.706536000000007,15.720905000000029,15.715284333333338,15.718411999999983,0.006269171361159826,0,4,14843904,my_ring_all_reduce,4,8
2538,15.734344999999987,15.744231000000015,15.740583999999998,15.743175999999993,0.004432613751134402,0,4,14876672,my_ring_all_reduce,4,8
2539,15.751878999999958,15.76006899999996,15.755463333333308,15.754442000000003,0.0034206594231034415,0,4,14909440,my_ring_all_reduce,4,8
2540,15.758472000000001,15.766122000000003,15.761544,15.760038000000002,0.003299661800852448,0,4,14942208,my_ring_all_reduce,4,8
2541,15.778539000000004,15.784776000000035,15.78132033333334,15.78064599999998,0.0025905065570856734,0,4,14974976,my_ring_all_reduce,4,8
2542,15.787657000000006,15.79329100000004,15.790356000000019,15.79012000000001,0.0023061166492756896,0,4,15007744,my_ring_all_reduce,4,8
2543,15.808519000000015,15.815685999999994,15.812753333333339,15.814055,0.003067270701373217,0,4,15040512,my_ring_all_reduce,4,8
2544,15.83168399999998,15.841509999999966,15.837927666666644,15.840588999999985,0.004430920922584742,0,4,15073280,my_ring_all_reduce,4,8
2545,15.855978999999992,15.866088000000019,15.860361333333335,15.859016999999993,0.004235043827674464,0,4,15106048,my_ring_all_reduce,4,8
2546,15.861478999999992,15.872485999999975,15.867324333333322,15.868008000000001,0.004519517845467862,0,4,15138816,my_ring_all_reduce,4,8
2547,15.880489999999977,15.88801099999997,15.884628333333309,15.885383999999977,0.0031165829935268646,0,4,15171584,my_ring_all_reduce,4,8
2548,15.895366999999984,15.904710000000007,15.900508666666672,15.901449000000023,0.0038717853188991102,0,4,15204352,my_ring_all_reduce,4,8
2549,15.915271999999998,15.917223000000028,15.916530666666674,15.917096999999995,0.0008914969932094965,0,4,15237120,my_ring_all_reduce,4,8
2550,15.923497000000017,15.93594400000001,15.928691333333342,15.926633000000002,0.005285798856893882,0,4,15269888,my_ring_all_reduce,4,8
2551,15.943435999999988,15.946189000000043,15.94502433333335,15.945448000000018,0.0011631486959716338,0,4,15302656,my_ring_all_reduce,4,8
2552,15.94861500000005,15.955371999999974,15.951390666666663,15.95018499999997,0.0028872693366025467,0,4,15335424,my_ring_all_reduce,4,8
2553,15.959562999999996,15.968969999999972,15.965492999999988,15.967945999999996,0.0042139307856931384,0,4,15368192,my_ring_all_reduce,4,8
2554,15.967144999999961,15.969702000000005,15.968401666666658,15.968358000000007,0.0010443474305001459,0,4,15400960,my_ring_all_reduce,4,8
2555,15.97075899999999,15.975753000000012,15.973309333333338,15.973416000000013,0.0020401866472437706,0,4,15433728,my_ring_all_reduce,4,8
2556,15.973893000000011,15.981574999999998,15.97677499999999,15.974856999999961,0.0034168527429036,0,4,15466496,my_ring_all_reduce,4,8
2557,15.973415999999999,15.984041000000012,15.979804666666679,15.981957000000024,0.004596887376870422,0,4,15499264,my_ring_all_reduce,4,8
2558,15.968872000000003,15.980584000000002,15.974803333333343,15.974954000000027,0.004782590743751954,0,4,15532032,my_ring_all_reduce,4,8
2559,15.966698000000004,15.978120999999993,15.973129,15.974568,0.004773138240887511,0,4,15564800,my_ring_all_reduce,4,8
2560,15.968520999999994,15.978087,15.972957333333332,15.972264,0.003935955820666994,0,4,15597568,my_ring_all_reduce,4,8
2561,15.974915000000008,15.977350000000007,15.976145000000004,15.976169999999998,0.0009942417546377842,0,4,15630336,my_ring_all_reduce,4,8
2562,15.974374999999997,15.976453999999984,15.975121999999999,15.974537000000012,0.0009441853631480652,0,4,15663104,my_ring_all_reduce,4,8
2563,15.96829500000007,15.977480000000025,15.974247000000032,15.976966000000001,0.00421392746335789,0,4,15695872,my_ring_all_reduce,4,8
2564,15.96487399999999,15.986663,15.976968333333325,15.979367999999988,0.009055713862287358,0,4,15728640,my_ring_all_reduce,4,8
2565,15.977289999999979,15.983655000000006,15.981149666666639,15.982503999999928,0.0027693525516905627,0,4,15761408,my_ring_all_reduce,4,8
2566,15.981128999999928,15.984235999999997,15.982697999999983,15.982729000000022,0.0012686168321205625,0,4,15794176,my_ring_all_reduce,4,8
2567,15.973352999999996,15.979940000000003,15.976114333333333,15.975050000000003,0.0027924596485716857,0,4,15826944,my_ring_all_reduce,4,8
2568,15.975497999999996,15.979464000000007,15.978035666666665,15.979144999999997,0.0017991209581996218,0,4,15859712,my_ring_all_reduce,4,8
2569,15.978152000000017,15.986214,15.982535333333336,15.983239999999991,0.003328801319118958,0,4,15892480,my_ring_all_reduce,4,8
2570,15.972648000000001,15.984583999999987,15.97965633333333,15.981736999999994,0.005090114886277082,0,4,15925248,my_ring_all_reduce,4,8
2571,15.978023999999976,15.985543999999965,15.981970666666646,15.982343999999998,0.0030813561228028017,0,4,15958016,my_ring_all_reduce,4,8
2572,15.986410000000019,15.999815000000032,15.994920666666687,15.998537000000011,0.006040524609301723,0,4,15990784,my_ring_all_reduce,4,8
2573,15.99959299999998,16.031373000000023,16.011401666666675,16.003239000000015,0.014200092613170316,0,4,16023552,my_ring_all_reduce,4,8
2574,15.995621,16.013034000000044,16.002097666666682,15.997637999999991,0.007776872221909053,0,4,16056320,my_ring_all_reduce,4,8
2575,16.060488,16.085542,16.074737666666667,16.078183000000006,0.010514386028464865,0,4,16089088,my_ring_all_reduce,4,8
2576,16.045609999999993,16.047494999999966,16.046738999999988,16.04711200000001,0.0008134916512522679,0,4,16121856,my_ring_all_reduce,4,8
2577,16.082183,16.09975200000001,16.090077000000004,16.088296000000003,0.007282234592947442,0,4,16154624,my_ring_all_reduce,4,8
2578,16.06100200000001,16.072201000000018,16.06543800000001,16.063111000000006,0.004859053199960062,0,4,16187392,my_ring_all_reduce,4,8
2579,16.080422999999996,16.087589999999988,16.082907666666653,16.080709999999964,0.003312982174553664,0,4,16220160,my_ring_all_reduce,4,8
2580,16.029896000000022,16.046410999999992,16.040595000000007,16.045478000000003,0.007574917953339177,0,4,16252928,my_ring_all_reduce,4,8
2581,16.076389999999986,16.089928000000008,16.085202333333342,16.089289000000033,0.00623671892016033,0,4,16285696,my_ring_all_reduce,4,8
2582,15.993701000000016,15.995397000000027,15.994321000000015,15.993865000000005,0.0007637870558461849,0,4,16318464,my_ring_all_reduce,4,8
2583,15.976456999999995,15.989194000000017,15.982803666666667,15.982759999999985,0.005199950149343003,0,4,16351232,my_ring_all_reduce,4,8
2584,15.983816999999997,15.996327999999998,15.988158333333336,15.984330000000016,0.00578062178508353,0,4,16384000,my_ring_all_reduce,4,8
2585,15.974953000000005,15.984808000000001,15.979017333333346,15.977291000000028,0.004204396614122941,0,4,16416768,my_ring_all_reduce,4,8
2586,15.978631000000009,15.983657999999997,15.981009666666674,15.98074000000002,0.0020611036417896144,0,4,16449536,my_ring_all_reduce,4,8
2587,15.973700999999995,15.991140000000014,15.983333999999997,15.985160999999986,0.007235704388660993,0,4,16482304,my_ring_all_reduce,4,8
2588,15.968519999999932,15.97514400000003,15.972839999999989,15.974856,0.0030569631990331136,0,4,16515072,my_ring_all_reduce,4,8
2589,15.977668999999995,15.983144999999961,15.979495333333325,15.977672000000021,0.0025807043396666924,0,4,16547840,my_ring_all_reduce,4,8
2590,15.980615000000006,15.988005999999979,15.984720333333323,15.98553999999999,0.00307252451394975,0,4,16580608,my_ring_all_reduce,4,8
2591,15.982343999999998,15.984425000000018,15.983400000000008,15.983431000000012,0.0008498474372971991,0,4,16613376,my_ring_all_reduce,4,8
2592,15.979397999999987,15.990727000000028,15.984476333333335,15.98330399999999,0.004698746948821242,0,4,16646144,my_ring_all_reduce,4,8
2593,15.988424999999996,16.000487000000025,15.995741666666687,15.998313000000039,0.0052492397756614415,0,4,16678912,my_ring_all_reduce,4,8
2594,15.987176000000007,15.995914,15.992990333333344,15.995881000000024,0.004111376601039626,0,4,16711680,my_ring_all_reduce,4,8
2595,16.00042300000001,16.009092999999996,16.005637666666676,16.007397000000026,0.003751769834209119,0,4,16744448,my_ring_all_reduce,4,8
2596,15.985192999999999,16.00112599999999,15.995090333333346,15.998952000000049,0.007054524521348681,0,4,16777216,my_ring_all_reduce,4,8
2597,15.99104299999997,15.997541999999997,15.994277666666656,15.994248000000008,0.002653288567472995,0,4,16777216,my_ring_all_reduce,4,8
2598,15.991626000000018,15.997705000000016,15.994749666666664,15.994917999999961,0.002484594176563208,0,4,16908288,my_ring_all_reduce,4,8
2599,16.10694999999997,16.114887000000003,16.11039666666667,16.10935300000003,0.0033232436296908407,0,4,17039360,my_ring_all_reduce,4,8
2600,16.052328999999997,16.082887999999993,16.067036999999992,16.065893999999986,0.012501812055323809,0,4,17170432,my_ring_all_reduce,4,8
2601,16.011877000000037,16.01699899999998,16.01501466666668,16.01616800000002,0.0022444530637704065,0,4,17301504,my_ring_all_reduce,4,8
2602,16.04304999999999,16.058884999999982,16.049276333333314,16.045893999999972,0.006892843647983431,0,4,17432576,my_ring_all_reduce,4,8
2603,16.091272999999987,16.104745999999984,16.09983866666665,16.103496999999976,0.006078266437797427,0,4,17563648,my_ring_all_reduce,4,8
2604,16.16365599999999,16.18170399999999,16.174781333333332,16.17898400000001,0.007944783669529162,0,4,17694720,my_ring_all_reduce,4,8
2605,16.171015,16.173989000000002,16.17283800000001,16.173510000000025,0.0013038039218682606,0,4,17825792,my_ring_all_reduce,4,8
2606,16.131271000000037,16.151431999999993,16.139538666666684,16.135913000000016,0.008620733701678344,0,4,17956864,my_ring_all_reduce,4,8
2607,16.168678999999976,16.186921000000016,16.177928999999992,16.17818699999999,0.007449499491033473,0,4,18087936,my_ring_all_reduce,4,8
2608,16.215400000000002,16.22468100000004,16.22030733333335,16.220841,0.0038076974961686644,0,4,18219008,my_ring_all_reduce,4,8
2609,16.226374999999972,16.227206000000006,16.22684433333332,16.22695199999999,0.0003476917536625059,0,4,18350080,my_ring_all_reduce,4,8
2610,16.236585000000005,16.252297999999982,16.244061666666667,16.24330200000001,0.006437256782881868,0,4,18481152,my_ring_all_reduce,4,8
2611,16.309318000000015,16.311363000000043,16.310203333333366,16.309929000000032,0.0008571076686004018,0,4,18612224,my_ring_all_reduce,4,8
2612,16.365448000000004,16.38317500000002,16.377042000000014,16.38250300000001,0.008202785014864392,0,4,18743296,my_ring_all_reduce,4,8
2613,16.369446000000025,16.375174999999974,16.37174966666667,16.370628000000004,0.0024696777567370497,0,4,18874368,my_ring_all_reduce,4,8
2614,16.368484000000013,16.37085500000004,16.36993700000002,16.37047200000001,0.0010392558235021551,0,4,19005440,my_ring_all_reduce,4,8
2615,16.37197500000002,16.386183000000006,16.377063000000003,16.373030999999987,0.006463207872256923,0,4,19136512,my_ring_all_reduce,4,8
2616,16.37828000000003,16.394245000000026,16.384198666666688,16.380070999999997,0.0071413598300529065,0,4,19267584,my_ring_all_reduce,4,8
2617,16.45338,16.459851999999998,16.457138000000008,16.45818200000003,0.0027433735922555574,0,4,19398656,my_ring_all_reduce,4,8
2618,16.550532000000015,16.561894000000088,16.55467233333337,16.551591000000016,0.005124758357480896,0,4,19529728,my_ring_all_reduce,4,8
2619,16.577731000000007,16.602501000000032,16.588282000000017,16.58461400000001,0.010439632592524476,0,4,19660800,my_ring_all_reduce,4,8
2620,16.68761899999995,16.714502000000007,16.697263666666654,16.68967,0.01221806728671247,0,4,19791872,my_ring_all_reduce,4,8
2621,16.727458,16.74579800000001,16.73442633333335,16.730023000000045,0.008108880248767254,0,4,19922944,my_ring_all_reduce,4,8
2622,16.771300000000018,16.781062999999996,16.77604833333335,16.775782000000035,0.0039901747942681625,0,4,20054016,my_ring_all_reduce,4,8
2623,16.824869000000064,16.83411699999997,16.828890000000012,16.82768400000001,0.003870590221967088,0,4,20185088,my_ring_all_reduce,4,8
2624,16.789703,16.80294900000001,16.79662533333332,16.797223999999957,0.0054242007296539515,0,4,20316160,my_ring_all_reduce,4,8
2625,16.794117000000057,16.799270000000018,16.796646000000027,16.796551000000008,0.002104775680827135,0,4,20447232,my_ring_all_reduce,4,8
2626,16.802502000000008,16.80362199999999,16.80320666666668,16.80349600000004,0.0005009227041742921,0,4,20578304,my_ring_all_reduce,4,8
2627,16.79460000000002,16.802758000000033,16.79881266666668,16.799079999999986,0.0033358498500754593,0,4,20709376,my_ring_all_reduce,4,8
2628,16.798534000000007,16.801669999999998,16.79963233333333,16.798692999999986,0.0014423093365235238,0,4,20840448,my_ring_all_reduce,4,8
2629,16.79523600000001,16.80595400000003,16.799214666666696,16.796454000000043,0.004791300542536454,0,4,20971520,my_ring_all_reduce,4,8
2630,16.833028000000006,16.848260999999997,16.84016566666666,16.839207999999985,0.006255606356609702,0,4,21102592,my_ring_all_reduce,4,8
2631,16.82621200000003,16.827977,16.82700366666666,16.826821999999957,0.0007319190908462656,0,4,21233664,my_ring_all_reduce,4,8
2632,16.814085000000006,16.81639099999999,16.81504566666669,16.81466100000008,0.0009799269813893566,0,4,21364736,my_ring_all_reduce,4,8
2633,16.822919000000002,16.82816100000008,16.825455333333355,16.825285999999995,0.002143384602840967,0,4,21495808,my_ring_all_reduce,4,8
2634,16.81658100000002,16.827362999999984,16.822532000000002,16.823652000000003,0.004472410312110108,0,4,21626880,my_ring_all_reduce,4,8
2635,16.840100000000007,16.857765999999987,16.849859999999993,16.851713999999987,0.007330296765243561,0,4,21757952,my_ring_all_reduce,4,8
2636,16.83415200000001,16.837095,16.835525666666673,16.835330000000006,0.001209414826357611,0,4,21889024,my_ring_all_reduce,4,8
2637,16.865412999999986,16.86611499999999,16.865721666666655,16.86563699999999,0.0002927767446760451,0,4,22020096,my_ring_all_reduce,4,8
2638,16.931078,16.93958799999999,16.935204333333328,16.934946999999987,0.003478954855824259,0,4,22151168,my_ring_all_reduce,4,8
2639,16.950051000000006,16.962468000000023,16.956270000000004,16.956290999999982,0.005069240771562336,0,4,22282240,my_ring_all_reduce,4,8
2640,16.967524000000008,16.975236999999993,16.97140733333333,16.97146099999999,0.0031490477220131215,0,4,22413312,my_ring_all_reduce,4,8
2641,16.98803699999998,16.994918000000034,16.99068266666668,16.98909300000002,0.00302570326078566,0,4,22544384,my_ring_all_reduce,4,8
2642,16.989252999999998,17.001924000000006,16.996164999999994,16.997317999999986,0.005236768532853857,0,4,22675456,my_ring_all_reduce,4,8
2643,17.023589999999995,17.027847000000023,17.025104333333346,17.02387600000002,0.0019428697560360307,0,4,22806528,my_ring_all_reduce,4,8
2644,17.046437000000036,17.059299000000014,17.053178000000003,17.05379799999995,0.005269159388985837,0,4,22937600,my_ring_all_reduce,4,8
2645,17.079368999999996,17.08605100000001,17.08201199999999,17.080615999999967,0.002901022003833517,0,4,23068672,my_ring_all_reduce,4,8
2646,17.153157000000007,17.157060999999995,17.154757000000004,17.154053,0.0016697337112998054,0,4,23199744,my_ring_all_reduce,4,8
2647,17.166435999999987,17.170020000000047,17.16875166666667,17.16979899999997,0.0016399073822204327,0,4,23330816,my_ring_all_reduce,4,8
2648,17.154020999999993,17.157062000000035,17.155119666666668,17.154275999999985,0.0013773768144367906,0,4,23461888,my_ring_all_reduce,4,8
2649,17.174244999999996,17.179043000000007,17.176536666666664,17.176321999999985,0.001964647946980966,0,4,23592960,my_ring_all_reduce,4,8
2650,17.169734999999985,17.171331999999982,17.170288666666654,17.16979899999999,0.0007382105992769684,0,4,23724032,my_ring_all_reduce,4,8
2651,17.17168400000001,17.179428000000016,17.17556666666668,17.175588000000005,0.003161510749979749,0,4,23855104,my_ring_all_reduce,4,8
2652,17.177254000000016,17.182757000000013,17.17973800000001,17.179203,0.0022782187486425727,0,4,23986176,my_ring_all_reduce,4,8
2653,17.187812000000005,17.190787000000018,17.189742333333353,17.190628000000025,0.0013664943793921872,0,4,24117248,my_ring_all_reduce,4,8
2654,17.304768999999993,17.31008799999996,17.307652333333316,17.308099999999992,0.002194423893000214,0,4,24248320,my_ring_all_reduce,4,8
2655,17.383334,17.38688300000003,17.385359333333344,17.385861000000006,0.0014916662569931852,0,4,24379392,my_ring_all_reduce,4,8
2656,17.429986000000003,17.436067000000012,17.432164000000004,17.430439,0.0027660271148394235,0,4,24510464,my_ring_all_reduce,4,8
2657,17.49177999999997,17.498304999999977,17.494797999999985,17.49430900000001,0.0026861679024223163,0,4,24641536,my_ring_all_reduce,4,8
2658,17.540996000000003,17.543139999999987,17.541891,17.541537000000012,0.0009103739158449103,0,4,24772608,my_ring_all_reduce,4,8
2659,17.55968199999997,17.566949,17.563053999999994,17.562531000000003,0.002989701099898619,0,4,24903680,my_ring_all_reduce,4,8
2660,17.553989999999963,17.560064999999916,17.557603999999955,17.55875699999999,0.002610678455869814,0,4,25034752,my_ring_all_reduce,4,8
2661,17.555844999999945,17.565315999999992,17.56108199999998,17.562085000000007,0.003931027601044762,0,4,25165824,my_ring_all_reduce,4,8
2662,17.56118899999999,17.56553800000003,17.564003999999997,17.565284999999975,0.0019931835506770547,0,4,25296896,my_ring_all_reduce,4,8
2663,17.558437000000005,17.562308,17.560803666666676,17.561666000000027,0.0016938859334574522,0,4,25427968,my_ring_all_reduce,4,8
2664,17.56076999999999,17.57129899999991,17.567383999999976,17.57008300000003,0.004703077786569792,0,4,25559040,my_ring_all_reduce,4,8
2665,17.570821999999986,17.576935,17.573669999999996,17.573252999999998,0.002512980832933747,0,4,25690112,my_ring_all_reduce,4,8
2666,17.570758000000062,17.581282000000037,17.57676133333337,17.578244000000005,0.0044224706016085386,0,4,25821184,my_ring_all_reduce,4,8
2667,17.57274099999998,17.587075000000013,17.581316999999995,17.584134999999996,0.006181786796724788,0,4,25952256,my_ring_all_reduce,4,8
2668,17.585668000000002,17.591299000000014,17.588089333333343,17.587301000000007,0.0023654657516532515,0,4,26083328,my_ring_all_reduce,4,8
2669,17.599844000000026,17.613091000000015,17.606126000000014,17.605443,0.005429586785992784,0,4,26214400,my_ring_all_reduce,4,8
2670,17.62701199999999,17.63434099999997,17.629786333333325,17.62800600000001,0.0032461002585882975,0,4,26345472,my_ring_all_reduce,4,8
2671,17.657953999999997,17.676708999999946,17.66975166666665,17.674592000000004,0.00838685981493331,0,4,26476544,my_ring_all_reduce,4,8
2672,17.688868000000046,17.692740999999998,17.691023666666684,17.69146200000001,0.0016112385160150346,0,4,26607616,my_ring_all_reduce,4,8
2673,17.716225999999995,17.72435700000002,17.71969366666667,17.718497999999993,0.0034254444318410422,0,4,26738688,my_ring_all_reduce,4,8
2674,17.74246599999993,17.747713000000005,17.745228666666645,17.745507000000007,0.0021511011650690278,0,4,26869760,my_ring_all_reduce,4,8
2675,17.766244999999998,17.77763500000001,17.771363333333333,17.77020999999999,0.004720922108615458,0,4,27000832,my_ring_all_reduce,4,8
2676,17.792261000000014,17.797280999999973,17.79451933333333,17.794016000000003,0.002080081462062851,0,4,27131904,my_ring_all_reduce,4,8
2677,17.817920999999988,17.822050000000004,17.819425333333324,17.818304999999985,0.0018625288066462617,0,4,27262976,my_ring_all_reduce,4,8
2678,17.834242999999958,17.84374699999999,17.83828633333332,17.836869000000007,0.004007337381473881,0,4,27394048,my_ring_all_reduce,4,8
2679,17.852544000000023,17.861219999999943,17.857282333333316,17.858082999999983,0.003586924804804643,0,4,27525120,my_ring_all_reduce,4,8
2680,17.87718800000001,17.879585999999982,17.87848866666668,17.87869200000004,0.0009894811210284082,0,4,27656192,my_ring_all_reduce,4,8
2681,17.901891999999993,17.907555000000023,17.903897333333337,17.902244999999997,0.002590372731665956,0,4,27787264,my_ring_all_reduce,4,8
2682,17.920963999999994,17.928039000000012,17.924783,17.92534599999999,0.00291566264624435,0,4,27918336,my_ring_all_reduce,4,8
2683,17.94630600000001,17.948930999999984,17.947863999999996,17.948354999999996,0.001126489236511521,0,4,28049408,my_ring_all_reduce,4,8
2684,17.96886500000002,17.972929000000004,17.970614333333316,17.97004899999993,0.0017065999987012418,0,4,28180480,my_ring_all_reduce,4,8
2685,17.98985799999998,17.995714999999997,17.99376266666665,17.99571499999997,0.0027610162782742247,0,4,28311552,my_ring_all_reduce,4,8
2686,17.995777999999962,18.000032999999995,17.99860466666666,18.000003000000028,0.0019987926911799545,0,4,28442624,my_ring_all_reduce,4,8
2687,17.993825000000005,18.001572,17.998786666666664,18.000962999999988,0.003517226400947477,0,4,28573696,my_ring_all_reduce,4,8
2688,17.99405200000001,18.003455999999993,17.998679999999997,17.998531999999994,0.0038405930097592566,0,4,28704768,my_ring_all_reduce,4,8
2689,17.996195000000064,18.005184999999997,18.001004333333345,18.001632999999973,0.003696975460471896,0,4,28835840,my_ring_all_reduce,4,8
2690,18.012099999999993,18.020992999999986,18.017602999999998,18.019716000000017,0.003925976651316836,0,4,28966912,my_ring_all_reduce,4,8
2691,18.07424399999992,18.08307500000001,18.077891999999952,18.07635699999993,0.0037650860105681453,0,4,29097984,my_ring_all_reduce,4,8
2692,18.140485000000016,18.144833000000013,18.142850333333342,18.14323299999999,0.0017955688668343911,0,4,29229056,my_ring_all_reduce,4,8
2693,18.202335999999995,18.207137000000003,18.204757333333337,18.204799000000015,0.00196022147275119,0,4,29360128,my_ring_all_reduce,4,8
2694,18.304929000000005,18.312899000000005,18.308482,18.307618,0.00331059883807588,0,4,29491200,my_ring_all_reduce,4,8
2695,18.320868999999977,18.323617,18.322669666666673,18.323523000000044,0.0012738417833235223,0,4,29622272,my_ring_all_reduce,4,8
2696,18.301314000000012,18.30652900000007,18.30345733333336,18.302528999999996,0.0022279150692253104,0,4,29753344,my_ring_all_reduce,4,8
2697,18.29994000000003,18.332382999999986,18.314422000000008,18.310942999999998,0.013471318742654656,0,4,29884416,my_ring_all_reduce,4,8
2698,18.298304000000005,18.318048,18.30637999999998,18.302787999999943,0.00845116291801213,0,4,30015488,my_ring_all_reduce,4,8
2699,18.295904999999983,18.299232000000003,18.29780366666666,18.298273999999992,0.0013983662689882304,0,4,30146560,my_ring_all_reduce,4,8
2700,18.293698000000003,18.306334999999994,18.298753666666645,18.296227999999946,0.00545940694785356,0,4,30277632,my_ring_all_reduce,4,8
2701,18.300609000000026,18.304742000000005,18.30292633333334,18.303427999999986,0.0017241760028631086,0,4,30408704,my_ring_all_reduce,4,8
2702,18.365027,18.378014999999984,18.370753333333344,18.369218000000053,0.0054123298946710235,0,4,30539776,my_ring_all_reduce,4,8
2703,18.377826000000017,18.407199999999953,18.389686666666663,18.384034000000014,0.012640475975538272,0,4,30670848,my_ring_all_reduce,4,8
2704,18.383235000000003,18.40585600000001,18.39438,18.394049,0.009237950025126172,0,4,30801920,my_ring_all_reduce,4,8
2705,18.41485100000001,18.43299499999998,18.42250833333333,18.419679000000006,0.007672680076437459,0,4,30932992,my_ring_all_reduce,4,8
2706,18.423038999999946,18.438849000000015,18.432854333333328,18.43667500000002,0.006997006280499655,0,4,31064064,my_ring_all_reduce,4,8
2707,18.472447000000074,18.487910000000017,18.479063666666693,18.476833999999997,0.006506645440522376,0,4,31195136,my_ring_all_reduce,4,8
2708,18.485378000000026,18.499360000000017,18.492001000000013,18.491265,0.005731803264823233,0,4,31326208,my_ring_all_reduce,4,8
2709,18.51088100000001,18.52323199999999,18.51676933333333,18.516194999999986,0.00505860285936901,0,4,31457280,my_ring_all_reduce,4,8
2710,18.59481599999999,18.617828999999983,18.605355999999997,18.603423000000006,0.00949392468897406,0,4,31588352,my_ring_all_reduce,4,8
2711,18.6185609999999,18.638367,18.628256666666633,18.627842000000005,0.008091080287752543,0,4,31719424,my_ring_all_reduce,4,8
2712,18.609091999999983,18.624830000000017,18.618838666666672,18.622594000000014,0.006952124727192212,0,4,31850496,my_ring_all_reduce,4,8
2713,18.63552500000001,18.65001799999998,18.64255266666667,18.64211500000002,0.00592483059297212,0,4,31981568,my_ring_all_reduce,4,8
2714,18.64080200000001,18.649951999999992,18.646113,18.647584999999992,0.0038777753931772806,0,4,32112640,my_ring_all_reduce,4,8
2715,18.650434000000008,18.665954000000056,18.660609000000026,18.665439000000013,0.0071978827905751185,0,4,32243712,my_ring_all_reduce,4,8
2716,18.68425299999997,18.688704999999974,18.6869433333333,18.68787199999996,0.0019325099970989611,0,4,32374784,my_ring_all_reduce,4,8
2717,18.69747600000001,18.703135999999983,18.70080133333333,18.701791999999994,0.002414534507692656,0,4,32505856,my_ring_all_reduce,4,8
2718,18.800734000000013,18.80835300000001,18.80468266666668,18.80496100000001,0.003116664064169256,0,4,32636928,my_ring_all_reduce,4,8
2719,18.805823000000004,18.81398399999997,18.808768333333322,18.806497999999994,0.003698314060323162,0,4,32768000,my_ring_all_reduce,4,8
2720,18.80301000000001,18.813538000000015,18.806763666666672,18.803742999999994,0.004799514998651096,0,4,32899072,my_ring_all_reduce,4,8
2721,18.827647,18.836832,18.83252166666667,18.833086000000012,0.0037709336008783824,0,4,33030144,my_ring_all_reduce,4,8
2722,18.818849000000004,18.833985000000002,18.82428933333334,18.820034000000014,0.006872918852679361,0,4,33161216,my_ring_all_reduce,4,8
2723,18.811458000000012,18.81676600000002,18.81468633333334,18.815834999999993,0.0023142014221359817,0,4,33292288,my_ring_all_reduce,4,8
2724,18.81305899999998,18.819359999999993,18.816726999999997,18.817762000000016,0.002674455583237519,0,4,33423360,my_ring_all_reduce,4,8
2725,18.809189,18.81376099999994,18.81197999999998,18.812990000000006,0.0019984779208017498,0,4,33554432,my_ring_all_reduce,4,8
2726,18.816356,18.821790999999997,18.818315666666663,18.81679999999999,0.002464107726722709,0,4,33685504,my_ring_all_reduce,4,8
2727,18.81593800000001,18.829344999999993,18.823393000000006,18.82489600000001,0.0055756117153127355,0,4,33816576,my_ring_all_reduce,4,8
2728,18.875039999999995,18.885920000000013,18.879242333333323,18.876766999999965,0.004774170527154531,0,4,33947648,my_ring_all_reduce,4,8
2729,18.93024200000002,18.93539399999999,18.932886,18.933021999999998,0.0021054924997765327,0,4,34078720,my_ring_all_reduce,4,8
2730,19.006272999999986,19.013761,19.00949399999999,19.00844799999999,0.003145168040031118,0,4,34209792,my_ring_all_reduce,4,8
2731,19.024768000000012,19.032256000000025,19.028065000000023,19.02717100000003,0.0031216409146512356,0,4,34340864,my_ring_all_reduce,4,8
2732,19.03401999999999,19.043390000000002,19.03848633333333,19.038049,0.0038377658720826946,0,4,34471936,my_ring_all_reduce,4,8
2733,19.044320999999968,19.05504,19.04975966666667,19.049918000000034,0.00437744539912809,0,4,34603008,my_ring_all_reduce,4,8
2734,19.04320000000007,19.05180800000002,19.04771200000003,19.048128,0.003526490984889634,0,4,34734080,my_ring_all_reduce,4,8
2735,19.054654999999986,19.062207000000054,19.059040000000007,19.06025799999998,0.0032011267808078015,0,4,34865152,my_ring_all_reduce,4,8
2736,19.06297400000001,19.081217999999993,19.071542666666662,19.070435999999987,0.00748907726105967,0,4,34996224,my_ring_all_reduce,4,8
2737,19.081214999999997,19.08771300000001,19.08373400000001,19.082274000000034,0.0028466004285819893,0,4,35127296,my_ring_all_reduce,4,8
2738,19.108351999999925,19.111487000000015,19.109557666666642,19.108833999999987,0.0013783628775859266,0,4,35258368,my_ring_all_reduce,4,8
2739,19.13215800000001,19.156096000000048,19.142121666666696,19.138111000000034,0.010175822532970112,0,4,35389440,my_ring_all_reduce,4,8
2740,19.172547999999967,19.19574100000001,19.184224333333322,19.18438399999999,0.00946917568865133,0,4,35520512,my_ring_all_reduce,4,8
2741,19.206497999999993,19.221884000000006,19.214846666666663,19.216157999999997,0.006349380302225536,0,4,35651584,my_ring_all_reduce,4,8
2742,19.241054999999935,19.245343000000023,19.242772666666653,19.24192,0.0018514888303747278,0,4,35782656,my_ring_all_reduce,4,8
2743,19.26294399999999,19.284672000000036,19.27373900000001,19.273601000000003,0.008870955566735676,0,4,35913728,my_ring_all_reduce,4,8
2744,19.290657000000007,19.305599,19.299755666666666,19.303010999999984,0.006519904770941835,0,4,36044800,my_ring_all_reduce,4,8
2745,19.321853999999963,19.328992,19.32475599999999,19.323422,0.0030629428115354356,0,4,36175872,my_ring_all_reduce,4,8
2746,19.364032999999996,19.36723300000001,19.366026666666663,19.366813999999984,0.0014200751936290145,0,4,36306944,my_ring_all_reduce,4,8
2747,19.377470000000006,19.40576199999999,19.391178333333333,19.390303000000014,0.0115667331121936,0,4,36438016,my_ring_all_reduce,4,8
2748,19.41424000000002,19.432384000000035,19.421642333333352,19.418303,0.007774511531645984,0,4,36569088,my_ring_all_reduce,4,8
2749,19.414687000000004,19.42505499999998,19.421290333333335,19.424129000000015,0.004684540342678154,0,4,36700160,my_ring_all_reduce,4,8
2750,19.44479899999997,19.446112000000024,19.445610666666663,19.445920999999988,0.000579207696406627,0,4,36831232,my_ring_all_reduce,4,8
2751,19.468002000000023,19.475454999999986,19.47147733333333,19.470974999999978,0.003063337649602417,0,4,36962304,my_ring_all_reduce,4,8
2752,19.490427000000025,19.496215,19.49350966666667,19.493886999999997,0.002377957293316099,0,4,37093376,my_ring_all_reduce,4,8
2753,19.514882000000014,19.51644900000001,19.515724333333342,19.515842000000006,0.0006451130822464576,0,4,37224448,my_ring_all_reduce,4,8
2754,19.533759999999987,19.545183,19.539860999999995,19.540639999999996,0.004695839506065371,0,4,37355520,my_ring_all_reduce,4,8
2755,19.54844999999998,19.555708999999958,19.55115566666664,19.54930799999999,0.003238690510397776,0,4,37486592,my_ring_all_reduce,4,8
2756,19.571391000000002,19.58102000000002,19.577332000000002,19.57958499999999,0.00424157337160334,0,4,37617664,my_ring_all_reduce,4,8
2757,19.60655800000002,19.607390999999975,19.607017333333335,19.607103000000002,0.00034542373332328255,0,4,37748736,my_ring_all_reduce,4,8
2758,19.65612700000001,19.658018,19.656949666666666,19.656703999999998,0.000791300336292601,0,4,37879808,my_ring_all_reduce,4,8
2759,19.65785499999999,19.660253000000004,19.659402333333336,19.660099000000017,0.0010959347101486773,0,4,38010880,my_ring_all_reduce,4,8
2760,19.641694999999977,19.642974000000017,19.642154666666688,19.641795000000073,0.0005807927532440137,0,4,38141952,my_ring_all_reduce,4,8
2761,19.647873000000008,19.65372899999999,19.650527666666665,19.649981,0.002421751065281071,0,4,38273024,my_ring_all_reduce,4,8
2762,19.638240000000007,19.643744000000037,19.641430000000017,19.642306000000005,0.0023308133058467873,0,4,38404096,my_ring_all_reduce,4,8
2763,19.637855000000012,19.64876800000004,19.645065333333324,19.648572999999917,0.005099097066023836,0,4,38535168,my_ring_all_reduce,4,8
2764,19.648220999999975,19.652450000000012,19.650643666666657,19.65125999999998,0.0017806385246879781,0,4,38666240,my_ring_all_reduce,4,8
2765,19.673951000000017,19.682179000000062,19.677867000000017,19.677470999999976,0.003370717826636842,0,4,38797312,my_ring_all_reduce,4,8
2766,19.78009600000002,19.789405,19.78568300000001,19.787548,0.00402268890170705,0,4,38928384,my_ring_all_reduce,4,8
2767,19.810080000000017,19.818592000000027,19.81363133333332,19.81222199999992,0.003615079651821491,0,4,39059456,my_ring_all_reduce,4,8
2768,19.837470000000003,19.852928999999996,19.845501666666667,19.846106,0.006325561073047307,0,4,39190528,my_ring_all_reduce,4,8
2769,19.850369000000022,19.856577999999995,19.85308766666667,19.85231599999999,0.002592877723465377,0,4,39321600,my_ring_all_reduce,4,8
2770,19.854333000000015,19.870013,19.86036333333335,19.856744000000035,0.006893972262448848,0,4,39452672,my_ring_all_reduce,4,8
2771,19.858464,19.868159000000006,19.863721,19.86454000000001,0.004000110581806853,0,4,39583744,my_ring_all_reduce,4,8
2772,19.86911799999999,19.872927000000026,19.871518666666663,19.87251099999997,0.0017060020190229153,0,4,39714816,my_ring_all_reduce,4,8
2773,19.888288999999975,19.896095000000017,19.890942666666657,19.888443999999975,0.0036437993297790488,0,4,39845888,my_ring_all_reduce,4,8
2774,19.967997000000004,19.981501000000012,19.97469600000001,19.97459000000001,0.005513494415223737,0,4,39976960,my_ring_all_reduce,4,8
2775,19.99452700000001,20.003551,19.998911000000003,19.998655,0.0036884771925525086,0,4,40108032,my_ring_all_reduce,4,8
2776,20.005403999999967,20.011199000000023,20.00757033333332,20.006107999999966,0.0025819011514176815,0,4,40239104,my_ring_all_reduce,4,8
2777,20.028508000000016,20.038556000000025,20.033597333333347,20.033728000000004,0.0041031192470584845,0,4,40370176,my_ring_all_reduce,4,8
2778,20.049918000000012,20.059291999999957,20.055634666666663,20.05769400000002,0.004094598827165991,0,4,40501248,my_ring_all_reduce,4,8
2779,20.074847000000037,20.09401800000004,20.084074666666698,20.083359000000026,0.007842871257108884,0,4,40632320,my_ring_all_reduce,4,8
2780,20.115228000000002,20.124127999999967,20.120360333333327,20.121725000000005,0.0037593648695141623,0,4,40763392,my_ring_all_reduce,4,8
2781,20.141116999999998,20.145917000000008,20.143890666666678,20.144638000000022,0.0020295944313042545,0,4,40894464,my_ring_all_reduce,4,8
2782,20.226142999999983,20.23004700000005,20.22783833333334,20.227324999999997,0.00163461256030738,0,4,41025536,my_ring_all_reduce,4,8
2783,20.236795000000004,20.24434899999999,20.240124333333316,20.239228999999963,0.003148221226164197,0,4,41156608,my_ring_all_reduce,4,8
2784,20.238975000000064,20.244251000000013,20.241714666666702,20.241918000000034,0.0021587113954389973,0,4,41287680,my_ring_all_reduce,4,8
2785,20.253340999999985,20.258329999999972,20.25656166666665,20.25801399999999,0.002281006259426934,0,4,41418752,my_ring_all_reduce,4,8
2786,20.26879799999999,20.270909000000014,20.269971000000012,20.270206000000034,0.0008776859727081691,0,4,41549824,my_ring_all_reduce,4,8
2787,20.285085999999982,20.292763000000036,20.28865800000001,20.288125000000004,0.003156701759770904,0,4,41680896,my_ring_all_reduce,4,8
2788,20.308765,20.311358000000023,20.309703666666685,20.308988000000028,0.0011733275568089954,0,4,41811968,my_ring_all_reduce,4,8
2789,20.316990999999994,20.32626899999997,20.32135133333332,20.320793999999992,0.0038081742198610605,0,4,41943040,my_ring_all_reduce,4,8
2790,20.341887000000018,20.34400100000002,20.343178666666677,20.343648,0.0009246456378266774,0,4,42074112,my_ring_all_reduce,4,8
2791,20.352514999999986,20.359901999999973,20.356425666666667,20.356860000000044,0.003031328238392501,0,4,42205184,my_ring_all_reduce,4,8
2792,20.374652000000033,20.380475000000022,20.37727566666668,20.376699999999996,0.002411828674584059,0,4,42336256,my_ring_all_reduce,4,8
2793,20.38822400000006,20.397981999999974,20.39406700000001,20.395994999999996,0.004210505036970532,0,4,42467328,my_ring_all_reduce,4,8
2794,20.407357999999995,20.410398000000047,20.408638,20.40815799999997,0.0012866493954205652,0,4,42598400,my_ring_all_reduce,4,8
2795,20.415133000000033,20.421115999999923,20.418610333333316,20.41958199999998,0.002537344324683834,0,4,42729472,my_ring_all_reduce,4,8
2796,20.42252800000002,20.426368000000004,20.424531666666677,20.424699000000007,0.0015721323806217173,0,4,42860544,my_ring_all_reduce,4,8
2797,20.433212000000058,20.439549999999958,20.435934000000003,20.43504,0.0026635800469405327,0,4,42991616,my_ring_all_reduce,4,8
2798,20.437277000000005,20.447035999999994,20.443281999999986,20.445532999999966,0.004290281342745618,0,4,43122688,my_ring_all_reduce,4,8
2799,20.447552999999957,20.46294500000001,20.45468733333331,20.453563999999968,0.006333762669680016,0,4,43253760,my_ring_all_reduce,4,8
2800,20.45423800000001,20.456478000000033,20.455037333333355,20.454396000000017,0.0010207452615159183,0,4,43384832,my_ring_all_reduce,4,8
2801,20.457691999999994,20.45986999999994,20.458983999999983,20.459390000000013,0.0009343618142732119,0,4,43515904,my_ring_all_reduce,4,8
2802,20.47090999999999,20.47522899999995,20.47310699999997,20.473181999999973,0.001764021730764374,0,4,43646976,my_ring_all_reduce,4,8
2803,20.521662999999972,20.53666899999999,20.527880666666643,20.52530999999997,0.006390161935010889,0,4,43778048,my_ring_all_reduce,4,8
2804,20.569374,20.587709999999984,20.57643466666666,20.57222,0.008057079095765928,0,4,43909120,my_ring_all_reduce,4,8
2805,20.603295000000013,20.611936000000018,20.606889000000006,20.605435999999987,0.003674246135836184,0,4,44040192,my_ring_all_reduce,4,8
2806,20.624799000000028,20.632091999999975,20.627709,20.626236000000006,0.0031542837538604367,0,4,44171264,my_ring_all_reduce,4,8
2807,20.63913399999999,20.643293000000007,20.64085133333333,20.640126999999993,0.0017734738666189442,0,4,44302336,my_ring_all_reduce,4,8
2808,20.652315999999992,20.661756000000008,20.656807000000004,20.656349000000017,0.0038674473062616918,0,4,44433408,my_ring_all_reduce,4,8
2809,20.667580999999977,20.675291999999974,20.671058999999982,20.67030399999999,0.0031929504641711897,0,4,44564480,my_ring_all_reduce,4,8
2810,20.70108599999999,20.70889499999999,20.70397700000002,20.70195000000007,0.0034953938261511087,0,4,44695552,my_ring_all_reduce,4,8
2811,20.738524000000005,20.747450999999995,20.744070999999998,20.746237999999998,0.003953458317300459,0,4,44826624,my_ring_all_reduce,4,8
2812,20.761465000000012,20.767071999999928,20.765190666666655,20.767035000000018,0.0026344874685836025,0,4,44957696,my_ring_all_reduce,4,8
2813,20.80649399999999,20.815742,20.81223233333333,20.814461,0.004091176874966768,0,4,45088768,my_ring_all_reduce,4,8
2814,20.828769000000058,20.844859000000056,20.837437333333373,20.838684,0.006627601795182014,0,4,45219840,my_ring_all_reduce,4,8
2815,20.855645000000035,20.86294100000002,20.860135666666682,20.861820999999996,0.0032081318897688805,0,4,45350912,my_ring_all_reduce,4,8
2816,20.885437999999994,20.903548999999984,20.89233766666666,20.888026,0.007997705184747194,0,4,45481984,my_ring_all_reduce,4,8
2817,20.912733999999997,20.919682999999992,20.915497333333334,20.91407500000001,0.003009919637165641,0,4,45613056,my_ring_all_reduce,4,8
2818,20.933630000000004,20.940029000000024,20.935795333333335,20.933726999999983,0.002993916312954193,0,4,45744128,my_ring_all_reduce,4,8
2819,20.954971000000004,20.963168000000035,20.95831233333334,20.95679799999998,0.003513555306098424,0,4,45875200,my_ring_all_reduce,4,8
2820,20.987679000000032,20.99084300000001,20.989651000000027,20.99043100000004,0.001404522220063632,0,4,46006272,my_ring_all_reduce,4,8
2821,21.005947000000003,21.011773000000016,21.008230666666673,21.006972,0.0025395209959599356,0,4,46137344,my_ring_all_reduce,4,8
2822,21.053440000000002,21.063421999999935,21.059166999999988,21.060639000000027,0.004205961562651505,0,4,46268416,my_ring_all_reduce,4,8
2823,21.06217300000004,21.067485000000016,21.065053333333342,21.065501999999977,0.00219169832675401,0,4,46399488,my_ring_all_reduce,4,8
2824,21.067456000000007,21.072604999999996,21.070014,21.069981,0.0021021999587687696,0,4,46530560,my_ring_all_reduce,4,8
2825,21.080090999999985,21.092191999999965,21.084679666666624,21.08175599999992,0.005355335055398623,0,4,46661632,my_ring_all_reduce,4,8
2826,21.099069000000018,21.10370700000001,21.101990000000004,21.103193999999988,0.0020760496140428968,0,4,46792704,my_ring_all_reduce,4,8
2827,21.103451,21.10546800000005,21.10463533333335,21.104986999999994,0.0008601644545762107,0,4,46923776,my_ring_all_reduce,4,8
2828,21.120830000000016,21.128380000000003,21.124263666666664,21.123580999999977,0.0031198451172357424,0,4,47054848,my_ring_all_reduce,4,8
2829,21.128509,21.132793000000014,21.130609000000003,21.130524999999995,0.0017499439991093132,0,4,47185920,my_ring_all_reduce,4,8
2830,21.183645000000006,21.18690800000001,21.184743333333355,21.183677000000056,0.0015307062277018846,0,4,47316992,my_ring_all_reduce,4,8
2831,21.18342199999996,21.188029999999998,21.18586333333332,21.186137999999993,0.0018912072570047666,0,4,47448064,my_ring_all_reduce,4,8
2832,21.189052000000025,21.198495000000054,21.19455666666669,21.196122999999986,0.00401103580416062,0,4,47579136,my_ring_all_reduce,4,8
2833,21.18863599999997,21.198525000000053,21.19234866666668,21.189885000000007,0.00439699293712981,0,4,47710208,my_ring_all_reduce,4,8
2834,21.199069999999992,21.211005999999994,21.205277666666657,21.205756999999984,0.004884625153365888,0,4,47841280,my_ring_all_reduce,4,8
2835,21.205852999999973,21.212120999999986,21.20902933333332,21.209114000000003,0.002559600533074844,0,4,47972352,my_ring_all_reduce,4,8
2836,21.238811000000016,21.24044500000001,21.23966600000001,21.239742,0.0006692388711527102,0,4,48103424,my_ring_all_reduce,4,8
2837,21.24499200000003,21.25781900000002,21.25068533333333,21.249244999999938,0.005334722881487404,0,4,48234496,my_ring_all_reduce,4,8
2838,21.32434699999998,21.328092999999996,21.326332666666655,21.32655799999999,0.0015375760866506321,0,4,48365568,my_ring_all_reduce,4,8
2839,21.313563999999996,21.323354000000037,21.31975133333334,21.322335999999982,0.004394800058663816,0,4,48496640,my_ring_all_reduce,4,8
2840,21.344571000000002,21.358555,21.35187766666668,21.352507000000042,0.005726261685331257,0,4,48627712,my_ring_all_reduce,4,8
2841,21.387806000000012,21.39497099999999,21.39027833333334,21.38805800000002,0.0033198108714423973,0,4,48758784,my_ring_all_reduce,4,8
2842,21.414781,21.423063999999986,21.420026999999987,21.422235999999977,0.003724851943357252,0,4,48889856,my_ring_all_reduce,4,8
2843,21.435709999999965,21.439772999999942,21.437884999999962,21.438171999999984,0.0016710812866649295,0,4,49020928,my_ring_all_reduce,4,8
2844,21.445881000000053,21.450876000000047,21.448933666666704,21.45004400000001,0.0021851218628522397,0,4,49152000,my_ring_all_reduce,4,8
2845,21.452346999999982,21.469244,21.45960166666666,21.457214000000008,0.007101777539623197,0,4,49283072,my_ring_all_reduce,4,8
2846,21.541467000000004,21.56386899999999,21.552037666666667,21.550777000000018,0.009188919462524536,0,4,49414144,my_ring_all_reduce,4,8
2847,21.555356,21.558105999999984,21.556474333333327,21.555961000000003,0.0011799034800373752,0,4,49545216,my_ring_all_reduce,4,8
2848,21.563871,21.573244999999996,21.569203333333345,21.570494000000036,0.003934237269015922,0,4,49676288,my_ring_all_reduce,4,8
2849,21.593023999999946,21.61253999999992,21.604092333333295,21.606713000000017,0.008180036036322539,0,4,49807360,my_ring_all_reduce,4,8
2850,21.58860300000001,21.605498999999895,21.5995043333333,21.604410999999992,0.007721193229570957,0,4,49938432,my_ring_all_reduce,4,8
2851,21.603865999999996,21.610649999999964,21.607205999999973,21.607101999999955,0.002770532560103814,0,4,50069504,my_ring_all_reduce,4,8
2852,21.61881,21.644828999999998,21.633350333333336,21.63641200000001,0.010840585541791351,0,4,50200576,my_ring_all_reduce,4,8
2853,21.651419999999984,21.658490000000022,21.654245333333364,21.65282600000009,0.0030558256203895495,0,4,50331648,my_ring_all_reduce,4,8
2854,21.68687400000004,21.69548300000004,21.689797666666692,21.687036000000006,0.004020681727719162,0,4,50462720,my_ring_all_reduce,4,8
2855,21.712318,21.713048999999998,21.712668666666662,21.712638999999996,0.00029916587743567945,0,4,50593792,my_ring_all_reduce,4,8
2856,21.72607400000001,21.738013000000006,21.730204666666662,21.726526999999972,0.005524421799816634,0,4,50724864,my_ring_all_reduce,4,8
2857,21.752571999999986,21.763293000000004,21.758182,21.758681000000013,0.004391029567964314,0,4,50855936,my_ring_all_reduce,4,8
2858,21.76911600000004,21.777563,21.773499333333334,21.77381899999996,0.003455873486607072,0,4,50987008,my_ring_all_reduce,4,8
2859,21.79638000000002,21.81820200000002,21.804891000000016,21.800091000000002,0.00953344712053629,0,4,51118080,my_ring_all_reduce,4,8
2860,21.814269000000007,21.826071999999986,21.818342666666638,21.814686999999918,0.005468127426794749,0,4,51249152,my_ring_all_reduce,4,8
2861,21.828860000000045,21.844381000000023,21.83717000000004,21.838269000000043,0.006383896981198958,0,4,51380224,my_ring_all_reduce,4,8
2862,21.857498999999983,21.86056899999993,21.858842666666643,21.858460000000008,0.0012821987191886425,0,4,51511296,my_ring_all_reduce,4,8
2863,21.86655800000002,21.873020000000004,21.869296666666674,21.868312000000007,0.002728435123324871,0,4,51642368,my_ring_all_reduce,4,8
2864,21.888411999999995,21.895550000000046,21.891048000000016,21.889182,0.003198877719890464,0,4,51773440,my_ring_all_reduce,4,8
2865,21.901469000000013,21.910398999999963,21.90687733333333,21.908764000000026,0.003882083489844204,0,4,51904512,my_ring_all_reduce,4,8
2866,21.92175899999999,21.927418999999965,21.92422166666663,21.923486999999938,0.0023683610835750885,0,4,52035584,my_ring_all_reduce,4,8
2867,21.93756699999998,21.948829,21.941330666666676,21.93759600000005,0.005302135565551238,0,4,52166656,my_ring_all_reduce,4,8
2868,21.942621000000013,21.953819000000017,21.94993733333335,21.953372000000005,0.0051766464262313384,0,4,52297728,my_ring_all_reduce,4,8
2869,21.964732999999992,21.97215800000004,21.969554333333345,21.971771999999998,0.0034128375616653095,0,4,52428800,my_ring_all_reduce,4,8
2870,21.99193300000002,21.999004999999975,21.994984333333324,21.994014999999987,0.002967378341587524,0,4,52559872,my_ring_all_reduce,4,8
2871,22.005469999999974,22.015292000000002,22.01004566666666,22.009375000000002,0.004037760627993564,0,4,52690944,my_ring_all_reduce,4,8
2872,22.029309000000037,22.033400999999984,22.030769333333343,22.029598,0.0018646058266626117,0,4,52822016,my_ring_all_reduce,4,8
2873,22.05510300000003,22.059901000000014,22.057426666666686,22.05727600000001,0.001961670433294904,0,4,52953088,my_ring_all_reduce,4,8
2874,22.074011000000006,22.07631800000003,22.075208000000014,22.075295000000015,0.000943835790811967,0,4,53084160,my_ring_all_reduce,4,8
2875,22.09417499999999,22.102042999999963,22.09781033333331,22.097212999999975,0.003239749098642246,0,4,53215232,my_ring_all_reduce,4,8
2876,22.13682899999997,22.141371,22.13855799999999,22.137474,0.002006445115130859,0,4,53346304,my_ring_all_reduce,4,8
2877,22.166877000000024,22.175963000000003,22.17023666666668,22.167869999999997,0.004069371969012372,0,4,53477376,my_ring_all_reduce,4,8
2878,22.197307000000002,22.202398999999975,22.199420666666658,22.198555999999996,0.0021668490692335145,0,4,53608448,my_ring_all_reduce,4,8
2879,22.211546999999964,22.222973999999986,22.218962666666652,22.222367,0.0052495203802214755,0,4,53739520,my_ring_all_reduce,4,8
2880,22.242493000000003,22.260574000000023,22.252423999999994,22.25420499999996,0.007488195643815483,0,4,53870592,my_ring_all_reduce,4,8
2881,22.29586799999996,22.319676000000037,22.30618266666666,22.303003999999987,0.009976076628090025,0,4,54001664,my_ring_all_reduce,4,8
2882,22.35541699999999,22.368477000000013,22.359974666666673,22.356030000000015,0.006017263848485537,0,4,54132736,my_ring_all_reduce,4,8
2883,22.406138000000034,22.418878000000003,22.410727000000005,22.407164999999978,0.005778857038085582,0,4,54263808,my_ring_all_reduce,4,8
2884,22.442686,22.44882699999999,22.446588000000006,22.44825100000002,0.0027691330773390215,0,4,54394880,my_ring_all_reduce,4,8
2885,22.468764000000025,22.479802000000014,22.47514266666668,22.476862,0.004667364804914933,0,4,54525952,my_ring_all_reduce,4,8
2886,22.517723999999973,22.520893000000004,22.519025333333328,22.518459000000004,0.0013542994088888798,0,4,54657024,my_ring_all_reduce,4,8
2887,22.527776000000003,22.533917999999993,22.530525333333344,22.52988200000003,0.00254839156244119,0,4,54788096,my_ring_all_reduce,4,8
2888,22.543516999999934,22.55048900000003,22.548069333333327,22.55020200000002,0.0032211174390007285,0,4,54919168,my_ring_all_reduce,4,8
2889,22.561274000000065,22.564699000000022,22.562992000000026,22.563003,0.0013982720288333297,0,4,55050240,my_ring_all_reduce,4,8
2890,22.561594999999993,22.57055999999997,22.566737666666654,22.568058000000004,0.00377714763044391,0,4,55181312,my_ring_all_reduce,4,8
2891,22.57676299999998,22.58563099999999,22.58037,22.57871600000003,0.0038045711979119243,0,4,55312384,my_ring_all_reduce,4,8
2892,22.583643999999985,22.584858999999998,22.584155666666664,22.58396400000001,0.0005142038074134443,0,4,55443456,my_ring_all_reduce,4,8
2893,22.584988000000013,22.599359999999987,22.590236666666666,22.586361999999994,0.00647551168290525,0,4,55574528,my_ring_all_reduce,4,8
2894,22.609308000000034,22.622555999999953,22.617456333333326,22.620504999999998,0.005822264870466941,0,4,55705600,my_ring_all_reduce,4,8
2895,22.61282600000003,22.61948300000001,22.616666333333352,22.617690000000003,0.002812452350203427,0,4,55836672,my_ring_all_reduce,4,8
2896,22.61660500000001,22.620061000000018,22.618641333333326,22.619257999999945,0.0014767514648270003,0,4,55967744,my_ring_all_reduce,4,8
2897,22.627741000000068,22.642331000000006,22.63513266666668,22.635325999999978,0.005957911173829809,0,4,56098816,my_ring_all_reduce,4,8
2898,22.631323,22.639037,22.635558000000014,22.63631400000004,0.0031942762351882406,0,4,56229888,my_ring_all_reduce,4,8
2899,22.631354000000023,22.64022100000002,22.636881666666685,22.639070000000014,0.00393679432476983,0,4,56360960,my_ring_all_reduce,4,8
2900,22.65657500000001,22.66335399999999,22.65983566666668,22.65957800000004,0.0027735061244156755,0,4,56492032,my_ring_all_reduce,4,8
2901,22.671573999999993,22.67321099999998,22.67225933333332,22.67199299999999,0.0006943305328745339,0,4,56623104,my_ring_all_reduce,4,8
2902,22.721338000000017,22.73135400000005,22.727108333333344,22.72863299999996,0.004228752403359821,0,4,56754176,my_ring_all_reduce,4,8
2903,22.728793000000035,22.731322999999975,22.72988166666667,22.729529,0.0010625457898396887,0,4,56885248,my_ring_all_reduce,4,8
2904,22.738012000000012,22.740698000000005,22.739421333333354,22.739554000000034,0.0011005602613602392,0,4,57016320,my_ring_all_reduce,4,8
2905,22.750102000000012,22.754650000000083,22.75169366666671,22.75032900000003,0.0020924964888094843,0,4,57147392,my_ring_all_reduce,4,8
2906,22.764441999999924,22.774234000000057,22.77093733333332,22.77413599999997,0.004593068497487367,0,4,57278464,my_ring_all_reduce,4,8
2907,22.79196199999997,22.800727999999975,22.794905999999987,22.79202800000002,0.0041168638549171225,0,4,57409536,my_ring_all_reduce,4,8
2908,22.812249000000012,22.819288,22.815918000000007,22.816217000000005,0.0028814268456164097,0,4,57540608,my_ring_all_reduce,4,8
2909,22.836728000000033,22.84143200000003,22.83938466666669,22.839994000000008,0.0019681411421798387,0,4,57671680,my_ring_all_reduce,4,8
2910,22.900603000000032,22.90463400000002,22.903140666666673,22.90418499999997,0.0018037395106183815,0,4,57802752,my_ring_all_reduce,4,8
2911,22.91676199999996,22.92738400000005,22.920494,22.917335999999995,0.004877598042787652,0,4,57933824,my_ring_all_reduce,4,8
2912,22.923704999999998,22.924439999999915,22.923981666666645,22.923800000000018,0.00032640295473723794,0,4,58064896,my_ring_all_reduce,4,8
2913,22.957372999999993,22.96005899999998,22.958544999999997,22.958203000000008,0.0011229045670267778,0,4,58195968,my_ring_all_reduce,4,8
2914,22.972695999999985,22.977015999999974,22.975480333333323,22.976729000000013,0.001972304292505247,0,4,58327040,my_ring_all_reduce,4,8
2915,22.987928999999976,22.996629999999996,22.992877999999994,22.994075000000013,0.0036516167195840116,0,4,58458112,my_ring_all_reduce,4,8
2916,23.009176000000007,23.027066999999953,23.019023333333276,23.020826999999873,0.007414484937501378,0,4,58589184,my_ring_all_reduce,4,8
2917,23.045656000000005,23.04972100000002,23.04820566666667,23.04923999999999,0.0018135490680506717,0,4,58720256,my_ring_all_reduce,4,8
2918,23.107992000000028,23.11980200000001,23.112302333333332,23.109112999999954,0.005322775612619047,0,4,58851328,my_ring_all_reduce,4,8
2919,23.164536000000016,23.183767999999997,23.173176,23.171223999999988,0.007971833080701651,0,4,58982400,my_ring_all_reduce,4,8
2920,23.209397,23.219991999999984,23.214359000000012,23.213688000000055,0.004351335963423556,0,4,59113472,my_ring_all_reduce,4,8
2921,23.256282000000006,23.28271000000005,23.266786666666672,23.26136799999996,0.011449345172958272,0,4,59244544,my_ring_all_reduce,4,8
2922,23.307035000000003,23.312854999999995,23.310243000000003,23.31083900000001,0.002413090963886332,0,4,59375616,my_ring_all_reduce,4,8
2923,23.320441000000006,23.329463000000004,23.32530433333333,23.326008999999992,0.0037167671735273324,0,4,59506688,my_ring_all_reduce,4,8
2924,23.33762500000003,23.341848000000027,23.3394796666667,23.338966000000045,0.0017618782275962883,0,4,59637760,my_ring_all_reduce,4,8
2925,23.350554000000002,23.35599599999997,23.354117000000002,23.355801000000035,0.002520678876809749,0,4,59768832,my_ring_all_reduce,4,8
2926,23.354201,23.365306000000004,23.360080000000007,23.360733000000007,0.004557050434950679,0,4,59899904,my_ring_all_reduce,4,8
2927,23.364569999999993,23.37237600000002,23.368952333333343,23.369911000000023,0.00325808638451618,0,4,60030976,my_ring_all_reduce,4,8
2928,23.382233999999997,23.39138500000001,23.386788333333342,23.386746000000013,0.0037360000297461185,0,4,60162048,my_ring_all_reduce,4,8
2929,23.373302999999986,23.379734999999986,23.37686699999999,23.377562999999995,0.002671574816471496,0,4,60293120,my_ring_all_reduce,4,8
2930,23.38700100000002,23.38991299999997,23.388825000000008,23.38956100000002,0.0012977436829480508,0,4,60424192,my_ring_all_reduce,4,8
2931,23.388954000000027,23.390583999999944,23.389518333333324,23.389016999999992,0.0007539789268771644,0,4,60555264,my_ring_all_reduce,4,8
2932,23.401242,23.403733999999996,23.402787333333332,23.403385999999994,0.0011019126805473655,0,4,60686336,my_ring_all_reduce,4,8
2933,23.410648000000016,23.418646999999996,23.413485000000005,23.411160000000002,0.003656065189055058,0,4,60817408,my_ring_all_reduce,4,8
2934,23.423160000000003,23.42623400000001,23.425048333333347,23.42575100000002,0.0013497343771659506,0,4,60948480,my_ring_all_reduce,4,8
2935,23.419255000000007,23.427228000000014,23.42251033333334,23.421047999999995,0.0034152595151157013,0,4,61079552,my_ring_all_reduce,4,8
2936,23.44152799999999,23.450647999999987,23.446370666666656,23.446935999999987,0.003744622930132654,0,4,61210624,my_ring_all_reduce,4,8
2937,23.452412000000013,23.46280600000001,23.45879866666667,23.461177999999986,0.004564700014477845,0,4,61341696,my_ring_all_reduce,4,8
2938,23.493816999999996,23.50424999999997,23.499822666666663,23.501401000000026,0.0044030462434747715,0,4,61472768,my_ring_all_reduce,4,8
2939,23.50962300000005,23.52287200000006,23.51770900000003,23.520631999999978,0.00579033372669959,0,4,61603840,my_ring_all_reduce,4,8
2940,23.53551199999999,23.54101700000005,23.538061333333346,23.537655,0.002265698763958664,0,4,61734912,my_ring_all_reduce,4,8
2941,23.548374999999943,23.550582000000013,23.549645333333306,23.549978999999965,0.0009313833200874698,0,4,61865984,my_ring_all_reduce,4,8
2942,23.563481000000028,23.57269400000002,23.56898366666668,23.570775999999984,0.003968978569961919,0,4,61997056,my_ring_all_reduce,4,8
2943,23.598870999999985,23.615734999999987,23.605046666666652,23.600533999999985,0.007588225279266527,0,4,62128128,my_ring_all_reduce,4,8
2944,23.61570400000001,23.622840999999987,23.61955566666668,23.620122000000034,0.00294105903071948,0,4,62259200,my_ring_all_reduce,4,8
2945,23.64277899999998,23.64601100000003,23.64467766666667,23.645243000000004,0.0013786847194371776,0,4,62390272,my_ring_all_reduce,4,8
2946,23.674296000000002,23.67881,23.676014666666656,23.674937999999965,0.001993900253834773,0,4,62521344,my_ring_all_reduce,4,8
2947,23.682904999999977,23.68968900000001,23.68535833333333,23.683481,0.003071259169941647,0,4,62652416,my_ring_all_reduce,4,8
2948,23.71397599999994,23.724119999999996,23.720237333333316,23.72261600000001,0.004469804271160273,0,4,62783488,my_ring_all_reduce,4,8
2949,23.751064,23.764533000000025,23.757654999999996,23.75736799999996,0.005502439883069237,0,4,62914560,my_ring_all_reduce,4,8
2950,23.823353000000004,23.826872000000005,23.82526100000001,23.82555800000002,0.001451894624276702,0,4,63045632,my_ring_all_reduce,4,8
2951,23.81989699999994,23.825948000000004,23.8230013333333,23.823158999999958,0.0024728248803777162,0,4,63176704,my_ring_all_reduce,4,8
2952,23.809081000000095,23.81090400000001,23.809741333333378,23.80923900000003,0.0008246560225406254,0,4,63307776,my_ring_all_reduce,4,8
2953,23.827091000000017,23.834230000000012,23.829750666666673,23.82793099999998,0.003185877203469066,0,4,63438848,my_ring_all_reduce,4,8
2954,23.860375000000058,23.87013499999998,23.86552900000001,23.86607699999999,0.004003300971248823,0,4,63569920,my_ring_all_reduce,4,8
2955,23.908668000000034,23.931737999999953,23.92381200000001,23.93103000000003,0.010712325237759656,0,4,63700992,my_ring_all_reduce,4,8
2956,23.976920000000042,23.980473,23.97876566666668,23.978904000000004,0.0014538006129350305,0,4,63832064,my_ring_all_reduce,4,8
2957,24.02424699999998,24.040469000000012,24.03402733333333,24.037365999999995,0.007030805659551856,0,4,63963136,my_ring_all_reduce,4,8
2958,24.12095000000001,24.12898199999996,24.124321333333338,24.123032000000038,0.0034034336909526865,0,4,64094208,my_ring_all_reduce,4,8
2959,24.138006999999984,24.149978000000004,24.14371566666666,24.143161999999982,0.004902796503592742,0,4,64225280,my_ring_all_reduce,4,8
2960,24.14348100000003,24.145877000000006,24.144684000000016,24.14469400000002,0.0009781884617227775,0,4,64356352,my_ring_all_reduce,4,8
2961,24.156823000000035,24.157978999999994,24.157357333333355,24.157270000000047,0.00047595821476740206,0,4,64487424,my_ring_all_reduce,4,8
2962,24.154165999999968,24.15758799999999,24.156256999999993,24.15701700000002,0.0014968235255743622,0,4,64618496,my_ring_all_reduce,4,8
2963,24.164502999999968,24.166136000000026,24.165431,24.16565400000001,0.0006850639873037937,0,4,64749568,my_ring_all_reduce,4,8
2964,24.164248000000022,24.168471000000025,24.1660286666667,24.165367000000057,0.001786390090530464,0,4,64880640,my_ring_all_reduce,4,8
2965,24.164439000000012,24.17496900000001,24.170081333333354,24.17083600000004,0.004331848437895844,0,4,65011712,my_ring_all_reduce,4,8
2966,24.232664999999997,24.254263000000037,24.245068666666686,24.248278000000035,0.0091046971882218,0,4,65142784,my_ring_all_reduce,4,8
2967,24.23986600000001,24.24245599999999,24.240823666666675,24.240149000000034,0.001160001819907872,0,4,65273856,my_ring_all_reduce,4,8
2968,24.210776000000042,24.216185999999958,24.213902,24.214744,0.0022874655552630814,0,4,65404928,my_ring_all_reduce,4,8
2969,24.22191200000001,24.223637000000018,24.222645333333343,24.222386999999987,0.0007275338861967502,0,4,65536000,my_ring_all_reduce,4,8
2970,24.211125,24.227542000000017,24.22031166666667,24.222267999999996,0.006843483632062453,0,4,65667072,my_ring_all_reduce,4,8
2971,24.232280000000003,24.246199000000022,24.24078100000001,24.243864000000002,0.006086230743796521,0,4,65798144,my_ring_all_reduce,4,8
2972,24.262614000000006,24.268120000000017,24.265441333333342,24.265589999999996,0.002250271884811783,0,4,65929216,my_ring_all_reduce,4,8
2973,24.283511999999988,24.293815000000002,24.289794333333315,24.292055999999953,0.004499948468839242,0,4,66060288,my_ring_all_reduce,4,8
2974,24.37301899999997,24.391093999999985,24.38422699999998,24.388568,0.007992063438195775,0,4,66191360,my_ring_all_reduce,4,8
2975,24.387379999999975,24.389110999999975,24.38812866666665,24.387895,0.000725736560710108,0,4,66322432,my_ring_all_reduce,4,8
2976,24.378899999999966,24.38264599999992,24.380384333333282,24.37960699999996,0.0016250772972860696,0,4,66453504,my_ring_all_reduce,4,8
2977,24.38776799999995,24.394453000000023,24.39009266666667,24.388057000000032,0.0030854778488356993,0,4,66584576,my_ring_all_reduce,4,8
2978,24.40479100000007,24.41055100000001,24.408045000000048,24.408793000000063,0.0024102597370186532,0,4,66715648,my_ring_all_reduce,4,8
2979,24.42008500000002,24.430487000000024,24.424150666666662,24.42187999999995,0.004539996059727861,0,4,66846720,my_ring_all_reduce,4,8
2980,24.442263000000008,24.46140000000002,24.45241800000001,24.453591,0.00785655306098426,0,4,66977792,my_ring_all_reduce,4,8
2981,24.46632699999999,24.480218000000022,24.471117000000024,24.46680600000007,0.006438349219065081,0,4,67108864,my_ring_all_reduce,4,8
