,time_stats.my_ring_all_reduce.min,time_stats.my_ring_all_reduce.max,time_stats.my_ring_all_reduce.mean,time_stats.my_ring_all_reduce.median,time_stats.my_ring_all_reduce.std,rank,num_workers,size,collective,devices_per_node,max_devices_per_node
0,0.970523000000001,0.9711940000000004,0.9708526666666679,0.9708410000000022,0.00027405879336755783,0,8,2048,my_ring_all_reduce,8,8
1,0.9966680000000006,0.9984250000000002,0.997785,0.9982619999999998,0.0007926365287231445,0,8,10240,my_ring_all_reduce,8,8
2,1.002267999999999,1.0043160000000007,1.0031960000000009,1.0030040000000027,0.000847043485700351,0,8,18432,my_ring_all_reduce,8,8
3,1.0057230000000055,1.0070990000000002,1.0063413333333358,1.0062020000000012,0.0005703240794086179,0,8,26624,my_ring_all_reduce,8,8
4,1.0142349999999989,1.0165370000000011,1.0154280000000002,1.0155120000000006,0.0009416627138569445,0,8,34816,my_ring_all_reduce,8,8
5,1.0179159999999994,1.0205069999999978,1.019342999999999,1.0196059999999998,0.0010739947237605688,0,8,43008,my_ring_all_reduce,8,8
6,1.0238340000000026,1.025846999999997,1.0251026666666654,1.0256269999999967,0.0009015676470556425,0,8,51200,my_ring_all_reduce,8,8
7,1.0228110000000032,1.0243129999999965,1.0234596666666669,1.0232550000000011,0.0006300356250922052,0,8,59392,my_ring_all_reduce,8,8
8,1.025209999999999,1.0325369999999967,1.0289433333333327,1.0290830000000024,0.002992865108144738,0,8,67584,my_ring_all_reduce,8,8
9,1.0295930000000009,1.030840000000002,1.0303076666666675,1.03049,0.0005251579656533501,0,8,75776,my_ring_all_reduce,8,8
10,1.0294330000000014,1.0302660000000015,1.0298070000000008,1.0297219999999998,0.00034534137699786466,0,8,83968,my_ring_all_reduce,8,8
11,1.0297199999999993,1.0324389999999977,1.0312873333333321,1.0317029999999996,0.0011482811308884153,0,8,92160,my_ring_all_reduce,8,8
12,1.029721,1.0330789999999996,1.031693333333333,1.0322799999999988,0.001432288223631888,0,8,100352,my_ring_all_reduce,8,8
13,1.0317679999999982,1.0334010000000018,1.0327176666666664,1.0329839999999995,0.0006927588966521623,0,8,108544,my_ring_all_reduce,8,8
14,1.0287590000000009,1.0333720000000013,1.0315350000000014,1.032474000000002,0.0019968697169990396,0,8,116736,my_ring_all_reduce,8,8
15,1.0285700000000007,1.0317690000000013,1.029935333333336,1.0294670000000061,0.0013473189014562468,0,8,124928,my_ring_all_reduce,8,8
16,1.029304000000002,1.0309679999999972,1.0302326666666661,1.030425999999999,0.0006929441215226684,0,8,133120,my_ring_all_reduce,8,8
17,1.0291459999999992,1.0309359999999987,1.0298826666666663,1.0295660000000006,0.0007643006970786529,0,8,141312,my_ring_all_reduce,8,8
18,1.0297219999999998,1.0312580000000002,1.0305433333333338,1.030650000000001,0.0006315891773052905,0,8,149504,my_ring_all_reduce,8,8
19,1.0278000000000012,1.0307779999999993,1.029465333333333,1.0298179999999983,0.0012410751611217085,0,8,157696,my_ring_all_reduce,8,8
20,1.0295930000000009,1.033205,1.030818666666667,1.0296580000000004,0.0016876011245417024,0,8,165888,my_ring_all_reduce,8,8
21,1.0329230000000003,1.0368239999999986,1.034350333333333,1.033304,0.0017560486578925977,0,8,174080,my_ring_all_reduce,8,8
22,1.0291470000000018,1.031574,1.0306586666666668,1.0312549999999991,0.0010768139218175312,0,8,182272,my_ring_all_reduce,8,8
23,1.0306860000000007,1.0319620000000014,1.0315260000000015,1.0319300000000022,0.0005941133449665148,0,8,190464,my_ring_all_reduce,8,8
24,1.0296220000000011,1.0338779999999987,1.0316279999999998,1.0313839999999992,0.0017460500183738659,0,8,198656,my_ring_all_reduce,8,8
25,1.032597999999999,1.0339120000000008,1.033325333333334,1.0334660000000022,0.0005455818504647721,0,8,206848,my_ring_all_reduce,8,8
26,1.0323449999999985,1.0342660000000001,1.0332313333333332,1.0330830000000006,0.000791227878399428,0,8,215040,my_ring_all_reduce,8,8
27,1.0306490000000008,1.0323769999999985,1.0312679999999987,1.0307779999999966,0.0007859478354189201,0,8,223232,my_ring_all_reduce,8,8
28,1.0317060000000002,1.034712999999998,1.0331339999999996,1.0329830000000002,0.001232237260702789,0,8,231424,my_ring_all_reduce,8,8
29,1.0348730000000002,1.0379769999999982,1.036281333333333,1.0359940000000005,0.0012833872715928554,0,8,239616,my_ring_all_reduce,8,8
30,1.0321879999999974,1.0344259999999994,1.0335103333333309,1.0339169999999958,0.0009578428309955809,0,8,247808,my_ring_all_reduce,8,8
31,1.0318329999999987,1.0330159999999993,1.0322486666666657,1.0318969999999994,0.000543215324608046,0,8,256000,my_ring_all_reduce,8,8
32,1.5163109999999997,1.518967999999999,1.5173243333333328,1.5166939999999995,0.0011727183047183485,0,8,264192,my_ring_all_reduce,8,8
33,1.5176200000000062,1.5192529999999997,1.5182180000000034,1.5177810000000045,0.0007348011068736324,0,8,272384,my_ring_all_reduce,8,8
34,1.5176219999999976,1.5196060000000016,1.518774333333334,1.519095000000003,0.0008411041684747389,0,8,280576,my_ring_all_reduce,8,8
35,1.517431,1.5195770000000002,1.5186153333333337,1.5188380000000006,0.0008901364439731185,0,8,288768,my_ring_all_reduce,8,8
36,1.5184220000000024,1.5196029999999991,1.5189976666666667,1.518967999999999,0.00048259737071495225,0,8,296960,my_ring_all_reduce,8,8
37,1.5159570000000004,1.5186770000000016,1.5175146666666672,1.5179099999999999,0.001145081171310419,0,8,305152,my_ring_all_reduce,8,8
38,1.5189359999999987,1.5203729999999986,1.5194999999999996,1.5191910000000008,0.0006260207664283289,0,8,313344,my_ring_all_reduce,8,8
39,1.5386460000000024,1.541592999999997,1.5402793333333333,1.5405990000000003,0.0012241574880506446,0,8,321536,my_ring_all_reduce,8,8
40,1.5405020000000031,1.5451100000000006,1.5427956666666685,1.5427750000000016,0.0018812648818153505,0,8,329728,my_ring_all_reduce,8,8
41,1.5417520000000013,1.5443770000000003,1.5429036666666673,1.5425820000000003,0.001095523720519754,0,8,337920,my_ring_all_reduce,8,8
42,1.5409819999999963,1.5428030000000017,1.5420053333333332,1.5422310000000017,0.0007603526959417614,0,8,346112,my_ring_all_reduce,8,8
43,1.5423579999999992,1.5441180000000023,1.5432326666666665,1.5432219999999979,0.0007185565778401799,0,8,354304,my_ring_all_reduce,8,8
44,1.5413669999999984,1.5446000000000004,1.5428180000000011,1.5424870000000046,0.0013404583793119858,0,8,362496,my_ring_all_reduce,8,8
45,1.5419399999999932,1.5449179999999978,1.5433183333333302,1.5430969999999997,0.001225795614649041,0,8,370688,my_ring_all_reduce,8,8
46,1.5403729999999995,1.5432870000000003,1.5414093333333325,1.5405679999999975,0.001330095318222587,0,8,378880,my_ring_all_reduce,8,8
47,1.5419089999999998,1.5447940000000053,1.5435433333333346,1.5439269999999978,0.001208637341069016,0,8,387072,my_ring_all_reduce,8,8
48,1.5436720000000024,1.5465540000000073,1.5454206666666712,1.5460360000000037,0.0012544473772249324,0,8,395264,my_ring_all_reduce,8,8
49,1.5444060000000008,1.546649000000003,1.5453563333333362,1.5450140000000048,0.0009471558595200858,0,8,403456,my_ring_all_reduce,8,8
50,1.5449819999999992,1.5477010000000009,1.5461876666666676,1.5458800000000028,0.0011311452406992308,0,8,411648,my_ring_all_reduce,8,8
51,1.5416890000000003,1.5467690000000012,1.5446940000000005,1.545623999999999,0.0021756646494041874,0,8,419840,my_ring_all_reduce,8,8
52,1.5464850000000006,1.5485350000000018,1.5472873333333341,1.5468419999999996,0.0008941910061932236,0,8,428032,my_ring_all_reduce,8,8
53,1.5449509999999982,1.5487919999999995,1.546753666666666,1.546518,0.001576911397497351,0,8,436224,my_ring_all_reduce,8,8
54,1.5463910000000014,1.548790000000001,1.547307333333335,1.546741000000002,0.0010580958788731266,0,8,444416,my_ring_all_reduce,8,8
55,1.5449170000000012,1.5477669999999961,1.5459093333333325,1.5450439999999999,0.0013145915292908908,0,8,452608,my_ring_all_reduce,8,8
56,1.5482450000000028,1.5494929999999987,1.5489170000000005,1.5490130000000009,0.0005139961089330458,0,8,460800,my_ring_all_reduce,8,8
57,1.5450160000000004,1.5480239999999994,1.5464870000000008,1.546421000000002,0.0012288973377241816,0,8,468992,my_ring_all_reduce,8,8
58,1.5471579999999996,1.550646999999999,1.5491640000000002,1.5496870000000018,0.0014716038869207267,0,8,477184,my_ring_all_reduce,8,8
59,1.5454610000000002,1.5508709999999992,1.547499333333333,1.5461659999999993,0.0024014382264705867,0,8,485376,my_ring_all_reduce,8,8
60,1.5484409999999988,1.5502610000000023,1.5493990000000004,1.5494950000000003,0.0007461063373734083,0,8,493568,my_ring_all_reduce,8,8
61,1.5496879999999975,1.552150999999998,1.5509036666666656,1.5508720000000011,0.0010057648278247097,0,8,501760,my_ring_all_reduce,8,8
62,1.5488840000000006,1.5520820000000022,1.5508586666666666,1.551609999999997,0.0014095335713945971,0,8,509952,my_ring_all_reduce,8,8
63,1.5469999999999982,1.5531779999999926,1.54987033333333,1.5494329999999992,0.002541045235503766,0,8,518144,my_ring_all_reduce,8,8
64,1.5507089999999952,1.5523719999999959,1.551573333333329,1.5516389999999955,0.0006805029185996008,0,8,526336,my_ring_all_reduce,8,8
65,1.548339,1.5512200000000012,1.5499733333333339,1.5503610000000008,0.001207684929478771,0,8,534528,my_ring_all_reduce,8,8
66,1.5465500000000003,1.5525009999999893,1.55011133333333,1.5512830000000013,0.0025668660961450057,0,8,542720,my_ring_all_reduce,8,8
67,1.5490470000000005,1.5525020000000023,1.5512430000000004,1.5521799999999986,0.0015583608910220157,0,8,550912,my_ring_all_reduce,8,8
68,1.550165000000001,1.552823000000004,1.5518406666666678,1.5525339999999983,0.0011907348804651783,0,8,559104,my_ring_all_reduce,8,8
69,1.547063,1.5508709999999937,1.5490899999999979,1.5493360000000003,0.001564310923908381,0,8,567296,my_ring_all_reduce,8,8
70,1.5481830000000045,1.5535280000000011,1.5513826666666672,1.5524369999999963,0.0023059300847044144,0,8,575488,my_ring_all_reduce,8,8
71,1.5484399999999987,1.5539729999999996,1.5510953333333326,1.5508729999999997,0.002264302149056922,0,8,583680,my_ring_all_reduce,8,8
72,1.551834,1.5540700000000016,1.5526853333333346,1.552152000000002,0.000987676510244987,0,8,591872,my_ring_all_reduce,8,8
73,1.5517969999999988,1.5536189999999996,1.5527783333333323,1.5529189999999982,0.0007504493468733638,0,8,600064,my_ring_all_reduce,8,8
74,1.5541980000000009,1.556339,1.555436000000001,1.5557710000000025,0.0009055896789752291,0,8,608256,my_ring_all_reduce,8,8
75,1.551988000000003,1.5567590000000027,1.5546350000000022,1.5551580000000014,0.0019825500414026313,0,8,616448,my_ring_all_reduce,8,8
76,1.5535590000000012,1.5578499999999986,1.555107333333332,1.5539129999999968,0.001944735514721988,0,8,624640,my_ring_all_reduce,8,8
77,1.5547120000000005,1.5577520000000014,1.5560876666666674,1.5557990000000008,0.0012577483408415789,0,8,632832,my_ring_all_reduce,8,8
78,1.5525339999999943,1.5556399999999977,1.5543916666666646,1.555001000000002,0.0013392222452708118,0,8,641024,my_ring_all_reduce,8,8
79,1.5533969999999973,1.5603759999999929,1.556043666666664,1.554358000000001,0.0030884423618072207,0,8,649216,my_ring_all_reduce,8,8
80,1.551482,1.5573980000000012,1.5539750000000003,1.553045,0.0025031232490635813,0,8,657408,my_ring_all_reduce,8,8
81,1.551893,1.5536879999999984,1.553047333333334,1.5535610000000033,0.0008178819529060185,0,8,665600,my_ring_all_reduce,8,8
82,1.551862000000001,1.5550949999999957,1.553461333333332,1.5534269999999997,0.001320089980095988,0,8,673792,my_ring_all_reduce,8,8
83,1.5518000000000003,1.5554770000000009,1.5539630000000002,1.5546119999999992,0.00156970973962284,0,8,681984,my_ring_all_reduce,8,8
84,1.5526630000000006,1.5576570000000003,1.554625333333334,1.5535560000000006,0.002174490642783953,0,8,690176,my_ring_all_reduce,8,8
85,1.5504239999999991,1.5584219999999986,1.5547226666666667,1.5553220000000019,0.003292557398470389,0,8,698368,my_ring_all_reduce,8,8
86,1.5518329999999987,1.558837999999998,1.554455999999999,1.5526970000000002,0.0031185538315052458,0,8,706560,my_ring_all_reduce,8,8
87,1.556344000000001,1.5597019999999993,1.5583049999999996,1.5588689999999987,0.001427728498932521,0,8,714752,my_ring_all_reduce,8,8
88,1.5548060000000015,1.5566949999999997,1.5557346666666676,1.5557030000000014,0.0007715060307958965,0,8,722944,my_ring_all_reduce,8,8
89,1.554358000000001,1.5620110000000005,1.5578266666666674,1.5571110000000008,0.0031650420042848566,0,8,731136,my_ring_all_reduce,8,8
90,1.5544210000000003,1.557206999999999,1.5561496666666663,1.556821,0.001232467804402127,0,8,739328,my_ring_all_reduce,8,8
91,1.5540380000000023,1.5577469999999998,1.5556480000000013,1.5551590000000015,0.001553171164638153,0,8,747520,my_ring_all_reduce,8,8
92,1.556951,1.5623899999999995,1.5598096666666688,1.560088000000007,0.0022291676074765484,0,8,755712,my_ring_all_reduce,8,8
93,1.5535919999999988,1.5587440000000006,1.556599666666666,1.557462999999999,0.002190096547847057,0,8,763904,my_ring_all_reduce,8,8
94,1.5587409999999982,1.5607930000000005,1.5597879999999993,1.559829999999999,0.0008382517521613779,0,8,772096,my_ring_all_reduce,8,8
95,1.553748999999998,1.5591890000000004,1.5569189999999995,1.5578189999999996,0.0023102525114521875,0,8,780288,my_ring_all_reduce,8,8
96,1.5548709999999992,1.5641829999999992,1.5597986666666663,1.5603420000000006,0.0038209723311685992,0,8,788480,my_ring_all_reduce,8,8
97,1.5554470000000007,1.5605330000000013,1.5581236666666671,1.5583909999999996,0.002084937942055586,0,8,796672,my_ring_all_reduce,8,8
98,1.5604689999999983,1.5642479999999996,1.5627203333333324,1.5634439999999996,0.0016254189887197825,0,8,804864,my_ring_all_reduce,8,8
99,1.557206,1.5602489999999962,1.5583916666666646,1.5577199999999976,0.0013299910609543848,0,8,813056,my_ring_all_reduce,8,8
100,1.5528560000000016,1.5623930000000037,1.5575380000000016,1.5573649999999999,0.0038953852184356657,0,8,821248,my_ring_all_reduce,8,8
101,1.5760569999999994,1.5854940000000024,1.5820076666666667,1.5844719999999979,0.004228391840352563,0,8,829440,my_ring_all_reduce,8,8
102,1.577779999999997,1.5959230000000006,1.5847346666666653,1.5805009999999984,0.007988953303713313,0,8,837632,my_ring_all_reduce,8,8
103,1.5833850000000038,1.5852389999999978,1.5840133333333342,1.583416000000001,0.0008667696092686793,0,8,845824,my_ring_all_reduce,8,8
104,1.5757359999999971,1.582169,1.5784749999999992,1.5775200000000005,0.0027116896331754914,0,8,854016,my_ring_all_reduce,8,8
105,1.5782640000000028,1.5834130000000004,1.5807903333333346,1.5806940000000005,0.00210317384498244,0,8,862208,my_ring_all_reduce,8,8
106,1.5808240000000005,1.5838959999999997,1.5823053333333352,1.5821960000000055,0.0012565193547605135,0,8,870400,my_ring_all_reduce,8,8
107,1.5839580000000024,1.5865830000000005,1.584939666666667,1.5842779999999985,0.0011693326681866578,0,8,878592,my_ring_all_reduce,8,8
108,1.5794800000000033,1.5864850000000024,1.5823483333333357,1.5810800000000018,0.0029971106456420406,0,8,886784,my_ring_all_reduce,8,8
109,1.5807929999999997,1.5843389999999995,1.5830199999999996,1.583928,0.0015836407420876898,0,8,894976,my_ring_all_reduce,8,8
110,1.5835419999999996,1.586229999999996,1.5845026666666662,1.5837360000000027,0.0012239742190435312,0,8,903168,my_ring_all_reduce,8,8
111,1.5842769999999964,1.5923410000000005,1.587935999999998,1.587189999999997,0.0033341076767272595,0,8,911360,my_ring_all_reduce,8,8
112,1.5858779999999992,1.589112000000001,1.5872329999999997,1.586708999999999,0.0013712818820367468,0,8,919552,my_ring_all_reduce,8,8
113,1.5857490000000034,1.5880219999999987,1.5868276666666672,1.5867119999999997,0.0009315457882209043,0,8,927744,my_ring_all_reduce,8,8
114,1.5876040000000031,1.5882459999999992,1.5878830000000004,1.587798999999999,0.0002687415114924884,0,8,935936,my_ring_all_reduce,8,8
115,1.5820690000000004,1.5872860000000002,1.5844903333333333,1.5841159999999996,0.00214621625709574,0,8,944128,my_ring_all_reduce,8,8
116,1.5871940000000013,1.5945160000000014,1.591702999999999,1.593398999999994,0.0032207900687034065,0,8,952320,my_ring_all_reduce,8,8
117,1.5879560000000001,1.5897830000000004,1.589152666666667,1.589719000000001,0.000846574404422107,0,8,960512,my_ring_all_reduce,8,8
118,1.5895250000000014,1.5977829999999995,1.5929930000000005,1.5916710000000007,0.0034985143513584743,0,8,968704,my_ring_all_reduce,8,8
119,1.5918610000000013,1.5952220000000088,1.5937916666666698,1.5942919999999996,0.0014169992550793627,0,8,976896,my_ring_all_reduce,8,8
120,1.5876069999999964,1.5911599999999981,1.5898996666666656,1.5909320000000025,0.0016238301087945705,0,8,985088,my_ring_all_reduce,8,8
121,1.5906159999999965,1.5980059999999985,1.5939853333333314,1.593333999999999,0.003051906653589939,0,8,993280,my_ring_all_reduce,8,8
122,1.592339999999993,1.5982319999999963,1.595712666666663,1.596566,0.002479925984560517,0,8,1001472,my_ring_all_reduce,8,8
123,1.5941680000000011,1.5985529999999981,1.5960560000000001,1.5954470000000012,0.0018412345496056765,0,8,1009664,my_ring_all_reduce,8,8
124,1.5920540000000039,1.5960220000000005,1.594464000000001,1.5953159999999988,0.0017283294439025022,0,8,1017856,my_ring_all_reduce,8,8
125,1.5932710000000008,1.6046299999999993,1.5977413333333335,1.5953230000000003,0.004942534594943817,0,8,1026048,my_ring_all_reduce,8,8
126,1.595349999999995,1.6083079999999992,1.6013976666666636,1.6005349999999963,0.00532513451056162,0,8,1034240,my_ring_all_reduce,8,8
127,1.5982309999999962,1.604119999999999,1.6017509999999966,1.6029019999999947,0.0025381989677729145,0,8,1042432,my_ring_all_reduce,8,8
128,1.596343999999999,1.601719000000001,1.598327333333333,1.5969189999999995,0.0024097314280972174,0,8,1048576,my_ring_all_reduce,8,8
129,1.6034800000000031,1.617719000000001,1.6126413333333343,1.6167249999999986,0.006490738547258666,0,8,1081344,my_ring_all_reduce,8,8
130,1.6193209999999982,1.6289200000000001,1.6231703333333336,1.6212700000000022,0.0041427567579521065,0,8,1114112,my_ring_all_reduce,8,8
131,1.626515999999996,1.6311269999999987,1.6281383333333312,1.626771999999999,0.002115889148535759,0,8,1146880,my_ring_all_reduce,8,8
132,1.636214000000001,1.6389019999999992,1.6372903333333328,1.6367549999999984,0.0011608250897046945,0,8,1179648,my_ring_all_reduce,8,8
133,1.6435730000000022,1.6513519999999995,1.6475843333333338,1.6478279999999996,0.0031804339675923264,0,8,1212416,my_ring_all_reduce,8,8
134,1.6505150000000013,1.6611430000000018,1.654485666666666,1.6517989999999954,0.004736540885030817,0,8,1245184,my_ring_all_reduce,8,8
135,1.6677340000000076,1.6727570000000014,1.670923333333336,1.6722789999999987,0.002263626343327585,0,8,1277952,my_ring_all_reduce,8,8
136,1.6669300000000002,1.6779739999999947,1.6725649999999987,1.672791000000001,0.004511525314862697,0,8,1310720,my_ring_all_reduce,8,8
137,1.6759920000000021,1.6832880000000041,1.6802580000000022,1.6814940000000007,0.003104155923919221,0,8,1343488,my_ring_all_reduce,8,8
138,1.6773040000000015,1.6829660000000004,1.6799906666666669,1.6797019999999994,0.002320496690126319,0,8,1376256,my_ring_all_reduce,8,8
139,1.6793830000000016,1.6831250000000009,1.6817930000000008,1.6828709999999991,0.0017072793171195495,0,8,1409024,my_ring_all_reduce,8,8
140,1.6842130000000015,1.6894009999999982,1.6875220000000002,1.6889520000000002,0.0023469854423624433,0,8,1441792,my_ring_all_reduce,8,8
141,1.6909669999999997,1.699063000000002,1.694657666666667,1.6939429999999993,0.0033435874280323347,0,8,1474560,my_ring_all_reduce,8,8
142,1.7062920000000013,1.7142650000000068,1.7106146666666693,1.7112870000000002,0.003289499083786966,0,8,1507328,my_ring_all_reduce,8,8
143,1.7545169999999926,1.7586780000000035,1.756629666666664,1.756693999999996,0.0016993301294639615,0,8,1540096,my_ring_all_reduce,8,8
144,1.753907000000003,1.762328999999998,1.7586883333333336,1.7598289999999999,0.0035316059928698846,0,8,1572864,my_ring_all_reduce,8,8
145,1.7535879999999997,1.761493000000006,1.7586766666666669,1.7609489999999952,0.0036050779310430802,0,8,1605632,my_ring_all_reduce,8,8
146,1.7615900000000002,1.765687000000009,1.7632973333333346,1.7626149999999943,0.0017407922206778255,0,8,1638400,my_ring_all_reduce,8,8
147,1.7621020000000007,1.771156,1.7676373333333337,1.7696540000000005,0.003961812492057154,0,8,1671168,my_ring_all_reduce,8,8
148,1.768118000000004,1.7767930000000016,1.7718620000000016,1.7706749999999993,0.0036396550202817783,0,8,1703936,my_ring_all_reduce,8,8
149,1.778645999999997,1.7860690000000004,1.7811939999999986,1.7788669999999984,0.0034483260673369106,0,8,1736704,my_ring_all_reduce,8,8
150,1.7881820000000017,1.7939099999999963,1.7903579999999988,1.7889819999999983,0.00253278871338631,0,8,1769472,my_ring_all_reduce,8,8
151,1.8130789999999992,1.8295919999999988,1.8210149999999985,1.820373999999998,0.006756624058408509,0,8,1802240,my_ring_all_reduce,8,8
152,1.8145820000000004,1.8212040000000016,1.817483666666667,1.816664999999999,0.002764704002642234,0,8,1835008,my_ring_all_reduce,8,8
153,1.8217160000000021,1.8265180000000019,1.8244480000000018,1.8251100000000016,0.002015520445608548,0,8,1867776,my_ring_all_reduce,8,8
154,1.8203430000000007,1.8260070000000006,1.8226993333333341,1.8217480000000006,0.002408180548786862,0,8,1900544,my_ring_all_reduce,8,8
155,1.823512999999999,1.829335000000001,1.8269243333333332,1.8279249999999994,0.0024799087796850434,0,8,1933312,my_ring_all_reduce,8,8
156,1.831380999999994,1.8411739999999936,1.8369606666666618,1.8383269999999976,0.004113057446177734,0,8,1966080,my_ring_all_reduce,8,8
157,1.8359569999999985,1.8402780000000003,1.8376429999999997,1.8366939999999996,0.0018873634166924839,0,8,1998848,my_ring_all_reduce,8,8
158,1.8743270000000047,1.881587999999996,1.878837333333334,1.8805970000000003,0.0032148458058722496,0,8,2031616,my_ring_all_reduce,8,8
159,1.876339,1.8830900000000002,1.8790270000000004,1.877652000000001,0.002922552423253724,0,8,2064384,my_ring_all_reduce,8,8
160,1.8766289999999937,1.8800229999999956,1.8783159999999934,1.8782959999999913,0.0013856668671325208,0,8,2097152,my_ring_all_reduce,8,8
161,1.8736839999999992,1.8810439999999944,1.8773216666666661,1.8772370000000047,0.003005303793109199,0,8,2129920,my_ring_all_reduce,8,8
162,1.8750580000000001,1.8808209999999927,1.8775129999999975,1.87666,0.0024288198780444436,0,8,2162688,my_ring_all_reduce,8,8
163,1.8768250000000009,1.8811699999999911,1.8791139999999988,1.8793470000000043,0.0017814737344832995,0,8,2195456,my_ring_all_reduce,8,8
164,1.8792520000000004,1.8830949999999975,1.8816326666666658,1.8825509999999994,0.0016979721892752546,0,8,2228224,my_ring_all_reduce,8,8
165,1.874328,1.878995999999992,1.8773219999999993,1.8786420000000053,0.0021220047125290716,0,8,2260992,my_ring_all_reduce,8,8
166,1.8768830000000034,1.8855590000000049,1.8808960000000015,1.8802459999999956,0.003571658718299931,0,8,2293760,my_ring_all_reduce,8,8
167,1.875349,1.878197000000004,1.8765433333333348,1.8760839999999999,0.0012072051284792522,0,8,2326528,my_ring_all_reduce,8,8
168,1.8790000000000038,1.8809520000000017,1.8798210000000013,1.8795109999999986,0.0008264990421447537,0,8,2359296,my_ring_all_reduce,8,8
169,1.8683719999999995,1.877657000000001,1.8743803333333326,1.8771119999999974,0.004254355284750977,0,8,2392064,my_ring_all_reduce,8,8
170,1.8830319999999994,1.8851749999999994,1.884205333333334,1.8844090000000033,0.0008866499998436607,0,8,2424832,my_ring_all_reduce,8,8
171,1.8845979999999982,1.8875410000000048,1.8857283333333357,1.885046000000004,0.001294731975697755,0,8,2457600,my_ring_all_reduce,8,8
172,1.878739999999999,1.8860040000000045,1.882367333333337,1.8823580000000075,0.002965522925596003,0,8,2490368,my_ring_all_reduce,8,8
173,1.8831569999999975,1.8869339999999992,1.8846296666666664,1.8837980000000025,0.00165028973887074,0,8,2523136,my_ring_all_reduce,8,8
174,1.902038999999999,1.9082780000000013,1.9052696666666664,1.9054919999999993,0.002551908349104047,0,8,2555904,my_ring_all_reduce,8,8
175,1.9012710000000026,1.9085659999999989,1.903872666666668,1.9017810000000026,0.0033252126080714336,0,8,2588672,my_ring_all_reduce,8,8
176,1.9013639999999996,1.9079900000000007,1.905141000000001,1.9060690000000031,0.002783505822999296,0,8,2621440,my_ring_all_reduce,8,8
177,1.9052099999999992,1.908247999999996,1.9064993333333309,1.9060399999999973,0.0012820819873233657,0,8,2654208,my_ring_all_reduce,8,8
178,1.902485999999999,1.91295,1.9080850000000007,1.9088190000000032,0.0043033235992666185,0,8,2686976,my_ring_all_reduce,8,8
179,1.901172999999999,1.9041469999999991,1.9031449999999988,1.904114999999998,0.0013944757676870052,0,8,2719744,my_ring_all_reduce,8,8
180,1.900982,1.9019440000000014,1.901537000000001,1.9016850000000014,0.00040643900731500486,0,8,2752512,my_ring_all_reduce,8,8
181,1.9036389999999974,1.9072850000000072,1.9060263333333358,1.9071550000000026,0.0016889336543810766,0,8,2785280,my_ring_all_reduce,8,8
182,1.9085989999999984,1.9092679999999964,1.9088963333333322,1.908822000000002,0.00027812986574899583,0,8,2818048,my_ring_all_reduce,8,8
183,1.9017800000000016,1.9092049999999992,1.9053000000000015,1.9049150000000046,0.0030434437730953584,0,8,2850816,my_ring_all_reduce,8,8
184,1.907828999999998,1.910483000000002,1.9089590000000018,1.908565000000006,0.0011187361917219549,0,8,2883584,my_ring_all_reduce,8,8
185,1.9056850000000032,1.915413999999997,1.911456333333333,1.9132699999999987,0.00417375932330403,0,8,2916352,my_ring_all_reduce,8,8
186,1.9063560000000017,1.9176170000000001,1.9104830000000002,1.9074759999999988,0.005065179628272316,0,8,2949120,my_ring_all_reduce,8,8
187,1.9091730000000062,1.9188049999999985,1.9155843333333349,1.9187749999999997,0.004533513819933178,0,8,2981888,my_ring_all_reduce,8,8
188,1.908853999999992,1.9141020000000009,1.9106669999999977,1.909045,0.002430163094666307,0,8,3014656,my_ring_all_reduce,8,8
189,1.9296839999999997,1.9344829999999948,1.9324139999999972,1.9330749999999972,0.0020141650048242856,0,8,3047424,my_ring_all_reduce,8,8
190,1.929205,1.9373639999999983,1.9342179999999995,1.936085,0.0035829770675602983,0,8,3080192,my_ring_all_reduce,8,8
191,1.9270309999999995,1.9393490000000002,1.9317869999999984,1.928980999999996,0.0054060773209426115,0,8,3112960,my_ring_all_reduce,8,8
192,1.9333649999999944,1.9374939999999987,1.9354226666666667,1.935409000000007,0.001685684892131781,0,8,3145728,my_ring_all_reduce,8,8
193,1.9343610000000009,1.9354439999999995,1.9347523333333332,1.9344519999999994,0.000490491137081206,0,8,3178496,my_ring_all_reduce,8,8
194,1.932376000000002,1.939701000000001,1.936268000000001,1.9367269999999999,0.0030079801639411627,0,8,3211264,my_ring_all_reduce,8,8
195,1.9338470000000016,1.9373649999999962,1.935359999999999,1.9348679999999987,0.0014777525728823448,0,8,3244032,my_ring_all_reduce,8,8
196,1.932980999999996,1.940020999999997,1.9353913333333288,1.9331719999999932,0.0032745972101765903,0,8,3276800,my_ring_all_reduce,8,8
197,1.9322129999999997,1.9344520000000047,1.9335566666666673,1.9340049999999975,0.0009674820698896043,0,8,3309568,my_ring_all_reduce,8,8
198,1.9355430000000051,1.9367250000000005,1.936106666666669,1.9360520000000014,0.0004840952615141373,0,8,3342336,my_ring_all_reduce,8,8
199,1.9349340000000006,1.9373930000000037,1.9362016666666697,1.936278000000004,0.0010053325596827082,0,8,3375104,my_ring_all_reduce,8,8
200,1.9366280000000011,1.9409489999999996,1.938346,1.9374609999999994,0.0018717512299087722,0,8,3407872,my_ring_all_reduce,8,8
201,1.934518000000011,1.9367880000000042,1.9358826666666706,1.936341999999997,0.0009819929848088158,0,8,3440640,my_ring_all_reduce,8,8
202,1.9370769999999993,1.943219000000001,1.939188,1.9372679999999995,0.0028514138013748095,0,8,3473408,my_ring_all_reduce,8,8
203,1.9343899999999994,1.9409809999999925,1.9383779999999968,1.939762999999999,0.002863446524729899,0,8,3506176,my_ring_all_reduce,8,8
204,1.933331999999995,1.946132000000005,1.9413963333333335,1.9447250000000005,0.005731202103887094,0,8,3538944,my_ring_all_reduce,8,8
205,1.9547709999999998,1.9556710000000004,1.955275,1.9553829999999999,0.00037527589850689026,0,8,3571712,my_ring_all_reduce,8,8
206,1.953719000000001,1.956536,1.9551259999999993,1.9551229999999968,0.0011500373906960723,0,8,3604480,my_ring_all_reduce,8,8
207,1.9519230000000063,1.9615590000000047,1.9573110000000027,1.9584509999999973,0.004015621496106012,0,8,3637248,my_ring_all_reduce,8,8
208,1.9522109999999957,1.957683,1.9558283333333335,1.957591000000004,0.002558116668352741,0,8,3670016,my_ring_all_reduce,8,8
209,1.957013000000002,1.9610130000000017,1.9588683333333348,1.9585790000000003,0.001645759264156077,0,8,3702784,my_ring_all_reduce,8,8
210,1.9566280000000025,1.9600529999999963,1.9583569999999995,1.9583899999999994,0.0013984450888968013,0,8,3735552,my_ring_all_reduce,8,8
211,1.9575859999999985,1.9668070000000006,1.9617373333333334,1.9608190000000005,0.0038200534318551384,0,8,3768320,my_ring_all_reduce,8,8
212,1.9562440000000043,1.960215000000002,1.9578140000000008,1.9569829999999966,0.0017243609444276182,0,8,3801088,my_ring_all_reduce,8,8
213,1.9569490000000025,1.962706,1.959880666666667,1.9599869999999993,0.002351487803260753,0,8,3833856,my_ring_all_reduce,8,8
214,1.959188999999995,1.9612090000000026,1.9604393333333328,1.960920000000001,0.0008919567752390245,0,8,3866624,my_ring_all_reduce,8,8
215,1.956728000000001,1.9671569999999956,1.9622523333333308,1.9628719999999957,0.00428010905883671,0,8,3899392,my_ring_all_reduce,8,8
216,1.957718999999999,1.962198000000002,1.9594770000000004,1.9585139999999992,0.0019512196185989398,0,8,3932160,my_ring_all_reduce,8,8
217,1.9559249999999992,1.962613999999994,1.9589336666666648,1.958262000000001,0.0027717662639928256,0,8,3964928,my_ring_all_reduce,8,8
218,1.9556060000000017,1.9620999999999986,1.9594880000000001,1.9607579999999998,0.0027991289121188398,0,8,3997696,my_ring_all_reduce,8,8
219,1.9653659999999995,1.9670940000000046,1.9663470000000007,1.9665809999999984,0.0007245978194849477,0,8,4030464,my_ring_all_reduce,8,8
220,2.1503920000000036,2.168057999999999,2.156908000000001,2.1522739999999994,0.007921588897856598,0,8,4063232,my_ring_all_reduce,8,8
221,2.1725610000000017,2.179536,2.1752496666666676,2.173652,0.003063446896697578,0,8,4096000,my_ring_all_reduce,8,8
222,2.182610000000008,2.1892699999999987,2.1865606666666686,2.1878019999999996,0.0028571059172173975,0,8,4128768,my_ring_all_reduce,8,8
223,2.1868680000000023,2.2026759999999994,2.192180333333334,2.1869970000000003,0.007421743925040512,0,8,4161536,my_ring_all_reduce,8,8
224,2.1880509999999993,2.198099999999995,2.1935143333333316,2.1943919999999997,0.004149162512549023,0,8,4194304,my_ring_all_reduce,8,8
225,2.198899999999998,2.204949000000004,2.2014383333333343,2.2004660000000005,0.002563418854232567,0,8,4227072,my_ring_all_reduce,8,8
226,2.2090790000000005,2.2133329999999987,2.2117339999999994,2.212789999999999,0.0018904110664078226,0,8,4259840,my_ring_all_reduce,8,8
227,2.2006290000000046,2.2150909999999997,2.2059396666666675,2.202098999999999,0.006498738407481327,0,8,4292608,my_ring_all_reduce,8,8
228,2.2131420000000017,2.219348,2.215742,2.214735999999999,0.002631556700256455,0,8,4325376,my_ring_all_reduce,8,8
229,2.255956000000002,2.257875,2.257182333333334,2.2577160000000003,0.0008695747364203729,0,8,4358144,my_ring_all_reduce,8,8
230,2.2695869999999996,2.2743550000000035,2.2711873333333346,2.2696200000000006,0.002239919095762756,0,8,4390912,my_ring_all_reduce,8,8
231,2.2646979999999988,2.2707049999999946,2.2680103333333306,2.2686279999999988,0.002490936414727363,0,8,4423680,my_ring_all_reduce,8,8
232,2.2981649999999973,2.307252000000004,2.302302666666666,2.3014909999999964,0.0037538863713372575,0,8,4456448,my_ring_all_reduce,8,8
233,2.3279209999999986,2.330515999999998,2.329447666666665,2.329905999999999,0.0011078683235032686,0,8,4489216,my_ring_all_reduce,8,8
234,2.3271880000000014,2.3323719999999994,2.3303876666666667,2.3316029999999994,0.002284183345432551,0,8,4521984,my_ring_all_reduce,8,8
235,2.247474999999995,2.2555740000000006,2.252755999999998,2.255218999999999,0.0037370422350683358,0,8,4554752,my_ring_all_reduce,8,8
236,2.2498460000000016,2.2561149999999945,2.25255333333333,2.251698999999995,0.00262963930775229,0,8,4587520,my_ring_all_reduce,8,8
237,2.259348000000002,2.261908000000003,2.260777666666669,2.261077000000002,0.001066333385433389,0,8,4620288,my_ring_all_reduce,8,8
238,2.260596999999998,2.3181349999999985,2.2983786666666663,2.316404000000002,0.026725017522082423,0,8,4653056,my_ring_all_reduce,8,8
239,2.3491700000000004,2.354194999999999,2.3514636666666644,2.3510259999999943,0.0020746598650271857,0,8,4685824,my_ring_all_reduce,8,8
240,2.232304,2.244176999999996,2.236476333333331,2.232947999999997,0.0054515370513470275,0,8,4718592,my_ring_all_reduce,8,8
241,2.2329160000000012,2.2356369999999997,2.2340043333333326,2.2334599999999973,0.0011756372267364547,0,8,4751360,my_ring_all_reduce,8,8
242,2.231410000000001,2.233139000000003,2.2324136666666665,2.2326919999999957,0.0007327857046156538,0,8,4784128,my_ring_all_reduce,8,8
243,2.2151260000000037,2.2165640000000058,2.2158386666666696,2.215826,0.0005871293629941464,0,8,4816896,my_ring_all_reduce,8,8
244,2.226963,2.228501000000001,2.2275603333333334,2.2272169999999996,0.000673186122522029,0,8,4849664,my_ring_all_reduce,8,8
245,2.232949000000004,2.2368210000000026,2.235040000000002,2.2353499999999986,0.0015958636115482457,0,8,4882432,my_ring_all_reduce,8,8
246,2.235345000000005,2.334934000000005,2.298504666666671,2.325235000000004,0.04483581358938639,0,8,4915200,my_ring_all_reduce,8,8
247,2.3879850000000005,2.3965629999999982,2.3923269999999994,2.3924329999999996,0.0035027558674078705,0,8,4947968,my_ring_all_reduce,8,8
248,2.384052999999996,2.3845940000000048,2.3843929999999998,2.3845319999999974,0.0002417450447639576,0,8,4980736,my_ring_all_reduce,8,8
249,2.293680000000002,2.2972689999999965,2.295901333333332,2.2967549999999974,0.0015846745897969054,0,8,5013504,my_ring_all_reduce,8,8
250,2.2460039999999992,2.2492349999999997,2.247517666666667,2.247314000000002,0.0013268886748916294,0,8,5046272,my_ring_all_reduce,8,8
251,2.2406570000000103,2.251922999999999,2.2466326666666703,2.2473180000000017,0.004624784703692798,0,8,5079040,my_ring_all_reduce,8,8
252,2.2578439999999937,2.2597639999999997,2.2588466666666656,2.2589320000000046,0.0007861557663040609,0,8,5111808,my_ring_all_reduce,8,8
253,2.261682000000001,2.269521999999997,2.265170666666666,2.264308,0.0032582761631797233,0,8,5144576,my_ring_all_reduce,8,8
254,2.262769999999999,2.2702579999999943,2.2666326666666676,2.26687000000001,0.0030615661932328797,0,8,5177344,my_ring_all_reduce,8,8
255,2.268502000000006,2.2743870000000044,2.271464666666671,2.271505000000003,0.00240271046019954,0,8,5210112,my_ring_all_reduce,8,8
256,2.2733010000000005,2.2744490000000024,2.2740356666666663,2.274356999999996,0.0005208437598952659,0,8,5242880,my_ring_all_reduce,8,8
257,2.275378000000001,2.278773000000001,2.2767336666666673,2.2760499999999992,0.0014678910798227775,0,8,5275648,my_ring_all_reduce,8,8
258,2.2474429999999956,2.2503889999999993,2.2485843333333313,2.2479209999999985,0.0012909266267138119,0,8,5308416,my_ring_all_reduce,8,8
259,2.2572989999999993,2.259124000000001,2.258472333333333,2.2589939999999986,0.0008313676817285188,0,8,5341184,my_ring_all_reduce,8,8
260,2.2650120000000005,2.315571,2.2984826666666685,2.3148650000000055,0.02366909031252088,0,8,5373952,my_ring_all_reduce,8,8
261,2.4050100000000016,2.406545,2.405852666666666,2.406002999999997,0.0006356132646672556,0,8,5406720,my_ring_all_reduce,8,8
262,2.262739999999998,2.264691000000001,2.263764333333332,2.2638619999999974,0.0007994808037452623,0,8,5439488,my_ring_all_reduce,8,8
263,2.239092999999999,2.241715,2.2403939999999998,2.2403739999999996,0.0010705204341818443,0,8,5472256,my_ring_all_reduce,8,8
264,2.2395070000000015,2.2465159999999997,2.2419610000000003,2.2398600000000006,0.0032240937744833944,0,8,5505024,my_ring_all_reduce,8,8
265,2.2380339999999923,2.2412980000000027,2.2395073333333317,2.2391900000000007,0.0013512831761821169,0,8,5537792,my_ring_all_reduce,8,8
266,2.240341999999997,2.245233999999997,2.242345666666664,2.2414609999999975,0.002092827805200826,0,8,5570560,my_ring_all_reduce,8,8
267,2.2438590000000005,2.253268999999997,2.247038666666665,2.2439879999999977,0.0044058257140078645,0,8,5603328,my_ring_all_reduce,8,8
268,2.250451000000001,2.3833799999999976,2.3380353333333326,2.3802749999999997,0.061944447371996884,0,8,5636096,my_ring_all_reduce,8,8
269,2.448531000000001,2.4521129999999975,2.449821333333331,2.448819999999996,0.001624742509513543,0,8,5668864,my_ring_all_reduce,8,8
270,2.24501300000001,2.2511859999999997,2.248915000000003,2.250545999999999,0.0027714740963320147,0,8,5701632,my_ring_all_reduce,8,8
271,2.2546129999999995,2.258293000000003,2.2562763333333344,2.2559230000000006,0.0015229868314905399,0,8,5734400,my_ring_all_reduce,8,8
272,2.265621000000003,2.268341000000002,2.2673700000000023,2.268148000000002,0.0012392371309259275,0,8,5767168,my_ring_all_reduce,8,8
273,2.265687,2.268307000000001,2.267124333333333,2.2673789999999974,0.0010846631837684638,0,8,5799936,my_ring_all_reduce,8,8
274,2.274673999999999,2.2783889999999993,2.2768623333333333,2.2775240000000014,0.0015871690381168229,0,8,5832704,my_ring_all_reduce,8,8
275,2.227030999999999,2.2324669999999895,2.230164666666663,2.230996000000001,0.0022957729756102768,0,8,5865472,my_ring_all_reduce,8,8
276,2.261812999999999,2.2628680000000023,2.262377333333334,2.262451000000001,0.0004338404724742319,0,8,5898240,my_ring_all_reduce,8,8
277,2.2635069999999993,2.272405000000001,2.269309666666667,2.272017000000001,0.004106161332545896,0,8,5931008,my_ring_all_reduce,8,8
278,2.2932360000000043,2.424145999999995,2.3749539999999993,2.4074799999999996,0.05818254338430267,0,8,5963776,my_ring_all_reduce,8,8
279,2.514256999999998,2.5205970000000053,2.5172566666666674,2.5169159999999993,0.0025994794778131263,0,8,5996544,my_ring_all_reduce,8,8
280,2.3780020000000115,2.3803399999999995,2.3789306666666694,2.3784499999999973,0.001013193411389025,0,8,6029312,my_ring_all_reduce,8,8
281,2.3804029999999985,2.381395000000008,2.380829333333335,2.3806899999999986,0.000416794380431284,0,8,6062080,my_ring_all_reduce,8,8
282,2.3298120000000018,2.3496549999999914,2.3420796666666637,2.3467719999999983,0.008754033597271544,0,8,6094848,my_ring_all_reduce,8,8
283,2.341173000000006,2.357332999999999,2.3518500000000024,2.357044000000002,0.007550700938762241,0,8,6127616,my_ring_all_reduce,8,8
284,2.3418119999999973,2.343441999999999,2.3425469999999984,2.3423869999999987,0.0006749938271329579,0,8,6160384,my_ring_all_reduce,8,8
285,2.343060000000005,2.361367000000002,2.350036333333337,2.3456820000000045,0.00808318115320552,0,8,6193152,my_ring_all_reduce,8,8
286,2.3476039999999956,2.365878000000001,2.355059666666669,2.3516970000000113,0.007830087880874954,0,8,6225920,my_ring_all_reduce,8,8
287,2.24034,2.24351,2.242314,2.243091999999999,0.0014062214145240206,0,8,6258688,my_ring_all_reduce,8,8
288,2.2144540000000013,2.2171090000000078,2.21617066666667,2.2169490000000005,0.001215622839902481,0,8,6291456,my_ring_all_reduce,8,8
289,2.218196999999993,2.2202779999999946,2.2189016666666634,2.2182300000000033,0.0009733078763778711,0,8,6324224,my_ring_all_reduce,8,8
290,2.2241810000000015,2.2290449999999966,2.227252666666666,2.228531999999999,0.002182070016188208,0,8,6356992,my_ring_all_reduce,8,8
291,2.2295889999999945,2.2313809999999976,2.2305373333333307,2.230642,0.0007353150496381566,0,8,6389760,my_ring_all_reduce,8,8
292,2.230546999999997,2.2330759999999974,2.2319786666666643,2.232312999999998,0.0010591802910220236,0,8,6422528,my_ring_all_reduce,8,8
293,2.286099000000006,2.288144999999993,2.287272,2.287572000000002,0.0008617923183643242,0,8,6455296,my_ring_all_reduce,8,8
294,2.5800180000000017,2.592816999999988,2.588497666666664,2.5926580000000015,0.005996381149397463,0,8,6488064,my_ring_all_reduce,8,8
295,2.322835999999992,2.3533330000000015,2.3422599999999965,2.350610999999997,0.013779723098334133,0,8,6520832,my_ring_all_reduce,8,8
296,2.3358609999999955,2.339797999999995,2.338473999999996,2.3397629999999983,0.0018477252681794163,0,8,6553600,my_ring_all_reduce,8,8
297,2.3420359999999967,2.3466779999999963,2.344723999999997,2.345457999999999,0.0019648762471634793,0,8,6586368,my_ring_all_reduce,8,8
298,2.352369999999999,2.3535890000000035,2.3528303333333365,2.3525320000000067,0.0005405197087583669,0,8,6619136,my_ring_all_reduce,8,8
299,2.355797000000002,2.356817999999999,2.356382333333334,2.3565319999999996,0.00043004676748130004,0,8,6651904,my_ring_all_reduce,8,8
300,2.2724049999999987,2.2747099999999993,2.273696666666666,2.2739750000000005,0.0009613734388309689,0,8,6684672,my_ring_all_reduce,8,8
301,2.2740970000000016,2.2786460000000006,2.276466666666666,2.2766569999999957,0.0018619918247815683,0,8,6717440,my_ring_all_reduce,8,8
302,2.2751589999999977,2.2781320000000016,2.2768953333333344,2.2773950000000043,0.001264102404433392,0,8,6750208,my_ring_all_reduce,8,8
303,2.2745159999999998,2.2764679999999937,2.2754656666666646,2.2754130000000004,0.0007977703651750281,0,8,6782976,my_ring_all_reduce,8,8
304,2.2754770000000026,2.276591999999997,2.2758799999999995,2.275571,0.0005049204557794249,0,8,6815744,my_ring_all_reduce,8,8
305,2.2943249999999935,2.2966949999999997,2.295178333333332,2.294515000000003,0.0010752467417098008,0,8,6848512,my_ring_all_reduce,8,8
306,2.3006919999999993,2.532910999999993,2.3784066666666646,2.3016170000000002,0.10925171446505927,0,8,6881280,my_ring_all_reduce,8,8
307,2.6750570000000007,2.6807880000000006,2.6778636666666658,2.6777459999999955,0.002341149907393621,0,8,6914048,my_ring_all_reduce,8,8
308,2.363766000000003,2.371669,2.368127333333334,2.3689469999999995,0.0032780321671513537,0,8,6946816,my_ring_all_reduce,8,8
309,2.36418,2.369331999999995,2.366825999999998,2.366965999999999,0.0021056235814261963,0,8,6979584,my_ring_all_reduce,8,8
310,2.3646899999999995,2.3670919999999986,2.365863333333332,2.365807999999998,0.0009813926612497626,0,8,7012352,my_ring_all_reduce,8,8
311,2.3645660000000026,2.368339000000002,2.365950000000002,2.3649450000000014,0.0016963492171915705,0,8,7045120,my_ring_all_reduce,8,8
312,2.3663869999999987,2.36770099999999,2.366994666666665,2.3668960000000063,0.0005409561493790348,0,8,7077888,my_ring_all_reduce,8,8
313,2.3655549999999965,2.368145999999993,2.367004999999996,2.3673139999999986,0.0010801021556614753,0,8,7110656,my_ring_all_reduce,8,8
314,2.2386429999999966,2.2400869999999986,2.239124333333331,2.2386429999999984,0.0006807081280227735,0,8,7143424,my_ring_all_reduce,8,8
315,2.234805000000004,2.2392509999999985,2.2374916666666707,2.238419000000009,0.0019298858918474617,0,8,7176192,my_ring_all_reduce,8,8
316,2.237620000000003,2.2418110000000007,2.2403286666666653,2.241554999999993,0.0019181658484635608,0,8,7208960,my_ring_all_reduce,8,8
317,2.2432200000000013,2.2432870000000023,2.243263333333335,2.2432830000000012,3.068477726119573e-05,0,8,7241728,my_ring_all_reduce,8,8
318,2.2403070000000045,2.244565000000006,2.2422593333333376,2.241906000000003,0.0017561841842163,0,8,7274496,my_ring_all_reduce,8,8
319,2.2449170000000014,2.314548999999999,2.2910276666666665,2.3136169999999985,0.03260738506671164,0,8,7307264,my_ring_all_reduce,8,8
320,2.398227999999999,2.401298999999999,2.3993909999999996,2.3986460000000007,0.001359909065586981,0,8,7340032,my_ring_all_reduce,8,8
321,2.4592829999999886,2.464179,2.462325333333332,2.4635140000000066,0.0021683173712007276,0,8,7372800,my_ring_all_reduce,8,8
322,2.254833999999999,2.269074,2.260199666666668,2.256691000000006,0.006320730777018102,0,8,7405568,my_ring_all_reduce,8,8
323,2.259027999999995,2.261427,2.2603713333333317,2.2606589999999995,0.001000288069621232,0,8,7438336,my_ring_all_reduce,8,8
324,2.2622919999999977,2.264023999999998,2.2630943333333344,2.2629670000000077,0.0007127955917054695,0,8,7471104,my_ring_all_reduce,8,8
325,2.2300379999999986,2.234549999999999,2.2322876666666662,2.2322750000000013,0.0018420380620994175,0,8,7503872,my_ring_all_reduce,8,8
326,2.232307,2.2345160000000033,2.233290000000002,2.2330470000000022,0.0009180439350428485,0,8,7536640,my_ring_all_reduce,8,8
327,2.227537999999999,2.2374609999999993,2.232916000000001,2.2337490000000035,0.004093645400699662,0,8,7569408,my_ring_all_reduce,8,8
328,2.2312219999999945,2.2387419999999967,2.2346239999999957,2.233907999999996,0.003111493960571346,0,8,7602176,my_ring_all_reduce,8,8
329,2.2345479999999953,2.241235000000004,2.2370656666666657,2.235413999999997,0.0029692865959539023,0,8,7634944,my_ring_all_reduce,8,8
330,2.2331389999999973,2.240951000000001,2.237173,2.237429,0.0031943687952409702,0,8,7667712,my_ring_all_reduce,8,8
331,2.5509620000000033,2.566936000000009,2.558068333333338,2.5563070000000008,0.006639221356624502,0,8,7700480,my_ring_all_reduce,8,8
332,2.583539000000001,2.5856219999999985,2.5843193333333327,2.583796999999999,0.0009271268641458363,0,8,7733248,my_ring_all_reduce,8,8
333,2.3214939999999977,2.3250440000000054,2.3236466666666655,2.324401999999993,0.0015445649513353855,0,8,7766016,my_ring_all_reduce,8,8
334,2.3346759999999995,2.3370760000000033,2.3357103333333353,2.3353790000000028,0.0010074179315912408,0,8,7798784,my_ring_all_reduce,8,8
335,2.3417460000000063,2.3449490000000006,2.343262666666669,2.343093000000001,0.0013131114025663416,0,8,7831552,my_ring_all_reduce,8,8
336,2.348020000000004,2.352150000000007,2.349748333333338,2.3490750000000045,0.0017520004439383764,0,8,7864320,my_ring_all_reduce,8,8
337,2.3501999999999934,2.3548359999999957,2.352938999999996,2.3537809999999992,0.0019840777874551327,0,8,7897088,my_ring_all_reduce,8,8
338,2.3117339999999986,2.3257500000000073,2.317803333333335,2.3159259999999997,0.005873973631390159,0,8,7929856,my_ring_all_reduce,8,8
339,2.3107389999999994,2.324979000000003,2.319230000000003,2.3219720000000055,0.006128258208226172,0,8,7962624,my_ring_all_reduce,8,8
340,2.3180069999999997,2.318899999999996,2.3185176666666663,2.3186460000000024,0.00037568988393118125,0,8,7995392,my_ring_all_reduce,8,8
341,2.319538999999997,2.321587999999999,2.3203296666666646,2.3198619999999974,0.0008994940553205043,0,8,8028160,my_ring_all_reduce,8,8
342,2.3197649999999994,2.3238649999999987,2.3217923333333332,2.321747000000001,0.0016741249123710094,0,8,8060928,my_ring_all_reduce,8,8
343,2.3776859999999997,2.3871249999999993,2.383232333333333,2.384886,0.004026962489133438,0,8,8093696,my_ring_all_reduce,8,8
344,2.4060390000000007,2.4118940000000078,2.4082133333333364,2.406707000000002,0.0026168729854996915,0,8,8126464,my_ring_all_reduce,8,8
345,2.4169799999999997,2.419123999999996,2.4182816666666658,2.418741000000002,0.0009336038893561348,0,8,8159232,my_ring_all_reduce,8,8
346,2.4164660000000016,2.4245680000000003,2.4213223333333356,2.4229330000000044,0.003498217292024976,0,8,8192000,my_ring_all_reduce,8,8
347,2.426899999999998,2.429109000000004,2.427903,2.427699999999998,0.0009131728569506557,0,8,8224768,my_ring_all_reduce,8,8
348,2.432786,2.433876000000001,2.4334489999999995,2.433684999999998,0.000475252213741901,0,8,8257536,my_ring_all_reduce,8,8
349,2.4361829999999993,2.4408240000000005,2.438336666666667,2.4380030000000006,0.0019093140711323468,0,8,8290304,my_ring_all_reduce,8,8
350,2.4411090000000004,2.447444000000003,2.4443406666666707,2.444469000000008,0.0025878444483575565,0,8,8323072,my_ring_all_reduce,8,8
351,2.454836000000003,2.456215000000002,2.455435333333333,2.455254999999994,0.0005772349800755708,0,8,8355840,my_ring_all_reduce,8,8
352,2.4674110000000002,2.4686610000000035,2.468158333333336,2.468403000000004,0.0005388390813195153,0,8,8388608,my_ring_all_reduce,8,8
353,2.483410000000001,2.488017999999999,2.4862483333333336,2.487317000000001,0.0020273056558446525,0,8,8421376,my_ring_all_reduce,8,8
354,2.508627999999999,2.517076000000003,2.511795333333334,2.5096820000000006,0.0037587062786151107,0,8,8454144,my_ring_all_reduce,8,8
355,2.528695,2.5405320000000007,2.5347293333333325,2.5349609999999974,0.004835210738829431,0,8,8486912,my_ring_all_reduce,8,8
356,2.5535250000000014,2.5558930000000037,2.5543673333333348,2.553684,0.0010807603290701854,0,8,8519680,my_ring_all_reduce,8,8
357,2.574450999999997,2.5812019999999993,2.5780776666666623,2.5785799999999908,0.002778879190529509,0,8,8552448,my_ring_all_reduce,8,8
358,2.590161,2.604148999999998,2.5969906666666667,2.596662000000002,0.005715304152496525,0,8,8585216,my_ring_all_reduce,8,8
359,2.615606000000007,2.622772,2.618601666666669,2.617427,0.0030411368853671657,0,8,8617984,my_ring_all_reduce,8,8
360,2.632950000000002,2.6381000000000023,2.636254666666667,2.6377139999999963,0.0023420596823203878,0,8,8650752,my_ring_all_reduce,8,8
361,2.6401169999999947,2.648111000000002,2.6442,2.6443720000000033,0.003265802300612565,0,8,8683520,my_ring_all_reduce,8,8
362,2.654705999999999,2.6666409999999923,2.659772666666665,2.657971000000002,0.0050362392273918645,0,8,8716288,my_ring_all_reduce,8,8
363,2.6753139999999913,2.6822240000000037,2.678438999999998,2.677778999999999,0.0028593385015934503,0,8,8749056,my_ring_all_reduce,8,8
364,2.690932999999997,2.7031530000000004,2.6961466666666656,2.6943539999999992,0.00514731906486941,0,8,8781824,my_ring_all_reduce,8,8
365,2.6991539999999996,2.7038909999999996,2.701587333333334,2.701717000000001,0.0019360444783687984,0,8,8814592,my_ring_all_reduce,8,8
366,2.7163409999999995,2.7212369999999937,2.7182286666666644,2.7171079999999996,0.002150135551279778,0,8,8847360,my_ring_all_reduce,8,8
367,2.734998999999996,2.736534000000007,2.7359346666666666,2.7362709999999955,0.0006702717525200831,0,8,8880128,my_ring_all_reduce,8,8
368,2.750065999999999,2.751316999999997,2.750878333333331,2.751251999999997,0.0005750190335004721,0,8,8912896,my_ring_all_reduce,8,8
369,2.760723000000002,2.763926000000003,2.7628370000000024,2.763862000000001,0.0014950520615239717,0,8,8945664,my_ring_all_reduce,8,8
370,2.7648179999999996,2.7762429999999987,2.772103333333332,2.775248999999998,0.005167466841262709,0,8,8978432,my_ring_all_reduce,8,8
371,2.776789000000001,2.7829009999999954,2.779999666666667,2.780309000000004,0.0025047822704203945,0,8,9011200,my_ring_all_reduce,8,8
372,2.7869630000000036,2.790292000000005,2.7883180000000025,2.7876990000000004,0.0014278027408117881,0,8,9043968,my_ring_all_reduce,8,8
373,2.791890999999999,2.7957289999999992,2.7940986666666667,2.794676000000003,0.0016191656973755604,0,8,9076736,my_ring_all_reduce,8,8
374,2.798326000000001,2.80398600000001,2.801129000000003,2.8010749999999973,0.0023110007933108325,0,8,9109504,my_ring_all_reduce,8,8
375,2.8061009999999986,2.8106119999999972,2.8084676666666653,2.8086900000000004,0.0018483063117947945,0,8,9142272,my_ring_all_reduce,8,8
376,2.810003999999998,2.813683000000003,2.811975666666664,2.8122399999999925,0.0015135310443551572,0,8,9175040,my_ring_all_reduce,8,8
377,2.8165340000000016,2.8239219999999996,2.8191243333333316,2.816916999999994,0.003396064028974386,0,8,9207808,my_ring_all_reduce,8,8
378,2.8185459999999987,2.8230950000000012,2.8203713333333336,2.819473,0.0019627535646533673,0,8,9240576,my_ring_all_reduce,8,8
379,2.8198590000000006,2.8276039999999996,2.8249583333333335,2.8274120000000003,0.003606625045970259,0,8,9273344,my_ring_all_reduce,8,8
380,2.8297450000000044,2.836562000000004,2.8335220000000034,2.834259000000002,0.0028314011843368872,0,8,9306112,my_ring_all_reduce,8,8
381,2.8317640000000064,2.841941999999999,2.8382276666666684,2.840976999999999,0.004587450005779276,0,8,9338880,my_ring_all_reduce,8,8
382,2.8405620000000016,2.843123,2.8418010000000007,2.8417180000000006,0.0010471698365906005,0,8,9371648,my_ring_all_reduce,8,8
383,2.8444989999999946,2.850546999999999,2.848051333333331,2.849108,0.0025796620364368084,0,8,9404416,my_ring_all_reduce,8,8
384,2.8500330000000043,2.8522110000000103,2.8509833333333403,2.8507060000000055,0.0009105332991678966,0,8,9437184,my_ring_all_reduce,8,8
385,2.8549619999999996,2.8596669999999906,2.8574046666666653,2.8575850000000047,0.0019250361612731808,0,8,9469952,my_ring_all_reduce,8,8
386,2.8572649999999995,2.8630920000000013,2.8608716666666663,2.862257999999998,0.002572926004031884,0,8,9502720,my_ring_all_reduce,8,8
387,2.860623999999996,2.865651999999998,2.86318633333333,2.863282999999996,0.002053810171906245,0,8,9535488,my_ring_all_reduce,8,8
388,2.8620669999999917,2.8706409999999924,2.866483999999993,2.8667439999999953,0.0035051456460470647,0,8,9568256,my_ring_all_reduce,8,8
389,2.8683680000000003,2.8708000000000005,2.869883000000003,2.870481000000007,0.0010791536807468454,0,8,9601024,my_ring_all_reduce,8,8
390,2.872819999999999,2.8782290000000033,2.8756266666666668,2.8758309999999976,0.002212936862082303,0,8,9633792,my_ring_all_reduce,8,8
391,2.8788330000000024,2.8834090000000034,2.8808390000000013,2.880274999999998,0.0019102383795406561,0,8,9666560,my_ring_all_reduce,8,8
392,2.8752510000000013,2.8845920000000005,2.8806993333333324,2.882254999999994,0.003968933050020594,0,8,9699328,my_ring_all_reduce,8,8
393,2.8782910000000013,2.886705000000001,2.8826640000000006,2.8829960000000003,0.0034430138928946614,0,8,9732096,my_ring_all_reduce,8,8
394,2.881456000000001,2.8873780000000044,2.884838333333335,2.8856810000000004,0.002489991477005745,0,8,9764864,my_ring_all_reduce,8,8
395,2.8827679999999947,2.8900979999999983,2.8864376666666645,2.886447000000001,0.0029924672466429894,0,8,9797632,my_ring_all_reduce,8,8
396,2.8845630000000018,2.8897160000000004,2.887358999999998,2.8877979999999916,0.002126482698415756,0,8,9830400,my_ring_all_reduce,8,8
397,2.883731,2.8935900000000037,2.8888843333333303,2.8893319999999876,0.004037348497330458,0,8,9863168,my_ring_all_reduce,8,8
398,2.8878909999999998,2.8919879999999902,2.889565666666663,2.888817999999999,0.0017541581709964952,0,8,9895936,my_ring_all_reduce,8,8
399,2.8864490000000007,2.8939720000000007,2.8901630000000025,2.8900680000000065,0.00307198643660192,0,8,9928704,my_ring_all_reduce,8,8
400,2.893390999999996,2.8966590000000014,2.8946736666666637,2.8939709999999943,0.0014236716225650551,0,8,9961472,my_ring_all_reduce,8,8
401,2.8918249999999937,2.897650000000005,2.8950149999999986,2.895569999999996,0.002410210917469143,0,8,9994240,my_ring_all_reduce,8,8
402,2.892661,2.899792999999998,2.8973943333333323,2.8997289999999976,0.003347074078786161,0,8,10027008,my_ring_all_reduce,8,8
403,2.8963709999999976,2.9019080000000104,2.898622000000003,2.8975870000000015,0.0023759925645279257,0,8,10059776,my_ring_all_reduce,8,8
404,2.900307000000004,2.9028369999999994,2.9019283333333346,2.9026410000000005,0.0011492447761686443,0,8,10092544,my_ring_all_reduce,8,8
405,2.895824000000004,2.9032829999999996,2.9006359999999987,2.902800999999992,0.0034082829499091374,0,8,10125312,my_ring_all_reduce,8,8
406,2.8989950000000064,2.901106,2.900028333333333,2.8999839999999932,0.0008623821014403266,0,8,10158080,my_ring_all_reduce,8,8
407,2.898417999999994,2.8989649999999965,2.8987176666666628,2.8987699999999967,0.00022635714160596708,0,8,10190848,my_ring_all_reduce,8,8
408,2.897905999999999,2.9007860000000054,2.8991970000000045,2.8988990000000086,0.0011944881749121308,0,8,10223616,my_ring_all_reduce,8,8
409,2.8947709999999933,2.906480999999999,2.9020549999999976,2.9049130000000005,0.005190192546206459,0,8,10256384,my_ring_all_reduce,8,8
410,2.8955400000000044,2.90293299999999,2.8994223333333284,2.8997939999999907,0.0030296000102629896,0,8,10289152,my_ring_all_reduce,8,8
411,2.8986429999999963,2.9001839999999977,2.899177666666665,2.8987060000000002,0.0007120497797826774,0,8,10321920,my_ring_all_reduce,8,8
412,2.896116000000002,2.905619000000006,2.9019500000000016,2.9041149999999982,0.004170705056302977,0,8,10354688,my_ring_all_reduce,8,8
413,2.9022910000000013,2.9051089999999933,2.9037313333333326,2.9037940000000027,0.0011512967567985789,0,8,10387456,my_ring_all_reduce,8,8
414,2.9023870000000005,2.9083070000000024,2.9049686666666674,2.904212,0.0024753462159652585,0,8,10420224,my_ring_all_reduce,8,8
415,2.9016510000000006,2.906610999999999,2.904424,2.9050100000000003,0.0020668731617261996,0,8,10452992,my_ring_all_reduce,8,8
416,2.8986430000000003,2.9029970000000067,2.901384333333334,2.9025129999999937,0.0019484601327434943,0,8,10485760,my_ring_all_reduce,8,8
417,2.902579,2.904625000000004,2.903453333333332,2.9031559999999916,0.000861330108355844,0,8,10518528,my_ring_all_reduce,8,8
418,2.899408,2.9013620000000047,2.9000710000000027,2.899443000000003,0.0009129866738728337,0,8,10551296,my_ring_all_reduce,8,8
419,2.895123000000007,2.899921999999999,2.8979286666666693,2.898741000000002,0.0020416519999439837,0,8,10584064,my_ring_all_reduce,8,8
420,2.9009479999999948,2.9061980000000003,2.9032189999999987,2.9025110000000023,0.0022009956837775544,0,8,10616832,my_ring_all_reduce,8,8
421,2.901778,2.9061299999999974,2.9037846666666662,2.903446,0.0017927627345016733,0,8,10649600,my_ring_all_reduce,8,8
422,2.896210999999999,2.903638000000001,2.9006813333333348,2.9021950000000034,0.0032154286736861396,0,8,10682368,my_ring_all_reduce,8,8
423,2.8988680000000024,2.903635000000004,2.900883666666669,2.900148000000001,0.0020144438990018286,0,8,10715136,my_ring_all_reduce,8,8
424,2.9027070000000097,2.908945999999999,2.9058756666666703,2.905974000000002,0.002548009986021703,0,8,10747904,my_ring_all_reduce,8,8
425,2.9009149999999972,2.908245000000001,2.9042329999999996,2.9035390000000008,0.0030324304883500137,0,8,10780672,my_ring_all_reduce,8,8
426,2.901939999999999,2.9062589999999946,2.9039876666666644,2.9037639999999993,0.0017703032383038326,0,8,10813440,my_ring_all_reduce,8,8
427,2.9053630000000084,2.909810999999998,2.9076996666666712,2.9079250000000068,0.001822865387846183,0,8,10846208,my_ring_all_reduce,8,8
428,2.9039870000000048,2.912756000000005,2.909022000000004,2.910323000000004,0.0036962405224767775,0,8,10878976,my_ring_all_reduce,8,8
429,2.906734999999993,2.912082000000002,2.9093719999999976,2.909298999999999,0.0021835138347815466,0,8,10911744,my_ring_all_reduce,8,8
430,2.906451000000001,2.9091079999999967,2.907464666666663,2.906834999999992,0.0011725392199074855,0,8,10944512,my_ring_all_reduce,8,8
431,2.9023200000000036,2.9141639999999915,2.9087759999999983,2.909844000000001,0.00489391131917559,0,8,10977280,my_ring_all_reduce,8,8
432,2.904786000000007,2.9104529999999906,2.9069203333333316,2.9055219999999964,0.0025159788463988766,0,8,11010048,my_ring_all_reduce,8,8
433,2.9100669999999993,2.9148050000000003,2.9121269999999986,2.9115089999999966,0.0019830286600726692,0,8,11042816,my_ring_all_reduce,8,8
434,2.9073820000000015,2.911539,2.909150999999999,2.9085319999999966,0.001752623367031879,0,8,11075584,my_ring_all_reduce,8,8
435,2.908402000000001,2.9180970000000017,2.912199999999999,2.910100999999995,0.004227103578891526,0,8,11108352,my_ring_all_reduce,8,8
436,2.906608999999997,2.9114449999999996,2.908349666666666,2.9069950000000015,0.002194396702715876,0,8,11141120,my_ring_all_reduce,8,8
437,2.911411999999997,2.9147059999999994,2.9132996666666653,2.9137809999999993,0.0013871722635967407,0,8,11173888,my_ring_all_reduce,8,8
438,2.913841000000004,2.918613000000005,2.9163056666666662,2.9164629999999887,0.0019513348138019016,0,8,11206656,my_ring_all_reduce,8,8
439,2.916080000000009,2.9207840000000034,2.917915333333337,2.9168819999999998,0.002054707981413574,0,8,11239424,my_ring_all_reduce,8,8
440,2.9184529999999977,2.9267400000000015,2.9223136666666676,2.921748000000003,0.003406716535839821,0,8,11272192,my_ring_all_reduce,8,8
441,2.926868000000006,2.9304200000000047,2.928659666666672,2.9286910000000064,0.0014502671784493131,0,8,11304960,my_ring_all_reduce,8,8
442,2.929012999999999,2.9347389999999978,2.9315069999999976,2.9307689999999966,0.002395169026742207,0,8,11337728,my_ring_all_reduce,8,8
443,2.937813999999995,2.9478589999999896,2.9424406666666596,2.941648999999994,0.004138885384037944,0,8,11370496,my_ring_all_reduce,8,8
444,2.940598,2.9444039999999987,2.942751666666666,2.943253000000001,0.0015937189909833464,0,8,11403264,my_ring_all_reduce,8,8
445,2.9476010000000024,2.9534259999999994,2.9497776666666673,2.9483060000000005,0.0025957668530802694,0,8,11436032,my_ring_all_reduce,8,8
446,2.958385000000002,2.9639869999999973,2.9603383333333326,2.958642999999999,0.0025821460497450588,0,8,11468800,my_ring_all_reduce,8,8
447,2.9670239999999986,2.9738430000000036,2.9703120000000016,2.970069000000003,0.0027891428790958444,0,8,11501568,my_ring_all_reduce,8,8
448,2.9732970000000023,2.9847549999999976,2.980135333333332,2.982353999999996,0.004933781668814674,0,8,11534336,my_ring_all_reduce,8,8
449,2.9907370000000046,2.9966890000000057,2.9928166666666693,2.9910239999999977,0.0027406588421217187,0,8,11567104,my_ring_all_reduce,8,8
450,2.990162000000001,3.006641999999998,2.998077666666667,2.9974290000000012,0.006743548834914103,0,8,11599872,my_ring_all_reduce,8,8
451,3.004243999999997,3.0111539999999994,3.007218999999998,3.0062589999999982,0.0029015197167471854,0,8,11632640,my_ring_all_reduce,8,8
452,3.0068649999999946,3.0144510000000047,3.0118583333333357,3.0142590000000076,0.003531689806442113,0,8,11665408,my_ring_all_reduce,8,8
453,3.0212030000000003,3.0264209999999987,3.024574666666665,3.026099999999995,0.0023877272783021744,0,8,11698176,my_ring_all_reduce,8,8
454,3.030800000000003,3.0318910000000017,3.0313893333333346,3.031476999999999,0.00044969199335575296,0,8,11730944,my_ring_all_reduce,8,8
455,3.0388699999999917,3.042934000000001,3.0413439999999987,3.042228000000003,0.001772966628756207,0,8,11763712,my_ring_all_reduce,8,8
456,3.041490000000016,3.0498790000000082,3.045694666666675,3.0457150000000004,0.00342482508879898,0,8,11796480,my_ring_all_reduce,8,8
457,3.048658000000014,3.055638,3.052970333333338,3.0546149999999996,0.0030777476973996402,0,8,11829248,my_ring_all_reduce,8,8
458,3.0565339999999996,3.0621300000000047,3.0596793333333334,3.0603739999999964,0.00233676775815704,0,8,11862016,my_ring_all_reduce,8,8
459,3.0640169999999998,3.0687859999999985,3.0666629999999997,3.067186000000001,0.001981747881710787,0,8,11894784,my_ring_all_reduce,8,8
460,3.072883,3.0741030000000067,3.073588000000003,3.073778000000002,0.0005158649694146889,0,8,11927552,my_ring_all_reduce,8,8
461,3.081298999999988,3.0851059999999926,3.082823999999994,3.082067,0.0016437962160806131,0,8,11960320,my_ring_all_reduce,8,8
462,3.075667999999998,3.0831230000000067,3.0796140000000016,3.0800509999999997,0.003059137460138183,0,8,11993088,my_ring_all_reduce,8,8
463,3.0845959999999977,3.0892980000000008,3.0868233333333333,3.086576000000001,0.0019275340608041482,0,8,12025856,my_ring_all_reduce,8,8
464,3.0883410000000113,3.0983859999999988,3.092947666666671,3.092116000000002,0.004142805678383724,0,8,12058624,my_ring_all_reduce,8,8
465,3.098004000000001,3.1003709999999955,3.0991873333333295,3.099186999999991,0.0009663237322716227,0,8,12091392,my_ring_all_reduce,8,8
466,3.1012950000000004,3.104242999999995,3.103026000000001,3.103540000000008,0.0012571987379348516,0,8,12124160,my_ring_all_reduce,8,8
467,3.1032869999999995,3.109583999999999,3.106056666666666,3.105298999999999,0.002625972370168429,0,8,12156928,my_ring_all_reduce,8,8
468,3.1148350000000065,3.121333000000001,3.11776866666667,3.117138000000003,0.002690019372088293,0,8,12189696,my_ring_all_reduce,8,8
469,3.114769,3.115825000000001,3.1152806666666657,3.115247999999996,0.00043172856699091395,0,8,12222464,my_ring_all_reduce,8,8
470,3.119603,3.123347000000005,3.1220673333333324,3.1232519999999933,0.0017429783577412718,0,8,12255232,my_ring_all_reduce,8,8
471,3.120817000000002,3.1290110000000024,3.1240083333333346,3.1221970000000003,0.0035820017991190956,0,8,12288000,my_ring_all_reduce,8,8
472,3.131698999999986,3.1360199999999967,3.1337253333333286,3.133457000000002,0.0017742157578967117,0,8,12320768,my_ring_all_reduce,8,8
473,3.1369489999999995,3.14101,3.1393256666666667,3.140018,0.001728665059775806,0,8,12353536,my_ring_all_reduce,8,8
474,3.144567000000001,3.146580000000002,3.1457916666666708,3.14622800000001,0.0008778125590877486,0,8,12386304,my_ring_all_reduce,8,8
475,3.163985999999999,3.1684340000000013,3.1666736666666666,3.167601,0.0019306538328310798,0,8,12419072,my_ring_all_reduce,8,8
476,3.170961999999985,3.181327999999994,3.176123999999993,3.1760820000000014,0.0042320059861366685,0,8,12451840,my_ring_all_reduce,8,8
477,3.1970119999999915,3.2081459999999997,3.203069999999997,3.204052,0.004598168620951157,0,8,12484608,my_ring_all_reduce,8,8
478,3.218993999999999,3.2354400000000023,3.2272070000000013,3.2271870000000016,0.006714066279090342,0,8,12517376,my_ring_all_reduce,8,8
479,3.2437299999999887,3.252079999999999,3.2492763333333294,3.252019,0.003921928975507999,0,8,12550144,my_ring_all_reduce,8,8
480,3.2717619999999954,3.278224000000001,3.2749926666666647,3.2749919999999983,0.002638100495097673,0,8,12582912,my_ring_all_reduce,8,8
481,3.2932350000000006,3.300659999999998,3.295987333333334,3.2940670000000027,0.0033214872505467384,0,8,12615680,my_ring_all_reduce,8,8
482,3.3109939999999987,3.31413,3.3127973333333336,3.313268000000002,0.001322817531719515,0,8,12648448,my_ring_all_reduce,8,8
483,3.3276039999999996,3.3395359999999963,3.3343649999999996,3.335955000000002,0.004999282015115566,0,8,12681216,my_ring_all_reduce,8,8
484,3.350449999999999,3.3529150000000008,3.351645999999999,3.3515729999999966,0.0010076550335646806,0,8,12713984,my_ring_all_reduce,8,8
485,3.366384000000002,3.372431000000004,3.3699260000000018,3.3709630000000006,0.0025752772019085163,0,8,12746752,my_ring_all_reduce,8,8
486,3.3908040000000037,3.405906999999999,3.3969363333333344,3.394098000000001,0.006484198965346458,0,8,12779520,my_ring_all_reduce,8,8
487,3.411985999999997,3.4216180000000023,3.4156020000000016,3.413202000000005,0.004282822745185106,0,8,12812288,my_ring_all_reduce,8,8
488,3.4330120000000006,3.4391840000000014,3.436412666666669,3.437042000000005,0.002558702970040095,0,8,12845056,my_ring_all_reduce,8,8
489,3.4579379999999875,3.4598240000000016,3.458630666666661,3.458129999999994,0.0008474468846076756,0,8,12877824,my_ring_all_reduce,8,8
490,3.4695539999999983,3.481363000000002,3.4737143333333367,3.4702260000000096,0.005415377631235213,0,8,12910592,my_ring_all_reduce,8,8
491,3.499633999999991,3.504497000000007,3.5022686666666663,3.5026750000000013,0.002005994738007851,0,8,12943360,my_ring_all_reduce,8,8
492,3.518418999999998,3.5233489999999947,3.520851666666663,3.520786999999997,0.002013183438127343,0,8,12976128,my_ring_all_reduce,8,8
493,3.5428970000000044,3.551537000000002,3.5467376666666683,3.545778999999998,0.0035918130364601714,0,8,13008896,my_ring_all_reduce,8,8
494,3.5616169999999983,3.5656500000000007,3.5638796666666672,3.564372000000003,0.0016828678564363496,0,8,13041664,my_ring_all_reduce,8,8
495,3.576114000000009,3.5797600000000003,3.577394666666668,3.576309999999994,0.0016744561969644523,0,8,13074432,my_ring_all_reduce,8,8
496,3.6138750000000073,3.622032000000003,3.61763766666667,3.6170059999999995,0.0033599022141841744,0,8,13107200,my_ring_all_reduce,8,8
497,3.60341,3.6330720000000074,3.616038333333336,3.6116330000000016,0.012503700314532361,0,8,13139968,my_ring_all_reduce,8,8
498,3.6215510000000015,3.6275119999999954,3.624297,3.6238280000000014,0.0024560606670005008,0,8,13172736,my_ring_all_reduce,8,8
499,3.630386999999998,3.630867000000002,3.630621333333334,3.630610000000001,0.00019612297729450757,0,8,13205504,my_ring_all_reduce,8,8
500,3.627473999999995,3.6328519999999953,3.6306103333333297,3.6315049999999975,0.0022848839990010227,0,8,13238272,my_ring_all_reduce,8,8
501,3.6242440000000045,3.632626,3.6292989999999996,3.6310269999999947,0.003633544550432693,0,8,13271040,my_ring_all_reduce,8,8
502,3.628046000000002,3.633810000000005,3.630917333333335,3.630895999999998,0.002353191497143319,0,8,13303808,my_ring_all_reduce,8,8
503,3.631443999999999,3.6396649999999973,3.6343006666666633,3.6317929999999943,0.003795831427003091,0,8,13336576,my_ring_all_reduce,8,8
504,3.6271219999999884,3.634447999999997,3.6311213333333288,3.6317939999999997,0.0030284131525018,0,8,13369344,my_ring_all_reduce,8,8
505,3.6268019999999925,3.6376519999999983,3.6324243333333315,3.632819000000003,0.004438276417211816,0,8,13402112,my_ring_all_reduce,8,8
506,3.6342889999999897,3.6401150000000015,3.637543333333332,3.638226000000006,0.0024269451763310945,0,8,13434880,my_ring_all_reduce,8,8
507,3.635153999999995,3.6393439999999972,3.637318999999998,3.6374590000000024,0.0017134225009232938,0,8,13467648,my_ring_all_reduce,8,8
508,3.6340960000000013,3.6422870000000014,3.6381490000000025,3.6380640000000057,0.003344501856280929,0,8,13500416,my_ring_all_reduce,8,8
509,3.6384500000000046,3.641936999999998,3.6397830000000018,3.6389620000000034,0.0015373837083363859,0,8,13533184,my_ring_all_reduce,8,8
510,3.633586999999996,3.6460329999999996,3.640199333333333,3.6409780000000027,0.00511080361152467,0,8,13565952,my_ring_all_reduce,8,8
511,3.6425139999999994,3.6434750000000022,3.642951333333334,3.642865,0.00039704771613731165,0,8,13598720,my_ring_all_reduce,8,8
512,3.6330750000000007,3.6453619999999973,3.6384176666666677,3.6368160000000063,0.00514241151816933,0,8,13631488,my_ring_all_reduce,8,8
513,3.6371689999999943,3.643278999999993,3.640719999999996,3.6417119999999996,0.0025911481367664017,0,8,13664256,my_ring_all_reduce,8,8
514,3.6394729999999984,3.644114999999999,3.642353666666665,3.6434729999999975,0.0020537317795228578,0,8,13697024,my_ring_all_reduce,8,8
515,3.6346730000000043,3.638609999999999,3.6367423333333306,3.6369439999999886,0.0016135869635319476,0,8,13729792,my_ring_all_reduce,8,8
516,3.638194000000003,3.644626,3.6419483333333353,3.6430250000000024,0.0027339915061224923,0,8,13762560,my_ring_all_reduce,8,8
517,3.6401439999999985,3.6531390000000004,3.646673666666667,3.6467380000000014,0.005305381565501555,0,8,13795328,my_ring_all_reduce,8,8
518,3.6375850000000027,3.6418139999999988,3.6400076666666688,3.6406240000000034,0.0017806385246734015,0,8,13828096,my_ring_all_reduce,8,8
519,3.638381999999998,3.6417760000000055,3.639856000000005,3.639410000000011,0.0014210315502030835,0,8,13860864,my_ring_all_reduce,8,8
520,3.6432459999999955,3.6530419999999997,3.6466616666666645,3.643696999999998,0.004515332422856732,0,8,13893632,my_ring_all_reduce,8,8
521,3.641908999999998,3.6483359999999996,3.6445936666666685,3.643536000000007,0.0027283177152878074,0,8,13926400,my_ring_all_reduce,8,8
522,3.647760000000002,3.6515730000000004,3.6500456666666685,3.650804000000002,0.0016464192121754728,0,8,13959168,my_ring_all_reduce,8,8
523,3.644369999999999,3.6500980000000056,3.647739666666668,3.6487510000000003,0.0024453482823993604,0,8,13991936,my_ring_all_reduce,8,8
524,3.6439219999999914,3.651507000000005,3.64833833333333,3.6495859999999958,0.003219788847464122,0,8,14024704,my_ring_all_reduce,8,8
525,3.648976999999999,3.653844000000001,3.6518483333333323,3.6527239999999974,0.0020811881755920525,0,8,14057472,my_ring_all_reduce,8,8
526,3.6472149999999894,3.6550569999999936,3.651205666666661,3.6513450000000014,0.003202998733827503,0,8,14090240,my_ring_all_reduce,8,8
527,3.652370999999994,3.6598569999999966,3.655899999999996,3.655471999999998,0.0030710950272944703,0,8,14123008,my_ring_all_reduce,8,8
528,3.649074999999997,3.6561749999999993,3.6528189999999996,3.6532070000000023,0.0029115182751740893,0,8,14155776,my_ring_all_reduce,8,8
529,3.6451680000000017,3.658451000000002,3.6512816666666645,3.6502259999999898,0.0054738984482937255,0,8,14188544,my_ring_all_reduce,8,8
530,3.648561,3.6525339999999997,3.6502273333333335,3.6495870000000012,0.001683983834707051,0,8,14221312,my_ring_all_reduce,8,8
531,3.6504819999999993,3.658193000000003,3.655270666666668,3.6571370000000005,0.0034134323227846,0,8,14254080,my_ring_all_reduce,8,8
532,3.6447210000000014,3.6495850000000027,3.647579333333333,3.6484319999999935,0.0020752356224983492,0,8,14286848,my_ring_all_reduce,8,8
533,3.648336000000003,3.6557910000000047,3.651696333333333,3.6509619999999923,0.0030874682544492268,0,8,14319616,my_ring_all_reduce,8,8
534,3.652885000000002,3.6586089999999967,3.6552286666666647,3.6541919999999957,0.0024490885833062487,0,8,14352384,my_ring_all_reduce,8,8
535,3.653872999999996,3.6590579999999955,3.6568393333333318,3.657587000000003,0.0021817898360959897,0,8,14385152,my_ring_all_reduce,8,8
536,3.6501950000000107,3.6621950000000005,3.6573840000000035,3.659761999999999,0.005179521406457206,0,8,14417920,my_ring_all_reduce,8,8
537,3.6535840000000026,3.6618079999999975,3.6572226666666694,3.656276000000009,0.0034235145034797153,0,8,14450688,my_ring_all_reduce,8,8
538,3.6546089999999984,3.6611369999999943,3.65769233333333,3.6573309999999983,0.00267726444134296,0,8,14483456,my_ring_all_reduce,8,8
539,3.6577769999999945,3.6605929999999938,3.659281333333329,3.6594739999999986,0.0011576713216145443,0,8,14516224,my_ring_all_reduce,8,8
540,3.653042000000005,3.657874,3.6552400000000023,3.654804000000002,0.001996601779689386,0,8,14548992,my_ring_all_reduce,8,8
541,3.653808999999994,3.660180000000004,3.6573836666666604,3.658161999999982,0.002658541245790219,0,8,14581760,my_ring_all_reduce,8,8
542,3.6542569999999976,3.6635690000000034,3.6593030000000026,3.660083000000006,0.0038414091164598327,0,8,14614528,my_ring_all_reduce,8,8
543,3.650834000000001,3.656528999999995,3.654354,3.6556990000000043,0.00251197465486037,0,8,14647296,my_ring_all_reduce,8,8
544,3.6557339999999967,3.6603099999999977,3.6575453333333354,3.6565920000000114,0.00198604755453676,0,8,14680064,my_ring_all_reduce,8,8
545,3.661203000000002,3.6643029999999928,3.6632293333333315,3.6641819999999994,0.001433685305618706,0,8,14712832,my_ring_all_reduce,8,8
546,3.6518280000000014,3.660177999999996,3.6573093333333335,3.6599220000000026,0.00387729676736437,0,8,14745600,my_ring_all_reduce,8,8
547,3.656050000000003,3.664851999999992,3.659474333333332,3.657521000000001,0.0038497129185846787,0,8,14778368,my_ring_all_reduce,8,8
548,3.660211999999996,3.6680180000000076,3.6652033333333347,3.667380000000002,0.0035390033750929066,0,8,14811136,my_ring_all_reduce,8,8
549,3.662963,3.664144999999997,3.663387666666667,3.663055000000004,0.0005368310307285824,0,8,14843904,my_ring_all_reduce,8,8
550,3.6647550000000084,3.669554,3.6666423333333333,3.6656179999999914,0.0020887866227911455,0,8,14876672,my_ring_all_reduce,8,8
551,3.671566999999999,3.6768180000000004,3.674992666666666,3.6765929999999973,0.002424053125563697,0,8,14909440,my_ring_all_reduce,8,8
552,3.6604340000000084,3.6709609999999993,3.6665130000000032,3.6681440000000003,0.0044496856068675286,0,8,14942208,my_ring_all_reduce,8,8
553,3.667507000000005,3.6799529999999976,3.675004333333335,3.6775530000000036,0.005391196857426834,0,8,14974976,my_ring_all_reduce,8,8
554,3.672722000000007,3.682036,3.6776503333333306,3.6781929999999847,0.0038217373303504514,0,8,15007744,my_ring_all_reduce,8,8
555,3.6858730000000013,3.6890090000000018,3.687345333333333,3.687153999999995,0.001287395389493917,0,8,15040512,my_ring_all_reduce,8,8
556,3.68901400000001,3.6973609999999972,3.6924990000000038,3.691122000000005,0.0035440277463120898,0,8,15073280,my_ring_all_reduce,8,8
557,3.69541,3.7026119999999976,3.6989089999999982,3.6987049999999964,0.002943740590925343,0,8,15106048,my_ring_all_reduce,8,8
558,3.697072999999993,3.714514999999998,3.70366533333333,3.6994079999999987,0.0077308691332588384,0,8,15138816,my_ring_all_reduce,8,8
559,3.7129490000000005,3.7284350000000086,3.7204133333333353,3.719855999999998,0.0063344041726327,0,8,15171584,my_ring_all_reduce,8,8
560,3.7164300000000003,3.740562000000002,3.7289019999999975,3.7297139999999893,0.00986856504259897,0,8,15204352,my_ring_all_reduce,8,8
561,3.728562999999991,3.7381300000000195,3.7337236666666715,3.7344780000000046,0.0039419653586732035,0,8,15237120,my_ring_all_reduce,8,8
562,3.737841999999997,3.7498099999999996,3.7431859999999992,3.741906,0.004969041222074499,0,8,15269888,my_ring_all_reduce,8,8
563,3.743091000000004,3.7460659999999955,3.7448079999999986,3.745266999999996,0.0012571573754534084,0,8,15302656,my_ring_all_reduce,8,8
564,3.7513769999999997,3.7588980000000083,3.7557826666666707,3.757073000000004,0.003203131835497419,0,8,15335424,my_ring_all_reduce,8,8
565,3.7633810000000003,3.767856999999989,3.7660039999999984,3.766774000000005,0.001906710780372495,0,8,15368192,my_ring_all_reduce,8,8
566,3.762354000000007,3.7715390000000006,3.7675600000000036,3.768787000000004,0.0038488269208484705,0,8,15400960,my_ring_all_reduce,8,8
567,3.7759549999999984,3.7898400000000003,3.783911666666667,3.7859400000000023,0.00584715932930129,0,8,15433728,my_ring_all_reduce,8,8
568,3.782863000000003,3.7956679999999943,3.789511333333333,3.790003000000001,0.005239167130583431,0,8,15466496,my_ring_all_reduce,8,8
569,3.788688000000002,3.7950920000000044,3.792316666666668,3.793169999999998,0.002683149558924758,0,8,15499264,my_ring_all_reduce,8,8
570,3.8060020000000003,3.809746999999985,3.807377999999996,3.806385000000002,0.0016824175066378732,0,8,15532032,my_ring_all_reduce,8,8
571,3.809395999999997,3.8241440000000075,3.8180976666666684,3.8207530000000007,0.006306820241263044,0,8,15564800,my_ring_all_reduce,8,8
572,3.8147710000000155,3.823252000000001,3.8191223333333455,3.819344000000019,0.0034658998190248173,0,8,15597568,my_ring_all_reduce,8,8
573,3.824623999999989,3.832688000000002,3.829414333333331,3.830931000000004,0.0034623914985068456,0,8,15630336,my_ring_all_reduce,8,8
574,3.834960000000001,3.848307000000008,3.841553333333333,3.8413929999999894,0.005450069255424386,0,8,15663104,my_ring_all_reduce,8,8
575,3.8452359999999937,3.8500679999999994,3.8481796666666654,3.849235000000004,0.0021090838980238535,0,8,15695872,my_ring_all_reduce,8,8
576,3.851535,3.8573930000000036,3.854257000000002,3.853843000000001,0.002409368935359163,0,8,15728640,my_ring_all_reduce,8,8
577,3.8511849999999987,3.8617139999999965,3.8575326666666654,3.8596990000000004,0.004563237909885753,0,8,15761408,my_ring_all_reduce,8,8
578,3.8554410000000026,3.860912999999997,3.8586953333333334,3.859732,0.002351128003507871,0,8,15794176,my_ring_all_reduce,8,8
579,3.8676659999999976,3.8774890000000086,3.87244466666667,3.8721790000000036,0.004014620474664018,0,8,15826944,my_ring_all_reduce,8,8
580,3.866678,3.8773619999999975,3.872254333333332,3.8727229999999984,0.004374296159255862,0,8,15859712,my_ring_all_reduce,8,8
581,3.8837319999999975,3.886892999999993,3.8857123333333283,3.8865119999999953,0.0014089192863861488,0,8,15892480,my_ring_all_reduce,8,8
582,3.879858000000004,3.892784999999993,3.887324333333332,3.8893299999999984,0.005464665670362701,0,8,15925248,my_ring_all_reduce,8,8
583,3.8908320000000023,3.894033000000001,3.8927740000000015,3.8934570000000015,0.0013931898650215329,0,8,15958016,my_ring_all_reduce,8,8
584,3.8952799999999987,3.9036990000000005,3.8996546666666667,3.8999850000000005,0.003444970278859786,0,8,15990784,my_ring_all_reduce,8,8
585,3.900270999999995,3.9103220000000003,3.906417333333334,3.908659000000007,0.004398821988773845,0,8,16023552,my_ring_all_reduce,8,8
586,3.903120999999999,3.912114000000005,3.9080283333333306,3.9088499999999877,0.003717065539135994,0,8,16056320,my_ring_all_reduce,8,8
587,3.911251000000004,3.915890000000003,3.9128386666666706,3.9113750000000036,0.002158212274596954,0,8,16089088,my_ring_all_reduce,8,8
588,3.917843000000008,3.9188650000000016,3.918268333333336,3.918096999999998,0.00043446314253433585,0,8,16121856,my_ring_all_reduce,8,8
589,3.9178420000000007,3.9233139999999986,3.921341333333332,3.922867999999995,0.002481092411730551,0,8,16154624,my_ring_all_reduce,8,8
590,3.9265160000000034,3.935569000000003,3.931794000000003,3.9332970000000023,0.0038456433358626573,0,8,16187392,my_ring_all_reduce,8,8
591,3.9287199999999975,3.9354760000000097,3.9314536666666684,3.9301649999999975,0.0029047524660324613,0,8,16220160,my_ring_all_reduce,8,8
592,3.927729000000003,3.9388340000000035,3.9330946666666677,3.9327209999999977,0.004541290296331991,0,8,16252928,my_ring_all_reduce,8,8
593,3.9275379999999895,3.9372030000000158,3.9337356666666685,3.9364660000000002,0.004392728562329154,0,8,16285696,my_ring_all_reduce,8,8
594,3.935986000000003,3.942771,3.9389843333333356,3.9381960000000036,0.002825497989537655,0,8,16318464,my_ring_all_reduce,8,8
595,3.931409,3.9415829999999987,3.9364873333333334,3.9364700000000012,0.004153536190872156,0,8,16351232,my_ring_all_reduce,8,8
596,3.929874999999993,3.9319230000000025,3.930940999999999,3.9310250000000013,0.0008381996580012555,0,8,16384000,my_ring_all_reduce,8,8
597,3.9327539999999934,3.938385000000002,3.934972333333331,3.9337779999999976,0.002449062995427401,0,8,16416768,my_ring_all_reduce,8,8
598,3.9295839999999997,3.942766000000007,3.937456333333335,3.9400189999999986,0.005678422687881339,0,8,16449536,my_ring_all_reduce,8,8
599,3.9332679999999964,3.9484320000000044,3.941607,3.943120999999999,0.00628256163254334,0,8,16482304,my_ring_all_reduce,8,8
600,3.9469279999999998,3.9551559999999957,3.9505246666666634,3.9494899999999946,0.003437818817537238,0,8,16515072,my_ring_all_reduce,8,8
601,3.9588350000000028,3.9663859999999986,3.9636973333333336,3.9658709999999995,0.003444611282696019,0,8,16547840,my_ring_all_reduce,8,8
602,3.987984999999998,4.000530999999995,3.996263666666664,4.000274999999999,0.005854834203933681,0,8,16580608,my_ring_all_reduce,8,8
603,4.006931000000004,4.022674999999996,4.014397333333332,4.013585999999996,0.00645301378340757,0,8,16613376,my_ring_all_reduce,8,8
604,4.035634000000005,4.038898999999998,4.037756666666673,4.038737000000015,0.0015024083628927076,0,8,16646144,my_ring_all_reduce,8,8
605,4.060818000000003,4.067283000000003,4.063539333333336,4.062517,0.002736534345157279,0,8,16678912,my_ring_all_reduce,8,8
606,4.085684999999997,4.091151999999998,4.089223333333333,4.090833000000003,0.0025053665511383773,0,8,16711680,my_ring_all_reduce,8,8
607,4.107375,4.1095189999999935,4.10822933333333,4.107793999999998,0.000927836312189257,0,8,16744448,my_ring_all_reduce,8,8
608,4.1335200000000025,4.1390559999999965,4.135463666666669,4.1338150000000065,0.0025430166251003633,0,8,16777216,my_ring_all_reduce,8,8
609,4.124335000000003,4.128563000000002,4.126555000000003,4.126767000000004,0.0017325711144614033,0,8,16777216,my_ring_all_reduce,8,8
610,4.203443999999996,4.211984000000012,4.20880766666667,4.210995000000002,0.0038141159162072636,0,8,16908288,my_ring_all_reduce,8,8
611,4.286896,4.294417999999996,4.2916116666666655,4.293521000000001,0.003354527918433587,0,8,17039360,my_ring_all_reduce,8,8
612,4.356048999999977,4.358637999999996,4.357477666666657,4.357746,0.00107385049653428,0,8,17170432,my_ring_all_reduce,8,8
613,4.390766999999992,4.3955039999999865,4.392699333333325,4.3918269999999975,0.0020298631043024567,0,8,17301504,my_ring_all_reduce,8,8
614,4.388398000000001,4.400270999999998,4.395151333333332,4.396784999999998,0.004982882855891865,0,8,17432576,my_ring_all_reduce,8,8
615,4.388148000000008,4.395662000000011,4.391590333333341,4.3909610000000034,0.0030996875469794303,0,8,17563648,my_ring_all_reduce,8,8
616,4.394960999999992,4.396718999999997,4.396059666666663,4.396499,0.0007820491601513642,0,8,17694720,my_ring_all_reduce,8,8
617,4.3949300000000004,4.396625999999999,4.396007333333333,4.396466000000001,0.0007645849999978123,0,8,17825792,my_ring_all_reduce,8,8
618,4.395983999999999,4.401746000000006,4.398085000000007,4.3965250000000164,0.0025981225272621654,0,8,17956864,my_ring_all_reduce,8,8
619,4.401233999999999,4.402161000000004,4.401543666666671,4.4012360000000115,0.00043652134986554,0,8,18087936,my_ring_all_reduce,8,8
620,4.398672999999998,4.405683999999994,4.401521666666665,4.400208000000003,0.0030091881887877657,0,8,18219008,my_ring_all_reduce,8,8
621,4.407087,4.412559999999997,4.409467333333332,4.4087549999999975,0.0022904142759666204,0,8,18350080,my_ring_all_reduce,8,8
622,4.408753999999997,4.4175840000000015,4.413306666666663,4.4135819999999875,0.003610085994668104,0,8,18481152,my_ring_all_reduce,8,8
623,4.415058000000005,4.429777999999999,4.422171333333332,4.421677999999993,0.006019531174064179,0,8,18612224,my_ring_all_reduce,8,8
624,4.4381969999999855,4.445582999999991,4.441863333333326,4.441809999999999,0.003015557696718101,0,8,18743296,my_ring_all_reduce,8,8
625,4.461010000000002,4.4763029999999855,4.470128999999998,4.4730740000000075,0.006581475569096298,0,8,18874368,my_ring_all_reduce,8,8
626,4.4998260000000085,4.506994999999988,4.504112666666665,4.505516999999999,0.0030906045075639703,0,8,19005440,my_ring_all_reduce,8,8
627,4.532117000000006,4.5332639999999955,4.532561333333329,4.5323029999999855,0.0005026293089553357,0,8,19136512,my_ring_all_reduce,8,8
628,4.558223999999998,4.566896999999994,4.562362999999998,4.561968000000001,0.0035517367582614586,0,8,19267584,my_ring_all_reduce,8,8
629,4.584944999999999,4.600333999999996,4.591354666666661,4.588784999999989,0.006540016326856631,0,8,19398656,my_ring_all_reduce,8,8
630,4.6164320000000005,4.628111,4.622489000000001,4.622923999999999,0.004777843237277288,0,8,19529728,my_ring_all_reduce,8,8
631,4.6446550000000135,4.652081000000006,4.649423666666672,4.651534999999996,0.0033793160386166488,0,8,19660800,my_ring_all_reduce,8,8
632,4.670003000000019,4.6793089999999955,4.675985000000005,4.678643,0.004238642235423325,0,8,19791872,my_ring_all_reduce,8,8
633,4.692847000000009,4.702831000000006,4.69788166666667,4.697966999999997,0.004076397538130593,0,8,19922944,my_ring_all_reduce,8,8
634,4.7162070000000025,4.727633999999995,4.721359666666665,4.7202379999999975,0.004731996360472723,0,8,20054016,my_ring_all_reduce,8,8
635,4.740974000000002,4.747469999999997,4.744750333333332,4.745806999999999,0.002755226830748714,0,8,20185088,my_ring_all_reduce,8,8
636,4.758962000000007,4.770893999999993,4.766479333333332,4.769581999999995,0.005342475165017233,0,8,20316160,my_ring_all_reduce,8,8
637,4.760557,4.7698379999999965,4.7652406666666645,4.765326999999997,0.0037894441398279985,0,8,20447232,my_ring_all_reduce,8,8
638,4.761775000000004,4.772143000000008,4.768271000000003,4.770895,0.00462153567550927,0,8,20578304,my_ring_all_reduce,8,8
639,4.803955000000002,4.812623000000002,4.80736566666667,4.805519000000007,0.003771930481272059,0,8,20709376,my_ring_all_reduce,8,8
640,4.897197000000004,4.901228999999992,4.899310333333336,4.899505000000012,0.0016518025171131467,0,8,20840448,my_ring_all_reduce,8,8
641,4.973009,4.987629000000003,4.981315666666667,4.983308999999998,0.006132760842847516,0,8,20971520,my_ring_all_reduce,8,8
642,5.051757999999994,5.058607000000007,5.055321000000002,5.055598000000005,0.0028029445231811047,0,8,21102592,my_ring_all_reduce,8,8
643,5.129006000000005,5.129197999999997,5.129122666666669,5.129164000000005,8.365537772209934e-05,0,8,21233664,my_ring_all_reduce,8,8
644,5.146415000000008,5.158252000000008,5.151139000000005,5.14875,0.00511918828201108,0,8,21364736,my_ring_all_reduce,8,8
645,5.146697999999997,5.163533000000011,5.154487666666671,5.153232000000004,0.0069299750039688275,0,8,21495808,my_ring_all_reduce,8,8
646,5.149068000000007,5.162703000000001,5.156301000000003,5.157132000000002,0.005597393857856858,0,8,21626880,my_ring_all_reduce,8,8
647,5.155054000000011,5.16836500000002,5.160109666666679,5.156910000000003,0.005886372982487079,0,8,21757952,my_ring_all_reduce,8,8
648,5.153421999999999,5.163784999999996,5.158423333333334,5.158063000000006,0.004238342626807177,0,8,21889024,my_ring_all_reduce,8,8
649,5.156493999999999,5.166382999999998,5.162478999999999,5.164560000000002,0.004296975758212886,0,8,22020096,my_ring_all_reduce,8,8
650,5.151182,5.16264,5.156687000000002,5.156239000000006,0.004688423260186984,0,8,22151168,my_ring_all_reduce,8,8
651,5.160336000000003,5.165008000000016,5.162415666666667,5.161902999999984,0.0019414799051888588,0,8,22282240,my_ring_all_reduce,8,8
652,5.178095000000009,5.191278999999999,5.183108333333332,5.179950999999987,0.005827007770335316,0,8,22413312,my_ring_all_reduce,8,8
653,5.204303999999989,5.219597000000006,5.210788666666667,5.208465000000006,0.006455929178331143,0,8,22544384,my_ring_all_reduce,8,8
654,5.240173999999995,5.267822,5.254435999999997,5.255311999999998,0.011304232481687665,0,8,22675456,my_ring_all_reduce,8,8
655,5.2893239999999935,5.294061000000002,5.290968666666665,5.289521000000001,0.0021880884097539126,0,8,22806528,my_ring_all_reduce,8,8
656,5.336558000000005,5.349420999999995,5.342574,5.341743000000002,0.005284071220813065,0,8,22937600,my_ring_all_reduce,8,8
657,5.375503000000012,5.3801409999999965,5.378371333333335,5.379469999999998,0.0020466333873447166,0,8,23068672,my_ring_all_reduce,8,8
658,5.400175000000018,5.407853000000001,5.40528266666668,5.407820000000021,0.00361169086286004,0,8,23199744,my_ring_all_reduce,8,8
659,5.428813000000002,5.437037999999999,5.433773999999999,5.435470999999994,0.003565811081178228,0,8,23330816,my_ring_all_reduce,8,8
660,5.465421999999991,5.508909000000004,5.488866666666663,5.492268999999993,0.01791576021893546,0,8,23461888,my_ring_all_reduce,8,8
661,5.457840000000002,5.46762999999999,5.463235999999995,5.464237999999994,0.004059066230874619,0,8,23592960,my_ring_all_reduce,8,8
662,5.500719000000012,5.506127000000015,5.502777666666675,5.501486999999999,0.0023889999767492255,0,8,23724032,my_ring_all_reduce,8,8
663,5.52449600000001,5.526959000000002,5.525413333333337,5.524785000000003,0.001099301091095617,0,8,23855104,my_ring_all_reduce,8,8
664,5.5503510000000045,5.555696,5.552623666666672,5.551824000000008,0.0022541600554408224,0,8,23986176,my_ring_all_reduce,8,8
665,5.5758220000000005,5.576843999999998,5.576471666666667,5.5767490000000075,0.0004610179557849713,0,8,24117248,my_ring_all_reduce,8,8
666,5.603051999999998,5.609135000000002,5.605165999999998,5.603310999999994,0.002808497937809724,0,8,24248320,my_ring_all_reduce,8,8
667,5.614793000000005,5.616973999999995,5.615637666666667,5.615146000000001,0.0009558564513291429,0,8,24379392,my_ring_all_reduce,8,8
668,5.615949999999997,5.619853999999998,5.618265000000001,5.618991000000009,0.001674437417962767,0,8,24510464,my_ring_all_reduce,8,8
669,5.614540000000001,5.619820000000002,5.616909000000003,5.616367000000006,0.0021893565264707016,0,8,24641536,my_ring_all_reduce,8,8
670,5.6184119999999895,5.619564000000006,5.618977666666669,5.61895700000001,0.00047052901670527114,0,8,24772608,my_ring_all_reduce,8,8
671,5.678893000000004,5.693933999999998,5.68892,5.693933,0.007090159706708594,0,8,24903680,my_ring_all_reduce,8,8
672,5.770090000000011,5.779884999999988,5.774061000000002,5.772208000000006,0.004207985503767193,0,8,25034752,my_ring_all_reduce,8,8
673,5.8388300000000015,5.846893000000011,5.843715000000002,5.845421999999991,0.003506030899275635,0,8,25165824,my_ring_all_reduce,8,8
674,5.918058999999987,5.935530999999996,5.925420333333328,5.922671000000001,0.007393096840223388,0,8,25296896,my_ring_all_reduce,8,8
675,5.933007999999988,5.937933000000008,5.934829999999998,5.933548999999999,0.002205240274142276,0,8,25427968,my_ring_all_reduce,8,8
676,5.9379979999999986,5.946990000000002,5.943895666666667,5.946699000000002,0.00417197190253845,0,8,25559040,my_ring_all_reduce,8,8
677,5.93370900000001,5.940394999999997,5.93804866666667,5.940042000000002,0.0030719898364942543,0,8,25690112,my_ring_all_reduce,8,8
678,5.933610999999994,5.938348999999987,5.936021999999993,5.936106,0.0019351921523861311,0,8,25821184,my_ring_all_reduce,8,8
679,5.9390549999999935,5.954572999999997,5.944450666666665,5.939724000000005,0.007162779457413394,0,8,25952256,my_ring_all_reduce,8,8
680,5.9519469999999925,5.964492999999995,5.957942666666663,5.957388000000003,0.005136877802280419,0,8,26083328,my_ring_all_reduce,8,8
681,5.966093000000004,5.998828000000003,5.978381333333336,5.970223000000002,0.01455595773405359,0,8,26214400,my_ring_all_reduce,8,8
682,6.0007809999999955,6.02295900000001,6.013742000000003,6.0174860000000026,0.009433241683894948,0,8,26345472,my_ring_all_reduce,8,8
683,6.048810999999987,6.061581999999995,6.054454666666655,6.0529709999999834,0.005318242838469303,0,8,26476544,my_ring_all_reduce,8,8
684,6.08279600000001,6.105260000000024,6.0972496666666816,6.1036930000000105,0.010240287506818454,0,8,26607616,my_ring_all_reduce,8,8
685,6.12996499999999,6.133480000000005,6.132096333333333,6.132844000000005,0.0015292831290871307,0,8,26738688,my_ring_all_reduce,8,8
686,6.145641000000003,6.166285000000004,6.155820666666671,6.155536000000008,0.0084302811472825,0,8,26869760,my_ring_all_reduce,8,8
687,6.180589999999997,6.194125000000004,6.185144333333337,6.180718000000009,0.006350505299231242,0,8,27000832,my_ring_all_reduce,8,8
688,6.200974999999995,6.211343999999998,6.2063180000000004,6.206635000000009,0.004239057049236074,0,8,27131904,my_ring_all_reduce,8,8
689,6.235917000000009,6.2425090000000125,6.238178666666671,6.236109999999994,0.003063021638119336,0,8,27262976,my_ring_all_reduce,8,8
690,6.259918000000005,6.267884999999995,6.265047666666665,6.267339999999996,0.0036340396561113527,0,8,27394048,my_ring_all_reduce,8,8
691,6.283946999999996,6.290126000000004,6.287532666666666,6.288524999999998,0.0026183397199188675,0,8,27525120,my_ring_all_reduce,8,8
692,6.2970680000000065,6.309229999999982,6.301911666666665,6.2994370000000055,0.005264443138209014,0,8,27656192,my_ring_all_reduce,8,8
693,6.320075999999998,6.337578999999998,6.328118333333333,6.326700000000004,0.007215608282666522,0,8,27787264,my_ring_all_reduce,8,8
694,6.345994999999981,6.362122999999985,6.354496999999992,6.355373000000011,0.006613301142397862,0,8,27918336,my_ring_all_reduce,8,8
695,6.375596000000005,6.377962999999989,6.377057666666661,6.377613999999987,0.0010433287539755873,0,8,28049408,my_ring_all_reduce,8,8
696,6.4066350000000005,6.406859000000004,6.406752333333334,6.406762999999999,9.175813618318761e-05,0,8,28180480,my_ring_all_reduce,8,8
697,6.430539000000012,6.449805999999997,6.440129666666667,6.440043999999994,0.00786595306084775,0,8,28311552,my_ring_all_reduce,8,8
698,6.439498999999996,6.45197800000001,6.446933666666666,6.449323999999994,0.0053675960064941955,0,8,28442624,my_ring_all_reduce,8,8
699,6.445388000000007,6.453361000000012,6.449336000000002,6.449258999999991,0.00325541896945404,0,8,28573696,my_ring_all_reduce,8,8
700,6.441390999999996,6.452524000000012,6.445324666666664,6.442058999999987,0.0050979967525475135,0,8,28704768,my_ring_all_reduce,8,8
701,6.443756000000001,6.446763000000014,6.44551633333333,6.446029999999977,0.0012802089239226315,0,8,28835840,my_ring_all_reduce,8,8
702,6.451021000000023,6.460046000000002,6.455149666666679,6.454382000000012,0.0037242126982973255,0,8,28966912,my_ring_all_reduce,8,8
703,6.500073000000004,6.512939999999995,6.505941000000001,6.504810000000005,0.005313460454351513,0,8,29097984,my_ring_all_reduce,8,8
704,6.580301999999982,6.5892620000000095,6.585484333333327,6.586888999999992,0.00379035762019471,0,8,29229056,my_ring_all_reduce,8,8
705,6.649675999999992,6.654506999999998,6.651594999999997,6.650601999999999,0.0020935101305398444,0,8,29360128,my_ring_all_reduce,8,8
706,6.6674030000000135,6.66858800000001,6.667915333333339,6.667754999999994,0.000496881161737434,0,8,29491200,my_ring_all_reduce,8,8
707,6.6711450000000045,6.689001000000011,6.67711833333334,6.671209000000003,0.008402354802213423,0,8,29622272,my_ring_all_reduce,8,8
708,6.681130999999994,6.696812000000006,6.689387666666669,6.690220000000009,0.006428738825691498,0,8,29753344,my_ring_all_reduce,8,8
709,6.685259999999995,6.691566000000035,6.689281333333347,6.691018000000008,0.0028522993453758607,0,8,29884416,my_ring_all_reduce,8,8
710,6.7091960000000075,6.718380000000005,6.712555000000012,6.710089000000022,0.004134999476013673,0,8,30015488,my_ring_all_reduce,8,8
711,6.745834999999992,6.752966999999946,6.749472333333309,6.749614999999991,0.002913373912742527,0,8,30146560,my_ring_all_reduce,8,8
712,6.768173999999999,6.8102810000000025,6.788523666666667,6.787116,0.01721890446250675,0,8,30277632,my_ring_all_reduce,8,8
713,6.794061000000009,6.816039000000004,6.808426666666669,6.815179999999994,0.010164111842923743,0,8,30408704,my_ring_all_reduce,8,8
714,6.84583600000001,6.8645859999999885,6.856276333333326,6.8584069999999775,0.007801513969868729,0,8,30539776,my_ring_all_reduce,8,8
715,6.871243999999999,6.886954999999987,6.8779953333333275,6.875786999999997,0.006601334831341824,0,8,30670848,my_ring_all_reduce,8,8
716,6.909001000000019,6.92999299999999,6.921812000000003,6.926441999999999,0.00917401006465815,0,8,30801920,my_ring_all_reduce,8,8
717,6.936777000000009,6.954795000000013,6.948340000000009,6.953448000000004,0.008194747464077298,0,8,30932992,my_ring_all_reduce,8,8
718,6.9725199999999985,6.999050999999994,6.986473666666665,6.987850000000001,0.010874870430899686,0,8,31064064,my_ring_all_reduce,8,8
719,7.008968999999983,7.023755999999998,7.015528999999994,7.013861999999998,0.006150772796979788,0,8,31195136,my_ring_all_reduce,8,8
720,7.039560000000005,7.055851000000006,7.045993666666668,7.0425699999999924,0.007077678071862454,0,8,31326208,my_ring_all_reduce,8,8
721,7.053833999999984,7.063430000000007,7.058664333333328,7.0587289999999925,0.003917817447971484,0,8,31457280,my_ring_all_reduce,8,8
722,7.075212000000007,7.091915999999994,7.083179,7.082409,0.006841080762564489,0,8,31588352,my_ring_all_reduce,8,8
723,7.0966239999999985,7.1050330000000015,7.100780333333341,7.100684000000023,0.0034336356177618,0,8,31719424,my_ring_all_reduce,8,8
724,7.1164570000000005,7.121356000000003,7.118314000000002,7.117129000000001,0.002168443220378354,0,8,31850496,my_ring_all_reduce,8,8
725,7.1465680000000065,7.15415400000001,7.149535333333341,7.147884000000006,0.0033097860286681632,0,8,31981568,my_ring_all_reduce,8,8
726,7.173931999999986,7.1801999999999975,7.177706666666666,7.178988000000012,0.0027145677781669677,0,8,32112640,my_ring_all_reduce,8,8
727,7.204267999999996,7.207337000000007,7.205845000000001,7.20593,0.0012543548142414966,0,8,32243712,my_ring_all_reduce,8,8
728,7.224202999999994,7.231050000000005,7.227584333333333,7.2275,0.002795912055528149,0,8,32374784,my_ring_all_reduce,8,8
729,7.235787000000004,7.23841199999999,7.2372586666666665,7.237577000000005,0.001095036782736099,0,8,32505856,my_ring_all_reduce,8,8
730,7.243050999999982,7.247243000000031,7.245035000000004,7.244810999999998,0.0017186909747645533,0,8,32636928,my_ring_all_reduce,8,8
731,7.241994999999996,7.24912999999999,7.245428999999999,7.245162000000011,0.0029189636288673585,0,8,32768000,my_ring_all_reduce,8,8
732,7.242667000000009,7.247881999999998,7.245663666666663,7.246441999999981,0.0021990010358172133,0,8,32899072,my_ring_all_reduce,8,8
733,7.247338000000004,7.250022000000012,7.248329000000003,7.247626999999993,0.0012029316965983044,0,8,33030144,my_ring_all_reduce,8,8
734,7.242731999999997,7.249611999999997,7.2467633333333294,7.247945999999996,0.002930600090235759,0,8,33161216,my_ring_all_reduce,8,8
735,7.299627999999998,7.30259900000001,7.301599333333335,7.302570999999997,0.0013939900366321729,0,8,33292288,my_ring_all_reduce,8,8
736,7.374858000000015,7.377255000000005,7.376424333333332,7.377159999999974,0.001108243755767209,0,8,33423360,my_ring_all_reduce,8,8
737,7.434054999999997,7.441357,7.438527,7.440169,0.003199158639393865,0,8,33554432,my_ring_all_reduce,8,8
738,7.436490999999995,7.453993999999992,7.443562,7.440201000000016,0.007530426858193225,0,8,33685504,my_ring_all_reduce,8,8
739,7.448397000000004,7.456330999999992,7.453152666666664,7.454729999999996,0.0034256945118987343,0,8,33816576,my_ring_all_reduce,8,8
740,7.4550800000000095,7.468202000000009,7.462238666666671,7.463433999999994,0.005423303872075899,0,8,33947648,my_ring_all_reduce,8,8
741,7.476582999999995,7.4834659999999715,7.481140999999988,7.483373999999996,0.003223211545435821,0,8,34078720,my_ring_all_reduce,8,8
742,7.516171999999984,7.521102000000004,7.518346999999994,7.517766999999993,0.0020540245048929003,0,8,34209792,my_ring_all_reduce,8,8
743,7.55741799999999,7.570572000000006,7.562709000000001,7.560137000000006,0.005669704107510296,0,8,34340864,my_ring_all_reduce,8,8
744,7.58301999999999,7.592074000000005,7.5865503333333315,7.584557000000001,0.003955903801778918,0,8,34471936,my_ring_all_reduce,8,8
745,7.624618999999984,7.63767500000001,7.63275666666667,7.635976000000017,0.005795852789341116,0,8,34603008,my_ring_all_reduce,8,8
746,7.653325000000004,7.6756240000000036,7.664225000000002,7.663725999999995,0.00911036409810269,0,8,34734080,my_ring_all_reduce,8,8
747,7.701862999999991,7.707816000000003,7.704936999999994,7.705131999999991,0.0024342104811807762,0,8,34865152,my_ring_all_reduce,8,8
748,7.729515000000014,7.737542999999996,7.7328633333333485,7.731532000000036,0.0034099396214809915,0,8,34996224,my_ring_all_reduce,8,8
749,7.758473999999995,7.7705050000000195,7.764627333333341,7.764903000000013,0.004915501624689059,0,8,35127296,my_ring_all_reduce,8,8
750,7.78256900000001,7.793863000000005,7.788777000000008,7.789899000000009,0.0046785162890225,0,8,35258368,my_ring_all_reduce,8,8
751,7.810922999999988,7.820424999999959,7.8143663333333135,7.811750999999993,0.00429743934090566,0,8,35389440,my_ring_all_reduce,8,8
752,7.837833999999999,7.841899999999979,7.840426333333326,7.841544999999998,0.0018387768277314902,0,8,35520512,my_ring_all_reduce,8,8
753,7.863782999999981,7.8648120000000015,7.864148333333326,7.8638499999999985,0.00047007966228550143,0,8,35651584,my_ring_all_reduce,8,8
754,7.883265000000007,7.891368000000017,7.887259000000007,7.887144,0.003309035206828088,0,8,35782656,my_ring_all_reduce,8,8
755,7.906282000000006,7.908776,7.907315333333332,7.9068879999999915,0.0010620638189644128,0,8,35913728,my_ring_all_reduce,8,8
756,7.927497000000018,7.928772999999994,7.928156333333338,7.928199000000001,0.0005217977471002137,0,8,36044800,my_ring_all_reduce,8,8
757,7.948940999999995,7.953931999999994,7.950892666666661,7.949804999999993,0.002177886488216063,0,8,36175872,my_ring_all_reduce,8,8
758,7.968521999999997,7.974633000000017,7.972329000000003,7.973831999999995,0.0027117444569921337,0,8,36306944,my_ring_all_reduce,8,8
759,7.98109599999999,7.985479999999998,7.983838666666664,7.984940000000003,0.001951847899361015,0,8,36438016,my_ring_all_reduce,8,8
760,7.9974159999999905,8.000136000000003,7.999101333333331,7.999752000000001,0.0012019776296734138,0,8,36569088,my_ring_all_reduce,8,8
761,8.010859000000007,8.012490000000001,8.011902666666671,8.012359000000004,0.0007399190646408301,0,8,36700160,my_ring_all_reduce,8,8
762,8.017543999999994,8.022090999999985,8.01910266666666,8.017672999999998,0.0021137269349503058,0,8,36831232,my_ring_all_reduce,8,8
763,8.024680000000007,8.032169999999999,8.027421333333338,8.025414000000005,0.0033711585875184154,0,8,36962304,my_ring_all_reduce,8,8
764,8.035148000000001,8.038184000000001,8.037151333333334,8.038122,0.0014167966999141528,0,8,37093376,my_ring_all_reduce,8,8
765,8.039788000000009,8.042409999999975,8.041374999999997,8.04192700000001,0.0011393708790282625,0,8,37224448,my_ring_all_reduce,8,8
766,8.044233000000004,8.045320000000007,8.04478766666667,8.044809999999998,0.00044404679433225933,0,8,37355520,my_ring_all_reduce,8,8
767,8.08922700000001,8.097165000000038,8.092683666666682,8.091659,0.003320684400688907,0,8,37486592,my_ring_all_reduce,8,8
768,8.158025999999998,8.162535999999989,8.159935000000004,8.159243000000025,0.0019051111953475044,0,8,37617664,my_ring_all_reduce,8,8
769,8.199978000000003,8.20369100000002,8.201301000000011,8.20023400000001,0.001693213709691956,0,8,37748736,my_ring_all_reduce,8,8
770,8.211944999999993,8.212938000000007,8.212499666666671,8.21261600000001,0.00041365229629178633,0,8,37879808,my_ring_all_reduce,8,8
771,8.225995000000003,8.23303100000001,8.230110333333336,8.231304999999994,0.002994076967763888,0,8,38010880,my_ring_all_reduce,8,8
772,8.242888000000006,8.247688,8.244872000000003,8.244040000000002,0.0020459990224805384,0,8,38141952,my_ring_all_reduce,8,8
773,8.286151000000006,8.297449,8.292850999999999,8.294952999999994,0.004845960792244182,0,8,38273024,my_ring_all_reduce,8,8
774,8.329993999999992,8.335434000000008,8.332969666666669,8.333481000000008,0.002250110565191716,0,8,38404096,my_ring_all_reduce,8,8
775,8.37297,8.382632000000008,8.376681333333343,8.374442000000018,0.004250452629492496,0,8,38535168,my_ring_all_reduce,8,8
776,8.394537000000012,8.409288,8.403432666666673,8.406473000000005,0.006394305817587107,0,8,38666240,my_ring_all_reduce,8,8
777,8.438282999999997,8.448806999999986,8.443604333333324,8.443722999999984,0.004297224323775947,0,8,38797312,my_ring_all_reduce,8,8
778,8.456040000000002,8.473285999999993,8.465565,8.467369000000003,0.007155275023828468,0,8,38928384,my_ring_all_reduce,8,8
779,8.487978999999978,8.498567000000007,8.492253666666661,8.490214999999997,0.004556574541873518,0,8,39059456,my_ring_all_reduce,8,8
780,8.524359999999993,8.534440999999985,8.529267666666662,8.529002000000007,0.004119836107847852,0,8,39190528,my_ring_all_reduce,8,8
781,8.548775000000031,8.56256500000001,8.555356000000014,8.554728000000003,0.005647230176518139,0,8,39321600,my_ring_all_reduce,8,8
782,8.568714,8.581160000000002,8.576574666666673,8.579850000000013,0.005584000079595667,0,8,39452672,my_ring_all_reduce,8,8
783,8.596390999999997,8.608073000000001,8.601640333333334,8.600457000000002,0.00484200298315705,0,8,39583744,my_ring_all_reduce,8,8
784,8.643879000000002,8.653000000000008,8.648722666666673,8.649289000000012,0.0037451043895876906,0,8,39714816,my_ring_all_reduce,8,8
785,8.636651999999998,8.640454999999987,8.639092000000003,8.640169000000023,0.0017292867508527175,0,8,39845888,my_ring_all_reduce,8,8
786,8.650535000000003,8.660040999999998,8.655581333333336,8.656168000000005,0.0039029170572201857,0,8,39976960,my_ring_all_reduce,8,8
787,8.672776999999973,8.676747000000002,8.675240999999994,8.676199000000011,0.0017566156855499243,0,8,40108032,my_ring_all_reduce,8,8
788,8.687206000000002,8.690090999999999,8.688712,8.688838999999998,0.0011812149112942743,0,8,40239104,my_ring_all_reduce,8,8
789,8.700455999999996,8.707467000000019,8.703710333333348,8.703208000000028,0.0028841849609441655,0,8,40370176,my_ring_all_reduce,8,8
790,8.715880000000006,8.722696999999997,8.719379666666669,8.719562000000005,0.002786013440180944,0,8,40501248,my_ring_all_reduce,8,8
791,8.733607999999993,8.734248999999982,8.733969999999987,8.734052999999989,0.00026818774517941706,0,8,40632320,my_ring_all_reduce,8,8
792,8.74304799999998,8.752328999999976,8.748253333333317,8.749382999999995,0.0038722388298703427,0,8,40763392,my_ring_all_reduce,8,8
793,8.765798000000014,8.768070999999981,8.766822333333332,8.766597999999998,0.0009414089912804778,0,8,40894464,my_ring_all_reduce,8,8
794,8.804743000000002,8.809030999999989,8.807398666666662,8.808421999999991,0.0018942270777814044,0,8,41025536,my_ring_all_reduce,8,8
795,8.823941000000007,8.824105999999993,8.824029000000001,8.824040000000002,6.780855402734451e-05,0,8,41156608,my_ring_all_reduce,8,8
796,8.806984000000012,8.816010000000002,8.811646000000007,8.811944000000008,0.0036908690936737288,0,8,41287680,my_ring_all_reduce,8,8
797,8.829512000000003,8.832965999999987,8.831623666666657,8.832392999999982,0.001511386633370218,0,8,41418752,my_ring_all_reduce,8,8
798,8.846792000000006,8.851654999999996,8.848616333333338,8.84740200000001,0.0021630451271756517,0,8,41549824,my_ring_all_reduce,8,8
799,8.901062999999995,8.911977000000004,8.905116666666666,8.902310000000002,0.00487762799820936,0,8,41680896,my_ring_all_reduce,8,8
800,8.95668200000003,8.965096999999995,8.961385000000009,8.962376000000004,0.003506148599232299,0,8,41811968,my_ring_all_reduce,8,8
801,8.986661999999997,8.991179000000018,8.98828600000001,8.987017000000014,0.0020507873284895664,0,8,41943040,my_ring_all_reduce,8,8
802,8.999751999999994,9.004009999999996,9.001736333333339,9.001447000000029,0.0017503192724619078,0,8,42074112,my_ring_all_reduce,8,8
803,9.03460099999998,9.048007999999987,9.042397666666657,9.044584000000002,0.0056875274260680675,0,8,42205184,my_ring_all_reduce,8,8
804,9.073127999999997,9.089482000000004,9.079165666666668,9.074887000000006,0.007330010019700601,0,8,42336256,my_ring_all_reduce,8,8
805,9.096104999999996,9.111623999999996,9.105863999999997,9.109862999999997,0.006938003603343001,0,8,42467328,my_ring_all_reduce,8,8
806,9.133096999999994,9.14074399999999,9.136424333333323,9.135431999999986,0.003199760025723609,0,8,42598400,my_ring_all_reduce,8,8
807,9.162888000000002,9.174791000000011,9.169298666666675,9.170217000000012,0.004902574448415975,0,8,42729472,my_ring_all_reduce,8,8
808,9.167976999999999,9.194277999999988,9.179185666666667,9.175302000000011,0.01108295388823536,0,8,42860544,my_ring_all_reduce,8,8
809,9.183016000000004,9.205481000000004,9.193191333333333,9.191076999999991,0.009292357445175588,0,8,42991616,my_ring_all_reduce,8,8
810,9.216327999999995,9.233256999999984,9.223080666666656,9.219656999999993,0.0073229720894013705,0,8,43122688,my_ring_all_reduce,8,8
811,9.242697000000007,9.248134000000006,9.24505333333334,9.24432900000001,0.0022779722464402155,0,8,43253760,my_ring_all_reduce,8,8
812,9.27600999999998,9.281541999999988,9.278354333333311,9.27751099999997,0.0023358316625084904,0,8,43384832,my_ring_all_reduce,8,8
813,9.311555999999998,9.319014999999993,9.316305666666663,9.318345999999995,0.0033696083188124197,0,8,43515904,my_ring_all_reduce,8,8
814,9.336103999999978,9.344070999999982,9.33919733333333,9.33741700000003,0.003487641259577393,0,8,43646976,my_ring_all_reduce,8,8
815,9.363816000000003,9.372357999999993,9.36807066666666,9.368037999999986,0.0034873333970518094,0,8,43778048,my_ring_all_reduce,8,8
816,9.391881000000016,9.394635,9.39297033333334,9.392395000000004,0.001195654725331844,0,8,43909120,my_ring_all_reduce,8,8
817,9.412967000000004,9.420905000000028,9.417031333333341,9.417221999999995,0.003243478208490129,0,8,44040192,my_ring_all_reduce,8,8
818,9.420330999999992,9.435561000000002,9.429545333333328,9.432743999999992,0.00661623389013179,0,8,44171264,my_ring_all_reduce,8,8
819,9.419561000000009,9.423527999999996,9.42123433333333,9.420613999999986,0.0016778721312657367,0,8,44302336,my_ring_all_reduce,8,8
820,9.447238000000006,9.451715999999998,9.449893333333334,9.450725999999998,0.0019206112452917372,0,8,44433408,my_ring_all_reduce,8,8
821,9.471142999999996,9.477444000000032,9.475215333333345,9.47705900000001,0.0028838608766071886,0,8,44564480,my_ring_all_reduce,8,8
822,9.491145000000033,9.494019999999997,9.492689666666676,9.492904,0.0011834583032446786,0,8,44695552,my_ring_all_reduce,8,8
823,9.520197,9.525927999999999,9.523260666666674,9.523657000000021,0.002356395599687428,0,8,44826624,my_ring_all_reduce,8,8
824,9.538762000000006,9.547751000000003,9.543763000000013,9.544776000000027,0.003738997815815863,0,8,44957696,my_ring_all_reduce,8,8
825,9.570215999999993,9.573701999999999,9.572262999999998,9.572871,0.0014866734678496468,0,8,45088768,my_ring_all_reduce,8,8
826,9.59117300000001,9.597415000000009,9.595184000000009,9.596964000000007,0.0028421753405904857,0,8,45219840,my_ring_all_reduce,8,8
827,9.616228999999988,9.625254000000005,9.620817666666666,9.620970000000002,0.0036860150418766605,0,8,45350912,my_ring_all_reduce,8,8
828,9.648104999999996,9.648618000000006,9.648435999999997,9.648584999999992,0.00023443975772225806,0,8,45481984,my_ring_all_reduce,8,8
829,9.674757999999986,9.681800000000003,9.678118333333328,9.677796999999998,0.0028838495491719856,0,8,45613056,my_ring_all_reduce,8,8
830,9.695205999999999,9.702184000000024,9.698033333333347,9.69671000000002,0.0029985028857090396,0,8,45744128,my_ring_all_reduce,8,8
831,9.739463999999993,9.748678999999994,9.744263333333327,9.744646999999997,0.003771777329353693,0,8,45875200,my_ring_all_reduce,8,8
832,9.760645999999994,9.763525999999999,9.761679999999997,9.760867999999995,0.0013084616922192564,0,8,46006272,my_ring_all_reduce,8,8
833,9.803490999999987,9.820071999999985,9.813626666666657,9.817317000000001,0.007254713885163518,0,8,46137344,my_ring_all_reduce,8,8
834,9.861448000000012,9.870632999999994,9.866791000000005,9.868292000000004,0.0038970764255547227,0,8,46268416,my_ring_all_reduce,8,8
835,9.933892,9.960362000000005,9.943420000000003,9.936006000000008,0.012010849872789438,0,8,46399488,my_ring_all_reduce,8,8
836,9.985352,9.992168999999999,9.989266666666671,9.99027900000001,0.0028736140234133845,0,8,46530560,my_ring_all_reduce,8,8
837,10.023718000000008,10.042025999999998,10.031678666666672,10.029292000000009,0.007662369056335509,0,8,46661632,my_ring_all_reduce,8,8
838,10.061671999999977,10.078279000000002,10.070076666666662,10.070279000000006,0.0067812887827977215,0,8,46792704,my_ring_all_reduce,8,8
839,10.092617000000041,10.102117999999999,10.09838600000002,10.100423000000017,0.004137573926815234,0,8,46923776,my_ring_all_reduce,8,8
840,10.116836999999993,10.121251999999998,10.119621666666664,10.120776000000001,0.0019786224725552343,0,8,47054848,my_ring_all_reduce,8,8
841,10.131525999999997,10.139943000000015,10.136571000000005,10.138244000000006,0.0036341591416330457,0,8,47185920,my_ring_all_reduce,8,8
842,10.108996999999988,10.113799999999975,10.112037999999993,10.113317000000018,0.002159333693529064,0,8,47316992,my_ring_all_reduce,8,8
843,10.152357000000004,10.158855000000003,10.155099333333334,10.154086,0.002747863938083928,0,8,47448064,my_ring_all_reduce,8,8
844,10.162407999999981,10.164358,10.163612333333331,10.16407100000001,0.0008596147716120643,0,8,47579136,my_ring_all_reduce,8,8
845,10.173031999999996,10.183142999999989,10.178161666666663,10.178310000000005,0.004129130847470635,0,8,47710208,my_ring_all_reduce,8,8
846,10.182408000000011,10.183687000000003,10.18299433333334,10.182888000000007,0.0005275353595275405,0,8,47841280,my_ring_all_reduce,8,8
847,10.196648000000001,10.198021999999998,10.197499666666674,10.197829000000027,0.0006073518109190798,0,8,47972352,my_ring_all_reduce,8,8
848,10.203748999999986,10.211973999999973,10.207536333333316,10.206885999999985,0.0033891843987678034,0,8,48103424,my_ring_all_reduce,8,8
849,10.221414999999986,10.222948000000004,10.222332333333332,10.222634000000006,0.0006611980708534725,0,8,48234496,my_ring_all_reduce,8,8
850,10.232102,10.243366000000023,10.236379666666664,10.233670999999973,0.004981437565841897,0,8,48365568,my_ring_all_reduce,8,8
851,10.247719000000012,10.257862999999999,10.252486333333339,10.251877000000007,0.004163624169179377,0,8,48496640,my_ring_all_reduce,8,8
852,10.270147999999999,10.275663999999997,10.273757666666663,10.275460999999996,0.002553764846042768,0,8,48627712,my_ring_all_reduce,8,8
853,10.321321000000012,10.325764999999999,10.323280333333338,10.322755000000004,0.0018518936854483037,0,8,48758784,my_ring_all_reduce,8,8
854,10.345096999999965,10.354855000000011,10.34989499999999,10.349732999999993,0.00398533344487201,0,8,48889856,my_ring_all_reduce,8,8
855,10.366566999999966,10.371816000000006,10.368796333333322,10.368005999999994,0.0022145684806800198,0,8,49020928,my_ring_all_reduce,8,8
856,10.38838900000004,10.389672999999995,10.38907500000001,10.389163,0.0005278711963917126,0,8,49152000,my_ring_all_reduce,8,8
857,10.414021999999983,10.418790999999997,10.416326666666661,10.416167000000002,0.001950206883617633,0,8,49283072,my_ring_all_reduce,8,8
858,10.442055000000007,10.448132000000012,10.445467000000002,10.446213999999992,0.002536531621460269,0,8,49414144,my_ring_all_reduce,8,8
859,10.466727000000013,10.477576999999995,10.473341000000007,10.475719000000012,0.004737917123231905,0,8,49545216,my_ring_all_reduce,8,8
860,10.500805000000009,10.512968,10.506972000000003,10.507143000000001,0.004966995939864903,0,8,49676288,my_ring_all_reduce,8,8
861,10.543813000000002,10.547785000000019,10.54614000000001,10.546822000000008,0.0016917523459482019,0,8,49807360,my_ring_all_reduce,8,8
862,10.573383000000016,10.584165999999994,10.578342999999997,10.577479999999982,0.004444235892322032,0,8,49938432,my_ring_all_reduce,8,8
863,10.588198000000004,10.595494000000006,10.592752666666664,10.594565999999984,0.0032428421005144615,0,8,50069504,my_ring_all_reduce,8,8
864,10.60816300000003,10.620292000000017,10.614360666666686,10.614627000000008,0.00495522352898116,0,8,50200576,my_ring_all_reduce,8,8
865,10.661732999999996,10.665510000000024,10.66415466666667,10.66522099999999,0.0017164366836296728,0,8,50331648,my_ring_all_reduce,8,8
866,10.714918000000006,10.734150999999999,10.723035666666668,10.720038,0.008132919784565651,0,8,50462720,my_ring_all_reduce,8,8
867,10.789831999999995,10.829540999999997,10.807728666666664,10.803813000000002,0.01644588103109411,0,8,50593792,my_ring_all_reduce,8,8
868,10.871911,10.873860000000015,10.872997000000003,10.873219999999987,0.0008111502121510679,0,8,50724864,my_ring_all_reduce,8,8
869,10.904902999999997,10.92272400000001,10.911397666666671,10.906566000000007,0.008037651495033615,0,8,50855936,my_ring_all_reduce,8,8
870,10.937027999999998,10.953028000000021,10.94377,10.941253999999986,0.006769918364857035,0,8,50987008,my_ring_all_reduce,8,8
871,10.948418999999996,10.961156000000003,10.955311,10.956358000000003,0.005252297846342858,0,8,51118080,my_ring_all_reduce,8,8
872,10.963940000000013,10.973253999999997,10.968207666666672,10.967429000000005,0.003842081929827336,0,8,51249152,my_ring_all_reduce,8,8
873,10.98483600000001,10.986917000000016,10.986021000000017,10.986310000000026,0.0008737966964192474,0,8,51380224,my_ring_all_reduce,8,8
874,10.985637000000002,10.991238000000012,10.98821766666667,10.987778,0.0023076366457716294,0,8,51511296,my_ring_all_reduce,8,8
875,10.989123999999997,10.990820000000006,10.989955333333322,10.989921999999963,0.0006927901718619902,0,8,51642368,my_ring_all_reduce,8,8
876,10.997478000000003,11.008322,11.003812000000003,11.005636000000006,0.004611096471194431,0,8,51773440,my_ring_all_reduce,8,8
877,11.007397000000026,11.011873999999997,11.009178,11.008262999999978,0.0019388658196595248,0,8,51904512,my_ring_all_reduce,8,8
878,11.009381000000001,11.015078999999991,11.012186999999996,11.012100999999996,0.002326993482295915,0,8,52035584,my_ring_all_reduce,8,8
879,11.021829000000027,11.03364,11.027484333333339,11.02698399999999,0.004834782334513561,0,8,52166656,my_ring_all_reduce,8,8
880,11.041286999999969,11.043493999999964,11.042064333333315,11.041412000000008,0.0010122141846138594,0,8,52297728,my_ring_all_reduce,8,8
881,11.051811999999991,11.059556000000004,11.054617666666665,11.052485,0.0035027212595711184,0,8,52428800,my_ring_all_reduce,8,8
882,11.067267,11.076003999999987,11.071843666666666,11.072260000000009,0.0035789935580910234,0,8,52559872,my_ring_all_reduce,8,8
883,11.095972999999983,11.111495000000025,11.105797333333348,11.109924000000028,0.006976396124731612,0,8,52690944,my_ring_all_reduce,8,8
884,11.12026499999999,11.121606,11.120903000000007,11.120838000000033,0.0005493869310450692,0,8,52822016,my_ring_all_reduce,8,8
885,11.14077300000003,11.142626000000007,11.14174233333336,11.141828000000038,0.0007589054984269997,0,8,52953088,my_ring_all_reduce,8,8
886,11.164035999999992,11.170689000000014,11.167075333333331,11.16650099999999,0.0027462697528844466,0,8,53084160,my_ring_all_reduce,8,8
887,11.187559999999998,11.194148999999994,11.191163666666663,11.191781999999993,0.0027252501210371554,0,8,53215232,my_ring_all_reduce,8,8
888,11.213031000000013,11.216742000000005,11.214820666666673,11.214688999999998,0.0015178674367502167,0,8,53346304,my_ring_all_reduce,8,8
889,11.240514999999984,11.253921999999976,11.246605333333326,11.245379000000016,0.005541650315759487,0,8,53477376,my_ring_all_reduce,8,8
890,11.269989000000002,11.277027999999998,11.273529666666667,11.273571999999993,0.0028738156207751236,0,8,53608448,my_ring_all_reduce,8,8
891,11.300005000000004,11.310148000000002,11.305497333333342,11.306339000000023,0.004183412827930293,0,8,53739520,my_ring_all_reduce,8,8
892,11.337762999999992,11.34653300000001,11.341977000000002,11.341635000000005,0.0035884953207044896,0,8,53870592,my_ring_all_reduce,8,8
893,11.373190999999998,11.376418999999988,11.37457599999999,11.374117999999989,0.0013570357401299087,0,8,54001664,my_ring_all_reduce,8,8
894,11.388614000000024,11.391396000000023,11.389658000000018,11.388964000000007,0.0012372302399611221,0,8,54132736,my_ring_all_reduce,8,8
895,11.396068000000021,11.403333999999974,11.39916133333333,11.398081999999995,0.0030629407800528983,0,8,54263808,my_ring_all_reduce,8,8
896,11.421794000000009,11.430404000000001,11.425476333333327,11.42423099999997,0.0036236414772382454,0,8,54394880,my_ring_all_reduce,8,8
897,11.461572000000007,11.479367000000012,11.470745000000013,11.471296000000017,0.007275218530511516,0,8,54525952,my_ring_all_reduce,8,8
898,11.531044000000016,11.542339000000005,11.535598333333338,11.53341199999999,0.004863421041017788,0,8,54657024,my_ring_all_reduce,8,8
899,11.593925000000018,11.596036,11.595162333333334,11.595525999999984,0.0008993591545482442,0,8,54788096,my_ring_all_reduce,8,8
900,11.649893,11.669861999999979,11.65839566666665,11.655431999999973,0.00841735232850044,0,8,54919168,my_ring_all_reduce,8,8
901,11.690054000000003,11.693282999999996,11.691674333333333,11.691686000000002,0.0013182595428115817,0,8,55050240,my_ring_all_reduce,8,8
902,11.710373000000008,11.715553000000014,11.712547666666671,11.71171699999999,0.002194782499986075,0,8,55181312,my_ring_all_reduce,8,8
903,11.731239000000002,11.734468000000016,11.732473333333338,11.731713,0.0014236549987883306,0,8,55312384,my_ring_all_reduce,8,8
904,11.740226000000003,11.744584000000017,11.742095000000006,11.741475,0.0018323647744626743,0,8,55443456,my_ring_all_reduce,8,8
905,11.744997000000025,11.751522999999972,11.748922999999992,11.750248999999982,0.002824402709696092,0,8,55574528,my_ring_all_reduce,8,8
906,11.758788000000015,11.76163699999996,11.76058066666665,11.76131699999998,0.0012743208212610262,0,8,55705600,my_ring_all_reduce,8,8
907,11.76061199999995,11.763974000000003,11.762457999999986,11.762788000000002,0.001392225077611784,0,8,55836672,my_ring_all_reduce,8,8
908,11.768197000000008,11.772611000000005,11.770456000000001,11.77055999999999,0.0018035078781810808,0,8,55967744,my_ring_all_reduce,8,8
909,11.766758999999992,11.780327999999965,11.774192999999984,11.775491999999998,0.0056151575222693675,0,8,56098816,my_ring_all_reduce,8,8
910,11.781379999999997,11.783941000000022,11.782949000000011,11.783526000000013,0.0011223121966232007,0,8,56229888,my_ring_all_reduce,8,8
911,11.80189,11.808709000000002,11.806275333333339,11.808227000000013,0.0031071361233310168,0,8,56360960,my_ring_all_reduce,8,8
912,11.827845000000009,11.842629000000006,11.835098666666676,11.834822000000015,0.006038712463945118,0,8,56492032,my_ring_all_reduce,8,8
913,11.850596999999995,11.869667999999976,11.860131666666659,11.860130000000005,0.007785703236623295,0,8,56623104,my_ring_all_reduce,8,8
914,12.45571700000004,12.465537000000012,12.460312666666672,12.459683999999966,0.004033568836091227,0,8,56754176,my_ring_all_reduce,8,8
915,12.481539000000005,12.489314000000006,12.484461333333336,12.482530999999996,0.003455169685495717,0,8,56885248,my_ring_all_reduce,8,8
916,12.876997,12.886781000000017,12.881557333333342,12.880894000000016,0.004021746911763118,0,8,57016320,my_ring_all_reduce,8,8
917,12.912705000000006,12.918115999999994,12.915682999999992,12.916227999999974,0.002242394404790448,0,8,57147392,my_ring_all_reduce,8,8
918,12.938656999999992,12.939615999999996,12.939243666666664,12.939458000000005,0.0004198208612710088,0,8,57278464,my_ring_all_reduce,8,8
919,12.960132000000026,12.963906999999992,12.962168000000005,12.962464999999996,0.0015553805536333077,0,8,57409536,my_ring_all_reduce,8,8
920,12.99481700000001,12.999748,12.996930333333337,12.996225999999995,0.0020737653890635192,0,8,57540608,my_ring_all_reduce,8,8
921,13.019968999999998,13.026563999999999,13.023382999999997,13.023615999999995,0.0026974337186792805,0,8,57671680,my_ring_all_reduce,8,8
922,13.049828000000009,13.05721700000002,13.054167000000007,13.055455999999994,0.0031512400733693666,0,8,57802752,my_ring_all_reduce,8,8
923,13.085631999999999,13.089152999999984,13.086902666666647,13.085922999999966,0.0015956545852892617,0,8,57933824,my_ring_all_reduce,8,8
924,13.111520000000018,13.116645000000004,13.114146000000032,13.114273000000074,0.0020941988125884824,0,8,58064896,my_ring_all_reduce,8,8
925,13.131234999999986,13.136191999999982,13.132929999999993,13.131363000000006,0.002307174173450431,0,8,58195968,my_ring_all_reduce,8,8
926,13.140580999999992,13.141601999999985,13.141036999999988,13.140927999999986,0.0004238875637056317,0,8,58327040,my_ring_all_reduce,8,8
927,13.153506999999987,13.159807000000008,13.157292666666669,13.158564000000005,0.002724544773402129,0,8,58458112,my_ring_all_reduce,8,8
928,13.18224100000001,13.193217000000018,13.187638333333332,13.187456999999966,0.004482767399229158,0,8,58589184,my_ring_all_reduce,8,8
929,13.243618999999999,13.256128000000027,13.251905000000013,13.255968000000008,0.0058594508844063906,0,8,58720256,my_ring_all_reduce,8,8
930,13.313410000000005,13.323361999999994,13.318648000000001,13.319172000000005,0.004079747377796081,0,8,58851328,my_ring_all_reduce,8,8
931,13.360096999999994,13.370947000000015,13.365516333333339,13.365505000000008,0.004429501200921437,0,8,58982400,my_ring_all_reduce,8,8
932,13.393378999999957,13.404479999999982,13.40068433333331,13.40419399999999,0.005166970120134445,0,8,59113472,my_ring_all_reduce,8,8
933,13.430431999999987,13.433985000000002,13.432587666666661,13.433345999999991,0.00154644847599405,0,8,59244544,my_ring_all_reduce,8,8
934,13.447071000000026,13.454303000000023,13.45032466666668,13.449599999999991,0.0029965883193330384,0,8,59375616,my_ring_all_reduce,8,8
935,13.456383999999995,13.461761000000013,13.458806666666668,13.458274999999995,0.0022271108838416206,0,8,59506688,my_ring_all_reduce,8,8
936,13.464894999999975,13.471936000000031,13.46829800000001,13.468063000000017,0.0028792752560547964,0,8,59637760,my_ring_all_reduce,8,8
937,13.470782999999996,13.481280999999974,13.475851666666655,13.475490999999995,0.004293371738949749,0,8,59768832,my_ring_all_reduce,8,8
938,13.486016000000003,13.488550999999992,13.48693599999998,13.486240999999952,0.0011456657453254744,0,8,59899904,my_ring_all_reduce,8,8
939,13.488543999999994,13.496835999999993,13.49369799999999,13.495713999999985,0.0036731011420850627,0,8,60030976,my_ring_all_reduce,8,8
940,13.50560000000002,13.508480000000008,13.507231333333353,13.50761400000003,0.0012064894897513448,0,8,60162048,my_ring_all_reduce,8,8
941,13.531394000000015,13.540991000000023,13.535062000000012,13.532801000000001,0.0042316027696433925,0,8,60293120,my_ring_all_reduce,8,8
942,13.556320000000001,13.565246000000014,13.559647666666676,13.557377000000008,0.003982069339208096,0,8,60424192,my_ring_all_reduce,8,8
943,13.585665999999998,13.589664000000019,13.58823633333334,13.589379000000001,0.0018212205309198783,0,8,60555264,my_ring_all_reduce,8,8
944,13.61628899999999,13.622976000000024,13.620363666666671,13.621826,0.002919224364272215,0,8,60686336,my_ring_all_reduce,8,8
945,13.638206999999996,13.647647999999986,13.64358366666666,13.644895999999997,0.003964407003432318,0,8,60817408,my_ring_all_reduce,8,8
946,13.667650000000023,13.672288999999983,13.670423000000019,13.671330000000046,0.0019995111069035162,0,8,60948480,my_ring_all_reduce,8,8
947,13.699490999999966,13.707389999999986,13.702837666666646,13.701631999999984,0.0033355433673692395,0,8,61079552,my_ring_all_reduce,8,8
948,13.721407000000037,13.728834999999977,13.724833666666678,13.72425900000002,0.0030595726643988445,0,8,61210624,my_ring_all_reduce,8,8
949,13.748290000000008,13.756285999999985,13.752724999999998,13.753599000000003,0.0033223396374557797,0,8,61341696,my_ring_all_reduce,8,8
950,13.773314999999988,13.778434000000008,13.77648233333334,13.777698000000019,0.002259708584959585,0,8,61472768,my_ring_all_reduce,8,8
951,13.803171000000003,13.81056099999999,13.806518000000002,13.805822000000015,0.003056832456420359,0,8,61603840,my_ring_all_reduce,8,8
952,13.833826000000002,13.838050000000003,13.836183333333345,13.836674000000029,0.0017589976943982902,0,8,61734912,my_ring_all_reduce,8,8
953,13.85676999999996,13.862561000000001,13.85940366666667,13.858880000000049,0.0023929884152689095,0,8,61865984,my_ring_all_reduce,8,8
954,13.885055000000001,13.887552999999986,13.886175333333327,13.885917999999991,0.0010359106568024231,0,8,61997056,my_ring_all_reduce,8,8
955,13.903520000000018,13.910172999999993,13.90707066666667,13.907519,0.0027345145008756022,0,8,62128128,my_ring_all_reduce,8,8
956,13.920351000000025,13.926595,13.922432666666674,13.920352,0.0029432141538671117,0,8,62259200,my_ring_all_reduce,8,8
957,13.934911999999997,13.936383999999977,13.935423999999998,13.934976000000024,0.0006793251553166489,0,8,62390272,my_ring_all_reduce,8,8
958,13.946718999999995,13.949117000000001,13.947817666666671,13.947617000000013,0.0009892088870533727,0,8,62521344,my_ring_all_reduce,8,8
959,13.97299199999997,13.976030999999988,13.974570333333318,13.974687999999995,0.0012434533454225892,0,8,62652416,my_ring_all_reduce,8,8
960,14.018307000000002,14.03417300000001,14.027467000000001,14.029920999999991,0.006705673021157856,0,8,62783488,my_ring_all_reduce,8,8
961,14.079358999999998,14.083549999999999,14.081993000000002,14.083070000000006,0.0018727995087585516,0,8,62914560,my_ring_all_reduce,8,8
962,14.123614000000016,14.124832000000024,14.12421300000001,14.124192999999986,0.0004974474846694379,0,8,63045632,my_ring_all_reduce,8,8
963,14.15196699999999,14.159356999999986,14.15640566666666,14.157893000000001,0.0031950112501979194,0,8,63176704,my_ring_all_reduce,8,8
964,14.212321000000005,14.212991999999925,14.212704999999977,14.212801999999996,0.00028239098188670935,0,8,63307776,my_ring_all_reduce,8,8
965,14.236643000000011,14.237572,14.237080666666666,14.237026999999987,0.00038115642749319477,0,8,63438848,my_ring_all_reduce,8,8
966,14.217662999999972,14.22470599999999,14.221003999999981,14.220642999999981,0.0028866015774109224,0,8,63569920,my_ring_all_reduce,8,8
967,14.224612999999984,14.231809999999998,14.228408333333329,14.228802000000004,0.0029513197424641912,0,8,63700992,my_ring_all_reduce,8,8
968,14.23974500000001,14.247680000000022,14.24241133333335,14.239809000000022,0.00372560154725518,0,8,63832064,my_ring_all_reduce,8,8
969,14.25433500000002,14.259204000000013,14.257419666666658,14.258719999999943,0.0021901202909458523,0,8,63963136,my_ring_all_reduce,8,8
970,14.273697000000015,14.283106999999989,14.278338333333332,14.278210999999995,0.0038426714087305253,0,8,64094208,my_ring_all_reduce,8,8
971,14.294179000000003,14.314947000000014,14.304600666666671,14.304675999999992,0.008478667832996969,0,8,64225280,my_ring_all_reduce,8,8
972,14.332319999999978,14.337602999999989,14.335767333333308,14.337378999999958,0.00243934749927392,0,8,64356352,my_ring_all_reduce,8,8
973,14.361474999999977,14.368130000000003,14.364737999999997,14.364609000000012,0.0027184231949276376,0,8,64487424,my_ring_all_reduce,8,8
974,14.411744000000006,14.430081000000007,14.419968333333344,14.418080000000016,0.007604198153358966,0,8,64618496,my_ring_all_reduce,8,8
975,14.445665999999983,14.45778900000002,14.45224466666666,14.45327899999998,0.005002943555783397,0,8,64749568,my_ring_all_reduce,8,8
976,14.473313999999991,14.478977999999975,14.476343666666677,14.47673900000006,0.00232915440068095,0,8,64880640,my_ring_all_reduce,8,8
977,14.470084999999985,14.478687999999995,14.47380466666666,14.472641000000003,0.0036072604871619407,0,8,65011712,my_ring_all_reduce,8,8
978,14.499811000000038,14.507680999999982,14.504716000000007,14.506656,0.0034935106506929384,0,8,65142784,my_ring_all_reduce,8,8
979,14.530498999999999,14.532415999999998,14.531147999999996,14.530528999999996,0.0008966950429216267,0,8,65273856,my_ring_all_reduce,8,8
980,14.555905000000028,14.561924999999988,14.55882833333334,14.558655000000007,0.0024607090215646183,0,8,65404928,my_ring_all_reduce,8,8
981,14.583745000000025,14.601023000000009,14.589846000000014,14.584770000000011,0.007914402609583936,0,8,65536000,my_ring_all_reduce,8,8
982,14.609281999999949,14.617826000000022,14.613495333333324,14.613377999999997,0.0034890599816803985,0,8,65667072,my_ring_all_reduce,8,8
983,14.633728000000062,14.643330000000017,14.6377926666667,14.636320000000023,0.004055955401886694,0,8,65798144,my_ring_all_reduce,8,8
984,14.683807999999997,14.688099000000017,14.685740666666668,14.685314999999989,0.0017774634236056284,0,8,65929216,my_ring_all_reduce,8,8
985,14.704670999999989,14.70749100000001,14.705922000000008,14.705604000000022,0.0011730140664182112,0,8,66060288,my_ring_all_reduce,8,8
986,14.721635999999995,14.731231999999997,14.724918999999998,14.721889000000003,0.004465159870224021,0,8,66191360,my_ring_all_reduce,8,8
987,14.73641899999999,14.743555000000022,14.740770333333343,14.742337000000015,0.0031167779659404724,0,8,66322432,my_ring_all_reduce,8,8
988,14.720544000000004,14.72416099999998,14.722924000000013,14.724067000000055,0.0016833516170679248,0,8,66453504,my_ring_all_reduce,8,8
989,14.73958600000001,14.742721000000005,14.74071766666666,14.739845999999961,0.0014205417589464395,0,8,66584576,my_ring_all_reduce,8,8
990,14.776640000000008,14.790850000000006,14.781494999999998,14.776994999999982,0.00661657136791669,0,8,66715648,my_ring_all_reduce,8,8
991,14.807393000000012,14.81917400000001,14.81493700000002,14.818244000000035,0.005347907815215671,0,8,66846720,my_ring_all_reduce,8,8
992,14.85315399999998,14.867232999999993,14.861162999999982,14.86310199999997,0.005908996023017663,0,8,66977792,my_ring_all_reduce,8,8
993,14.889922000000006,14.902464999999998,14.895894666666676,14.89529700000002,0.005138068141060519,0,8,67108864,my_ring_all_reduce,8,8
994,0.3205440000000035,0.3207979999999998,0.3206596666666677,0.32063699999999973,0.00010492642925055823,0,2,2048,my_ring_all_reduce,2,8
995,0.33635099999999946,0.869179000000001,0.5139710000000001,0.3363829999999998,0.25116998587145517,0,2,10240,my_ring_all_reduce,2,8
996,0.33909999999999946,0.8945899999999983,0.5243279999999994,0.3392940000000003,0.2618147829948994,0,2,18432,my_ring_all_reduce,2,8
997,0.33913500000000046,0.8772119999999995,0.5188459999999998,0.34019099999999936,0.25340339546659574,0,2,26624,my_ring_all_reduce,2,8
998,0.34070199999999934,0.88054,0.520658,0.3407320000000004,0.2544750029217016,0,2,34816,my_ring_all_reduce,2,8
999,0.41545500000000085,0.8754849999999997,0.5688939999999993,0.41574199999999745,0.2167926068127481,0,2,43008,my_ring_all_reduce,2,8
1000,0.41571200000000047,0.8568940000000003,0.5627826666666668,0.4157419999999997,0.20796811858444936,0,2,51200,my_ring_all_reduce,2,8
1001,0.41634999999999944,0.813721999999998,0.5488283333333327,0.4164130000000005,0.18730810975917514,0,2,59392,my_ring_all_reduce,2,8
1002,0.4839019999999996,0.8723840000000009,0.6134060000000007,0.48393200000000164,0.18312510038768595,0,2,67584,my_ring_all_reduce,2,8
1003,0.4838069999999993,0.8641879999999992,0.6106743333333325,0.48402799999999935,0.17926125552822486,0,2,75776,my_ring_all_reduce,2,8
1004,0.48220499999999994,0.8167979999999989,0.5937459999999989,0.48223499999999786,0.15772158223274327,0,2,83968,my_ring_all_reduce,2,8
1005,0.4823309999999999,0.8757069999999986,0.6134783333333321,0.48239699999999813,0.18542367037918545,0,2,92160,my_ring_all_reduce,2,8
1006,0.48419100000000165,0.8640299999999997,0.6109093333333336,0.48450699999999963,0.17898338635067615,0,2,100352,my_ring_all_reduce,2,8
1007,0.4776300000000001,0.4779829999999984,0.4778326666666663,0.4778850000000002,0.00014878694685820513,0,2,108544,my_ring_all_reduce,2,8
1008,0.4791329999999971,0.47916699999999673,0.4791543333333312,0.47916299999999956,1.517307556936014e-05,0,2,116736,my_ring_all_reduce,2,8
1009,0.4791680000000024,0.4794220000000005,0.4792623333333346,0.47919700000000104,0.00011352043379385878,0,2,124928,my_ring_all_reduce,2,8
1010,0.4814359999999997,0.48153299999999993,0.4814689999999999,0.4814380000000001,4.526219909227406e-05,0,2,133120,my_ring_all_reduce,2,8
1011,0.48185500000000003,0.48188699999999973,0.4818763333333325,0.4818869999999979,1.5084944664739316e-05,0,2,141312,my_ring_all_reduce,2,8
1012,0.4816269999999995,0.4819150000000018,0.4817559999999997,0.4817259999999978,0.00011947384651159627,0,2,149504,my_ring_all_reduce,2,8
1013,0.48255799999999954,0.48265700000000106,0.48261200000000004,0.48262099999999963,4.091454509151948e-05,0,2,157696,my_ring_all_reduce,2,8
1014,0.48233600000000115,0.48252499999999876,0.4824309999999999,0.4824319999999998,7.716216689446447e-05,0,2,165888,my_ring_all_reduce,2,8
1015,0.4830350000000003,0.48326299999999994,0.4831226666666668,0.48307000000000017,0.00010025412155546867,0,2,174080,my_ring_all_reduce,2,8
1016,0.48290899999999964,0.48307199999999967,0.4830059999999992,0.48303699999999844,7.006187741306142e-05,0,2,182272,my_ring_all_reduce,2,8
1017,0.4832290000000003,0.4832599999999998,0.4832396666666672,0.4832300000000014,1.438363267311767e-05,0,2,190464,my_ring_all_reduce,2,8
1018,0.48252499999999826,0.4828769999999995,0.4827273333333328,0.48278000000000065,0.00014845051551194862,0,2,198656,my_ring_all_reduce,2,8
1019,0.4833570000000002,0.48371000000000003,0.483581666666667,0.48367800000000083,0.00015939956782327715,0,2,206848,my_ring_all_reduce,2,8
1020,0.48294200000000004,0.4832929999999997,0.48307933333333297,0.48300299999999924,0.00015312376983630182,0,2,215040,my_ring_all_reduce,2,8
1021,0.4834829999999993,0.48409600000000047,0.48378366666666656,0.4837719999999999,0.00025039213690223217,0,2,223232,my_ring_all_reduce,2,8
1022,0.48335999999999923,0.48357999999999995,0.48349666666666674,0.4835500000000011,9.741092797522687e-05,0,2,231424,my_ring_all_reduce,2,8
1023,0.4846379999999981,0.48470300000000044,0.4846806666666665,0.48470100000000094,3.0180935852975666e-05,0,2,239616,my_ring_all_reduce,2,8
1024,0.4839029999999998,0.4842550000000001,0.48404133333333327,0.4839659999999999,0.0001532586774778508,0,2,247808,my_ring_all_reduce,2,8
1025,0.483963,0.4841870000000008,0.4840913333333335,0.48412399999999983,9.431978701350164e-05,0,2,256000,my_ring_all_reduce,2,8
1026,0.4830390000000002,0.48329400000000033,0.4831336666666668,0.4830679999999998,0.00011398927824838338,0,2,264192,my_ring_all_reduce,2,8
1027,0.48357899999999926,0.48390000000000144,0.4837613333333333,0.4838049999999994,0.00013463613515358284,0,2,272384,my_ring_all_reduce,2,8
1028,0.48355400000000054,0.4845409999999993,0.48416966666666666,0.48441400000000023,0.00043841862288060586,0,2,280576,my_ring_all_reduce,2,8
1029,0.48345199999999977,0.4842169999999997,0.4838786666666665,0.4839670000000001,0.0003184947234867263,0,2,288768,my_ring_all_reduce,2,8
1030,0.48342500000000044,0.48348600000000014,0.48345466666666703,0.48345300000000047,2.4931015934960646e-05,0,2,296960,my_ring_all_reduce,2,8
1031,0.48387100000000055,0.48402799999999935,0.48396633333333355,0.48400000000000093,6.837315912584364e-05,0,2,305152,my_ring_all_reduce,2,8
1032,0.48361300000000074,0.4868159999999989,0.4848619999999997,0.4841569999999992,0.0013994215471633288,0,2,313344,my_ring_all_reduce,2,8
1033,0.4838049999999985,0.4839960000000001,0.4839323333333329,0.4839960000000001,9.003826347184439e-05,0,2,321536,my_ring_all_reduce,2,8
1034,0.48374099999999953,0.48396500000000015,0.48385933333333336,0.4838720000000003,9.188519406813341e-05,0,2,329728,my_ring_all_reduce,2,8
1035,0.48428699999999936,0.48451200000000016,0.4843943333333332,0.48438400000000004,9.214601938742433e-05,0,2,337920,my_ring_all_reduce,2,8
1036,0.4840600000000009,0.4844170000000004,0.4842860000000008,0.4843810000000012,0.00016048052841381762,0,2,346112,my_ring_all_reduce,2,8
1037,0.48495800000000056,0.4869089999999978,0.4860656666666663,0.4863300000000004,0.0008181297098997504,0,2,354304,my_ring_all_reduce,2,8
1038,0.4846689999999994,0.5222059999999997,0.49722366666666645,0.4847960000000003,0.017665253396301837,0,2,362496,my_ring_all_reduce,2,8
1039,0.48697099999999777,0.49314699999999995,0.4892009999999995,0.4874850000000006,0.0027981227040051594,0,2,370688,my_ring_all_reduce,2,8
1040,0.4861700000000019,0.48662200000000033,0.48639700000000113,0.48639900000000125,0.0001845336464345564,0,2,378880,my_ring_all_reduce,2,8
1041,0.4868449999999998,0.48777499999999874,0.4872939999999988,0.4872619999999979,0.00038034458061039555,0,2,387072,my_ring_all_reduce,2,8
1042,0.4861080000000029,0.49359600000000026,0.48880700000000094,0.4867169999999997,0.003395449013016688,0,2,395264,my_ring_all_reduce,2,8
1043,0.48601500000000125,0.4921240000000016,0.4891613333333345,0.4893450000000007,0.002497367992284986,0,2,403456,my_ring_all_reduce,2,8
1044,0.48629999999999973,0.4865559999999996,0.4863969999999998,0.4863350000000001,0.00011333431372112573,0,2,411648,my_ring_all_reduce,2,8
1045,0.48601300000000086,0.49260599999999977,0.4883073333333332,0.486302999999999,0.003041921140039891,0,2,419840,my_ring_all_reduce,2,8
1046,0.4863659999999991,0.49558200000000124,0.4895229999999999,0.4866209999999992,0.004285624575252541,0,2,428032,my_ring_all_reduce,2,8
1047,0.4874189999999999,0.4931819999999998,0.4893830000000004,0.4875480000000016,0.0026868148428944023,0,2,436224,my_ring_all_reduce,2,8
1048,0.48694300000000024,0.5279990000000007,0.5024080000000007,0.49228200000000105,0.018226367182372586,0,2,444416,my_ring_all_reduce,2,8
1049,0.48639500000000047,0.48716600000000065,0.4866949999999999,0.4865239999999985,0.00033718540893740005,0,2,452608,my_ring_all_reduce,2,8
1050,0.4871670000000004,0.4929579999999992,0.4892779999999998,0.48770899999999984,0.0026115437324816604,0,2,460800,my_ring_all_reduce,2,8
1051,0.48723099999999886,0.4879359999999995,0.48762533333333274,0.48770899999999984,0.00029383252977799936,0,2,468992,my_ring_all_reduce,2,8
1052,0.487615,0.48783899999999997,0.48773199999999944,0.4877419999999984,9.172059020008559e-05,0,2,477184,my_ring_all_reduce,2,8
1053,0.48828399999999966,0.4894030000000021,0.48882800000000054,0.48879700000000004,0.0004573554416435004,0,2,485376,my_ring_all_reduce,2,8
1054,0.4881879999999992,0.4887349999999997,0.4884349999999995,0.4883819999999996,0.0002264346852113338,0,2,493568,my_ring_all_reduce,2,8
1055,0.4889890000000005,0.4899819999999991,0.48937333333333316,0.4891489999999999,0.0004353208267723216,0,2,501760,my_ring_all_reduce,2,8
1056,0.48898899999999956,0.5315159999999997,0.5061303333333332,0.49788600000000044,0.018314169493106124,0,2,509952,my_ring_all_reduce,2,8
1057,0.48841300000000093,0.49829999999999974,0.49468466666666716,0.4973410000000008,0.004451986248356175,0,2,518144,my_ring_all_reduce,2,8
1058,0.4887679999999996,0.4964500000000007,0.4913593333333331,0.488859999999999,0.0035998408606807914,0,2,526336,my_ring_all_reduce,2,8
1059,0.4886060000000025,0.4886690000000008,0.4886366666666679,0.4886350000000002,2.5746628689113502e-05,0,2,534528,my_ring_all_reduce,2,8
1060,0.48857299999999987,0.4888609999999999,0.48869000000000024,0.4886360000000009,0.00012362038666807328,0,2,542720,my_ring_all_reduce,2,8
1061,0.4892419999999993,0.4967630000000004,0.49186766666666665,0.4895980000000004,0.0034645731178445053,0,2,550912,my_ring_all_reduce,2,8
1062,0.5090199999999994,0.5182040000000002,0.5121886666666665,0.5093420000000001,0.0042555138611246835,0,2,559104,my_ring_all_reduce,2,8
1063,0.5093110000000006,0.5101750000000012,0.5096410000000006,0.5094369999999999,0.00038108266819718414,0,2,567296,my_ring_all_reduce,2,8
1064,0.511549,0.511868,0.5117196666666665,0.5117419999999993,0.00013118519564165703,0,2,575488,my_ring_all_reduce,2,8
1065,0.5113540000000008,0.5117110000000009,0.5115696666666675,0.5116440000000007,0.0001549329604126658,0,2,583680,my_ring_all_reduce,2,8
1066,0.5118390000000008,0.5123169999999996,0.5120516666666667,0.5119989999999998,0.00019866442951714576,0,2,591872,my_ring_all_reduce,2,8
1067,0.5115860000000004,0.5170549999999994,0.5135886666666666,0.512125,0.0024609253453840266,0,2,600064,my_ring_all_reduce,2,8
1068,0.5114530000000005,0.5122210000000014,0.5117943333333342,0.5117090000000007,0.00031928809700507843,0,2,608256,my_ring_all_reduce,2,8
1069,0.5115809999999995,0.5121240000000016,0.5117936666666675,0.5116760000000014,0.00023677884665344027,0,2,616448,my_ring_all_reduce,2,8
1070,0.512188000000001,0.5125400000000009,0.512348333333334,0.512317,0.0001454013602259749,0,2,624640,my_ring_all_reduce,2,8
1071,0.5126389999999997,0.5215019999999999,0.5157956666666667,0.5132460000000003,0.004042589296752999,0,2,632832,my_ring_all_reduce,2,8
1072,0.5120620000000004,0.513372,0.5125943333333333,0.5123489999999993,0.000562237395491361,0,2,641024,my_ring_all_reduce,2,8
1073,0.5123499999999985,0.5124129999999996,0.512382333333332,0.5123839999999982,2.5746628690173083e-05,0,2,649216,my_ring_all_reduce,2,8
1074,0.5125410000000006,0.5129550000000002,0.5127856666666669,0.5128609999999999,0.00017721048376288063,0,2,657408,my_ring_all_reduce,2,8
1075,0.5130189999999993,0.5191020000000017,0.5170206666666678,0.5189410000000025,0.002830368919810568,0,2,665600,my_ring_all_reduce,2,8
1076,0.5129249999999984,0.5131479999999993,0.5130626666666654,0.5131149999999989,9.827286276292592e-05,0,2,673792,my_ring_all_reduce,2,8
1077,0.5133079999999991,0.5204750000000004,0.5158573333333331,0.5137889999999997,0.0032710828312489887,0,2,681984,my_ring_all_reduce,2,8
1078,0.5135010000000011,0.5142030000000004,0.5138516666666667,0.5138509999999987,0.0002865906876052721,0,2,690176,my_ring_all_reduce,2,8
1079,0.5135320000000011,0.5138210000000009,0.5137136666666668,0.5137879999999987,0.00012916225798875026,0,2,698368,my_ring_all_reduce,2,8
1080,0.513534000000001,0.5142049999999981,0.5139383333333329,0.5140759999999995,0.00029071673880526084,0,2,706560,my_ring_all_reduce,2,8
1081,0.5140789999999997,0.5202840000000005,0.5161573333333332,0.5141089999999995,0.0029180196861726976,0,2,714752,my_ring_all_reduce,2,8
1082,0.5140760000000005,0.5144620000000004,0.5142786666666667,0.5142979999999989,0.00015817571101632807,0,2,722944,my_ring_all_reduce,2,8
1083,0.5139499999999998,0.5144290000000001,0.5141733333333333,0.5141409999999996,0.00019688293193913622,0,2,731136,my_ring_all_reduce,2,8
1084,0.5140749999999998,0.5143010000000003,0.5142149999999995,0.5142689999999984,9.985322561962919e-05,0,2,739328,my_ring_all_reduce,2,8
1085,0.5161880000000001,0.5168940000000003,0.5164983333333333,0.5164129999999996,0.0002944716549273289,0,2,747520,my_ring_all_reduce,2,8
1086,0.5166700000000001,0.5249609999999998,0.5207773333333336,0.520701000000001,0.003385216914106793,0,2,755712,my_ring_all_reduce,2,8
1087,0.5170509999999986,0.5255070000000001,0.5215866666666663,0.5222020000000003,0.0034794597601102866,0,2,763904,my_ring_all_reduce,2,8
1088,0.5164139999999988,0.5254070000000002,0.5195499999999993,0.5168289999999989,0.004144988379558124,0,2,772096,my_ring_all_reduce,2,8
1089,0.5169569999999986,0.5173110000000006,0.5171063333333329,0.5170509999999995,0.0001497227066584685,0,2,780288,my_ring_all_reduce,2,8
1090,0.5160629999999992,0.5166350000000002,0.5163816666666667,0.516447000000001,0.00023804388017577787,0,2,788480,my_ring_all_reduce,2,8
1091,0.5161240000000007,0.5268770000000002,0.5229186666666673,0.5257550000000011,0.004826340389524434,0,2,796672,my_ring_all_reduce,2,8
1092,0.5167320000000009,0.5269729999999999,0.5230896666666667,0.5255639999999994,0.004532200667323104,0,2,804864,my_ring_all_reduce,2,8
1093,0.5162549999999984,0.516925999999999,0.5166166666666658,0.5166690000000004,0.0002764227840749724,0,2,813056,my_ring_all_reduce,2,8
1094,0.5168919999999994,0.5182039999999998,0.5174473333333331,0.5172460000000001,0.0005542185689981313,0,2,821248,my_ring_all_reduce,2,8
1095,0.5168950000000004,0.5272929999999997,0.5232730000000001,0.5256310000000003,0.0045606815280172484,0,2,829440,my_ring_all_reduce,2,8
1096,0.5174359999999997,0.5275790000000007,0.5209556666666665,0.517851999999999,0.004686482144305555,0,2,837632,my_ring_all_reduce,2,8
1097,0.5174399999999996,0.5268459999999996,0.5206069999999999,0.5175350000000007,0.004411809681600551,0,2,845824,my_ring_all_reduce,2,8
1098,0.5177890000000016,0.5287330000000011,0.5215750000000013,0.5182030000000013,0.005064291460806571,0,2,854016,my_ring_all_reduce,2,8
1099,0.5181750000000002,0.5287939999999999,0.5243263333333334,0.5260100000000003,0.004495689812352293,0,2,862208,my_ring_all_reduce,2,8
1100,0.5182380000000003,0.5274220000000001,0.521566,0.5190379999999996,0.004153677246328481,0,2,870400,my_ring_all_reduce,2,8
1101,0.5183980000000001,0.5283810000000003,0.5234856666666667,0.5236779999999999,0.004077811204828246,0,2,878592,my_ring_all_reduce,2,8
1102,0.5199020000000005,0.5282199999999994,0.525426333333333,0.5281569999999992,0.00390637823167244,0,2,886784,my_ring_all_reduce,2,8
1103,0.5186210000000001,0.5281220000000012,0.5248166666666672,0.5277070000000004,0.004384272675015982,0,2,894976,my_ring_all_reduce,2,8
1104,0.5192259999999996,0.5276800000000013,0.5236443333333346,0.5240270000000028,0.0034619218490448446,0,2,903168,my_ring_all_reduce,2,8
1105,0.5185579999999991,0.5274199999999992,0.5215756666666663,0.5187490000000007,0.004133303306342249,0,2,911360,my_ring_all_reduce,2,8
1106,0.5185900000000001,0.5288280000000004,0.524838666666667,0.5270980000000004,0.0044745652551084186,0,2,919552,my_ring_all_reduce,2,8
1107,0.520252999999997,0.5291789999999996,0.5233356666666659,0.5205750000000012,0.004133951244135734,0,2,927744,my_ring_all_reduce,2,8
1108,0.5201910000000025,0.5300110000000031,0.5238800000000022,0.5214380000000011,0.004365059984315392,0,2,935936,my_ring_all_reduce,2,8
1109,0.5202850000000003,0.5262079999999997,0.5228673333333331,0.5221089999999995,0.002476796901017089,0,2,944128,my_ring_all_reduce,2,8
1110,0.5199310000000005,0.5208919999999998,0.5204229999999997,0.520445999999999,0.0003926635540337707,0,2,952320,my_ring_all_reduce,2,8
1111,0.5209880000000003,0.5295319999999992,0.5256389999999999,0.5263969999999999,0.003529013743242846,0,2,960512,my_ring_all_reduce,2,8
1112,0.5477699999999995,0.5523150000000006,0.5502566666666665,0.5506849999999995,0.001880045803224917,0,2,968704,my_ring_all_reduce,2,8
1113,0.5478349999999982,0.5525399999999995,0.5505339999999993,0.5512269999999999,0.0019823291015038827,0,2,976896,my_ring_all_reduce,2,8
1114,0.5423640000000014,0.5519310000000014,0.5483150000000014,0.5506500000000014,0.004240364842793601,0,2,985088,my_ring_all_reduce,2,8
1115,0.5503980000000002,0.5517749999999997,0.5511133333333335,0.5511670000000004,0.0005634372685182897,0,2,993280,my_ring_all_reduce,2,8
1116,0.5515480000000007,0.5523490000000006,0.5519640000000005,0.5519949999999999,0.0003277407512043142,0,2,1001472,my_ring_all_reduce,2,8
1117,0.5449240000000004,0.5501420000000017,0.5466743333333345,0.5449570000000012,0.0024520476250590134,0,2,1009664,my_ring_all_reduce,2,8
1118,0.543934000000002,0.5527650000000022,0.5495756666666681,0.5520280000000003,0.004000591150761726,0,2,1017856,my_ring_all_reduce,2,8
1119,0.5504909999999982,0.5535679999999993,0.5517633333333327,0.5512310000000007,0.0013113647683066652,0,2,1026048,my_ring_all_reduce,2,8
1120,0.5511640000000002,0.5527359999999999,0.551741333333333,0.5513239999999987,0.0007063621985608838,0,2,1034240,my_ring_all_reduce,2,8
1121,0.5445060000000008,0.5513580000000011,0.547761666666667,0.5474209999999994,0.002807670010683225,0,2,1042432,my_ring_all_reduce,2,8
1122,0.5482210000000005,0.5534050000000016,0.5500136666666671,0.5484149999999991,0.002399342317294366,0,2,1048576,my_ring_all_reduce,2,8
1123,0.5443170000000009,0.5536610000000018,0.5476336666666671,0.5449229999999988,0.004269142719043604,0,2,1081344,my_ring_all_reduce,2,8
1124,0.5455000000000014,0.5538849999999993,0.5502470000000007,0.5513560000000016,0.0035118339937979656,0,2,1114112,my_ring_all_reduce,2,8
1125,0.5535639999999985,0.5552269999999999,0.5542679999999994,0.554013,0.0007024533199204908,0,2,1146880,my_ring_all_reduce,2,8
1126,0.546143,0.5560919999999997,0.552199666666667,0.5543640000000014,0.004340422739268219,0,2,1179648,my_ring_all_reduce,2,8
1127,0.5477080000000005,0.5568599999999997,0.5529990000000001,0.5544290000000001,0.0038706976976591776,0,2,1212416,my_ring_all_reduce,2,8
1128,0.5545259999999981,0.5551670000000004,0.5549313333333333,0.5551010000000015,0.0002878776746403074,0,2,1245184,my_ring_all_reduce,2,8
1129,0.546684,0.5557079999999996,0.5512516666666665,0.5513629999999998,0.0036848736145972025,0,2,1277952,my_ring_all_reduce,2,8
1130,0.556862000000001,0.559291000000002,0.5577993333333343,0.5572449999999999,0.0010662939973995443,0,2,1310720,my_ring_all_reduce,2,8
1131,0.5531479999999996,0.5557420000000002,0.5547383333333332,0.5553249999999998,0.0011373484758665647,0,2,1343488,my_ring_all_reduce,2,8
1132,0.5496600000000004,0.5580180000000005,0.5547290000000005,0.5565090000000005,0.0036368797065617,0,2,1376256,my_ring_all_reduce,2,8
1133,0.5580760000000009,0.5588439999999982,0.5583539999999995,0.5581419999999994,0.00034752841610340986,0,2,1409024,my_ring_all_reduce,2,8
1134,0.5485749999999989,0.5591029999999991,0.5551136666666655,0.5576629999999987,0.004660759690103002,0,2,1441792,my_ring_all_reduce,2,8
1135,0.57904,0.5809259999999986,0.5797206666666659,0.579195999999999,0.0008546755069741028,0,2,1474560,my_ring_all_reduce,2,8
1136,0.5779489999999996,0.5841260000000003,0.5818313333333333,0.5834189999999999,0.0027603558144238486,0,2,1507328,my_ring_all_reduce,2,8
1137,0.5756770000000005,0.5863630000000012,0.5811380000000005,0.5813739999999997,0.004365731782874676,0,2,1540096,my_ring_all_reduce,2,8
1138,0.5775650000000006,0.5876769999999988,0.5836983333333325,0.5858529999999983,0.004400384629652385,0,2,1572864,my_ring_all_reduce,2,8
1139,0.5773100000000013,0.5863659999999999,0.5816820000000003,0.5813699999999995,0.0037036731317251445,0,2,1605632,my_ring_all_reduce,2,8
1140,0.5853720000000003,0.5907470000000004,0.5872933333333337,0.5857610000000001,0.002447269271839367,0,2,1638400,my_ring_all_reduce,2,8
1141,0.5830380000000005,0.5877089999999989,0.5860976666666663,0.5875459999999993,0.002164534181346975,0,2,1671168,my_ring_all_reduce,2,8
1142,0.5824929999999986,0.5886999999999989,0.5847433333333325,0.583037,0.0028065865784296365,0,2,1703936,my_ring_all_reduce,2,8
1143,0.5846029999999973,0.5936290000000004,0.5900329999999993,0.5918670000000003,0.003906391002789871,0,2,1736704,my_ring_all_reduce,2,8
1144,0.5861400000000003,0.5969559999999997,0.592871333333334,0.5955180000000019,0.00479583828844238,0,2,1769472,my_ring_all_reduce,2,8
1145,0.5912300000000003,0.6020440000000008,0.5981413333333335,0.6011499999999996,0.004900660182283851,0,2,1802240,my_ring_all_reduce,2,8
1146,0.5933410000000003,0.601373,0.5971393333333332,0.5967039999999992,0.00329346750738818,0,2,1835008,my_ring_all_reduce,2,8
1147,0.6039650000000002,0.6051170000000002,0.6044443333333334,0.6042509999999998,0.0004897681991401277,0,2,1867776,my_ring_all_reduce,2,8
1148,0.6040599999999977,0.6121229999999986,0.6068226666666657,0.6042850000000007,0.003749027103425686,0,2,1900544,my_ring_all_reduce,2,8
1149,0.6062060000000001,0.6172439999999988,0.6112389999999994,0.6102669999999993,0.004558358549594559,0,2,1933312,my_ring_all_reduce,2,8
1150,0.6195190000000003,0.6281569999999993,0.6240616666666664,0.6245089999999995,0.003540606476610945,0,2,1966080,my_ring_all_reduce,2,8
1151,0.6230029999999988,0.6261079999999998,0.6249349999999989,0.6256939999999982,0.0013765456766851288,0,2,1998848,my_ring_all_reduce,2,8
1152,0.6318359999999998,0.6324759999999997,0.6322113333333332,0.6323220000000002,0.0002727457098145113,0,2,2031616,my_ring_all_reduce,2,8
1153,0.6282540000000009,0.6370859999999994,0.6338963333333337,0.636349000000001,0.004001061220337177,0,2,2064384,my_ring_all_reduce,2,8
1154,0.6289259999999995,0.6397409999999991,0.6328290000000001,0.6298200000000015,0.004901130277802676,0,2,2097152,my_ring_all_reduce,2,8
1155,0.6360299999999989,0.6454989999999998,0.6392293333333329,0.6361590000000001,0.004433636606168454,0,2,2129920,my_ring_all_reduce,2,8
1156,0.6371459999999989,0.645371000000001,0.6416493333333341,0.6424310000000023,0.00340302887962513,0,2,2162688,my_ring_all_reduce,2,8
1157,0.648059000000002,0.6544069999999997,0.6502606666666672,0.6483159999999998,0.0029337771255190425,0,2,2195456,my_ring_all_reduce,2,8
1158,0.6587480000000014,0.6633900000000004,0.6613296666666669,0.6618509999999992,0.0019306099784489432,0,2,2228224,my_ring_all_reduce,2,8
1159,0.6597420000000002,0.6685399999999981,0.6654049999999996,0.6679330000000004,0.004012006065132866,0,2,2260992,my_ring_all_reduce,2,8
1160,0.6600290000000023,0.6696299999999992,0.6662483333333339,0.6690860000000003,0.004403336941708111,0,2,2293760,my_ring_all_reduce,2,8
1161,0.660349000000002,0.6644439999999986,0.6618946666666669,0.6608909999999997,0.001816180301865619,0,2,2326528,my_ring_all_reduce,2,8
1162,0.6786510000000017,0.680217999999998,0.6794943333333334,0.6796140000000005,0.0006452970031081454,0,2,2359296,my_ring_all_reduce,2,8
1163,0.6699800000000005,0.6799309999999996,0.6735853333333326,0.6708449999999976,0.004500938445356766,0,2,2392064,my_ring_all_reduce,2,8
1164,0.6707140000000009,0.6784300000000003,0.6747696666666672,0.675165,0.00316242315672974,0,2,2424832,my_ring_all_reduce,2,8
1165,0.6724120000000002,0.6816330000000012,0.6783870000000004,0.681116,0.00423023175094088,0,2,2457600,my_ring_all_reduce,2,8
1166,0.6724740000000011,0.6797739999999985,0.6749826666666664,0.6726999999999999,0.003389240360643653,0,2,2490368,my_ring_all_reduce,2,8
1167,0.6799649999999993,0.6878030000000008,0.6841983333333331,0.6848269999999993,0.003230580683957504,0,2,2523136,my_ring_all_reduce,2,8
1168,0.6750689999999995,0.6836469999999999,0.6780886666666669,0.6755500000000015,0.003935237589890469,0,2,2555904,my_ring_all_reduce,2,8
1169,0.6868779999999988,0.6882200000000003,0.6876019999999999,0.6877080000000005,0.0005529725731602007,0,2,2588672,my_ring_all_reduce,2,8
1170,0.6878039999999996,0.6982330000000002,0.6942243333333331,0.6966359999999995,0.0045864374215968005,0,2,2621440,my_ring_all_reduce,2,8
1171,0.6923159999999989,0.7051159999999991,0.6994099999999991,0.7007979999999994,0.005316948247506986,0,2,2654208,my_ring_all_reduce,2,8
1172,0.739933000000001,0.748732,0.7441450000000017,0.743770000000004,0.0036019503050425585,0,2,2686976,my_ring_all_reduce,2,8
1173,0.7399960000000001,0.7447010000000018,0.7428550000000008,0.7438680000000004,0.0020500216259027653,0,2,2719744,my_ring_all_reduce,2,8
1174,0.7402509999999966,0.7437080000000004,0.741659333333332,0.7410189999999993,0.00148216785674214,0,2,2752512,my_ring_all_reduce,2,8
1175,0.7405729999999985,0.7505250000000014,0.7441890000000001,0.7414690000000005,0.004495136334603827,0,2,2785280,my_ring_all_reduce,2,8
1176,0.7412750000000015,0.751195999999999,0.7460126666666665,0.7455669999999991,0.0040624725093077255,0,2,2818048,my_ring_all_reduce,2,8
1177,0.7472250000000004,0.7518030000000017,0.7493273333333339,0.7489539999999998,0.0018875123546327273,0,2,2850816,my_ring_all_reduce,2,8
1178,0.7460089999999991,0.7523140000000004,0.7502016666666661,0.7522819999999992,0.0029646918146001952,0,2,2883584,my_ring_all_reduce,2,8
1179,0.7463639999999978,0.7550690000000004,0.7508973333333326,0.751259,0.003562991096756122,0,2,2916352,my_ring_all_reduce,2,8
1180,0.7518670000000011,0.7585870000000022,0.7541500000000018,0.7519960000000019,0.0031378747584953543,0,2,2949120,my_ring_all_reduce,2,8
1181,0.7522829999999986,0.7656930000000002,0.7596656666666662,0.7610209999999997,0.0055578605795962195,0,2,2981888,my_ring_all_reduce,2,8
1182,0.7567940000000003,0.7660410000000011,0.7608590000000008,0.7597420000000011,0.0038568137972513974,0,2,3014656,my_ring_all_reduce,2,8
1183,0.7588740000000007,0.7656599999999999,0.7611796666666671,0.759005000000001,0.0031685254544586883,0,2,3047424,my_ring_all_reduce,2,8
1184,0.7707469999999976,0.7747799999999998,0.7724886666666658,0.7719389999999998,0.0016917195065646688,0,2,3080192,my_ring_all_reduce,2,8
1185,0.8046369999999988,0.8054690000000001,0.8050416666666661,0.8050189999999994,0.0003400405204617691,0,2,3112960,my_ring_all_reduce,2,8
1186,0.7966369999999988,0.8036100000000006,0.8003686666666662,0.8008589999999994,0.002867752003845453,0,2,3145728,my_ring_all_reduce,2,8
1187,0.7971169999999984,0.805277,0.7999533333333323,0.7974659999999986,0.003767096170203386,0,2,3178496,my_ring_all_reduce,2,8
1188,0.7988460000000005,0.8059159999999984,0.8035173333333328,0.8057899999999991,0.003303531981917251,0,2,3211264,my_ring_all_reduce,2,8
1189,0.8016600000000035,0.8112299999999996,0.8078156666666679,0.8105570000000007,0.004361376413726326,0,2,3244032,my_ring_all_reduce,2,8
1190,0.801051,0.8088899999999994,0.8060213333333337,0.8081230000000015,0.0035284777013451615,0,2,3276800,my_ring_all_reduce,2,8
1191,0.8071630000000005,0.812062,0.8094896666666652,0.8092439999999952,0.002007538182838736,0,2,3309568,my_ring_all_reduce,2,8
1192,0.8070369999999989,0.815420999999999,0.8123806666666651,0.8146839999999975,0.0037905032500826193,0,2,3342336,my_ring_all_reduce,2,8
1193,0.8085420000000013,0.8182050000000017,0.8127430000000017,0.8114820000000018,0.004044418623238835,0,2,3375104,my_ring_all_reduce,2,8
1194,0.8127020000000011,0.822554000000001,0.8161776666666668,0.8132769999999983,0.0045148552087038805,0,2,3407872,my_ring_all_reduce,2,8
1195,0.815773000000002,0.8241569999999975,0.8189730000000003,0.8169890000000014,0.003699104035662133,0,2,3440640,my_ring_all_reduce,2,8
1196,0.8189410000000003,0.8200290000000013,0.8195806666666674,0.8197720000000008,0.00046432196683905474,0,2,3473408,my_ring_all_reduce,2,8
1197,0.8286339999999991,0.8365409999999983,0.8327003333333324,0.8329259999999995,0.0032319608427217915,0,2,3506176,my_ring_all_reduce,2,8
1198,0.8326029999999992,0.840157000000002,0.8375416666666671,0.8398649999999998,0.003494198747766744,0,2,3538944,my_ring_all_reduce,2,8
1199,0.8518370000000014,0.8600590000000002,0.8560066666666676,0.8561240000000012,0.0033576426585059755,0,2,3571712,my_ring_all_reduce,2,8
1200,0.8509709999999959,0.8523780000000006,0.8515146666666663,0.8511950000000025,0.0006172802352985259,0,2,3604480,my_ring_all_reduce,2,8
1201,0.8511940000000013,0.8543639999999996,0.8522730000000004,0.8512610000000005,0.0014788132629459244,0,2,3637248,my_ring_all_reduce,2,8
1202,0.8519969999999985,0.8585560000000005,0.8553776666666663,0.8555799999999999,0.002681520008420631,0,2,3670016,my_ring_all_reduce,2,8
1203,0.8525069999999996,0.8623019999999979,0.8567116666666658,0.855326,0.004117083136827445,0,2,3702784,my_ring_all_reduce,2,8
1204,0.8526979999999985,0.8605090000000005,0.8564659999999998,0.8561910000000007,0.003194750798837319,0,2,3735552,my_ring_all_reduce,2,8
1205,0.852828999999998,0.8576269999999986,0.8559859999999991,0.8575020000000004,0.002232919314858884,0,2,3768320,my_ring_all_reduce,2,8
1206,0.8531150000000016,0.8614340000000011,0.8560376666666683,0.8535640000000021,0.0038201841433216778,0,2,3801088,my_ring_all_reduce,2,8
1207,0.8530179999999992,0.8609570000000013,0.8582560000000007,0.8607930000000015,0.0037044304105590133,0,2,3833856,my_ring_all_reduce,2,8
1208,0.8534020000000001,0.8632589999999973,0.8577659999999994,0.8566370000000006,0.004102527107363961,0,2,3866624,my_ring_all_reduce,2,8
1209,0.8542019999999985,0.863482,0.858522333333333,0.8578830000000007,0.0038154213688957406,0,2,3899392,my_ring_all_reduce,2,8
1210,0.8542380000000012,0.8549390000000008,0.8545993333333343,0.8546210000000011,0.0002865918507020066,0,2,3932160,my_ring_all_reduce,2,8
1211,0.8558030000000008,0.8585540000000019,0.8574243333333339,0.8579159999999992,0.001175670683293556,0,2,3964928,my_ring_all_reduce,2,8
1212,0.8542019999999994,0.8592900000000009,0.8562506666666674,0.855260000000002,0.0021921072560948224,0,2,3997696,my_ring_all_reduce,2,8
1213,0.8544290000000005,0.8622980000000016,0.857884333333334,0.8569259999999997,0.003283198880496335,0,2,4030464,my_ring_all_reduce,2,8
1214,0.8555490000000009,0.8591610000000001,0.8576490000000003,0.8582370000000001,0.0015320887702737298,0,2,4063232,my_ring_all_reduce,2,8
1215,0.8564450000000007,0.8597369999999974,0.8586086666666674,0.8596440000000038,0.0015304143955876658,0,2,4096000,my_ring_all_reduce,2,8
1216,0.8566970000000002,0.8656249999999991,0.8615616666666668,0.8623630000000012,0.0036886219046621247,0,2,4128768,my_ring_all_reduce,2,8
1217,0.8617240000000002,0.8652750000000015,0.863899,0.8646979999999985,0.0015558922413416013,0,2,4161536,my_ring_all_reduce,2,8
1218,0.8573089999999993,0.8636740000000018,0.8615420000000001,0.8636429999999992,0.002993209759884864,0,2,4194304,my_ring_all_reduce,2,8
1219,0.8643780000000011,0.8662020000000002,0.865222666666667,0.8650879999999997,0.0007507087021975485,0,2,4227072,my_ring_all_reduce,2,8
1220,0.8571489999999999,0.8620780000000005,0.8588020000000004,0.857179000000001,0.002316514191624984,0,2,4259840,my_ring_all_reduce,2,8
1221,0.8575970000000016,0.8607630000000017,0.8590563333333341,0.8588089999999993,0.0013042927415101528,0,2,4292608,my_ring_all_reduce,2,8
1222,0.8572739999999985,0.8583000000000011,0.8579263333333338,0.8582050000000018,0.00046289691677174247,0,2,4325376,my_ring_all_reduce,2,8
1223,0.85702,0.8665550000000003,0.8605510000000008,0.8580780000000022,0.004267384288608676,0,2,4358144,my_ring_all_reduce,2,8
1224,0.8598680000000004,0.8680600000000004,0.8630140000000002,0.8611139999999996,0.003604137992178936,0,2,4390912,my_ring_all_reduce,2,8
1225,0.8575620000000008,0.8596440000000021,0.8585760000000007,0.858521999999999,0.0008508301828220217,0,2,4423680,my_ring_all_reduce,2,8
1226,0.8788789999999981,0.8811800000000003,0.8799436666666661,0.879772,0.0009471896442760713,0,2,4456448,my_ring_all_reduce,2,8
1227,0.8801869999999999,0.8840249999999978,0.8819246666666659,0.881562,0.0015877040726216193,0,2,4489216,my_ring_all_reduce,2,8
1228,0.8781710000000021,0.8877110000000011,0.8828226666666672,0.8825859999999984,0.003898282385301617,0,2,4521984,my_ring_all_reduce,2,8
1229,0.8797390000000005,0.8852740000000001,0.8826180000000012,0.8828410000000031,0.0022651494431934773,0,2,4554752,my_ring_all_reduce,2,8
1230,0.8840280000000011,0.8881230000000014,0.8854256666666682,0.8841260000000021,0.0019077222602417634,0,2,4587520,my_ring_all_reduce,2,8
1231,0.8817219999999961,0.8847310000000007,0.8833876666666659,0.883710000000001,0.00124938500426972,0,2,4620288,my_ring_all_reduce,2,8
1232,0.8797379999999976,0.882139000000001,0.8808586666666655,0.8806989999999978,0.0009866847971321908,0,2,4653056,my_ring_all_reduce,2,8
1233,0.8804759999999969,0.8880889999999999,0.8838353333333323,0.8829409999999999,0.0031716784550500886,0,2,4685824,my_ring_all_reduce,2,8
1234,0.8807940000000007,0.8865849999999992,0.883823333333334,0.8840910000000022,0.0023717299359088642,0,2,4718592,my_ring_all_reduce,2,8
1235,0.8808610000000027,0.8839660000000013,0.8819603333333333,0.8810539999999965,0.0014204075315054534,0,2,4751360,my_ring_all_reduce,2,8
1236,0.8824259999999986,0.8893750000000009,0.8861720000000005,0.886715000000002,0.0028627826789110015,0,2,4784128,my_ring_all_reduce,2,8
1237,0.885402,0.892826,0.8889116666666669,0.8885070000000005,0.0030443127668198055,0,2,4816896,my_ring_all_reduce,2,8
1238,0.8876770000000024,0.8928590000000013,0.8898300000000008,0.8889539999999988,0.002204361283153593,0,2,4849664,my_ring_all_reduce,2,8
1239,0.8848929999999992,0.8889560000000002,0.8871539999999999,0.8876130000000003,0.0016901682362026186,0,2,4882432,my_ring_all_reduce,2,8
1240,0.8859799999999978,0.8913540000000012,0.8893186666666665,0.8906220000000004,0.0023796326513902226,0,2,4915200,my_ring_all_reduce,2,8
1241,0.8850859999999994,0.8953560000000007,0.8903853333333336,0.8907140000000009,0.004199146050753689,0,2,4947968,my_ring_all_reduce,2,8
1242,0.8915129999999981,0.8941689999999999,0.893220999999999,0.8939809999999989,0.0012101746430446274,0,2,4980736,my_ring_all_reduce,2,8
1243,0.8875480000000007,0.8926979999999994,0.890608333333332,0.8915789999999961,0.0022116766390118826,0,2,5013504,my_ring_all_reduce,2,8
1244,0.8834229999999988,0.8921529999999993,0.8888803333333323,0.8910649999999987,0.0038843962493832884,0,2,5046272,my_ring_all_reduce,2,8
1245,0.8818860000000004,0.886811999999999,0.8839546666666663,0.8831659999999992,0.0020869220291025734,0,2,5079040,my_ring_all_reduce,2,8
1246,0.8832870000000012,0.8924760000000002,0.8871616666666674,0.8857220000000007,0.00388706490241062,0,2,5111808,my_ring_all_reduce,2,8
1247,0.8873560000000003,0.891866,0.8889236666666661,0.8875489999999981,0.0020820352756114424,0,2,5144576,my_ring_all_reduce,2,8
1248,0.8840580000000018,0.8854039999999986,0.8845926666666669,0.8843160000000008,0.0005832879982370397,0,2,5177344,my_ring_all_reduce,2,8
1249,0.8884420000000001,0.8966989999999987,0.8915149999999997,0.8894040000000004,0.0036866202227326624,0,2,5210112,my_ring_all_reduce,2,8
1250,0.8921570000000029,0.8985230000000011,0.8956760000000012,0.8963479999999999,0.002641991294458647,0,2,5242880,my_ring_all_reduce,2,8
1251,0.8915140000000029,0.8979769999999999,0.8957273333333345,0.8976910000000007,0.0029815636091735714,0,2,5275648,my_ring_all_reduce,2,8
1252,0.8889869999999992,0.8915799999999999,0.8903096666666661,0.8903619999999992,0.0010592344195484668,0,2,5308416,my_ring_all_reduce,2,8
1253,0.9106509999999934,0.9120590000000012,0.9111313333333301,0.9106839999999957,0.000656097723076621,0,2,5341184,my_ring_all_reduce,2,8
1254,0.9063950000000014,0.91433,0.9109176666666668,0.9120279999999994,0.0033332352985576716,0,2,5373952,my_ring_all_reduce,2,8
1255,0.9066190000000015,0.9118040000000001,0.9087320000000007,0.9077730000000006,0.002222733602270924,0,2,5406720,my_ring_all_reduce,2,8
1256,0.9100120000000025,0.916156,0.9126353333333338,0.9117379999999994,0.002587288069688319,0,2,5439488,my_ring_all_reduce,2,8
1257,0.9066829999999972,0.9127960000000003,0.9088166666666654,0.9069709999999986,0.002816268966007191,0,2,5472256,my_ring_all_reduce,2,8
1258,0.9058519999999999,0.9150359999999992,0.9093506666666661,0.9071639999999989,0.0040556624886966455,0,2,5505024,my_ring_all_reduce,2,8
1259,0.9086009999999997,0.9087659999999987,0.9087099999999992,0.9087629999999994,7.708436936213296e-05,0,2,5537792,my_ring_all_reduce,2,8
1260,0.9110979999999982,0.9152599999999984,0.9130396666666657,0.9127610000000005,0.0017105169459032323,0,2,5570560,my_ring_all_reduce,2,8
1261,0.913339,0.9203810000000003,0.9168599999999992,0.916859999999997,0.0028748844614466564,0,2,5603328,my_ring_all_reduce,2,8
1262,0.9106489999999995,0.9171489999999994,0.9138183333333321,0.9136569999999974,0.002656064925578628,0,2,5636096,my_ring_all_reduce,2,8
1263,0.9119659999999967,0.9207030000000023,0.9162009999999992,0.9159339999999984,0.0035718584331805507,0,2,5668864,my_ring_all_reduce,2,8
1264,0.9130189999999998,0.9208309999999983,0.9164663333333324,0.9155489999999991,0.00325453133680078,0,2,5701632,my_ring_all_reduce,2,8
1265,0.9147130000000011,0.9176880000000028,0.916196000000001,0.916186999999999,0.001214555337013673,0,2,5734400,my_ring_all_reduce,2,8
1266,0.9095960000000032,0.916795000000001,0.9125823333333353,0.9113560000000016,0.003064236754704852,0,2,5767168,my_ring_all_reduce,2,8
1267,0.9084450000000034,0.9110999999999999,0.9100543333333345,0.9106180000000004,0.0011548582404572417,0,2,5799936,my_ring_all_reduce,2,8
1268,0.9083790000000008,0.9114230000000006,0.9099269999999992,0.9099789999999958,0.001243251650578561,0,2,5832704,my_ring_all_reduce,2,8
1269,0.9086360000000022,0.912509,0.9104490000000012,0.9102020000000012,0.0015907627101479163,0,2,5865472,my_ring_all_reduce,2,8
1270,0.9126350000000002,0.9188429999999999,0.9147903333333335,0.9128930000000005,0.002867603102863825,0,2,5898240,my_ring_all_reduce,2,8
1271,0.9156439999999966,0.9221080000000038,0.9190360000000002,0.9193559999999998,0.002648600133406739,0,2,5931008,my_ring_all_reduce,2,8
1272,0.9189400000000023,0.9216600000000008,0.9200816666666679,0.9196450000000005,0.0011525647728238568,0,2,5963776,my_ring_all_reduce,2,8
1273,0.9135619999999999,0.9219780000000001,0.9188526666666667,0.921018,0.0037615391648751304,0,2,5996544,my_ring_all_reduce,2,8
1274,0.9187160000000022,0.9222950000000001,0.919993333333335,0.9189690000000028,0.0016307982367188257,0,2,6029312,my_ring_all_reduce,2,8
1275,0.9161899999999968,0.9233550000000005,0.9202083333333326,0.9210800000000005,0.0029893319580744614,0,2,6062080,my_ring_all_reduce,2,8
1276,0.9160580000000009,0.9187459999999992,0.9177546666666667,0.91846,0.0012053926976525063,0,2,6094848,my_ring_all_reduce,2,8
1277,0.9176619999999999,0.9220099999999984,0.9203913333333323,0.9215019999999986,0.0019410411868083617,0,2,6127616,my_ring_all_reduce,2,8
1278,0.9183609999999972,0.9223010000000049,0.920965666666667,0.9222349999999988,0.0018419745444034896,0,2,6160384,my_ring_all_reduce,2,8
1279,0.9163809999999994,0.9229699999999994,0.9201026666666664,0.9209570000000004,0.0027569481113886283,0,2,6193152,my_ring_all_reduce,2,8
1280,0.938905999999999,0.9446350000000011,0.942662,0.9444449999999998,0.002657025529924449,0,2,6225920,my_ring_all_reduce,2,8
1281,0.9385860000000009,0.9478989999999995,0.9442076666666664,0.946137999999999,0.004039606609009053,0,2,6258688,my_ring_all_reduce,2,8
1282,0.9388100000000004,0.943065999999998,0.9411893333333333,0.9416920000000019,0.0017734879631824535,0,2,6291456,my_ring_all_reduce,2,8
1283,0.9414970000000012,0.9469679999999999,0.9443673333333346,0.9446370000000025,0.002241651226712163,0,2,6324224,my_ring_all_reduce,2,8
1284,0.9424900000000016,0.9489879999999994,0.9462773333333329,0.9473539999999976,0.0027598803516726347,0,2,6356992,my_ring_all_reduce,2,8
1285,0.9383629999999998,0.9431309999999994,0.9406900000000006,0.9405760000000027,0.001948196259791532,0,2,6389760,my_ring_all_reduce,2,8
1286,0.9389080000000031,0.9526669999999986,0.9438890000000001,0.9400919999999987,0.006225775828493308,0,2,6422528,my_ring_all_reduce,2,8
1287,0.9449559999999984,0.9466830000000009,0.9456916666666659,0.9454359999999988,0.0007278536177628832,0,2,6455296,my_ring_all_reduce,2,8
1288,0.9422040000000051,0.9485390000000011,0.9455203333333352,0.9458179999999993,0.0025948038247389027,0,2,6488064,my_ring_all_reduce,2,8
1289,0.9400920000000024,0.9455339999999979,0.9428236666666677,0.942845000000003,0.002221738408442237,0,2,6520832,my_ring_all_reduce,2,8
1290,0.9450209999999998,0.9487340000000004,0.9466323333333335,0.9461420000000007,0.001554973168757628,0,2,6553600,my_ring_all_reduce,2,8
1291,0.9447009999999991,0.9520250000000003,0.947387333333333,0.9454359999999997,0.0032930249855654824,0,2,6586368,my_ring_all_reduce,2,8
1292,0.9487959999999994,0.9500430000000002,0.9493716666666662,0.9492759999999989,0.0005135603394174849,0,2,6619136,my_ring_all_reduce,2,8
1293,0.9467459999999974,0.948539999999999,0.9478559999999995,0.948282000000002,0.0007919242388019386,0,2,6651904,my_ring_all_reduce,2,8
1294,0.9442189999999991,0.950969000000001,0.947503999999999,0.947323999999997,0.002758613782319744,0,2,6684672,my_ring_all_reduce,2,8
1295,0.945719000000001,0.9471940000000032,0.9463496666666679,0.9461359999999995,0.0006208308053651547,0,2,6717440,my_ring_all_reduce,2,8
1296,0.94233,0.946943000000003,0.9453403333333349,0.9467480000000015,0.0021301152290177767,0,2,6750208,my_ring_all_reduce,2,8
1297,0.9431630000000005,0.9451789999999983,0.9443043333333332,0.9445710000000006,0.0008443527435582149,0,2,6782976,my_ring_all_reduce,2,8
1298,0.9449219999999996,0.949275999999998,0.9477393333333342,0.949020000000005,0.0019948950404031756,0,2,6815744,my_ring_all_reduce,2,8
1299,0.9450489999999991,0.9554520000000002,0.9489433333333329,0.9463289999999998,0.004631893517294957,0,2,6848512,my_ring_all_reduce,2,8
1300,0.9439000000000005,0.9489890000000005,0.946288666666666,0.9459769999999972,0.002089231490817361,0,2,6881280,my_ring_all_reduce,2,8
1301,0.9420110000000005,0.9473869999999998,0.9455946666666675,0.9473860000000023,0.00253403503439807,0,2,6914048,my_ring_all_reduce,2,8
1302,0.9465239999999976,0.9477700000000022,0.9470439999999999,0.9468379999999997,0.0005291225440941011,0,2,6946816,my_ring_all_reduce,2,8
1303,0.943578,0.948696,0.9466489999999999,0.9476729999999998,0.002211321324457339,0,2,6979584,my_ring_all_reduce,2,8
1304,0.9467779999999967,0.9567949999999992,0.9525499999999983,0.9540769999999993,0.004229568063054396,0,2,7012352,my_ring_all_reduce,2,8
1305,0.9472579999999998,0.9535009999999984,0.950396333333334,0.950430000000004,0.002548805253882557,0,2,7045120,my_ring_all_reduce,2,8
1306,0.9476099999999997,0.9530809999999993,0.9503616666666658,0.9503939999999984,0.0022336434113098855,0,2,7077888,my_ring_all_reduce,2,8
1307,1.1420740000000005,1.1471590000000016,1.144441333333334,1.1440910000000004,0.0020906707589250536,0,2,7110656,my_ring_all_reduce,2,8
1308,1.1545560000000006,1.1603149999999998,1.157787333333333,1.158490999999999,0.0024031757229868683,0,2,7143424,my_ring_all_reduce,2,8
1309,1.1650840000000007,1.1664889999999997,1.1657973333333338,1.1658190000000013,0.000573793420046302,0,2,7176192,my_ring_all_reduce,2,8
1310,1.1710019999999968,1.1724759999999987,1.1719209999999987,1.1722850000000007,0.0006544926788500756,0,2,7208960,my_ring_all_reduce,2,8
1311,1.1682129999999993,1.171996,1.170254666666666,1.1705549999999985,0.0015589360331829754,0,2,7241728,my_ring_all_reduce,2,8
1312,1.1691790000000004,1.1745869999999978,1.1726033333333323,1.174043999999999,0.002431495607416162,0,2,7274496,my_ring_all_reduce,2,8
1313,1.1729610000000001,1.180472999999999,1.1765619999999999,1.1762520000000005,0.0030745851752711183,0,2,7307264,my_ring_all_reduce,2,8
1314,1.1762200000000012,1.1798019999999978,1.1777223333333324,1.1771449999999986,0.0015182591639391597,0,2,7340032,my_ring_all_reduce,2,8
1315,1.1791620000000003,1.186364,1.1834823333333333,1.1849209999999994,0.0031112186608392234,0,2,7372800,my_ring_all_reduce,2,8
1316,1.187064999999997,1.1929880000000013,1.1897339999999996,1.1891490000000005,0.002453181743506728,0,2,7405568,my_ring_all_reduce,2,8
1317,1.1929860000000005,1.2005369999999993,1.1976573333333336,1.1994490000000007,0.003332861866657536,0,2,7438336,my_ring_all_reduce,2,8
1318,1.1941760000000032,1.2006349999999992,1.198236333333334,1.1998979999999992,0.0028868116591743097,0,2,7471104,my_ring_all_reduce,2,8
1319,1.1972439999999989,1.2040880000000007,1.1996313333333328,1.197561999999999,0.003154012189084615,0,2,7503872,my_ring_all_reduce,2,8
1320,1.201431999999999,1.2096929999999992,1.205616,1.2057230000000019,0.0033733877136593237,0,2,7536640,my_ring_all_reduce,2,8
1321,1.210875,1.2172440000000007,1.213819333333334,1.2133390000000017,0.0026222230178908615,0,2,7569408,my_ring_all_reduce,2,8
1322,1.2275459999999998,1.2342340000000005,1.2311616666666672,1.2317050000000014,0.002757262450733374,0,2,7602176,my_ring_all_reduce,2,8
1323,1.2517379999999976,1.252983000000002,1.2523973333333318,1.252470999999996,0.0005109313935260947,0,2,7634944,my_ring_all_reduce,2,8
1324,1.2579119999999997,1.268313,1.2634910000000006,1.2642480000000023,0.004279796490489045,0,2,7667712,my_ring_all_reduce,2,8
1325,1.2632889999999988,1.2717429999999985,1.267152666666666,1.2664260000000005,0.0034893707487483458,0,2,7700480,my_ring_all_reduce,2,8
1326,1.2661359999999995,1.2742969999999996,1.2707556666666668,1.2718340000000017,0.0034178533548935856,0,2,7733248,my_ring_all_reduce,2,8
1327,1.2742319999999954,1.2775600000000031,1.276034666666666,1.276312,0.0013727299645466665,0,2,7766016,my_ring_all_reduce,2,8
1328,1.2902969999999996,1.2932749999999997,1.2919630000000002,1.292317000000001,0.0012412649462009073,0,2,7798784,my_ring_all_reduce,2,8
1329,1.2977519999999987,1.3017210000000015,1.2992669999999988,1.2983279999999968,0.0017511007966435597,0,2,7831552,my_ring_all_reduce,2,8
1330,1.310425000000001,1.318747000000003,1.3146396666666673,1.3147469999999977,0.0033982898967314856,0,2,7864320,my_ring_all_reduce,2,8
1331,1.3180730000000003,1.3261070000000008,1.3221590000000016,1.322297000000004,0.003281318027866511,0,2,7897088,my_ring_all_reduce,2,8
1332,1.3250199999999988,1.3261400000000003,1.3257013333333332,1.3259440000000005,0.0004883750835402589,0,2,7929856,my_ring_all_reduce,2,8
1333,1.3245100000000003,1.330107,1.3269389999999992,1.3261999999999972,0.0023439557731892964,0,2,7962624,my_ring_all_reduce,2,8
1334,1.3245370000000007,1.330649999999998,1.3281849999999993,1.3293679999999986,0.0026320852316481422,0,2,7995392,my_ring_all_reduce,2,8
1335,1.3318019999999988,1.3383919999999998,1.3344043333333326,1.3330189999999993,0.0028631435327085984,0,2,8028160,my_ring_all_reduce,2,8
1336,1.3379130000000024,1.3415929999999998,1.340366000000001,1.3415920000000006,0.0017345329822932541,0,2,8060928,my_ring_all_reduce,2,8
1337,1.3404729999999991,1.354618999999997,1.3474819999999992,1.3473540000000013,0.005775789527558624,0,2,8093696,my_ring_all_reduce,2,8
1338,1.3437379999999994,1.3519620000000006,1.3483129999999999,1.3492389999999996,0.0034206871629351774,0,2,8126464,my_ring_all_reduce,2,8
1339,1.3429739999999966,1.3517710000000043,1.3474296666666674,1.3475440000000007,0.0035922700653270587,0,2,8159232,my_ring_all_reduce,2,8
1340,1.3476399999999995,1.355835000000001,1.3512149999999996,1.3501699999999983,0.0034262248418152792,0,2,8192000,my_ring_all_reduce,2,8
1341,1.3462019999999995,1.352373999999998,1.3501903333333327,1.3519950000000007,0.0028244187996037196,0,2,8224768,my_ring_all_reduce,2,8
1342,1.3513219999999984,1.3530159999999978,1.352046999999998,1.351802999999998,0.0007127697150316744,0,2,8257536,my_ring_all_reduce,2,8
1343,1.3521849999999995,1.3645049999999974,1.356995999999999,1.3542979999999998,0.005379281426608543,0,2,8290304,my_ring_all_reduce,2,8
1344,1.3560559999999986,1.3620739999999996,1.3581696666666663,1.356379000000001,0.002763927921555722,0,2,8323072,my_ring_all_reduce,2,8
1345,1.3494979999999979,1.3591280000000006,1.3555239999999997,1.3579459999999999,0.004288262118855342,0,2,8355840,my_ring_all_reduce,2,8
1346,1.3533370000000031,1.3595110000000004,1.3564196666666684,1.3564110000000018,0.00252053239525896,0,2,8388608,my_ring_all_reduce,2,8
1347,1.3554190000000035,1.3615909999999987,1.357848999999999,1.3565369999999948,0.002685070328066336,0,2,8421376,my_ring_all_reduce,2,8
1348,1.3630329999999922,1.3738479999999964,1.3697316666666624,1.372313999999999,0.004777892864249416,0,2,8454144,my_ring_all_reduce,2,8
1349,1.3697549999999974,1.375800000000001,1.3730283333333324,1.3735299999999988,0.002493225265039123,0,2,8486912,my_ring_all_reduce,2,8
1350,1.3757380000000012,1.38479,1.3807073333333335,1.3815939999999995,0.0037482715423980545,0,2,8519680,my_ring_all_reduce,2,8
1351,1.377559999999996,1.384182999999999,1.3812403333333314,1.3819779999999993,0.0027536819391916095,0,2,8552448,my_ring_all_reduce,2,8
1352,1.3807289999999994,1.3837689999999985,1.3819026666666667,1.3812100000000018,0.0013342264508770336,0,2,8585216,my_ring_all_reduce,2,8
1353,1.3840270000000037,1.3880559999999986,1.386116333333334,1.3862659999999996,0.0016482334651221648,0,2,8617984,my_ring_all_reduce,2,8
1354,1.3813370000000014,1.390717999999999,1.3870240000000005,1.3890170000000017,0.004080835453677918,0,2,8650752,my_ring_all_reduce,2,8
1355,1.3918950000000014,1.3939809999999961,1.3928579999999993,1.3926980000000004,0.0008590882764086634,0,2,8683520,my_ring_all_reduce,2,8
1356,1.3868430000000007,1.390838999999999,1.3884189999999996,1.387574999999999,0.0017370964279504859,0,2,8716288,my_ring_all_reduce,2,8
1357,1.3812720000000027,1.393688,1.3884933333333338,1.3905199999999986,0.005267497655959684,0,2,8749056,my_ring_all_reduce,2,8
1358,1.3859789999999994,1.3909039999999986,1.3885809999999996,1.3888600000000006,0.002020278363658243,0,2,8781824,my_ring_all_reduce,2,8
1359,1.3879620000000032,1.3926669999999994,1.3898506666666683,1.3889230000000017,0.002029725816183726,0,2,8814592,my_ring_all_reduce,2,8
1360,1.3881219999999999,1.3929530000000032,1.3902233333333343,1.3895950000000004,0.0020216729595959534,0,2,8847360,my_ring_all_reduce,2,8
1361,1.3924419999999982,1.393497999999996,1.3930709999999984,1.393273000000001,0.00045415636073905727,0,2,8880128,my_ring_all_reduce,2,8
1362,1.389947000000002,1.3973050000000022,1.3946616666666676,1.3967329999999984,0.003341941285473301,0,2,8912896,my_ring_all_reduce,2,8
1363,1.397433000000001,1.4050820000000013,1.4002486666666674,1.3982309999999998,0.0034331748507115123,0,2,8945664,my_ring_all_reduce,2,8
1364,1.4013050000000022,1.406746000000001,1.4037486666666696,1.4031950000000053,0.002255516250340889,0,2,8978432,my_ring_all_reduce,2,8
1365,1.4049879999999995,1.4142329999999983,1.4086873333333314,1.4068409999999967,0.003993679701172176,0,2,9011200,my_ring_all_reduce,2,8
1366,1.4100080000000035,1.417050000000001,1.4128046666666674,1.4113559999999985,0.003051930245307074,0,2,9043968,my_ring_all_reduce,2,8
1367,1.4108419999999997,1.4163460000000014,1.412878666666666,1.4114479999999967,0.002464225278303322,0,2,9076736,my_ring_all_reduce,2,8
1368,1.415898000000001,1.4184260000000068,1.4173273333333363,1.4176580000000012,0.0010582064490888465,0,2,9109504,my_ring_all_reduce,2,8
1369,1.4138519999999972,1.4154479999999985,1.4148743333333311,1.4153229999999977,0.0007246977914203305,0,2,9142272,my_ring_all_reduce,2,8
1370,1.4136559999999954,1.4281199999999998,1.4206546666666633,1.4201879999999947,0.00591411629540526,0,2,9175040,my_ring_all_reduce,2,8
1371,1.4193520000000008,1.4275179999999983,1.4240266666666648,1.4252099999999954,0.003437159421510543,0,2,9207808,my_ring_all_reduce,2,8
1372,1.4214349999999978,1.4230980000000018,1.4224253333333332,1.4227430000000003,0.0007151113355447086,0,2,9240576,my_ring_all_reduce,2,8
1373,1.4173369999999978,1.423225999999996,1.4208779999999968,1.4220709999999963,0.0025478771555936617,0,2,9273344,my_ring_all_reduce,2,8
1374,1.4276389999999997,1.4309029999999998,1.4292186666666666,1.4291140000000013,0.0013345761707581976,0,2,9306112,my_ring_all_reduce,2,8
1375,1.426456000000002,1.4355470000000041,1.4303396666666688,1.4290160000000005,0.0038275876069526777,0,2,9338880,my_ring_all_reduce,2,8
1376,1.4347429999999994,1.436027000000001,1.4355659999999981,1.4359279999999945,0.0005833506664085643,0,2,9371648,my_ring_all_reduce,2,8
1377,1.4379160000000029,1.441464,1.4393963333333335,1.4388089999999976,0.0015068280886972908,0,2,9404416,my_ring_all_reduce,2,8
1378,1.4393860000000023,1.4417549999999988,1.4406563333333338,1.4408279999999996,0.0009747281102369128,0,2,9437184,my_ring_all_reduce,2,8
1379,1.4404110000000019,1.4432880000000041,1.4417633333333353,1.4415909999999998,0.001180834827099624,0,2,9469952,my_ring_all_reduce,2,8
1380,1.4369830000000001,1.4449849999999997,1.4407183333333327,1.440186999999998,0.00328833669538596,0,2,9502720,my_ring_all_reduce,2,8
1381,1.4427419999999984,1.447610999999999,1.4455816666666657,1.446391999999999,0.0020686985173187502,0,2,9535488,my_ring_all_reduce,2,8
1382,1.4448580000000002,1.4476119999999955,1.4463516666666656,1.446585000000001,0.0011363574359409758,0,2,9568256,my_ring_all_reduce,2,8
1383,1.4445689999999995,1.4496879999999983,1.4472463333333325,1.447482,0.0020964564282506815,0,2,9601024,my_ring_all_reduce,2,8
1384,1.4446959999999982,1.4471930000000002,1.4462013333333328,1.4467150000000002,0.0010821713768580617,0,2,9633792,my_ring_all_reduce,2,8
1385,1.439958,1.453241,1.4461463333333333,1.4452399999999999,0.005460500729990065,0,2,9666560,my_ring_all_reduce,2,8
1386,1.4449860000000008,1.4517680000000002,1.4485046666666672,1.4487600000000003,0.00277462037443338,0,2,9699328,my_ring_all_reduce,2,8
1387,1.449271999999999,1.452443000000003,1.450564000000002,1.4499770000000045,0.001359469749572566,0,2,9732096,my_ring_all_reduce,2,8
1388,1.4456589999999978,1.4513520000000009,1.4481003333333338,1.4472900000000026,0.0023937477357119825,0,2,9764864,my_ring_all_reduce,2,8
1389,1.4474820000000037,1.4519269999999997,1.4502423333333347,1.4513180000000012,0.0019676212937324387,0,2,9797632,my_ring_all_reduce,2,8
1390,1.4500710000000017,1.4521209999999938,1.4507979999999983,1.4502020000000002,0.0009370297042571742,0,2,9830400,my_ring_all_reduce,2,8
1391,1.4520889999999964,1.45718,1.4545756666666654,1.4544579999999996,0.0020800567834143536,0,2,9863168,my_ring_all_reduce,2,8
1392,1.4523139999999994,1.4641190000000042,1.4577420000000016,1.4567930000000016,0.00486586456860636,0,2,9895936,my_ring_all_reduce,2,8
1393,1.4534970000000011,1.4628700000000008,1.4576350000000005,1.4565379999999997,0.0039043427957425134,0,2,9928704,my_ring_all_reduce,2,8
1394,1.4584559999999964,1.4697849999999981,1.4626373333333322,1.4596710000000022,0.005078445322033666,0,2,9961472,my_ring_all_reduce,2,8
1395,1.4676030000000015,1.4703619999999984,1.4687166666666667,1.4681850000000005,0.0011874404780391288,0,2,9994240,my_ring_all_reduce,2,8
1396,1.4622949999999966,1.463609999999997,1.4630329999999976,1.4631939999999994,0.00054878471796063,0,2,10027008,my_ring_all_reduce,2,8
1397,1.4694649999999965,1.4753200000000002,1.4716733333333323,1.4702350000000002,0.0025976731040608316,0,2,10059776,my_ring_all_reduce,2,8
1398,1.465431000000001,1.4694939999999996,1.4673299999999998,1.4670649999999987,0.0016692635102538629,0,2,10092544,my_ring_all_reduce,2,8
1399,1.4691129999999977,1.4739120000000003,1.4721,1.4732750000000023,0.002128077222911221,0,2,10125312,my_ring_all_reduce,2,8
1400,1.4729509999999992,1.477462999999998,1.4754576666666661,1.4759590000000007,0.0018758175699023494,0,2,10158080,my_ring_all_reduce,2,8
1401,1.475668999999999,1.4798650000000015,1.4775376666666677,1.4770790000000025,0.0017434420616197974,0,2,10190848,my_ring_all_reduce,2,8
1402,1.4869689999999973,1.4919609999999994,1.4893469999999986,1.4891109999999999,0.0020447963223762097,0,2,10223616,my_ring_all_reduce,2,8
1403,1.4896260000000021,1.4930509999999995,1.491598666666668,1.4921190000000024,0.0014458483860879366,0,2,10256384,my_ring_all_reduce,2,8
1404,1.4891800000000057,1.4933689999999997,1.4905853333333352,1.4892070000000004,0.001968380439739565,0,2,10289152,my_ring_all_reduce,2,8
1405,1.488281,1.498199999999997,1.4944246666666672,1.4967930000000043,0.004382038515982613,0,2,10321920,my_ring_all_reduce,2,8
1406,1.4951939999999995,1.499223,1.497731666666666,1.4987779999999984,0.0018035742907410194,0,2,10354688,my_ring_all_reduce,2,8
1407,1.4937210000000005,1.4996710000000002,1.4975496666666663,1.4992569999999983,0.0027125468147516318,0,2,10387456,my_ring_all_reduce,2,8
1408,1.500535,1.5065849999999983,1.5029359999999998,1.501688000000001,0.0026228169335014073,0,2,10420224,my_ring_all_reduce,2,8
1409,1.4949049999999988,1.502644999999997,1.4998636666666652,1.5020409999999993,0.0035149666032864885,0,2,10452992,my_ring_all_reduce,2,8
1410,1.493302999999999,1.5032859999999963,1.498957333333333,1.5002830000000031,0.004181954593514672,0,2,10485760,my_ring_all_reduce,2,8
1411,1.5013990000000004,1.5027789999999983,1.502093999999998,1.5021039999999957,0.0005634270139059957,0,2,10518528,my_ring_all_reduce,2,8
1412,1.499480999999996,1.5040870000000068,1.5022640000000012,1.5032240000000001,0.0019991679936119285,0,2,10551296,my_ring_all_reduce,2,8
1413,1.500761000000004,1.5023610000000027,1.5014853333333347,1.501333999999997,0.0006619044912640385,0,2,10584064,my_ring_all_reduce,2,8
1414,1.4951599999999998,1.5034810000000016,1.4992776666666672,1.499192000000001,0.003397574069179439,0,2,10616832,my_ring_all_reduce,2,8
1415,1.5076719999999997,1.5118969999999992,1.5104240000000002,1.5117030000000014,0.001947568911917517,0,2,10649600,my_ring_all_reduce,2,8
1416,1.5046950000000017,1.509176999999998,1.506212333333334,1.5047650000000017,0.0020965306792130674,0,2,10682368,my_ring_all_reduce,2,8
1417,1.507512999999999,1.5205369999999985,1.5127633333333323,1.5102399999999998,0.0056084194049855225,0,2,10715136,my_ring_all_reduce,2,8
1418,1.5117369999999966,1.5163749999999991,1.5142963333333324,1.514777000000001,0.0019237188521785621,0,2,10747904,my_ring_all_reduce,2,8
1419,1.5166629999999997,1.5250499999999994,1.5195443333333334,1.5169200000000018,0.0038945077851872357,0,2,10780672,my_ring_all_reduce,2,8
1420,1.5182330000000015,1.5235779999999997,1.5201743333333324,1.5187119999999958,0.002414687051267076,0,2,10813440,my_ring_all_reduce,2,8
1421,1.5158630000000013,1.5260389999999997,1.5216333333333338,1.5229980000000005,0.004264933007158515,0,2,10846208,my_ring_all_reduce,2,8
1422,1.5217520000000004,1.528474,1.5257536666666667,1.527035,0.002889946058704416,0,2,10878976,my_ring_all_reduce,2,8
1423,1.5263940000000003,1.5302020000000003,1.5287716666666658,1.5297189999999974,0.001692787904283083,0,2,10911744,my_ring_all_reduce,2,8
1424,1.517368999999997,1.5241529999999994,1.5206006666666665,1.5202800000000025,0.002778822812312187,0,2,10944512,my_ring_all_reduce,2,8
1425,1.524795000000002,1.5307490000000008,1.5271740000000011,1.525978000000001,0.0025736279192347944,0,2,10977280,my_ring_all_reduce,2,8
1426,1.5186479999999984,1.535643,1.525496666666666,1.5221989999999996,0.007319538251982207,0,2,11010048,my_ring_all_reduce,2,8
1427,1.5267780000000002,1.5379460000000018,1.5315336666666672,1.5298769999999995,0.004707402987730772,0,2,11042816,my_ring_all_reduce,2,8
1428,1.5314479999999995,1.5341050000000032,1.5326749999999996,1.532471999999996,0.001094172137586514,0,2,11075584,my_ring_all_reduce,2,8
1429,1.5397699999999988,1.5496220000000032,1.545005666666668,1.5456250000000018,0.0040458337693118004,0,2,11108352,my_ring_all_reduce,2,8
1430,1.5435760000000027,1.5531749999999975,1.5476500000000006,1.5461990000000014,0.004050864187633151,0,2,11141120,my_ring_all_reduce,2,8
1431,1.5495920000000023,1.552029,1.5508213333333358,1.5508430000000044,0.0009950190394596224,0,2,11173888,my_ring_all_reduce,2,8
1432,1.5505539999999964,1.5579129999999997,1.5542116666666648,1.5541679999999989,0.0030044578360990145,0,2,11206656,my_ring_all_reduce,2,8
1433,1.5537479999999997,1.5587760000000006,1.556086333333333,1.5557349999999988,0.0020676512170957227,0,2,11239424,my_ring_all_reduce,2,8
1434,1.5552880000000004,1.5587789999999986,1.556953,1.5567920000000004,0.0014297344741819723,0,2,11272192,my_ring_all_reduce,2,8
1435,1.550712999999998,1.5688869999999988,1.5583606666666654,1.555482,0.007693660175033118,0,2,11304960,my_ring_all_reduce,2,8
1436,1.5598650000000034,1.567000000000002,1.5633303333333355,1.563126000000001,0.0029164327906226533,0,2,11337728,my_ring_all_reduce,2,8
1437,1.561112000000001,1.5724759999999989,1.5661696666666665,1.5649209999999993,0.004722605236753847,0,2,11370496,my_ring_all_reduce,2,8
1438,1.573785,1.5800260000000008,1.5775726666666676,1.578907000000002,0.0027169657504083644,0,2,11403264,my_ring_all_reduce,2,8
1439,1.5742960000000021,1.5808900000000012,1.5780943333333353,1.5790970000000024,0.0027837881065592494,0,2,11436032,my_ring_all_reduce,2,8
1440,1.5830330000000068,1.586554,1.584377333333335,1.5835449999999982,0.0015532641615483473,0,2,11468800,my_ring_all_reduce,2,8
1441,1.5910010000000012,1.5954820000000036,1.5926860000000025,1.5915750000000026,0.0019909095074036134,0,2,11501568,my_ring_all_reduce,2,8
1442,1.5956070000000004,1.6004400000000023,1.5986783333333348,1.5999880000000013,0.002179585944369211,0,2,11534336,my_ring_all_reduce,2,8
1443,1.6068410000000004,1.6126619999999967,1.6097096666666662,1.6096260000000011,0.002377149600301778,0,2,11567104,my_ring_all_reduce,2,8
1444,1.6099759999999952,1.616246000000001,1.6131429999999982,1.6132069999999985,0.0025601167942131235,0,2,11599872,my_ring_all_reduce,2,8
1445,1.6178479999999964,1.6264550000000026,1.620812,1.6181330000000007,0.00399189954783632,0,2,11632640,my_ring_all_reduce,2,8
1446,1.6206970000000038,1.6249859999999936,1.622616666666666,1.6221670000000008,0.0017796123797633506,0,2,11665408,my_ring_all_reduce,2,8
1447,1.620792999999998,1.6266790000000002,1.6237469999999998,1.6237690000000011,0.0024029997919276856,0,2,11698176,my_ring_all_reduce,2,8
1448,1.6189349999999996,1.6263600000000007,1.6224783333333341,1.6221400000000021,0.0030406696996261454,0,2,11730944,my_ring_all_reduce,2,8
1449,1.6249210000000003,1.6303919999999998,1.627192,1.626263,0.0023281238512299755,0,2,11763712,my_ring_all_reduce,2,8
1450,1.626681999999997,1.6291120000000028,1.6276513333333333,1.62716,0.0010511204603787518,0,2,11796480,my_ring_all_reduce,2,8
1451,1.6291759999999995,1.6329839999999987,1.6309999999999993,1.6308400000000003,0.0015587208430843072,0,2,11829248,my_ring_all_reduce,2,8
1452,1.6324089999999998,1.6358639999999869,1.634103666666661,1.6340379999999968,0.0014112619254437581,0,2,11862016,my_ring_all_reduce,2,8
1453,1.6358960000000025,1.638295,1.637111333333335,1.6371430000000018,0.0009796435859809657,0,2,11894784,my_ring_all_reduce,2,8
1454,1.6302349999999979,1.6373350000000009,1.6346913333333326,1.636503999999999,0.00316931331504091,0,2,11927552,my_ring_all_reduce,2,8
1455,1.6347780000000012,1.6372749999999978,1.6360899999999996,1.6362169999999996,0.0010233438653081761,0,2,11960320,my_ring_all_reduce,2,8
1456,1.6341989999999988,1.6416249999999992,1.6391283333333326,1.6415609999999998,0.003485662953044146,0,2,11993088,my_ring_all_reduce,2,8
1457,1.6442160000000021,1.645944999999998,1.6451866666666668,1.6453990000000003,0.0007216528867028397,0,2,12025856,my_ring_all_reduce,2,8
1458,1.6414619999999995,1.6530200000000004,1.6460736666666647,1.643738999999994,0.004998989386756219,0,2,12058624,my_ring_all_reduce,2,8
1459,1.6506149999999997,1.6555750000000007,1.652897333333333,1.6525019999999986,0.002044116163257585,0,2,12091392,my_ring_all_reduce,2,8
1460,1.6527289999999994,1.6558650000000017,1.654457333333334,1.6547780000000003,0.0013001908406939787,0,2,12124160,my_ring_all_reduce,2,8
1461,1.6551319999999978,1.6578460000000015,1.6566430000000008,1.6569510000000027,0.0011291876135835915,0,2,12156928,my_ring_all_reduce,2,8
1462,1.656180999999998,1.6599629999999999,1.6581890000000001,1.6584230000000026,0.0015528356856633972,0,2,12189696,my_ring_all_reduce,2,8
1463,1.653529999999997,1.6623609999999935,1.659043666666663,1.661239999999999,0.0039255191022611515,0,2,12222464,my_ring_all_reduce,2,8
1464,1.656634000000001,1.6627729999999992,1.6587973333333335,1.6569850000000006,0.0028148705515916327,0,2,12255232,my_ring_all_reduce,2,8
1465,1.6561819999999954,1.663351999999999,1.6591379999999976,1.6578799999999982,0.0030593188784446643,0,2,12288000,my_ring_all_reduce,2,8
1466,1.656214,1.6618479999999982,1.6580930000000003,1.6562170000000025,0.002655186245820116,0,2,12320768,my_ring_all_reduce,2,8
1467,1.6624259999999995,1.664760000000002,1.6638966666666672,1.6645040000000009,0.0010451568728620968,0,2,12353536,my_ring_all_reduce,2,8
1468,1.659607,1.665305000000004,1.6621896666666673,1.6616569999999975,0.002356494760351638,0,2,12386304,my_ring_all_reduce,2,8
1469,1.661878999999999,1.6658500000000005,1.6637583333333332,1.6635460000000004,0.001628091793754511,0,2,12419072,my_ring_all_reduce,2,8
1470,1.661463999999998,1.6635109999999986,1.6622746666666675,1.6618490000000057,0.0008882365800959405,0,2,12451840,my_ring_all_reduce,2,8
1471,1.6581359999999996,1.6679910000000018,1.6641736666666669,1.6663939999999993,0.004318770375414807,0,2,12484608,my_ring_all_reduce,2,8
1472,1.6629700000000012,1.6657820000000012,1.6646536666666678,1.6652090000000008,0.0012132964280101228,0,2,12517376,my_ring_all_reduce,2,8
1473,1.6597669999999962,1.6660729999999986,1.6621893333333329,1.6607280000000029,0.0027740500275869576,0,2,12550144,my_ring_all_reduce,2,8
1474,1.6574959999999983,1.6668390000000073,1.6622746666666683,1.6624889999999988,0.0038172735762036962,0,2,12582912,my_ring_all_reduce,2,8
1475,1.6648249999999936,1.6693380000000007,1.6667873333333298,1.666198999999995,0.001888808148604215,0,2,12615680,my_ring_all_reduce,2,8
1476,1.6669339999999992,1.6744890000000032,1.669602666666667,1.6673849999999983,0.003460061688597934,0,2,12648448,my_ring_all_reduce,2,8
1477,1.660796,1.670615999999998,1.6644939999999988,1.6620699999999988,0.004360040672592512,0,2,12681216,my_ring_all_reduce,2,8
1478,1.6676050000000004,1.6706799999999986,1.6689083333333325,1.6684399999999988,0.0012983087289061472,0,2,12713984,my_ring_all_reduce,2,8
1479,1.6673199999999961,1.6699429999999984,1.6684183333333304,1.6679919999999966,0.0011124604362512825,0,2,12746752,my_ring_all_reduce,2,8
1480,1.661402,1.6667749999999997,1.664055999999998,1.6639909999999947,0.002193999544211338,0,2,12779520,my_ring_all_reduce,2,8
1481,1.6606300000000012,1.6707399999999943,1.665963666666664,1.666520999999997,0.00414616210756393,0,2,12812288,my_ring_all_reduce,2,8
1482,1.6649829999999983,1.6661349999999984,1.665559666666665,1.6655609999999987,0.0004703029756326291,0,2,12845056,my_ring_all_reduce,2,8
1483,1.6640229999999994,1.672344,1.669549,1.6722800000000007,0.003907559425865498,0,2,12877824,my_ring_all_reduce,2,8
1484,1.6692060000000002,1.6758630000000012,1.6717026666666674,1.6700390000000007,0.0029613907018310064,0,2,12910592,my_ring_all_reduce,2,8
1485,1.6790939999999974,1.6825210000000026,1.6813356666666674,1.6823920000000017,0.001585972327069202,0,2,12943360,my_ring_all_reduce,2,8
1486,1.6794120000000003,1.683446,1.6813230000000026,1.681111000000008,0.0016536821540625898,0,2,12976128,my_ring_all_reduce,2,8
1487,1.6844059999999992,1.6875090000000001,1.6863466666666653,1.6871249999999964,0.0013811841135615767,0,2,13008896,my_ring_all_reduce,2,8
1488,1.684535,1.6911299999999982,1.6867336666666652,1.6845359999999983,0.0031086771391627536,0,2,13041664,my_ring_all_reduce,2,8
1489,1.6900420000000005,1.6944570000000003,1.6926860000000008,1.6935590000000011,0.0019051951781029826,0,2,13074432,my_ring_all_reduce,2,8
1490,1.6944220000000005,1.6959580000000023,1.6951376666666673,1.6950329999999987,0.0006314218522957903,0,2,13107200,my_ring_all_reduce,2,8
1491,1.691156999999992,1.696826000000001,1.6943386666666649,1.6950330000000013,0.0023658633848079305,0,2,13139968,my_ring_all_reduce,2,8
1492,1.693462000000004,1.6953500000000021,1.6942940000000009,1.6940699999999962,0.0007868790673709066,0,2,13172736,my_ring_all_reduce,2,8
1493,1.6917339999999967,1.6988060000000005,1.696342666666666,1.6984880000000013,0.0032614043328350033,0,2,13205504,my_ring_all_reduce,2,8
1494,1.6939410000000026,1.702680000000004,1.6993620000000023,1.7014650000000002,0.003865185377184354,0,2,13238272,my_ring_all_reduce,2,8
1495,1.6923130000000002,1.7014639999999972,1.6976786666666657,1.6992589999999992,0.0038994264820458317,0,2,13271040,my_ring_all_reduce,2,8
1496,1.6961840000000001,1.7038949999999968,1.6995203333333324,1.698482,0.0032324894775099637,0,2,13303808,my_ring_all_reduce,2,8
1497,1.6964410000000008,1.703064000000004,1.700248000000002,1.7012390000000015,0.0027931574725878028,0,2,13336576,my_ring_all_reduce,2,8
1498,1.6982340000000005,1.704217999999999,1.7014760000000002,1.7019760000000006,0.0024684089342456713,0,2,13369344,my_ring_all_reduce,2,8
1499,1.6985530000000009,1.7039590000000007,1.7004826666666666,1.698935999999998,0.0024631067554800336,0,2,13402112,my_ring_all_reduce,2,8
1500,1.6954779999999974,1.7027110000000012,1.6999059999999997,1.7015290000000014,0.0031680350376868463,0,2,13434880,my_ring_all_reduce,2,8
1501,1.7049830000000001,1.707127999999997,1.705825666666666,1.7053660000000008,0.0009340686389229473,0,2,13467648,my_ring_all_reduce,2,8
1502,1.7048529999999955,1.7087600000000003,1.707243333333332,1.7081170000000003,0.0017104838171980805,0,2,13500416,my_ring_all_reduce,2,8
1503,1.7378850000000021,1.7393540000000012,1.7385643333333347,1.7384540000000006,0.0006047701124299236,0,2,13533184,my_ring_all_reduce,2,8
1504,1.748443000000001,1.7510639999999948,1.749507333333332,1.7490149999999995,0.0011252271869343802,0,2,13565952,my_ring_all_reduce,2,8
1505,1.754904000000006,1.7638639999999997,1.7579963333333353,1.7552210000000001,0.004151084704292146,0,2,13598720,my_ring_all_reduce,2,8
1506,1.7683460000000013,1.781847999999998,1.774264999999999,1.7726009999999979,0.005636350651499094,0,2,13631488,my_ring_all_reduce,2,8
1507,1.7806650000000046,1.7849199999999983,1.7826480000000011,1.7823590000000005,0.0017490753747788836,0,2,13664256,my_ring_all_reduce,2,8
1508,1.7861329999999997,1.787992999999995,1.7870626666666647,1.787061999999999,0.0007593419665864081,0,2,13697024,my_ring_all_reduce,2,8
1509,1.7846330000000017,1.7992539999999972,1.793388666666666,1.7962789999999995,0.0063091959515879665,0,2,13729792,my_ring_all_reduce,2,8
1510,1.7911270000000077,1.7980739999999993,1.7956513333333362,1.7977530000000006,0.003201869696838405,0,2,13762560,my_ring_all_reduce,2,8
1511,1.7973050000000004,1.7983559999999998,1.797846,1.7978770000000004,0.00042962852170972825,0,2,13795328,my_ring_all_reduce,2,8
1512,1.7971760000000103,1.8025469999999997,1.7995220000000023,1.798842999999997,0.00224465156909735,0,2,13828096,my_ring_all_reduce,2,8
1513,1.7967020000000011,1.7993200000000034,1.798255000000001,1.7987429999999986,0.0011231173877504711,0,2,13860864,my_ring_all_reduce,2,8
1514,1.7934960000000002,1.8011760000000032,1.7968773333333354,1.7959600000000029,0.00320174174820975,0,2,13893632,my_ring_all_reduce,2,8
1515,1.7999569999999985,1.8023260000000083,1.8009286666666686,1.8005029999999997,0.0010128949709772603,0,2,13926400,my_ring_all_reduce,2,8
1516,1.8012069999999996,1.804342999999999,1.8029679999999992,1.8033539999999995,0.001309038069219553,0,2,13959168,my_ring_all_reduce,2,8
1517,1.798293999999998,1.8067110000000013,1.8029449999999994,1.8038299999999992,0.0034927440024535746,0,2,13991936,my_ring_all_reduce,2,8
1518,1.800952000000002,1.8056220000000012,1.8038096666666688,1.8048550000000032,0.002044792790371482,0,2,14024704,my_ring_all_reduce,2,8
1519,1.804983999999993,1.809369999999999,1.8077889999999976,1.8090130000000009,0.001988782039342851,0,2,14057472,my_ring_all_reduce,2,8
1520,1.7992220000000025,1.8051440000000003,1.8025526666666674,1.8032919999999995,0.0024735239818694903,0,2,14090240,my_ring_all_reduce,2,8
1521,1.8051749999999993,1.8097840000000005,1.8076496666666646,1.8079899999999944,0.0018969432135823546,0,2,14123008,my_ring_all_reduce,2,8
1522,1.804601999999999,1.807736,1.8065313333333328,1.8072559999999995,0.0013782465510773874,0,2,14155776,my_ring_all_reduce,2,8
1523,1.9941679999999997,1.9966950000000108,1.995628333333336,1.9960219999999973,0.0010685386698178546,0,2,14188544,my_ring_all_reduce,2,8
1524,2.011894000000004,2.017845000000001,2.0146036666666682,2.014072,0.0024584008804270615,0,2,14221312,my_ring_all_reduce,2,8
1525,2.076407000000002,2.0874460000000017,2.0829776666666686,2.085080000000002,0.004745505546186643,0,2,14254080,my_ring_all_reduce,2,8
1526,2.0860739999999995,2.0910329999999986,2.088802333333333,2.089300000000001,0.0020548599844161255,0,2,14286848,my_ring_all_reduce,2,8
1527,2.0955430000000015,2.099575000000004,2.0972500000000016,2.0966319999999987,0.0017030754534093097,0,2,14319616,my_ring_all_reduce,2,8
1528,2.097911000000003,2.100759,2.099341000000001,2.0993529999999994,0.0011627220934788641,0,2,14352384,my_ring_all_reduce,2,8
1529,2.099019,2.103288999999997,2.1005740000000004,2.0994140000000034,0.0019265556484717788,0,2,14385152,my_ring_all_reduce,2,8
1530,2.105814999999997,2.109431,2.107147333333332,2.106195999999999,0.001622270083008767,0,2,14417920,my_ring_all_reduce,2,8
1531,2.1078280000000005,2.1163079999999974,2.1127996666666657,2.114262999999999,0.0036132726009644183,0,2,14450688,my_ring_all_reduce,2,8
1532,2.1128549999999997,2.1183540000000067,2.116191000000002,2.117364,0.002393281847173501,0,2,14483456,my_ring_all_reduce,2,8
1533,2.1171720000000023,2.1241190000000008,2.1203423333333355,2.1197360000000045,0.002868324985460591,0,2,14516224,my_ring_all_reduce,2,8
1534,2.122965999999999,2.129082000000002,2.125026333333335,2.1230310000000028,0.0028679121712886636,0,2,14548992,my_ring_all_reduce,2,8
1535,2.124630000000003,2.1310629999999993,2.128353000000001,2.129366000000001,0.0027221926211528067,0,2,14581760,my_ring_all_reduce,2,8
1536,2.129494999999998,2.1355120000000025,2.1327809999999996,2.1333359999999977,0.0024875812884556097,0,2,14614528,my_ring_all_reduce,2,8
1537,2.1332720000000016,2.1413669999999985,2.1378250000000008,2.138836000000002,0.0033812075752103154,0,2,14647296,my_ring_all_reduce,2,8
1538,2.144660000000002,2.150197000000002,2.147466000000001,2.1475409999999986,0.0022610928036387932,0,2,14680064,my_ring_all_reduce,2,8
1539,2.161340000000001,2.165366999999995,2.1630213333333344,2.162357000000007,0.0017098121404246173,0,2,14712832,my_ring_all_reduce,2,8
1540,2.1749359999999944,2.181298999999999,2.177227666666663,2.175447999999995,0.00288644560354679,0,2,14745600,my_ring_all_reduce,2,8
1541,2.1912550000000013,2.197367999999995,2.1947633333333325,2.195667000000001,0.0025761278867474863,0,2,14778368,my_ring_all_reduce,2,8
1542,2.201719000000001,2.2125679999999956,2.208578333333332,2.2114480000000003,0.004871785458693718,0,2,14811136,my_ring_all_reduce,2,8
1543,2.2203089999999994,2.223731,2.222336333333336,2.2229690000000084,0.0014669063440542003,0,2,14843904,my_ring_all_reduce,2,8
1544,2.2465839999999955,2.252050999999999,2.248566333333332,2.2470640000000013,0.002471811256728771,0,2,14876672,my_ring_all_reduce,2,8
1545,2.259701000000003,2.2629350000000006,2.2609290000000004,2.2601509999999965,0.001430303464304091,0,2,14909440,my_ring_all_reduce,2,8
1546,2.2645350000000035,2.276403000000002,2.268735000000002,2.2652670000000006,0.0054303237472547415,0,2,14942208,my_ring_all_reduce,2,8
1547,2.27903,2.2816499999999995,2.2805843333333335,2.2810730000000006,0.0011240392440755556,0,2,14974976,my_ring_all_reduce,2,8
1548,2.2908380000000017,2.2992829999999995,2.2963296666666673,2.2988680000000006,0.003886888930179166,0,2,15007744,my_ring_all_reduce,2,8
1549,2.3094930000000025,2.3120219999999994,2.310774,2.310806999999997,0.0010327235835388359,0,2,15040512,my_ring_all_reduce,2,8
1550,2.3194790000000003,2.3300050000000003,2.3242359999999995,2.3232239999999984,0.00435639583447924,0,2,15073280,my_ring_all_reduce,2,8
1551,2.334770999999999,2.337269000000004,2.3363190000000014,2.3369170000000015,0.0011039939613380126,0,2,15106048,my_ring_all_reduce,2,8
1552,2.342424,2.3490770000000003,2.3458236666666683,2.3459700000000048,0.002718046152825661,0,2,15138816,my_ring_all_reduce,2,8
1553,2.3416499999999942,2.3522159999999985,2.346368333333331,2.3452390000000007,0.0043868465768591375,0,2,15171584,my_ring_all_reduce,2,8
1554,2.3008850000000005,2.3055579999999973,2.3034016666666663,2.3037620000000008,0.0019246839278743164,0,2,15204352,my_ring_all_reduce,2,8
1555,2.311252999999999,2.3150919999999986,2.313514666666666,2.314199000000001,0.0016402671191677208,0,2,15237120,my_ring_all_reduce,2,8
1556,2.3268709999999957,2.3349659999999965,2.3305179999999965,2.3297169999999987,0.003352954617448256,0,2,15269888,my_ring_all_reduce,2,8
1557,2.3348090000000012,2.3380029999999996,2.336043666666667,2.335319,0.001401015187481546,0,2,15302656,my_ring_all_reduce,2,8
1558,2.3495570000000026,2.355385999999999,2.351638999999999,2.3499739999999965,0.002654992655356613,0,2,15335424,my_ring_all_reduce,2,8
1559,2.3448550000000035,2.357108999999997,2.352831666666668,2.3565310000000044,0.0056452888519725394,0,2,15368192,my_ring_all_reduce,2,8
1560,2.351254000000012,2.3626109999999936,2.356511333333337,2.3556690000000056,0.004674577081278881,0,2,15400960,my_ring_all_reduce,2,8
1561,2.3704840000000003,2.3760530000000037,2.373492666666668,2.373940999999999,0.00229553077861333,0,2,15433728,my_ring_all_reduce,2,8
1562,2.351383,2.357332000000001,2.3547196666666643,2.3554439999999923,0.0024820884127861337,0,2,15466496,my_ring_all_reduce,2,8
1563,2.3611130000000013,2.3730429999999987,2.3680963333333342,2.370133000000002,0.0050788603271023375,0,2,15499264,my_ring_all_reduce,2,8
1564,2.370838,2.375197,2.373356333333333,2.3740339999999995,0.0018429404644630673,0,2,15532032,my_ring_all_reduce,2,8
1565,2.386102999999997,2.3965969999999963,2.3916583333333308,2.392275,0.004306291314912078,0,2,15564800,my_ring_all_reduce,2,8
1566,2.392307999999997,2.4050450000000003,2.400618999999999,2.4045039999999993,0.005880913251075997,0,2,15597568,my_ring_all_reduce,2,8
1567,2.342743000000003,2.3523770000000006,2.348066000000003,2.349078000000005,0.0039976323826310745,0,2,15630336,my_ring_all_reduce,2,8
1568,2.3556039999999987,2.3612370000000045,2.358548000000002,2.3588030000000035,0.002306720760447141,0,2,15663104,my_ring_all_reduce,2,8
1569,2.356341999999997,2.3626129999999956,2.359403333333332,2.3592550000000028,0.002562272732468571,0,2,15695872,my_ring_all_reduce,2,8
1570,2.361523000000001,2.3658150000000004,2.36416,2.3651419999999987,0.0018847739033275865,0,2,15728640,my_ring_all_reduce,2,8
1571,2.3739390000000022,2.3764379999999985,2.37537,2.3757330000000003,0.001052006653969863,0,2,15761408,my_ring_all_reduce,2,8
1572,2.377209000000003,2.3908700000000027,2.3821243333333335,2.3782939999999946,0.006199963458675334,0,2,15794176,my_ring_all_reduce,2,8
1573,2.3002760000000055,2.311062000000002,2.3046293333333367,2.3025500000000028,0.004642353521890666,0,2,15826944,my_ring_all_reduce,2,8
1574,2.3098110000000016,2.321043999999998,2.3165223333333333,2.318712,0.004840182664136633,0,2,15859712,my_ring_all_reduce,2,8
1575,2.309110999999997,2.317395999999997,2.313770999999997,2.314805999999996,0.0034606092912470784,0,2,15892480,my_ring_all_reduce,2,8
1576,2.3179409999999954,2.328436999999999,2.321545999999999,2.318260000000002,0.00487441285353111,0,2,15925248,my_ring_all_reduce,2,8
1577,2.308597999999998,2.328473000000002,2.3205133333333325,2.3244689999999975,0.008582516349469283,0,2,15958016,my_ring_all_reduce,2,8
1578,2.315988999999998,2.325206000000002,2.3215466666666664,2.3234449999999995,0.003995082338187893,0,2,15990784,my_ring_all_reduce,2,8
1579,2.321686999999998,2.3356330000000005,2.329321666666667,2.3306450000000023,0.005769814401021605,0,2,16023552,my_ring_all_reduce,2,8
1580,2.3271220000000015,2.338230999999998,2.3311986666666686,2.328243000000006,0.004993625558869844,0,2,16056320,my_ring_all_reduce,2,8
1581,2.3902999999999994,2.4011440000000004,2.395223999999999,2.3942279999999974,0.004482714653719535,0,2,16089088,my_ring_all_reduce,2,8
1582,2.402067000000003,2.4172700000000042,2.4072316666666684,2.402357999999998,0.0070991676663944205,0,2,16121856,my_ring_all_reduce,2,8
1583,2.427411,2.4897520000000006,2.4492490000000005,2.430584,0.02866922553308128,0,2,16154624,my_ring_all_reduce,2,8
1584,2.5088550000000005,2.5474449999999997,2.5336113333333343,2.544534000000003,0.01754566442806412,0,2,16187392,my_ring_all_reduce,2,8
1585,2.5778119999999944,2.5888190000000066,2.584862333333334,2.587956000000002,0.004997772325973826,0,2,16220160,my_ring_all_reduce,2,8
1586,2.3396999999999935,2.3608859999999985,2.3484696666666642,2.3448230000000003,0.009025345139600693,0,2,16252928,my_ring_all_reduce,2,8
1587,2.353624,2.362517,2.3583586666666636,2.3589349999999905,0.003653353010895428,0,2,16285696,my_ring_all_reduce,2,8
1588,2.3470299999999997,2.3562770000000093,2.352491000000002,2.3541659999999958,0.003956511173582902,0,2,16318464,my_ring_all_reduce,2,8
1589,2.3536550000000025,2.369204,2.3614823333333352,2.3615880000000034,0.006348292386320021,0,2,16351232,my_ring_all_reduce,2,8
1590,2.359415000000003,2.370485000000001,2.3641183333333378,2.362455000000009,0.004669848914994276,0,2,16384000,my_ring_all_reduce,2,8
1591,2.333653000000002,2.3494910000000018,2.3405106666666673,2.3383879999999992,0.006637762993325175,0,2,16416768,my_ring_all_reduce,2,8
1592,2.339958000000002,2.352087999999999,2.3452163333333336,2.3436030000000003,0.005081755492826894,0,2,16449536,my_ring_all_reduce,2,8
1593,2.345653000000002,2.3480219999999936,2.346506999999999,2.345846000000001,0.0010741604473533865,0,2,16482304,my_ring_all_reduce,2,8
1594,2.2875069999999997,2.3072830000000013,2.3000833333333333,2.305459999999999,0.008923898712010787,0,2,16515072,my_ring_all_reduce,2,8
1595,2.293268,2.3122119999999993,2.300127333333331,2.2949019999999947,0.0085711479329727,0,2,16547840,my_ring_all_reduce,2,8
1596,2.3045019999999994,2.3141029999999954,2.3082349999999994,2.306100000000002,0.00420027530843481,0,2,16580608,my_ring_all_reduce,2,8
1597,2.3032209999999957,2.314325999999997,2.3074576666666644,2.304826000000001,0.0049006467827100286,0,2,16613376,my_ring_all_reduce,2,8
1598,2.293493,2.309078999999998,2.301461666666665,2.3018129999999983,0.006367805761972663,0,2,16646144,my_ring_all_reduce,2,8
1599,2.3040519999999995,2.3124050000000027,2.3082016666666676,2.308148000000001,0.0034103091094842175,0,2,16678912,my_ring_all_reduce,2,8
1600,2.3874769999999916,2.3885629999999947,2.388148333333328,2.388404999999999,0.0004790666852234132,0,2,16711680,my_ring_all_reduce,2,8
1601,2.359251999999993,2.3741650000000045,2.368201333333332,2.371186999999998,0.006443862523539602,0,2,16744448,my_ring_all_reduce,2,8
1602,2.369876,2.4528219999999967,2.423966999999999,2.4492029999999994,0.038276637792086565,0,2,16777216,my_ring_all_reduce,2,8
1603,2.512948,2.5198290000000014,2.517184,2.518774999999998,0.0030260536457020286,0,2,16777216,my_ring_all_reduce,2,8
1604,2.3925949999999996,2.4011120000000012,2.3975133333333343,2.398833000000001,0.0036000891038363036,0,2,16908288,my_ring_all_reduce,2,8
1605,2.3842450000000026,2.392630000000001,2.389429666666667,2.391413999999997,0.0036995711763497556,0,2,17039360,my_ring_all_reduce,2,8
1606,2.387601999999999,2.389941999999999,2.388458666666667,2.387832000000004,0.00105306958723233,0,2,17170432,my_ring_all_reduce,2,8
1607,2.390451999999994,2.3926929999999995,2.3917966666666644,2.392244999999999,0.0009682535251129608,0,2,17301504,my_ring_all_reduce,2,8
1608,2.394197,2.4039890000000086,2.3987193333333363,2.3979720000000007,0.004032343928236407,0,2,17432576,my_ring_all_reduce,2,8
1609,2.396215,2.400278999999999,2.398229666666666,2.398195,0.0016593021290753037,0,2,17563648,my_ring_all_reduce,2,8
1610,2.367156999999992,2.3729820000000075,2.370015666666666,2.369907999999999,0.002379264638969777,0,2,17694720,my_ring_all_reduce,2,8
1611,2.3767569999999942,2.3798289999999906,2.378025999999995,2.377492,0.0013097488308807825,0,2,17825792,my_ring_all_reduce,2,8
1612,2.375285,2.3780360000000056,2.376852000000003,2.377235000000004,0.0011552826494004068,0,2,17956864,my_ring_all_reduce,2,8
1613,2.372725,2.377397000000001,2.3747726666666673,2.374196,0.0019504365893027252,0,2,18087936,my_ring_all_reduce,2,8
1614,2.3795099999999993,2.3805310000000026,2.379934666666667,2.379762999999999,0.00043413694716092446,0,2,18219008,my_ring_all_reduce,2,8
1615,2.370452000000001,2.379734999999999,2.3742080000000017,2.3724370000000055,0.00399131164739777,0,2,18350080,my_ring_all_reduce,2,8
1616,2.319733000000004,2.3262309999999964,2.322858333333333,2.322610999999999,0.0026585561662061962,0,2,18481152,my_ring_all_reduce,2,8
1617,2.319700000000001,2.3232230000000054,2.321824000000003,2.3225490000000026,0.001526892486939259,0,2,18612224,my_ring_all_reduce,2,8
1618,2.293719000000001,2.307125000000002,2.2992416666666684,2.2968810000000013,0.005721874362673975,0,2,18743296,my_ring_all_reduce,2,8
1619,2.2995729999999988,2.3046640000000025,2.3014190000000014,2.300020000000004,0.0023018066817183476,0,2,18874368,my_ring_all_reduce,2,8
1620,2.296564999999999,2.3032550000000045,2.299413333333335,2.298420000000002,0.002820054175998747,0,2,19005440,my_ring_all_reduce,2,8
1621,2.2943249999999984,2.3007250000000004,2.2968096666666664,2.295379000000001,0.0028017976768897686,0,2,19136512,my_ring_all_reduce,2,8
1622,2.295151999999998,2.3077350000000005,2.3001379999999982,2.2975269999999948,0.0054586911129578366,0,2,19267584,my_ring_all_reduce,2,8
1623,2.309142000000002,2.3550609999999943,2.3379196666666657,2.3495560000000006,0.02047261309380886,0,2,19398656,my_ring_all_reduce,2,8
1624,2.410071000000011,2.413043999999998,2.4118400000000064,2.41240500000001,0.001277784801908827,0,2,19529728,my_ring_all_reduce,2,8
1625,2.417014000000003,2.4236040000000014,2.421024333333333,2.4224549999999945,0.0028742686412740024,0,2,19660800,my_ring_all_reduce,2,8
1626,2.3210140000000004,2.3303600000000007,2.325494000000001,2.325108000000002,0.0038252386417931138,0,2,19791872,my_ring_all_reduce,2,8
1627,2.3340690000000066,2.3376859999999944,2.3362776666666676,2.3370780000000013,0.0015813648816369304,0,2,19922944,my_ring_all_reduce,2,8
1628,2.347670000000003,2.3538730000000005,2.3516366666666673,2.353366999999998,0.002812453535417007,0,2,20054016,my_ring_all_reduce,2,8
1629,2.3609169999999957,2.374265000000001,2.3661233333333285,2.3631879999999876,0.005831204125701744,0,2,20185088,my_ring_all_reduce,2,8
1630,2.387154999999999,2.391480999999999,2.3899526666666655,2.391221999999998,0.0019810728294423373,0,2,20316160,my_ring_all_reduce,2,8
1631,2.4102619999999972,2.4170120000000006,2.413162666666667,2.4122140000000036,0.002836147778629811,0,2,20447232,my_ring_all_reduce,2,8
1632,2.3966580000000013,2.4050139999999973,2.4016313333333326,2.403222,0.003591967829599612,0,2,20578304,my_ring_all_reduce,2,8
1633,2.391125000000002,2.404790000000001,2.39579766666667,2.3914780000000064,0.006360172761453696,0,2,20709376,my_ring_all_reduce,2,8
1634,2.404216000000004,2.411479999999996,2.4081083333333324,2.4086289999999972,0.0029882820408280797,0,2,20840448,my_ring_all_reduce,2,8
1635,2.418965000000004,2.422389999999998,2.4203943333333355,2.4198280000000034,0.0014544658431468447,0,2,20971520,my_ring_all_reduce,2,8
1636,2.4295590000000122,2.4305800000000017,2.4302300000000048,2.430551000000001,0.0004746163362778072,0,2,21102592,my_ring_all_reduce,2,8
1637,2.398197,2.401522000000001,2.4002650000000005,2.4010759999999993,0.0014735890426665111,0,2,21233664,my_ring_all_reduce,2,8
1638,2.4111550000000026,2.4170770000000066,2.4141216666666714,2.4141330000000054,0.002417659658063989,0,2,21364736,my_ring_all_reduce,2,8
1639,2.426007000000005,2.428149999999998,2.426901666666668,2.426548000000001,0.0009099166017922448,0,2,21495808,my_ring_all_reduce,2,8
1640,2.434552999999998,2.441204,2.4369403333333333,2.4350640000000023,0.003022076585543291,0,2,21626880,my_ring_all_reduce,2,8
1641,2.4654269999999987,2.466036,2.465642666666665,2.4654649999999965,0.00027856098474624875,0,2,21757952,my_ring_all_reduce,2,8
1642,2.5143230000000023,2.5230609999999998,2.517886666666668,2.5162760000000017,0.0037446714438270964,0,2,21889024,my_ring_all_reduce,2,8
1643,2.570391,2.5739109999999963,2.5717013333333307,2.570801999999996,0.0015714537501580843,0,2,22020096,my_ring_all_reduce,2,8
1644,2.614964000000002,2.6187740000000015,2.616469000000001,2.615669,0.0016550981843988677,0,2,22151168,my_ring_all_reduce,2,8
1645,2.661396999999999,2.6675099999999983,2.6643843333333357,2.66424600000001,0.0024975380321867837,0,2,22282240,my_ring_all_reduce,2,8
1646,2.706482,2.7095570000000007,2.7083403333333336,2.7089820000000002,0.0013348428954586353,0,2,22413312,my_ring_all_reduce,2,8
1647,2.7596070000000017,2.761299000000003,2.7603630000000017,2.760183000000001,0.0007023845100803407,0,2,22544384,my_ring_all_reduce,2,8
1648,2.799985000000001,2.810260000000002,2.805801000000001,2.8071579999999994,0.004303099115753987,0,2,22675456,my_ring_all_reduce,2,8
1649,2.850291000000005,2.852373999999998,2.8513806666666697,2.8514770000000063,0.0008531050475866356,0,2,22806528,my_ring_all_reduce,2,8
1650,2.8886609999999964,2.893460999999996,2.890974666666665,2.8908020000000034,0.001963391679947534,0,2,22937600,my_ring_all_reduce,2,8
1651,2.9231569999999993,2.936560999999999,2.9310699999999987,2.9334919999999984,0.005733897278465739,0,2,23068672,my_ring_all_reduce,2,8
1652,2.923667999999998,2.9270249999999978,2.9252560000000027,2.9250750000000116,0.0013764526871629656,0,2,23199744,my_ring_all_reduce,2,8
1653,2.9277300000000013,2.9398950000000004,2.93368466666667,2.9334290000000074,0.0049696297872394305,0,2,23330816,my_ring_all_reduce,2,8
1654,2.9294289999999945,2.936948999999986,2.9325313333333267,2.931216,0.0032078213097873403,0,2,23461888,my_ring_all_reduce,2,8
1655,2.924529999999988,2.9316369999999954,2.9274439999999946,2.926165000000001,0.0030391054604948834,0,2,23592960,my_ring_all_reduce,2,8
1656,2.9293309999999986,2.9357319999999927,2.9330966666666627,2.9342269999999973,0.00273269590128092,0,2,23724032,my_ring_all_reduce,2,8
1657,2.934229000000001,2.938195,2.936169999999999,2.9360859999999955,0.001620201839277655,0,2,23855104,my_ring_all_reduce,2,8
1658,2.936180999999997,2.944721999999998,2.9412576666666648,2.942869999999999,0.0036685041759406257,0,2,23986176,my_ring_all_reduce,2,8
1659,2.936563000000002,2.942067999999996,2.9390169999999998,2.938420000000002,0.0022867098635349237,0,2,24117248,my_ring_all_reduce,2,8
1660,2.936084999999997,2.9467730000000047,2.9404903333333343,2.9386129999999993,0.004560820199143794,0,2,24248320,my_ring_all_reduce,2,8
1661,2.9361480000000046,2.9460049999999973,2.939572666666668,2.9365650000000025,0.004551531341815454,0,2,24379392,my_ring_all_reduce,2,8
1662,2.943827000000001,2.9481139999999977,2.945287666666664,2.9439219999999953,0.001998895750713656,0,2,24510464,my_ring_all_reduce,2,8
1663,2.9358920000000017,2.9413340000000026,2.939487333333334,2.9412359999999973,0.0025425993698479955,0,2,24641536,my_ring_all_reduce,2,8
1664,2.9405010000000007,2.949651999999998,2.945599,2.9466440000000023,0.003808255856249802,0,2,24772608,my_ring_all_reduce,2,8
1665,2.9405660000000027,2.9454599999999993,2.9432736666666695,2.9437950000000055,0.0020316906479296852,0,2,24903680,my_ring_all_reduce,2,8
1666,2.9408820000000016,2.9497119999999977,2.9447109999999985,2.9435389999999972,0.003698865862214673,0,2,25034752,my_ring_all_reduce,2,8
1667,2.9482810000000064,2.951825000000001,2.950186333333336,2.9504530000000013,0.0014590675865823529,0,2,25165824,my_ring_all_reduce,2,8
1668,2.9463860000000097,2.94949,2.9481250000000045,2.9484990000000035,0.0012945040234221869,0,2,25296896,my_ring_all_reduce,2,8
1669,2.9491040000000033,2.9566579999999996,2.951836666666665,2.9497479999999925,0.0034193201403532416,0,2,25427968,my_ring_all_reduce,2,8
1670,2.9461630000000003,2.9502589999999995,2.948498666666668,2.9490740000000044,0.0017209610364239912,0,2,25559040,my_ring_all_reduce,2,8
1671,2.949298999999992,2.9568849999999984,2.952318666666662,2.9507719999999953,0.0032844058146903753,0,2,25690112,my_ring_all_reduce,2,8
1672,2.9493630000000013,2.958484000000002,2.955144333333333,2.9575859999999956,0.004104425443617512,0,2,25821184,my_ring_all_reduce,2,8
1673,2.9555079999999982,2.9607250000000005,2.957780000000001,2.9571070000000037,0.002182348734735575,0,2,25952256,my_ring_all_reduce,2,8
1674,2.9572040000000053,2.961811,2.960136333333335,2.9613940000000003,0.0020804496842939516,0,2,26083328,my_ring_all_reduce,2,8
1675,2.958707000000002,2.9678279999999906,2.963081666666664,2.962709999999999,0.0037328954207406155,0,2,26214400,my_ring_all_reduce,2,8
1676,2.9791249999999962,2.9808200000000036,2.9799459999999987,2.9798929999999966,0.0006929949494796187,0,2,26345472,my_ring_all_reduce,2,8
1677,2.9916039999999993,3.000819000000001,2.9963286666666655,2.9965629999999983,0.0037656553509617216,0,2,26476544,my_ring_all_reduce,2,8
1678,3.0085319999999958,3.0135230000000046,3.010292333333338,3.0088220000000145,0.0022874921250624837,0,2,26607616,my_ring_all_reduce,2,8
1679,3.0303860000000005,3.041043999999998,3.0348873333333355,3.0332320000000075,0.004505799028903903,0,2,26738688,my_ring_all_reduce,2,8
1680,3.040658000000003,3.0509949999999955,3.045576333333333,3.045076000000001,0.00423486657273423,0,2,26869760,my_ring_all_reduce,2,8
1681,3.058576000000001,3.064914000000006,3.0626206666666698,3.0643720000000014,0.002868557980745316,0,2,27000832,my_ring_all_reduce,2,8
1682,3.086162999999997,3.0959890000000008,3.091005000000001,3.090863000000005,0.004012704158878251,0,2,27131904,my_ring_all_reduce,2,8
1683,3.0995740000000023,3.1104190000000056,3.105760333333335,3.107287999999997,0.004557325994728391,0,2,27262976,my_ring_all_reduce,2,8
1684,3.118226999999999,3.1273169999999992,3.123048666666666,3.1236020000000004,0.0037315464473713133,0,2,27394048,my_ring_all_reduce,2,8
1685,3.1403070000000044,3.145011000000013,3.143144333333341,3.144115000000005,0.0020393707090424168,0,2,27525120,my_ring_all_reduce,2,8
1686,3.149461999999992,3.1567239999999948,3.153427333333331,3.154096000000005,0.0030021655887431443,0,2,27656192,my_ring_all_reduce,2,8
1687,3.164850999999995,3.167027000000002,3.165725333333333,3.1652980000000026,0.0009383333925418968,0,2,27787264,my_ring_all_reduce,2,8
1688,3.1785769999999975,3.179635000000002,3.178982333333334,3.1787350000000005,0.00046599093935075224,0,2,27918336,my_ring_all_reduce,2,8
1689,3.1904519999999974,3.1966280000000005,3.193490999999998,3.1933929999999964,0.0025222935330118006,0,2,28049408,my_ring_all_reduce,2,8
1690,3.197588999999999,3.2100019999999994,3.203582666666668,3.2031570000000067,0.0050765169380414706,0,2,28180480,my_ring_all_reduce,2,8
1691,3.218197,3.2332630000000027,3.2244450000000024,3.221875000000004,0.006413515104839874,0,2,28311552,my_ring_all_reduce,2,8
1692,3.352147000000001,3.3546770000000032,3.353300333333335,3.353077000000001,0.001044871071260793,0,2,28442624,my_ring_all_reduce,2,8
1693,3.3508020000000003,3.3548990000000014,3.3531923333333338,3.353876,0.0017410537677577374,0,2,28573696,my_ring_all_reduce,2,8
1694,3.361298999999999,3.361649000000003,3.3615116666666687,3.361587000000003,0.00015249335140526612,0,2,28704768,my_ring_all_reduce,2,8
1695,3.3579390000000022,3.361010000000002,3.359591000000002,3.3598240000000024,0.0012645096546355513,0,2,28835840,my_ring_all_reduce,2,8
1696,3.3952839999999997,3.403666000000003,3.3998590000000033,3.4006270000000076,0.0034647605977920328,0,2,28966912,my_ring_all_reduce,2,8
1697,3.4429619999999987,3.4536169999999946,3.446738000000001,3.4436350000000093,0.004871940954755692,0,2,29097984,my_ring_all_reduce,2,8
1698,3.5007869999999985,3.506835000000001,3.5038043333333326,3.5037909999999974,0.0024691036610263936,0,2,29229056,my_ring_all_reduce,2,8
1699,3.5515349999999963,3.553778999999995,3.5526783333333296,3.5527209999999987,0.000916605816161675,0,2,29360128,my_ring_all_reduce,2,8
1700,3.5932650000000033,3.607090000000004,3.6009563333333365,3.602514000000003,0.005750501446734112,0,2,29491200,my_ring_all_reduce,2,8
1701,3.6440179999999964,3.650643,3.64636533333333,3.6444349999999943,0.0030295540192524536,0,2,29622272,my_ring_all_reduce,2,8
1702,3.6889789999999922,3.694323999999997,3.692264999999997,3.6934920000000004,0.002348247999398634,0,2,29753344,my_ring_all_reduce,2,8
1703,3.7330429999999906,3.748625000000007,3.742545666666667,3.7459690000000045,0.006806324966944709,0,2,29884416,my_ring_all_reduce,2,8
1704,3.7845919999999986,3.7861939999999814,3.785638999999994,3.7861310000000015,0.0007407874188959763,0,2,30015488,my_ring_all_reduce,2,8
1705,3.817618000000002,3.8315420000000024,3.825715333333335,3.8279859999999992,0.00590685417309576,0,2,30146560,my_ring_all_reduce,2,8
1706,3.821167999999998,3.831696,3.8266083333333314,3.826960999999996,0.004305266258381956,0,2,30277632,my_ring_all_reduce,2,8
1707,3.817519999999997,3.830031999999999,3.8240680000000005,3.8246520000000057,0.0051246676640226375,0,2,30408704,my_ring_all_reduce,2,8
1708,3.8239200000000038,3.8309929999999985,3.827633,3.8279859999999974,0.002898308587202799,0,2,30539776,my_ring_all_reduce,2,8
1709,3.8227710000000155,3.8312179999999936,3.8259600000000034,3.8238910000000015,0.003745977664990706,0,2,30670848,my_ring_all_reduce,2,8
1710,3.824819000000004,3.828306000000002,3.826204000000002,3.8254869999999994,0.0015111494521278075,0,2,30801920,my_ring_all_reduce,2,8
1711,3.8242060000000007,3.832625,3.8288910000000005,3.8298420000000006,0.0035022079702189918,0,2,30932992,my_ring_all_reduce,2,8
1712,3.826449000000004,3.837776000000005,3.831643333333337,3.830705000000002,0.004671586763498499,0,2,31064064,my_ring_all_reduce,2,8
1713,3.829650000000009,3.833839000000001,3.831708000000004,3.8316350000000003,0.0017109309356768433,0,2,31195136,my_ring_all_reduce,2,8
1714,3.8260970000000163,3.833489999999991,3.8307370000000014,3.8326239999999983,0.00329996858569858,0,2,31326208,my_ring_all_reduce,2,8
1715,3.8310270000000055,3.838643000000011,3.8350056666666723,3.8353469999999996,0.0031185728929913814,0,2,31457280,my_ring_all_reduce,2,8
1716,3.832209999999999,3.843440999999999,3.836166,3.8328470000000014,0.005150770880815922,0,2,31588352,my_ring_all_reduce,2,8
1717,3.833682000000001,3.836625999999993,3.8355693333333307,3.836399999999998,0.0013377317452371341,0,2,31719424,my_ring_all_reduce,2,8
1718,3.835762000000001,3.8391810000000004,3.837060999999997,3.8362399999999908,0.0015117144792161006,0,2,31850496,my_ring_all_reduce,2,8
1719,3.8363040000000055,3.839122999999996,3.837394000000001,3.836755000000001,0.001236373999507209,0,2,31981568,my_ring_all_reduce,2,8
1720,3.842064999999999,3.8424840000000113,3.8422456666666736,3.8421880000000095,0.00017584905143460777,0,2,32112640,my_ring_all_reduce,2,8
1721,3.8363679999999967,3.844464,3.8407213333333305,3.841331999999995,0.0033332655993129207,0,2,32243712,my_ring_all_reduce,2,8
1722,3.8476950000000034,3.8504490000000007,3.8495196666666693,3.850415000000005,0.0012903088346934693,0,2,32374784,my_ring_all_reduce,2,8
1723,3.843345000000001,3.8509609999999994,3.847579000000001,3.8484310000000024,0.0031670482577099333,0,2,32505856,my_ring_all_reduce,2,8
1724,3.8488159999999954,3.854067000000003,3.850673666666663,3.849137999999992,0.0024030472784035153,0,2,32636928,my_ring_all_reduce,2,8
1725,3.8560809999999983,3.8656789999999894,3.861851999999996,3.8637960000000002,0.004152489454128267,0,2,32768000,my_ring_all_reduce,2,8
1726,3.8764979999999998,3.8876349999999986,3.881980333333331,3.8818079999999937,0.004548293917014586,0,2,32899072,my_ring_all_reduce,2,8
1727,3.9028660000000017,3.9035980000000055,3.9032490000000037,3.903283000000003,0.00029980326882957846,0,2,33030144,my_ring_all_reduce,2,8
1728,3.918256999999998,3.9233799999999994,3.9214583333333333,3.922738000000001,0.002278807046583878,0,2,33161216,my_ring_all_reduce,2,8
1729,3.9317629999999992,3.9348619999999976,3.933466999999997,3.9337759999999946,0.0012838901822187006,0,2,33292288,my_ring_all_reduce,2,8
1730,3.951698000000004,3.9544829999999855,3.953245333333326,3.9535549999999895,0.001157864797319071,0,2,33423360,my_ring_all_reduce,2,8
1731,3.966223000000002,3.969132000000005,3.9677263333333364,3.9678240000000007,0.00118960058656602,0,2,33554432,my_ring_all_reduce,2,8
1732,3.9817119999999977,3.987631999999998,3.9848373333333313,3.985167999999998,0.0024281138541858453,0,2,33685504,my_ring_all_reduce,2,8
1733,3.993458999999999,4.004720999999998,4.000497666666667,4.003313000000002,0.005010172141642593,0,2,33816576,my_ring_all_reduce,2,8
1734,4.017296999999993,4.022637,4.020057,4.020237000000009,0.002183758228379042,0,2,33947648,my_ring_all_reduce,2,8
1735,4.037072000000014,4.041393000000004,4.039120333333339,4.0388959999999985,0.0017711586289418442,0,2,34078720,my_ring_all_reduce,2,8
1736,4.051665999999997,4.056561999999991,4.053968999999998,4.053679000000006,0.0020092749936200427,0,2,34209792,my_ring_all_reduce,2,8
1737,4.069137000000002,4.0746080000000005,4.071290999999999,4.070127999999993,0.002380110221537999,0,2,34340864,my_ring_all_reduce,2,8
1738,4.085712999999997,4.089776000000009,4.088026333333336,4.0885900000000035,0.0017059273789466402,0,2,34471936,my_ring_all_reduce,2,8
1739,4.107088,4.109423000000017,4.108443000000006,4.108818000000001,0.0009894527106831565,0,2,34603008,my_ring_all_reduce,2,8
1740,4.114320999999992,4.1197590000000055,4.1179039999999985,4.1196319999999975,0.002534094052455215,0,2,34734080,my_ring_all_reduce,2,8
1741,4.135725999999999,4.142638999999999,4.138959333333333,4.138513000000002,0.002839812474246813,0,2,34865152,my_ring_all_reduce,2,8
1742,4.140782000000003,4.144846000000013,4.142713333333341,4.142512000000006,0.0016652177702136104,0,2,34996224,my_ring_all_reduce,2,8
1743,4.151313000000002,4.158160000000001,4.155654666666666,4.157490999999995,0.003082146690573496,0,2,35127296,my_ring_all_reduce,2,8
1744,4.1705109999999985,4.178446999999997,4.175312333333332,4.176979000000003,0.003447545729291574,0,2,35258368,my_ring_all_reduce,2,8
1745,4.187826,4.194767999999996,4.192261666666668,4.194191000000006,0.003145323124188759,0,2,35389440,my_ring_all_reduce,2,8
1746,4.182989999999994,4.192560999999998,4.188954999999997,4.191313999999999,0.004248503344318338,0,2,35520512,my_ring_all_reduce,2,8
1747,4.193456000000013,4.197710999999999,4.195130666666671,4.194225000000002,0.0018513833266520388,0,2,35651584,my_ring_all_reduce,2,8
1748,4.192305999999993,4.199727999999996,4.196826999999994,4.198446999999993,0.0032393230774352684,0,2,35782656,my_ring_all_reduce,2,8
1749,4.1901920000000015,4.198357,4.195483666666665,4.197901999999995,0.0037463812168822127,0,2,35913728,my_ring_all_reduce,2,8
1750,4.198157999999996,4.206736000000012,4.202501000000004,4.202609000000004,0.003502786414657956,0,2,36044800,my_ring_all_reduce,2,8
1751,4.213744999999981,4.218416000000005,4.215802999999997,4.215248000000003,0.0019468913683186185,0,2,36175872,my_ring_all_reduce,2,8
1752,4.264912999999997,4.274353,4.269766333333331,4.270032999999996,0.00385847407950723,0,2,36306944,my_ring_all_reduce,2,8
1753,4.315282999999997,4.321617000000013,4.317681000000005,4.316143000000004,0.0028052298776930044,0,2,36438016,my_ring_all_reduce,2,8
1754,4.360845999999991,4.362031000000003,4.361305999999998,4.361041000000001,0.0005187966846501212,0,2,36569088,my_ring_all_reduce,2,8
1755,4.401868999999995,4.4066079999999985,4.404313666666664,4.404464,0.0019376068285975542,0,2,36700160,my_ring_all_reduce,2,8
1756,4.445199000000008,4.451212999999998,4.4489526666666706,4.450446000000004,0.0026726494137598793,0,2,36831232,my_ring_all_reduce,2,8
1757,4.484624000000007,4.4963090000000125,4.490513000000006,4.490606,0.00477083451819699,0,2,36962304,my_ring_all_reduce,2,8
1758,4.530254000000001,4.532207999999999,4.531450333333335,4.531889000000003,0.0008559012144449691,0,2,37093376,my_ring_all_reduce,2,8
1759,4.574990000000005,4.581295999999998,4.577114,4.575055999999997,0.0029572433109217966,0,2,37224448,my_ring_all_reduce,2,8
1760,4.571151999999987,4.583119000000003,4.578074000000002,4.579951000000015,0.005062582937600827,0,2,37355520,my_ring_all_reduce,2,8
1761,4.579116999999997,4.5864800000000105,4.581913333333336,4.5801430000000005,0.003256173862412524,0,2,37486592,my_ring_all_reduce,2,8
1762,4.579500999999997,4.585103999999999,4.583193666666664,4.584975999999995,0.0026116324822269437,0,2,37617664,my_ring_all_reduce,2,8
1763,4.582095000000002,4.583883000000002,4.583085999999997,4.583279999999988,0.0007427260598621821,0,2,37748736,my_ring_all_reduce,2,8
1764,4.579537000000004,4.583888000000013,4.581638666666669,4.581490999999991,0.0017793546270781617,0,2,37879808,my_ring_all_reduce,2,8
1765,4.576396999999983,4.583375999999993,4.5792036666666585,4.577838,0.0030083654845948636,0,2,38010880,my_ring_all_reduce,2,8
1766,4.581839,4.586926999999989,4.583907666666659,4.582956999999988,0.0021832332801466135,0,2,38141952,my_ring_all_reduce,2,8
1767,4.5790250000000015,4.584302999999997,4.581968333333332,4.582577,0.0021972979366062487,0,2,38273024,my_ring_all_reduce,2,8
1768,4.578448999999994,4.584623999999996,4.5815419999999945,4.581552999999992,0.002520945193111457,0,2,38404096,my_ring_all_reduce,2,8
1769,4.578635000000002,4.584717000000012,4.582530666666673,4.584240000000006,0.002761526912580698,0,2,38535168,my_ring_all_reduce,2,8
1770,4.583883999999995,4.587599999999984,4.585923999999995,4.586288000000008,0.0015387302124341543,0,2,38666240,my_ring_all_reduce,2,8
1771,4.581201999999996,4.587310000000005,4.584090000000003,4.583758000000009,0.002504606955196074,0,2,38797312,my_ring_all_reduce,2,8
1772,4.582160999999993,4.586705000000002,4.584837999999999,4.585648000000001,0.0019414872306255473,0,2,38928384,my_ring_all_reduce,2,8
1773,4.590350999999997,4.591823999999994,4.590916666666665,4.590575000000005,0.0006480660117238348,0,2,39059456,my_ring_all_reduce,2,8
1774,4.594155999999999,4.5997599999999945,4.596248333333332,4.594829,0.0024982773175819084,0,2,39190528,my_ring_all_reduce,2,8
1775,4.6101590000000074,4.613648000000002,4.611823333333338,4.6116630000000045,0.0014288830913978974,0,2,39321600,my_ring_all_reduce,2,8
1776,4.623152,4.623310999999994,4.623226666666664,4.623216999999997,6.527037782865513e-05,0,2,39452672,my_ring_all_reduce,2,8
1777,4.64174300000001,4.6493899999999995,4.645230333333335,4.644557999999997,0.003157865981249471,0,2,39583744,my_ring_all_reduce,2,8
1778,4.664910999999998,4.674769999999999,4.6708223333333345,4.672786000000007,0.0042576958035501905,0,2,39714816,my_ring_all_reduce,2,8
1779,4.6807829999999955,4.6901630000000045,4.685435666666667,4.685360999999999,0.0038297329178743704,0,2,39845888,my_ring_all_reduce,2,8
1780,4.709743,4.711084999999999,4.710531333333332,4.710765999999997,0.0005724464070008726,0,2,39976960,my_ring_all_reduce,2,8
1781,4.723986000000002,4.731183999999994,4.728303333333334,4.729740000000005,0.003109213119457965,0,2,40108032,my_ring_all_reduce,2,8
1782,4.743083000000014,4.755949,4.748994333333337,4.747950999999998,0.005304080022853854,0,2,40239104,my_ring_all_reduce,2,8
1783,4.765070999999996,4.767407000000003,4.765903333333333,4.765232,0.0010652825394673277,0,2,40370176,my_ring_all_reduce,2,8
1784,4.782511000000006,4.785581999999999,4.7839930000000015,4.783886000000001,0.0012560114118350114,0,2,40501248,my_ring_all_reduce,2,8
1785,4.7944460000000015,4.797809000000001,4.796282333333335,4.796592000000004,0.0013902906970206085,0,2,40632320,my_ring_all_reduce,2,8
1786,4.812624000000003,4.820432,4.815674000000001,4.813966000000001,0.003408730359922952,0,2,40763392,my_ring_all_reduce,2,8
1787,4.8264130000000005,4.833039999999997,4.830637333333336,4.83245900000001,0.0029964572785587573,0,2,40894464,my_ring_all_reduce,2,8
1788,4.8383510000000065,4.8450409999999975,4.842234333333333,4.843310999999995,0.002835305196187904,0,2,41025536,my_ring_all_reduce,2,8
1789,4.855086999999998,4.861008000000002,4.8575193333333315,4.856462999999993,0.0025300119015993095,0,2,41156608,my_ring_all_reduce,2,8
1790,4.869232000000011,4.871023000000001,4.870351000000004,4.870797999999999,0.0007965663814095981,0,2,41287680,my_ring_all_reduce,2,8
1791,4.882473999999998,4.886413000000001,4.884662666666666,4.885101000000001,0.0016376878687830584,0,2,41418752,my_ring_all_reduce,2,8
1792,4.905580999999998,4.9085920000000005,4.906777333333333,4.906159,0.0013046793560965758,0,2,41549824,my_ring_all_reduce,2,8
1793,4.918317000000002,4.9234089999999995,4.921550666666672,4.922926000000015,0.0022950341077126353,0,2,41680896,my_ring_all_reduce,2,8
1794,4.934158000000011,4.938257000000002,4.936132666666674,4.935983000000007,0.0016767528804836106,0,2,41811968,my_ring_all_reduce,2,8
1795,4.950511999999999,4.951983,4.951065666666669,4.950702000000009,0.0006532739768943473,0,2,41943040,my_ring_all_reduce,2,8
1796,4.964498000000014,4.971373999999981,4.968334999999994,4.969132999999987,0.002863267015127858,0,2,42074112,my_ring_all_reduce,2,8
1797,4.983407999999996,4.987149000000005,4.984792666666664,4.983820999999989,0.0016746884950861027,0,2,42205184,my_ring_all_reduce,2,8
1798,4.994577000000012,4.998861000000004,4.997060333333337,4.997742999999995,0.0018143298732236999,0,2,42336256,my_ring_all_reduce,2,8
1799,5.014156999999999,5.01761299999999,5.015991999999989,5.016205999999976,0.001418997533467575,0,2,42467328,my_ring_all_reduce,2,8
1800,5.1480109999999915,5.151245999999992,5.150135333333325,5.15114899999999,0.001502652395673151,0,2,42598400,my_ring_all_reduce,2,8
1801,5.149579,5.157966,5.153047000000002,5.151596000000005,0.003574399063711514,0,2,42729472,my_ring_all_reduce,2,8
1802,5.152078999999998,5.153322,5.1528026666666635,5.153006999999994,0.0005276212867413036,0,2,42860544,my_ring_all_reduce,2,8
1803,5.150672000000003,5.155377000000004,5.153295333333336,5.153837,0.001958623382775876,0,2,42991616,my_ring_all_reduce,2,8
1804,5.1494219999999915,5.154923000000003,5.152566999999998,5.153356,0.0023140355802555583,0,2,43122688,my_ring_all_reduce,2,8
1805,5.152911999999999,5.1590219999999904,5.155684666666666,5.155120000000006,0.0025261513986432824,0,2,43253760,my_ring_all_reduce,2,8
1806,5.160495999999977,5.167308000000005,5.163107666666666,5.161519000000015,0.0029993035117494068,0,2,43384832,my_ring_all_reduce,2,8
1807,5.184973000000007,5.198156999999999,5.19217366666667,5.193391000000004,0.005450742416300134,0,2,43515904,my_ring_all_reduce,2,8
1808,5.234606999999989,5.240426999999996,5.238166999999991,5.23946699999999,0.0025476263462311855,0,2,43646976,my_ring_all_reduce,2,8
1809,5.282222000000002,5.288590000000007,5.2846120000000045,5.283024000000005,0.0028318620493728466,0,2,43778048,my_ring_all_reduce,2,8
1810,5.320557,5.322221000000005,5.321219000000007,5.320879000000016,0.0007206127022656437,0,2,43909120,my_ring_all_reduce,2,8
1811,5.364910000000011,5.369580999999991,5.367298333333335,5.367404000000002,0.0019083910034875013,0,2,44040192,my_ring_all_reduce,2,8
1812,5.405933999999972,5.412204999999995,5.4096443333333255,5.410794000000009,0.002686095100504942,0,2,44171264,my_ring_all_reduce,2,8
1813,5.451697,5.459535000000003,5.456218000000006,5.4574220000000135,0.0033111702865730487,0,2,44302336,my_ring_all_reduce,2,8
1814,5.452140000000018,5.483115000000005,5.465035333333343,5.459851000000004,0.013166134343665578,0,2,44433408,my_ring_all_reduce,2,8
1815,5.459374000000011,5.461261,5.460184666666669,5.459918999999995,0.0007929381368581592,0,2,44564480,my_ring_all_reduce,2,8
1816,5.457675999999999,5.472170999999999,5.466411333333334,5.469387000000005,0.006280509551161434,0,2,44695552,my_ring_all_reduce,2,8
1817,5.456590000000002,5.472334000000006,5.462829333333335,5.459563999999997,0.006829601517579706,0,2,44826624,my_ring_all_reduce,2,8
1818,5.454255000000019,5.4737719999999985,5.464216666666675,5.464623000000007,0.007972960651816813,0,2,44957696,my_ring_all_reduce,2,8
1819,5.463435000000012,5.4722669999999995,5.467872333333335,5.467914999999993,0.0036057751208561414,0,2,45088768,my_ring_all_reduce,2,8
1820,5.468460000000003,5.479759999999999,5.472323000000002,5.468749000000003,0.005260076488668693,0,2,45219840,my_ring_all_reduce,2,8
1821,5.461388999999996,5.463501,5.462540666666665,5.462731999999996,0.0008727704292795168,0,2,45350912,my_ring_all_reduce,2,8
1822,5.4708299999999985,5.4777709999999935,5.4744023333333365,5.474606000000015,0.0028373086230111004,0,2,45481984,my_ring_all_reduce,2,8
1823,5.477358000000008,5.515309000000001,5.491800333333333,5.48273399999999,0.01676739694234695,0,2,45613056,my_ring_all_reduce,2,8
1824,5.471469000000001,5.484589000000003,5.4789886666666705,5.48090800000001,0.005525485217508955,0,2,45744128,my_ring_all_reduce,2,8
1825,5.4860599999999975,5.5086219999999955,5.497858999999999,5.498895000000004,0.009239983152942237,0,2,45875200,my_ring_all_reduce,2,8
1826,5.504141000000007,5.507564999999999,5.50558066666667,5.5050360000000005,0.0014499288105100597,0,2,46006272,my_ring_all_reduce,2,8
1827,5.517007000000005,5.531822000000004,5.523800666666671,5.522573000000004,0.0061101789571896045,0,2,46137344,my_ring_all_reduce,2,8
1828,5.550124000000011,5.559503,5.5538693333333375,5.551981,0.004055100683772215,0,2,46268416,my_ring_all_reduce,2,8
1829,5.566991999999998,5.568620999999999,5.567736666666666,5.567597000000002,0.0006723294496667951,0,2,46399488,my_ring_all_reduce,2,8
1830,5.580428999999997,5.590634999999991,5.584929999999994,5.583725999999995,0.004252671395720399,0,2,46530560,my_ring_all_reduce,2,8
1831,5.605293,5.613130999999987,5.608630666666663,5.607468000000001,0.003303776256878795,0,2,46661632,my_ring_all_reduce,2,8
1832,5.627661,5.631758000000002,5.629571333333334,5.629295,0.0016839679991691595,0,2,46792704,my_ring_all_reduce,2,8
1833,5.642474000000002,5.645935000000005,5.643980000000002,5.643530999999999,0.0014481783960105295,0,2,46923776,my_ring_all_reduce,2,8
1834,5.671085000000003,5.679018,5.675200000000007,5.675497000000018,0.003245435666695852,0,2,47054848,my_ring_all_reduce,2,8
1835,5.6862600000000025,5.700011999999997,5.692014333333336,5.689771000000008,0.005834025730332891,0,2,47185920,my_ring_all_reduce,2,8
1836,5.699850000000005,5.702351,5.70136733333334,5.701901000000013,0.0010885312224377624,0,2,47316992,my_ring_all_reduce,2,8
1837,5.723181999999997,5.731372000000003,5.727244666666665,5.7271799999999935,0.003343866158940265,0,2,47448064,my_ring_all_reduce,2,8
1838,5.7393719999999995,5.744814000000006,5.742849333333336,5.7443620000000015,0.002465760374049543,0,2,47579136,my_ring_all_reduce,2,8
1839,5.757356,5.767343000000008,5.762008666666663,5.761326999999983,0.004105568927963651,0,2,47710208,my_ring_all_reduce,2,8
1840,5.777166999999994,5.782029000000002,5.7788813333333335,5.777448000000004,0.0022286908464155455,0,2,47841280,my_ring_all_reduce,2,8
1841,5.788396999999997,5.7955349999999966,5.792345666666663,5.793104999999996,0.0029631291268219333,0,2,47972352,my_ring_all_reduce,2,8
1842,5.800301999999996,5.80526100000002,5.803148333333341,5.803882000000009,0.002089915521960028,0,2,48103424,my_ring_all_reduce,2,8
1843,5.816010999999988,5.827146000000001,5.8198196666666675,5.816302000000011,0.00518186197766442,0,2,48234496,my_ring_all_reduce,2,8
1844,5.832110000000001,5.837835000000006,5.834893000000001,5.8347339999999965,0.0023399240728445773,0,2,48365568,my_ring_all_reduce,2,8
1845,5.842766000000004,5.846830999999998,5.845378,5.846536999999997,0.0018508587196189334,0,2,48496640,my_ring_all_reduce,2,8
1846,5.856428,5.867436000000003,5.863585000000001,5.866891000000003,0.005065651850125658,0,2,48627712,my_ring_all_reduce,2,8
1847,5.871628000000012,5.877389000000003,5.875105666666674,5.87630000000001,0.0024989470226891544,0,2,48758784,my_ring_all_reduce,2,8
1848,5.887532999999999,5.892682999999997,5.890720999999998,5.891946999999999,0.0022741931902688886,0,2,48889856,my_ring_all_reduce,2,8
1849,5.907245000000002,5.912010999999992,5.910294999999998,5.911629000000001,0.002162306792907447,0,2,49020928,my_ring_all_reduce,2,8
1850,5.924044999999991,5.927340999999986,5.926006666666659,5.926633999999998,0.0014168190506275602,0,2,49152000,my_ring_all_reduce,2,8
1851,5.941805999999975,5.9465390000000085,5.944097999999994,5.943949000000001,0.0019351094715076994,0,2,49283072,my_ring_all_reduce,2,8
1852,5.9568159999999954,5.95879800000001,5.95777433333333,5.957708999999988,0.0008104658468429533,0,2,49414144,my_ring_all_reduce,2,8
1853,5.973136999999995,5.977548999999999,5.97521433333333,5.974956999999995,0.0018103593259060002,0,2,49545216,my_ring_all_reduce,2,8
1854,5.976971999999998,5.983179999999991,5.980011999999996,5.979883999999998,0.0025360210304040502,0,2,49676288,my_ring_all_reduce,2,8
1855,5.9773569999999925,5.980202999999998,5.978710666666664,5.978572000000001,0.001166004669327417,0,2,49807360,my_ring_all_reduce,2,8
1856,5.980235999999983,5.9852639999999955,5.9826059999999925,5.982317999999999,0.0020627496212626737,0,2,49938432,my_ring_all_reduce,2,8
1857,5.982415000000005,5.989451999999976,5.985229666666659,5.983821999999996,0.0030403932128617015,0,2,50069504,my_ring_all_reduce,2,8
1858,5.978672999999995,5.985772000000002,5.982894000000004,5.984237000000015,0.0030497745271899955,0,2,50200576,my_ring_all_reduce,2,8
1859,5.985517000000011,5.989869999999995,5.987553666666666,5.98727399999999,0.0017880738861136313,0,2,50331648,my_ring_all_reduce,2,8
1860,5.983784999999997,5.989003000000005,5.986219666666666,5.985870999999996,0.002144459113367326,0,2,50462720,my_ring_all_reduce,2,8
1861,5.979535000000001,5.990184999999994,5.985526666666669,5.986860000000012,0.004448891872014454,0,2,50593792,my_ring_all_reduce,2,8
1862,5.988431000000004,5.993837,5.990466333333334,5.989130999999998,0.002400492356903585,0,2,50724864,my_ring_all_reduce,2,8
1863,6.019405999999996,6.025805000000015,6.0236510000000045,6.025742000000002,0.0030017784728452153,0,2,50855936,my_ring_all_reduce,2,8
1864,6.058796999999998,6.0598220000000005,6.059190999999998,6.058953999999997,0.0004507645357253731,0,2,50987008,my_ring_all_reduce,2,8
1865,6.1052590000000055,6.108686999999998,6.106785333333335,6.10641,0.0014244185558374112,0,2,51118080,my_ring_all_reduce,2,8
1866,6.151182000000001,6.153164999999986,6.151980999999996,6.151595999999998,0.0008541042090922,0,2,51249152,my_ring_all_reduce,2,8
1867,6.191850000000002,6.194441000000003,6.193109,6.193035999999993,0.0010590300593787292,0,2,51380224,my_ring_all_reduce,2,8
1868,6.201740000000005,6.204618000000017,6.203509666666663,6.204170999999966,0.0012645795963665736,0,2,51511296,my_ring_all_reduce,2,8
1869,6.2083960000000005,6.210060000000005,6.209483999999997,6.209995999999985,0.0007697757249115582,0,2,51642368,my_ring_all_reduce,2,8
1870,6.209675999999998,6.216908999999989,6.214421999999995,6.216680999999997,0.003357219385143326,0,2,51773440,my_ring_all_reduce,2,8
1871,6.2103499999999965,6.221902999999998,6.2178153333333315,6.221192999999999,0.005286739785119525,0,2,51904512,my_ring_all_reduce,2,8
1872,6.216525999999998,6.223850999999995,6.221345999999998,6.223661,0.00340913723200819,0,2,52035584,my_ring_all_reduce,2,8
1873,6.217993999999992,6.2235969999999945,6.220993333333335,6.221389000000017,0.0023044618075015112,0,2,52166656,my_ring_all_reduce,2,8
1874,6.222508000000001,6.228010000000009,6.224971333333337,6.2243960000000005,0.002282726050632993,0,2,52297728,my_ring_all_reduce,2,8
1875,6.235497999999993,6.240045000000006,6.237942666666665,6.238284999999997,0.001872021426758069,0,2,52428800,my_ring_all_reduce,2,8
1876,6.238059000000009,6.239594999999998,6.238774000000002,6.238667999999998,0.0006315330553461142,0,2,52559872,my_ring_all_reduce,2,8
1877,6.251982999999993,6.263598999999995,6.259021333333326,6.261481999999989,0.005051338062555495,0,2,52690944,my_ring_all_reduce,2,8
1878,6.264398999999997,6.28065200000001,6.274050333333336,6.277100000000002,0.006976883369787569,0,2,52822016,my_ring_all_reduce,2,8
1879,6.302346999999987,6.307149000000005,6.305515999999997,6.3070520000000005,0.002241171271166208,0,2,52953088,my_ring_all_reduce,2,8
1880,6.312235999999993,6.327659999999996,6.319413999999991,6.318345999999983,0.006341945653085521,0,2,53084160,my_ring_all_reduce,2,8
1881,6.3346370000000025,6.356558000000005,6.3429033333333384,6.337515000000007,0.00972653286405607,0,2,53215232,my_ring_all_reduce,2,8
1882,6.360205000000008,6.3664780000000105,6.3633950000000015,6.363501999999986,0.002562058937652362,0,2,53346304,my_ring_all_reduce,2,8
1883,6.381198000000011,6.382444999999998,6.381675666666671,6.381384000000006,0.00054927487552514,0,2,53477376,my_ring_all_reduce,2,8
1884,6.393612000000008,6.407981999999975,6.402103999999992,6.404717999999994,0.0061508249853043625,0,2,53608448,my_ring_all_reduce,2,8
1885,6.420365999999999,6.431176000000003,6.424801000000005,6.422861000000012,0.004621451792096245,0,2,53739520,my_ring_all_reduce,2,8
1886,6.434763999999997,6.449065000000006,6.442581333333337,6.4439150000000085,0.005914031356776873,0,2,53870592,my_ring_all_reduce,2,8
1887,6.474286000000007,6.475306999999994,6.474807333333334,6.4748290000000015,0.0004171029715601084,0,2,54001664,my_ring_all_reduce,2,8
1888,6.481386999999988,6.48974000000002,6.4862300000000035,6.487563000000002,0.0035379673071911175,0,2,54132736,my_ring_all_reduce,2,8
1889,6.498506000000009,6.5051630000000005,6.502570666666666,6.5040429999999905,0.0029102962430292054,0,2,54263808,my_ring_all_reduce,2,8
1890,6.522215000000004,6.527788999999997,6.525760000000003,6.527276000000008,0.002515427200297132,0,2,54394880,my_ring_all_reduce,2,8
1891,6.537452000000001,6.542893,6.539862333333331,6.539241999999991,0.002264174659537499,0,2,54525952,my_ring_all_reduce,2,8
1892,6.555308000000005,6.56436299999999,6.559947999999999,6.5601730000000025,0.0037001103587088625,0,2,54657024,my_ring_all_reduce,2,8
1893,6.5715939999999975,6.588971000000005,6.578826666666665,6.575914999999994,0.00738685247961639,0,2,54788096,my_ring_all_reduce,2,8
1894,6.591180999999997,6.595627999999983,6.593355666666656,6.593257999999987,0.0018167932065963014,0,2,54919168,my_ring_all_reduce,2,8
1895,6.597835999999999,6.605934000000001,6.601323666666663,6.60020099999999,0.003399969248228878,0,2,55050240,my_ring_all_reduce,2,8
1896,6.612492999999995,6.617194000000003,6.615168999999997,6.615819999999992,0.0019736093838470838,0,2,55181312,my_ring_all_reduce,2,8
1897,6.628554999999993,6.6350489999999995,6.63209633333334,6.632685000000027,0.0026836424666699474,0,2,55312384,my_ring_all_reduce,2,8
1898,6.638955000000031,6.646251000000018,6.642101666666683,6.6410990000000005,0.0030617978741593033,0,2,55443456,my_ring_all_reduce,2,8
1899,6.652781000000006,6.656780000000003,6.655201666666673,6.656044000000009,0.0017378424043107482,0,2,55574528,my_ring_all_reduce,2,8
1900,6.665006000000002,6.66935300000001,6.6669236666666665,6.66641199999999,0.0018111606469074345,0,2,55705600,my_ring_all_reduce,2,8
1901,6.682413999999997,6.683180000000015,6.68284966666667,6.6829550000000015,0.0003214657403621144,0,2,55836672,my_ring_all_reduce,2,8
1902,6.7008120000000035,6.703722,6.702143666666672,6.701897000000012,0.0012007381988664413,0,2,55967744,my_ring_all_reduce,2,8
1903,6.714634999999999,6.716938000000002,6.716011333333333,6.716461,0.0009925060313290153,0,2,56098816,my_ring_all_reduce,2,8
1904,6.732717999999986,6.737580999999969,6.734487999999982,6.733164999999993,0.002194681298038339,0,2,56229888,my_ring_all_reduce,2,8
1905,6.749001999999993,6.752331000000001,6.750260666666667,6.749449000000008,0.0014752767725271536,0,2,56360960,my_ring_all_reduce,2,8
1906,6.760522999999994,6.762826999999976,6.761782333333326,6.761997000000005,0.0009527732620502715,0,2,56492032,my_ring_all_reduce,2,8
1907,6.77895600000002,6.782475,6.780876666666678,6.781199000000015,0.001454593719519575,0,2,56623104,my_ring_all_reduce,2,8
1908,6.915661,6.919527999999999,6.917183666666664,6.916361999999994,0.0016822156685623946,0,2,56754176,my_ring_all_reduce,2,8
1909,6.921066999999995,6.926989000000002,6.924011666666661,6.923978999999985,0.002417756719682129,0,2,56885248,my_ring_all_reduce,2,8
1910,6.92532299999999,6.926760999999991,6.9260249999999886,6.925990999999987,0.0005875531181665994,0,2,57016320,my_ring_all_reduce,2,8
1911,6.928008999999991,6.931979999999996,6.929365666666665,6.928108000000004,0.0018490545932680514,0,2,57147392,my_ring_all_reduce,2,8
1912,6.929162000000011,6.932747999999992,6.931264333333332,6.931882999999993,0.0015279420436856424,0,2,57278464,my_ring_all_reduce,2,8
1913,6.926122999999985,6.930474000000016,6.929001333333342,6.930407000000021,0.0020354728088626756,0,2,57409536,my_ring_all_reduce,2,8
1914,6.934218000000003,6.936169999999999,6.935295333333333,6.935498,0.0008096836144770633,0,2,57540608,my_ring_all_reduce,2,8
1915,6.931915999999983,6.937611000000019,6.9341230000000005,6.932842000000001,0.0024951923105714403,0,2,57671680,my_ring_all_reduce,2,8
1916,6.932971000000034,6.935016,6.93426100000001,6.934795999999997,0.0009165787836494833,0,2,57802752,my_ring_all_reduce,2,8
1917,6.933132000000005,6.935052999999986,6.934006666666658,6.933834999999985,0.0007935835739717209,0,2,57933824,my_ring_all_reduce,2,8
1918,6.940169999999998,6.943497999999993,6.94228133333333,6.943175999999999,0.0014987144120495247,0,2,58064896,my_ring_all_reduce,2,8
1919,6.969483,6.9749269999999965,6.972972666666666,6.974508000000002,0.002473488809128844,0,2,58195968,my_ring_all_reduce,2,8
1920,7.011623999999997,7.017671999999991,7.0141093333333275,7.013031999999996,0.0025839325756572603,0,2,58327040,my_ring_all_reduce,2,8
1921,7.054280999999992,7.058569999999978,7.056426666666659,7.056429000000004,0.0017509776951377346,0,2,58458112,my_ring_all_reduce,2,8
1922,7.080524999999976,7.086473000000005,7.083115333333332,7.082348000000013,0.002488142055618128,0,2,58589184,my_ring_all_reduce,2,8
1923,7.109289000000005,7.121996000000006,7.114623000000005,7.112584000000006,0.005384242627024951,0,2,58720256,my_ring_all_reduce,2,8
1924,7.133707999999984,7.1359180000000055,7.13501999999999,7.13543399999998,0.0009485329022643369,0,2,58851328,my_ring_all_reduce,2,8
1925,7.137189999999988,7.151722999999999,7.1422483333333275,7.137831999999997,0.006704725812608904,0,2,58982400,my_ring_all_reduce,2,8
1926,7.144200000000002,7.151561999999998,7.148670333333335,7.150249000000003,0.003206129788735259,0,2,59113472,my_ring_all_reduce,2,8
1927,7.154955,7.155304999999993,7.155157666666665,7.155213000000003,0.0001481470740682475,0,2,59244544,my_ring_all_reduce,2,8
1928,7.156842999999994,7.162956000000002,7.159595666666662,7.15898799999999,0.0025323423061614585,0,2,59375616,my_ring_all_reduce,2,8
1929,7.164615999999994,7.172006999999984,7.168007999999994,7.167401000000005,0.0030477376308721566,0,2,59506688,my_ring_all_reduce,2,8
1930,7.174474000000002,7.184233999999989,7.180522333333333,7.182859000000011,0.004313498837626608,0,2,59637760,my_ring_all_reduce,2,8
1931,7.19700499999999,7.198216,7.197653333333332,7.197739000000009,0.0004980858917501134,0,2,59768832,my_ring_all_reduce,2,8
1932,7.215946000000003,7.224843000000001,7.221354333333334,7.223273999999998,0.0038775415177931816,0,2,59899904,my_ring_all_reduce,2,8
1933,7.236776999999988,7.257064000000028,7.248381000000005,7.251301999999998,0.008535798068541812,0,2,60030976,my_ring_all_reduce,2,8
1934,7.265225000000006,7.270860000000044,7.267636666666685,7.266825000000001,0.002370992525429013,0,2,60162048,my_ring_all_reduce,2,8
1935,7.278761000000006,7.294761999999988,7.287230999999995,7.288169999999991,0.006566038430177608,0,2,60293120,my_ring_all_reduce,2,8
1936,7.305161999999998,7.310695,7.308520666666671,7.309705000000016,0.0024090809220333703,0,2,60424192,my_ring_all_reduce,2,8
1937,7.3290659999999885,7.335466999999999,7.331637000000001,7.330378000000012,0.0027606775738344925,0,2,60555264,my_ring_all_reduce,2,8
1938,7.3418349999999775,7.3638479999999875,7.352990666666659,7.353289000000012,0.008989245216125496,0,2,60686336,my_ring_all_reduce,2,8
1939,7.371754000000015,7.386607000000004,7.377920666666671,7.375400999999991,0.0063200444267055315,0,2,60817408,my_ring_all_reduce,2,8
1940,7.378282000000007,7.387850000000006,7.3829430000000045,7.382697,0.003909990878079404,0,2,60948480,my_ring_all_reduce,2,8
1941,7.39764499999999,7.403854,7.4012073333333275,7.4021229999999925,0.002616200085793867,0,2,61079552,my_ring_all_reduce,2,8
1942,7.425352999999996,7.431400999999991,7.429107999999996,7.4305699999999995,0.002676771562908655,0,2,61210624,my_ring_all_reduce,2,8
1943,7.438185000000002,7.4618009999999995,7.448041333333333,7.444138000000001,0.010028488498050868,0,2,61341696,my_ring_all_reduce,2,8
1944,7.466313999999999,7.479015999999996,7.472424333333332,7.471943,0.005196727324853296,0,2,61472768,my_ring_all_reduce,2,8
1945,7.475595000000023,7.500841,7.486921666666677,7.484329000000005,0.010468415013205532,0,2,61603840,my_ring_all_reduce,2,8
1946,7.501098999999995,7.505289000000005,7.502623666666665,7.501482999999993,0.001891183991289041,0,2,61734912,my_ring_all_reduce,2,8
1947,7.521993000000017,7.524520999999994,7.523390333333336,7.523656999999997,0.001049135940763264,0,2,61865984,my_ring_all_reduce,2,8
1948,7.528392999999997,7.536165000000001,7.531496333333334,7.529931000000004,0.00336042629570946,0,2,61997056,my_ring_all_reduce,2,8
1949,7.548425999999999,7.560523000000001,7.554804999999997,7.555465999999993,0.004960648008745422,0,2,62128128,my_ring_all_reduce,2,8
1950,7.555240000000013,7.567816999999988,7.561960666666668,7.562825000000001,0.005170785648440614,0,2,62259200,my_ring_all_reduce,2,8
1951,7.5735769999999905,7.589321999999971,7.579283999999984,7.5749529999999945,0.007120132348947143,0,2,62390272,my_ring_all_reduce,2,8
1952,7.584265999999996,7.593029999999999,7.589513666666662,7.591244999999988,0.0037815393984751873,0,2,62521344,my_ring_all_reduce,2,8
1953,7.603047999999996,7.6039769999999995,7.60363499999999,7.603879999999975,0.0004169564325732029,0,2,62652416,my_ring_all_reduce,2,8
1954,7.605926999999996,7.619434999999998,7.614408666666665,7.617863999999998,0.0060316394859857665,0,2,62783488,my_ring_all_reduce,2,8
1955,7.625485000000015,7.63853800000003,7.630410000000013,7.627206999999995,0.005790199133028304,0,2,62914560,my_ring_all_reduce,2,8
1956,7.639496999999989,7.640874999999997,7.640394666666661,7.640811999999999,0.0006352670479628619,0,2,63045632,my_ring_all_reduce,2,8
1957,7.649797999999988,7.6503750000000075,7.650141666666663,7.650251999999993,0.0002481428799950899,0,2,63176704,my_ring_all_reduce,2,8
1958,7.655820000000007,7.6658300000000015,7.661609000000001,7.663176999999992,0.004234303799520537,0,2,63307776,my_ring_all_reduce,2,8
1959,7.676297000000003,7.679815000000006,7.678099333333339,7.678186000000009,0.0014375243379596404,0,2,63438848,my_ring_all_reduce,2,8
1960,7.683593000000012,7.6849680000000085,7.684360333333344,7.684520000000012,0.0005725826480846062,0,2,63569920,my_ring_all_reduce,2,8
1961,7.693741000000009,7.702571999999993,7.697163333333336,7.695177000000007,0.0038691756515007504,0,2,63700992,my_ring_all_reduce,2,8
1962,7.704426000000007,7.705769000000008,7.705160333333338,7.705286,0.0005554315639411764,0,2,63832064,my_ring_all_reduce,2,8
1963,7.713254999999975,7.715271999999997,7.714536666666658,7.715082999999999,0.0009095538589008843,0,2,63963136,my_ring_all_reduce,2,8
1964,7.714886999999996,7.733097000000005,7.721001000000001,7.715019000000001,0.008553333385298215,0,2,64094208,my_ring_all_reduce,2,8
1965,7.721098999999999,7.726280999999999,7.722846666666665,7.721159999999993,0.002428568073762056,0,2,64225280,my_ring_all_reduce,2,8
1966,7.727561000000009,7.733002000000001,7.7299293333333345,7.729224999999995,0.0022764276594874123,0,2,64356352,my_ring_all_reduce,2,8
1967,7.739847999999995,7.763657999999996,7.747966666666663,7.740394,0.01109768700625823,0,2,64487424,my_ring_all_reduce,2,8
1968,7.738443000000003,7.76692000000001,7.748062666666676,7.738825000000012,0.013335060213171832,0,2,64618496,my_ring_all_reduce,2,8
1969,7.743910000000004,7.774471000000002,7.757649999999999,7.754568999999992,0.012665256965415287,0,2,64749568,my_ring_all_reduce,2,8
1970,7.757287999999997,7.769257000000005,7.762280333333333,7.760295999999997,0.00508379283169485,0,2,64880640,my_ring_all_reduce,2,8
1971,7.756714,7.776486999999994,7.768210999999998,7.771432000000001,0.008387451460364584,0,2,65011712,my_ring_all_reduce,2,8
1972,7.758508999999998,7.763015999999996,7.7600526666666525,7.758632999999965,0.0020960045059387755,0,2,65142784,my_ring_all_reduce,2,8
1973,7.761544999999984,7.776523000000001,7.766931666666664,7.762727000000006,0.006799241983898071,0,2,65273856,my_ring_all_reduce,2,8
1974,7.762506000000001,7.793224999999992,7.7737809999999925,7.765611999999987,0.0138073328585438,0,2,65404928,my_ring_all_reduce,2,8
1975,7.793769000000022,7.818023000000016,7.802707000000012,7.796329,0.010880358204889121,0,2,65536000,my_ring_all_reduce,2,8
1976,7.825225000000013,7.849644000000001,7.83423966666667,7.827849999999995,0.01094509845648629,0,2,65667072,my_ring_all_reduce,2,8
1977,7.873959000000003,7.878697000000015,7.876509666666671,7.876872999999993,0.0019512678499471682,0,2,65798144,my_ring_all_reduce,2,8
1978,7.894761999999996,7.90257,7.897674000000005,7.895690000000017,0.0034826625829460296,0,2,65929216,my_ring_all_reduce,2,8
1979,7.91904800000001,7.9559440000000174,7.93243433333334,7.922310999999994,0.01667713229412597,0,2,66060288,my_ring_all_reduce,2,8
1980,7.933002000000001,7.933546999999984,7.9332263333333275,7.933129999999998,0.00023268911065795685,0,2,66191360,my_ring_all_reduce,2,8
1981,7.937898000000016,7.9565899999999985,7.945418666666668,7.941767999999989,0.008055773967916374,0,2,66322432,my_ring_all_reduce,2,8
1982,7.936842999999997,7.9503770000000005,7.942431666666667,7.940075000000001,0.0057710598294912485,0,2,66453504,my_ring_all_reduce,2,8
1983,7.9537340000000185,7.970183999999998,7.960370666666673,7.957194000000003,0.007081385614561637,0,2,66584576,my_ring_all_reduce,2,8
1984,7.965095000000002,8.005768000000003,7.9793460000000005,7.9671749999999975,0.018702462636421193,0,2,66715648,my_ring_all_reduce,2,8
1985,7.985190000000003,8.012329000000042,7.999805333333352,8.001897000000012,0.011177734783453581,0,2,66846720,my_ring_all_reduce,2,8
1986,8.01434300000003,8.026215999999998,8.020019666666672,8.019499999999985,0.004861040515030798,0,2,66977792,my_ring_all_reduce,2,8
1987,8.024871,8.050152999999996,8.035069333333338,8.030184000000016,0.010884078351218877,0,2,67108864,my_ring_all_reduce,2,8
1988,0.5803500000000021,0.5810849999999992,0.5806910000000006,0.5806380000000004,0.00030239378300369186,0,4,2048,my_ring_all_reduce,4,8
1989,0.6043799999999983,0.6076770000000001,0.6065243333333329,0.6075160000000003,0.0015176965733939294,0,4,10240,my_ring_all_reduce,4,8
1990,0.6127619999999993,0.614078,0.6134466666666668,0.6135000000000009,0.0005385767251648264,0,4,18432,my_ring_all_reduce,4,8
1991,0.6179510000000009,0.6206019999999999,0.6190793333333334,0.6186849999999995,0.0011176088562439347,0,4,26624,my_ring_all_reduce,4,8
1992,0.6214370000000008,0.6223009999999994,0.6218526666666669,0.6218200000000006,0.00035348204417643976,0,4,34816,my_ring_all_reduce,4,8
1993,0.6198339999999994,0.6221090000000004,0.6209246666666665,0.6208309999999997,0.0009311234552354463,0,4,43008,my_ring_all_reduce,4,8
1994,0.6201570000000002,0.6214999999999996,0.620765,0.6206380000000004,0.0005555831770908578,0,4,51200,my_ring_all_reduce,4,8
1995,0.6185910000000012,0.6193570000000009,0.6189413333333339,0.6188759999999998,0.0003161121460635017,0,4,59392,my_ring_all_reduce,4,8
1996,0.6185250000000014,0.6186529999999993,0.6185776666666677,0.6185550000000021,5.4658535979669167e-05,0,4,67584,my_ring_all_reduce,4,8
1997,0.6136949999999998,0.6155480000000016,0.6147706666666672,0.6150690000000004,0.0007853467740792343,0,4,75776,my_ring_all_reduce,4,8
1998,0.617920000000001,0.6200570000000007,0.6191860000000006,0.6195810000000002,0.0009160462142633842,0,4,83968,my_ring_all_reduce,4,8
1999,0.6163170000000009,0.6194510000000001,0.6178943333333337,0.617915,0.0012795335955813635,0,4,92160,my_ring_all_reduce,4,8
2000,0.6187150000000001,0.6206060000000002,0.6194420000000002,0.6190050000000001,0.0008315435446606092,0,4,100352,my_ring_all_reduce,4,8
2001,0.6186850000000004,0.6197710000000002,0.6190893333333333,0.6188119999999995,0.0004847915932531923,0,4,108544,my_ring_all_reduce,4,8
2002,0.6209570000000012,0.6225580000000009,0.6219493333333349,0.6223330000000024,0.0007076723975275653,0,4,116736,my_ring_all_reduce,4,8
2003,0.620509000000001,0.6207639999999992,0.620648,0.6206709999999999,0.00010536602868024372,0,4,124928,my_ring_all_reduce,4,8
2004,0.8241569999999993,0.8271319999999996,0.825756,0.8259790000000012,0.0012247320795452873,0,4,133120,my_ring_all_reduce,4,8
2005,0.8235469999999996,0.8252159999999985,0.8244883333333325,0.8247019999999994,0.0006979161044769897,0,4,141312,my_ring_all_reduce,4,8
2006,0.8236759999999986,0.8249890000000005,0.8242846666666662,0.8241889999999994,0.0005402816138117823,0,4,149504,my_ring_all_reduce,4,8
2007,0.8235129999999972,0.8265520000000015,0.8254226666666664,0.8262030000000005,0.0013578341414033392,0,4,157696,my_ring_all_reduce,4,8
2008,0.8249569999999985,0.8278319999999995,0.8263736666666673,0.826332000000004,0.0011740835669674472,0,4,165888,my_ring_all_reduce,4,8
2009,0.8260100000000002,0.8270359999999982,0.8265553333333321,0.8266199999999981,0.00042135126544030736,0,4,174080,my_ring_all_reduce,4,8
2010,0.8261400000000012,0.8285760000000001,0.8274430000000015,0.827613000000003,0.001001731500951909,0,4,182272,my_ring_all_reduce,4,8
2011,0.8249559999999992,0.8255310000000046,0.8252550000000013,0.8252780000000003,0.00023530547521819755,0,4,190464,my_ring_all_reduce,4,8
2012,0.826268,0.8299160000000011,0.8276550000000004,0.826781,0.001612427362705576,0,4,198656,my_ring_all_reduce,4,8
2013,0.8285119999999988,0.8296930000000002,0.8292786666666655,0.8296309999999976,0.0005427057725468374,0,4,206848,my_ring_all_reduce,4,8
2014,0.8280280000000003,0.8313240000000001,0.8297010000000001,0.8297510000000002,0.001346050766749303,0,4,215040,my_ring_all_reduce,4,8
2015,0.8256290000000026,0.8302359999999999,0.8284333333333339,0.8294349999999995,0.0020097453127739416,0,4,223232,my_ring_all_reduce,4,8
2016,0.8286679999999996,0.83075,0.8293826666666667,0.8287300000000005,0.0009671819316389389,0,4,231424,my_ring_all_reduce,4,8
2017,0.8280290000000022,0.8315779999999977,0.8301613333333333,0.830877,0.001534706124599604,0,4,239616,my_ring_all_reduce,4,8
2018,0.8306850000000022,0.8320900000000011,0.8312713333333343,0.8310389999999993,0.0005966519551257638,0,4,247808,my_ring_all_reduce,4,8
2019,0.8280910000000021,0.8313860000000023,0.8299466666666682,0.8303630000000003,0.001377015210115172,0,4,256000,my_ring_all_reduce,4,8
2020,0.8292440000000006,0.8305859999999975,0.8297886666666666,0.8295360000000019,0.0005762645997170004,0,4,264192,my_ring_all_reduce,4,8
2021,0.8286040000000003,0.8315149999999994,0.8302350000000002,0.8305860000000007,0.001214051344328564,0,4,272384,my_ring_all_reduce,4,8
2022,0.8292800000000016,0.831003999999999,0.8303656666666669,0.8308130000000001,0.0007716321806538947,0,4,280576,my_ring_all_reduce,4,8
2023,0.8280299999999988,0.8285400000000009,0.8283493333333339,0.8284780000000019,0.00022721697902245775,0,4,288768,my_ring_all_reduce,4,8
2024,0.8283819999999987,0.8317070000000022,0.8304179999999999,0.831164999999999,0.001456574291503801,0,4,296960,my_ring_all_reduce,4,8
2025,0.8311669999999994,0.8328290000000034,0.8318593333333345,0.8315820000000008,0.0007062796109836234,0,4,305152,my_ring_all_reduce,4,8
2026,0.8305860000000012,0.8327010000000046,0.831740000000002,0.831933,0.0008741636002500027,0,4,313344,my_ring_all_reduce,4,8
2027,0.8294360000000015,0.8335609999999992,0.8316320000000004,0.8318990000000004,0.0016945742828205735,0,4,321536,my_ring_all_reduce,4,8
2028,0.829116000000001,0.8326970000000001,0.8314296666666666,0.8324759999999988,0.0016384953124396354,0,4,329728,my_ring_all_reduce,4,8
2029,0.8303300000000009,0.8328600000000006,0.8319840000000004,0.8327619999999998,0.0011702387220844772,0,4,337920,my_ring_all_reduce,4,8
2030,0.8305550000000022,0.8349380000000001,0.8333390000000008,0.8345240000000004,0.0019758274216126206,0,4,346112,my_ring_all_reduce,4,8
2031,0.8310319999999983,0.8352600000000048,0.8328586666666693,0.8322840000000051,0.001773260148867975,0,4,354304,my_ring_all_reduce,4,8
2032,0.8324449999999979,0.8355149999999995,0.8338206666666658,0.8335020000000004,0.001273417012957706,0,4,362496,my_ring_all_reduce,4,8
2033,0.8329880000000031,0.834714,0.8337873333333347,0.8336600000000007,0.000710365789965871,0,4,370688,my_ring_all_reduce,4,8
2034,0.8523790000000009,0.8549070000000039,0.8539900000000017,0.8546840000000002,0.001142781110566751,0,4,378880,my_ring_all_reduce,4,8
2035,0.8533369999999996,0.8563800000000001,0.8551103333333331,0.8556139999999995,0.0012923421459593038,0,4,387072,my_ring_all_reduce,4,8
2036,0.8554199999999987,0.8573400000000002,0.8563803333333331,0.8563810000000005,0.0007838368594440858,0,4,395264,my_ring_all_reduce,4,8
2037,0.8526370000000006,0.8589069999999988,0.8567429999999994,0.8586849999999986,0.0029047946571134097,0,4,403456,my_ring_all_reduce,4,8
2038,0.855067,0.8564739999999997,0.8559309999999994,0.8562519999999986,0.000617626100484416,0,4,411648,my_ring_all_reduce,4,8
2039,0.8543300000000008,0.8579479999999948,0.8559743333333317,0.8556449999999995,0.0014952873376761486,0,4,419840,my_ring_all_reduce,4,8
2040,0.8548089999999993,0.8578189999999991,0.8559839999999994,0.8553240000000001,0.0013144644029665152,0,4,428032,my_ring_all_reduce,4,8
2041,0.8561890000000003,0.8598669999999984,0.8585129999999997,0.8594830000000007,0.0016507767868486904,0,4,436224,my_ring_all_reduce,4,8
2042,0.8566330000000003,0.8609540000000016,0.8592050000000007,0.8600280000000002,0.0018575534088332622,0,4,444416,my_ring_all_reduce,4,8
2043,0.8526369999999995,0.8588420000000005,0.8563903333333335,0.857692,0.0026952128343090635,0,4,452608,my_ring_all_reduce,4,8
2044,0.853407000000001,0.859614999999998,0.8567226666666671,0.8571460000000021,0.002552021987016711,0,4,460800,my_ring_all_reduce,4,8
2045,0.8545889999999982,0.8605079999999998,0.8581400000000019,0.8593230000000076,0.0025571151714402886,0,4,468992,my_ring_all_reduce,4,8
2046,0.8600930000000008,0.8621400000000012,0.8609990000000017,0.8607640000000029,0.0008520449909873853,0,4,477184,my_ring_all_reduce,4,8
2047,0.8601240000000002,0.8635469999999968,0.8618509999999988,0.8618819999999996,0.0013976058099464846,0,4,485376,my_ring_all_reduce,4,8
2048,0.8596769999999992,0.8625249999999997,0.8611373333333326,0.8612099999999991,0.0011638259701902424,0,4,493568,my_ring_all_reduce,4,8
2049,0.8567630000000008,0.8620429999999988,0.8601656666666676,0.8616910000000034,0.002410336260543115,0,4,501760,my_ring_all_reduce,4,8
2050,0.8561249999999996,0.8655619999999999,0.8623209999999996,0.8652759999999989,0.004382789142391655,0,4,509952,my_ring_all_reduce,4,8
2051,0.8582040000000006,0.8655650000000005,0.8621506666666674,0.8626830000000009,0.00302859861248652,0,4,518144,my_ring_all_reduce,4,8
2052,0.8591589999999997,0.8601540000000004,0.8598120000000002,0.8601230000000005,0.00046191413343500703,0,4,526336,my_ring_all_reduce,4,8
2053,0.8598700000000008,0.8630060000000004,0.8616400000000001,0.8620439999999989,0.0013117509926299966,0,4,534528,my_ring_all_reduce,4,8
2054,0.861469,0.8642839999999992,0.862674666666666,0.8622709999999988,0.0011841357842557383,0,4,542720,my_ring_all_reduce,4,8
2055,0.8544899999999997,0.8617899999999973,0.8588226666666651,0.8601879999999983,0.00313268801865363,0,4,550912,my_ring_all_reduce,4,8
2056,0.8544949999999999,0.8644119999999985,0.8600499999999996,0.8612430000000004,0.004135549862674017,0,4,559104,my_ring_all_reduce,4,8
2057,0.8625869999999995,0.864284999999999,0.8632926666666659,0.8630059999999994,0.0007222346494654891,0,4,567296,my_ring_all_reduce,4,8
2058,0.8614659999999985,0.8652439999999988,0.8634833333333324,0.8637399999999998,0.0015530033984367559,0,4,575488,my_ring_all_reduce,4,8
2059,0.863609,0.8670679999999966,0.8655949999999982,0.8661079999999983,0.0014579773660781431,0,4,583680,my_ring_all_reduce,4,8
2060,0.863833999999999,0.8669730000000018,0.8652546666666666,0.8649569999999994,0.0012986619609782935,0,4,591872,my_ring_all_reduce,4,8
2061,0.8597350000000006,0.8646349999999994,0.8617963333333337,0.8610190000000012,0.00207455783776197,0,4,600064,my_ring_all_reduce,4,8
2062,0.8617870000000003,0.8656899999999996,0.8642076666666668,0.8651460000000006,0.001726017445514895,0,4,608256,my_ring_all_reduce,4,8
2063,0.8562509999999993,0.8646350000000005,0.8592496666666664,0.8568629999999994,0.0038161933330951225,0,4,616448,my_ring_all_reduce,4,8
2064,0.8625240000000004,0.8655619999999999,0.8637179999999999,0.8630679999999993,0.0013226831316179202,0,4,624640,my_ring_all_reduce,4,8
2065,0.8551659999999983,0.8656579999999986,0.8616169999999993,0.864027000000001,0.004609887272664236,0,4,632832,my_ring_all_reduce,4,8
2066,0.8652130000000007,0.8653100000000005,0.8652763333333335,0.8653059999999996,4.4813192501715183e-05,0,4,641024,my_ring_all_reduce,4,8
2067,0.863326,0.8666499999999978,0.8653420000000001,0.866050000000002,0.0014464190264231792,0,4,649216,my_ring_all_reduce,4,8
2068,0.8642850000000001,0.8668810000000008,0.8655660000000004,0.8655320000000002,0.0010600852167006601,0,4,657408,my_ring_all_reduce,4,8
2069,0.865308000000001,0.8679329999999982,0.8664389999999983,0.8660759999999955,0.0011019627942895998,0,4,665600,my_ring_all_reduce,4,8
2070,0.863869999999999,0.8661730000000016,0.8652559999999997,0.8657249999999985,0.0009969697421025896,0,4,673792,my_ring_all_reduce,4,8
2071,0.8578189999999968,0.8664919999999997,0.8625993333333324,0.8634870000000006,0.003595941817600139,0,4,681984,my_ring_all_reduce,4,8
2072,0.8570189999999993,0.866268,0.8627896666666671,0.8650820000000021,0.00410910325442931,0,4,690176,my_ring_all_reduce,4,8
2073,0.8567629999999995,0.8685390000000007,0.8633343333333334,0.864701,0.004903697743087386,0,4,698368,my_ring_all_reduce,4,8
2074,0.8575320000000011,0.8688600000000006,0.8617990000000009,0.859005000000001,0.005028964306892428,0,4,706560,my_ring_all_reduce,4,8
2075,0.8586180000000004,0.8675479999999989,0.8636316666666666,0.8647290000000003,0.003727316311890462,0,4,714752,my_ring_all_reduce,4,8
2076,0.8661700000000001,0.8708120000000008,0.8685286666666663,0.8686039999999976,0.0018958370769196291,0,4,722944,my_ring_all_reduce,4,8
2077,0.8677409999999991,0.8701720000000005,0.8691263333333327,0.8694659999999985,0.0010211008220982571,0,4,731136,my_ring_all_reduce,4,8
2078,0.8699150000000009,0.8703960000000025,0.8701086666666676,0.8700149999999994,0.00020723631170547753,0,4,739328,my_ring_all_reduce,4,8
2079,0.8668100000000013,0.8739800000000014,0.8713770000000007,0.8733409999999995,0.003239876232203604,0,4,747520,my_ring_all_reduce,4,8
2080,0.8700420000000013,0.8736600000000008,0.8717713333333347,0.8716120000000019,0.001481333033303046,0,4,755712,my_ring_all_reduce,4,8
2081,0.8629689999999992,0.8723509999999988,0.8669306666666662,0.8654720000000007,0.003966632688929724,0,4,763904,my_ring_all_reduce,4,8
2082,0.8665559999999995,0.8736609999999982,0.8699483333333321,0.8696279999999988,0.002909434805745922,0,4,772096,my_ring_all_reduce,4,8
2083,0.8730209999999997,0.8755499999999975,0.8746846666666647,0.8754829999999966,0.0011767079312865207,0,4,780288,my_ring_all_reduce,4,8
2084,0.8706840000000002,0.873722999999999,0.871847666666666,0.8711359999999986,0.001338838385400381,0,4,788480,my_ring_all_reduce,4,8
2085,0.8620429999999997,0.8721580000000003,0.8685509999999992,0.8714519999999976,0.004610868103368839,0,4,796672,my_ring_all_reduce,4,8
2086,0.8669700000000007,0.8730180000000001,0.8708633333333323,0.8726019999999962,0.002758235829091274,0,4,804864,my_ring_all_reduce,4,8
2087,0.8622379999999994,0.8698499999999995,0.867004,0.8689240000000009,0.0033912078477540616,0,4,813056,my_ring_all_reduce,4,8
2088,0.8668420000000006,0.8732440000000006,0.8708106666666665,0.8723459999999986,0.0028301162912891535,0,4,821248,my_ring_all_reduce,4,8
2089,0.8679299999999985,0.8736599999999981,0.8715159999999985,0.8729579999999988,0.002551829147885812,0,4,829440,my_ring_all_reduce,4,8
2090,0.8723470000000015,0.8746849999999986,0.8732646666666666,0.8727619999999997,0.001018517331984778,0,4,837632,my_ring_all_reduce,4,8
2091,0.8722820000000011,0.8738189999999996,0.8732323333333346,0.8735960000000033,0.0006781260125439855,0,4,845824,my_ring_all_reduce,4,8
2092,0.8705850000000028,0.8735310000000008,0.8723783333333334,0.8730189999999967,0.001285189826011987,0,4,854016,my_ring_all_reduce,4,8
2093,0.8691170000000003,0.874045000000002,0.8721356666666668,0.873244999999998,0.0021593612224195926,0,4,862208,my_ring_all_reduce,4,8
2094,0.8721239999999998,0.8751989999999996,0.8737790000000002,0.8740140000000011,0.0012663135472702,0,4,870400,my_ring_all_reduce,4,8
2095,0.8673560000000025,0.8754199999999964,0.8723799999999998,0.8743640000000005,0.003578567311087657,0,4,878592,my_ring_all_reduce,4,8
2096,0.8728599999999987,0.876667,0.8742893333333334,0.8733410000000013,0.0016926929891613286,0,4,886784,my_ring_all_reduce,4,8
2097,0.8656280000000006,0.8750660000000007,0.871867666666667,0.8749089999999997,0.004412576143503986,0,4,894976,my_ring_all_reduce,4,8
2098,0.8719310000000006,0.8765360000000055,0.8746266666666697,0.8754130000000032,0.0019604840105349663,0,4,903168,my_ring_all_reduce,4,8
2099,0.87321,0.8752599999999984,0.874085666666665,0.8737869999999966,0.0008631439946816084,0,4,911360,my_ring_all_reduce,4,8
2100,0.8707819999999993,0.8733059999999996,0.8716543333333325,0.8708749999999991,0.0011685216681300069,0,4,919552,my_ring_all_reduce,4,8
2101,0.8756769999999988,0.8802860000000001,0.877522333333333,0.8766040000000003,0.0019905145621732434,0,4,927744,my_ring_all_reduce,4,8
2102,0.8702679999999983,0.8767980000000003,0.8737986666666667,0.8743300000000017,0.0026922061997973912,0,4,935936,my_ring_all_reduce,4,8
2103,0.8669390000000003,0.876380000000001,0.8703306666666674,0.8676730000000007,0.004288007644064754,0,4,944128,my_ring_all_reduce,4,8
2104,0.8675470000000005,0.8743610000000008,0.8720480000000005,0.8742360000000003,0.003183096710228409,0,4,952320,my_ring_all_reduce,4,8
2105,0.871672,0.8775620000000008,0.8747776666666663,0.8750989999999984,0.002415293816955494,0,4,960512,my_ring_all_reduce,4,8
2106,0.8968610000000045,0.8980759999999991,0.8974356666666677,0.8973699999999994,0.0004981902804687037,0,4,968704,my_ring_all_reduce,4,8
2107,0.8927619999999988,0.8965399999999991,0.894139333333333,0.8931160000000009,0.0017036684601826897,0,4,976896,my_ring_all_reduce,4,8
2108,0.8941400000000004,0.8971450000000014,0.8959000000000003,0.8964149999999991,0.0012796939738340088,0,4,985088,my_ring_all_reduce,4,8
2109,0.8970510000000013,0.8981049999999977,0.897745333333333,0.89808,0.0004910738799350045,0,4,993280,my_ring_all_reduce,4,8
2110,0.8903929999999991,0.8969599999999973,0.8947169999999985,0.8967979999999989,0.0030582449215190424,0,4,1001472,my_ring_all_reduce,4,8
2111,0.8973710000000028,0.9003470000000016,0.8993120000000014,0.9002179999999999,0.0013735042773858983,0,4,1009664,my_ring_all_reduce,4,8
2112,0.8900100000000007,0.9000280000000003,0.8944270000000004,0.8932430000000005,0.004174643537676616,0,4,1017856,my_ring_all_reduce,4,8
2113,0.8901390000000001,0.8927620000000025,0.8915793333333341,0.8918369999999995,0.0010862247567718175,0,4,1026048,my_ring_all_reduce,4,8
2114,0.8915809999999997,0.9037689999999994,0.8965500000000013,0.8943000000000048,0.005223900905133769,0,4,1034240,my_ring_all_reduce,4,8
2115,0.895514000000001,0.9014359999999997,0.8986626666666665,0.8990379999999987,0.0024321701329373465,0,4,1042432,my_ring_all_reduce,4,8
2116,0.8930179999999945,0.8998640000000006,0.8968369999999987,0.8976290000000008,0.0028504241789627446,0,4,1048576,my_ring_all_reduce,4,8
2117,0.8917710000000024,0.9001870000000017,0.8947246666666682,0.8922160000000003,0.003866723016830901,0,4,1081344,my_ring_all_reduce,4,8
2118,0.903129,0.9044120000000003,0.9037916666666671,0.9038340000000008,0.000524637229161635,0,4,1114112,my_ring_all_reduce,4,8
2119,0.9007330000000011,0.905661,0.9036760000000009,0.9046340000000018,0.0021228312854924924,0,4,1146880,my_ring_all_reduce,4,8
2120,0.9043829999999998,0.9115789999999997,0.9084126666666666,0.9092760000000008,0.003000512437716122,0,4,1179648,my_ring_all_reduce,4,8
2121,0.9070340000000015,0.9159939999999988,0.9129663333333337,0.915871000000001,0.004195093668666119,0,4,1212416,my_ring_all_reduce,4,8
2122,0.9141719999999995,0.9243809999999995,0.9198369999999992,0.9209579999999987,0.004242515055954324,0,4,1245184,my_ring_all_reduce,4,8
2123,0.9282180000000025,0.9327299999999987,0.9298073333333338,0.9284740000000001,0.002069278349783711,0,4,1277952,my_ring_all_reduce,4,8
2124,0.9398669999999993,0.9428099999999986,0.9408593333333323,0.939900999999999,0.0013793994667565094,0,4,1310720,my_ring_all_reduce,4,8
2125,0.947257999999998,0.9493389999999995,0.9484953333333328,0.9488890000000011,0.0008940060899627586,0,4,1343488,my_ring_all_reduce,4,8
2126,0.9475759999999973,0.9521550000000025,0.9502229999999999,0.9509380000000002,0.0019365310910684473,0,4,1376256,my_ring_all_reduce,4,8
2127,0.956125,0.9629359999999997,0.9590136666666664,0.9579799999999996,0.0028750397485173985,0,4,1409024,my_ring_all_reduce,4,8
2128,0.9672920000000031,0.9720280000000021,0.9697120000000011,0.969815999999998,0.0019348619244444058,0,4,1441792,my_ring_all_reduce,4,8
2129,0.9726679999999996,0.9772739999999976,0.9757383333333328,0.9772730000000011,0.00217105355888678,0,4,1474560,my_ring_all_reduce,4,8
2130,0.9907780000000012,0.9943329999999969,0.9925713333333327,0.9926030000000001,0.001451495397472511,0,4,1507328,my_ring_all_reduce,4,8
2131,0.9943640000000015,0.994552999999999,0.9944696666666676,0.994492000000002,7.87584210656957e-05,0,4,1540096,my_ring_all_reduce,4,8
2132,1.0045049999999982,1.0061079999999984,1.0052006666666657,1.0049890000000006,0.0006713192649964457,0,4,1572864,my_ring_all_reduce,4,8
2133,0.9967329999999993,1.005786000000001,1.0023530000000005,1.0045400000000009,0.004006364020739092,0,4,1605632,my_ring_all_reduce,4,8
2134,1.0031000000000003,1.006745000000001,1.0046880000000005,1.0042190000000004,0.001524571415185509,0,4,1638400,my_ring_all_reduce,4,8
2135,1.0034539999999998,1.0101420000000003,1.0066423333333336,1.006331000000001,0.002739225235151311,0,4,1671168,my_ring_all_reduce,4,8
2136,1.0064259999999967,1.0106189999999988,1.0079099999999992,1.0066850000000023,0.0019184683126562032,0,4,1703936,my_ring_all_reduce,4,8
2137,1.013340000000004,1.0155449999999993,1.014618333333335,1.0149700000000013,0.0009339016127080676,0,4,1736704,my_ring_all_reduce,4,8
2138,1.0176570000000011,1.025851,1.0210073333333336,1.0195140000000003,0.0035078903758364944,0,4,1769472,my_ring_all_reduce,4,8
2139,1.0723440000000029,1.0800589999999983,1.0751720000000002,1.0731129999999993,0.00346986234116813,0,4,1802240,my_ring_all_reduce,4,8
2140,1.0675149999999995,1.076921000000002,1.0735086666666669,1.0760899999999984,0.004251718894230809,0,4,1835008,my_ring_all_reduce,4,8
2141,1.0734969999999977,1.078137999999999,1.0752566666666656,1.0741350000000003,0.0020539916152594157,0,4,1867776,my_ring_all_reduce,4,8
2142,1.0696900000000005,1.0790649999999986,1.0734549999999996,1.0716099999999997,0.0040435689681262935,0,4,1900544,my_ring_all_reduce,4,8
2143,1.0780749999999981,1.0820119999999989,1.0799626666666657,1.0798009999999996,0.0016113336781135943,0,4,1933312,my_ring_all_reduce,4,8
2144,1.081659000000002,1.085819999999998,1.083708333333333,1.0836459999999988,0.0016992928594614998,0,4,1966080,my_ring_all_reduce,4,8
2145,1.0862999999999985,1.0873569999999981,1.086812333333332,1.086779999999999,0.00043212369628238203,0,4,1998848,my_ring_all_reduce,4,8
2146,1.0893349999999964,1.093848,1.0921409999999991,1.0932400000000007,0.0019996071280813698,0,4,2031616,my_ring_all_reduce,4,8
2147,1.1026840000000002,1.112506999999998,1.106950333333332,1.105659999999998,0.004112708137251599,0,4,2064384,my_ring_all_reduce,4,8
2148,1.127099000000002,1.1366659999999993,1.1332320000000002,1.1359309999999996,0.004347054404995312,0,4,2097152,my_ring_all_reduce,4,8
2149,1.1269990000000016,1.1335630000000056,1.1308740000000024,1.1320599999999996,0.0028079020638201745,0,4,2129920,my_ring_all_reduce,4,8
2150,1.137592999999999,1.1483760000000003,1.1424353333333332,1.1413370000000005,0.004470124855328577,0,4,2162688,my_ring_all_reduce,4,8
2151,1.136407000000001,1.1449900000000017,1.140123333333334,1.1389729999999991,0.003597167620349732,0,4,2195456,my_ring_all_reduce,4,8
2152,1.1359589999999995,1.1424589999999997,1.1382973333333324,1.1364739999999984,0.0029502438693929465,0,4,2228224,my_ring_all_reduce,4,8
2153,1.1452739999999977,1.147161000000001,1.1464256666666657,1.1468419999999988,0.0008246988676020801,0,4,2260992,my_ring_all_reduce,4,8
2154,1.1499459999999995,1.1549699999999994,1.1516309999999996,1.1499769999999998,0.0023610634609569714,0,4,2293760,my_ring_all_reduce,4,8
2155,1.1533070000000007,1.1660119999999998,1.1598243333333336,1.1601540000000001,0.0051920301959398904,0,4,2326528,my_ring_all_reduce,4,8
2156,1.1616890000000004,1.168188000000002,1.1657746666666673,1.1674469999999992,0.0029047976789368297,0,4,2359296,my_ring_all_reduce,4,8
2157,1.184186000000005,1.1866819999999998,1.1854233333333344,1.1854019999999983,0.0010190993845308834,0,4,2392064,my_ring_all_reduce,4,8
2158,1.1865549999999998,1.1926339999999982,1.1895509999999994,1.189464,0.0024825037092949817,0,4,2424832,my_ring_all_reduce,4,8
2159,1.1809539999999978,1.1925369999999993,1.1877373333333316,1.1897209999999978,0.004932387679636186,0,4,2457600,my_ring_all_reduce,4,8
2160,1.1812090000000004,1.196952999999999,1.1897439999999995,1.1910699999999987,0.006495490281725625,0,4,2490368,my_ring_all_reduce,4,8
2161,1.1873549999999977,1.1908439999999991,1.1894669999999994,1.190202000000001,0.0015162341507837587,0,4,2523136,my_ring_all_reduce,4,8
2162,1.1853399999999992,1.1895599999999977,1.1873013333333307,1.1870039999999953,0.0017355893011368852,0,4,2555904,my_ring_all_reduce,4,8
2163,1.1889219999999987,1.1933400000000007,1.1908423333333331,1.1902649999999995,0.0018492640578237187,0,4,2588672,my_ring_all_reduce,4,8
2164,1.1837710000000006,1.191199999999998,1.1882629999999996,1.1898180000000003,0.0032260428804746825,0,4,2621440,my_ring_all_reduce,4,8
2165,1.185462999999998,1.1891450000000023,1.1871826666666665,1.1869399999999988,0.0015129323257263847,0,4,2654208,my_ring_all_reduce,4,8
2166,1.1882190000000028,1.1937870000000004,1.191087333333335,1.191256000000002,0.002276253110314795,0,4,2686976,my_ring_all_reduce,4,8
2167,1.1871610000000001,1.193144000000002,1.1897203333333335,1.1888559999999988,0.002517853097825051,0,4,2719744,my_ring_all_reduce,4,8
2168,1.1856900000000006,1.1925999999999968,1.1897753333333325,1.191036,0.002958488953652055,0,4,2752512,my_ring_all_reduce,4,8
2169,1.1953560000000034,1.1977570000000015,1.1963803333333352,1.1960280000000003,0.0010113701377609187,0,4,2785280,my_ring_all_reduce,4,8
2170,1.1964109999999963,1.1968899999999976,1.1965809999999988,1.1964420000000027,0.0002188622093152059,0,4,2818048,my_ring_all_reduce,4,8
2171,1.1919290000000038,1.1981389999999983,1.195971666666667,1.1978469999999999,0.002861081535982979,0,4,2850816,my_ring_all_reduce,4,8
2172,1.1955799999999999,1.1969539999999992,1.1964316666666666,1.1967610000000009,0.0006073518109153888,0,4,2883584,my_ring_all_reduce,4,8
2173,1.1953870000000042,1.2002200000000012,1.1978610000000025,1.1979760000000024,0.0019747389700907583,0,4,2916352,my_ring_all_reduce,4,8
2174,1.1937529999999987,1.1991920000000027,1.196707,1.1971759999999987,0.002245091089467543,0,4,2949120,my_ring_all_reduce,4,8
2175,1.2087610000000013,1.2104889999999997,1.2097640000000007,1.2100420000000014,0.0007323291609646864,0,4,2981888,my_ring_all_reduce,4,8
2176,1.2117709999999988,1.21875,1.2159856666666662,1.2174359999999997,0.003028113861062463,0,4,3014656,my_ring_all_reduce,4,8
2177,1.2095939999999983,1.2183629999999959,1.2153539999999985,1.2181050000000013,0.004074296749133614,0,4,3047424,my_ring_all_reduce,4,8
2178,1.2100090000000001,1.220279999999999,1.215383999999999,1.2158629999999975,0.004206775566471539,0,4,3080192,my_ring_all_reduce,4,8
2179,1.220665,1.2249520000000012,1.2221590000000007,1.2208600000000005,0.001976553060254599,0,4,3112960,my_ring_all_reduce,4,8
2180,1.2198659999999981,1.2210489999999996,1.2206439999999994,1.2210170000000007,0.0005502841690142528,0,4,3145728,my_ring_all_reduce,4,8
2181,1.2122479999999987,1.2220769999999985,1.218553999999999,1.2213369999999995,0.004469237593445645,0,4,3178496,my_ring_all_reduce,4,8
2182,1.2211139999999996,1.2245370000000002,1.2224463333333333,1.221688,0.001496781955470744,0,4,3211264,my_ring_all_reduce,4,8
2183,1.2131789999999991,1.2156760000000013,1.2141066666666667,1.2134649999999998,0.001115811911669806,0,4,3244032,my_ring_all_reduce,4,8
2184,1.2118020000000007,1.2151939999999999,1.2136993333333337,1.214102000000001,0.0014137471092412943,0,4,3276800,my_ring_all_reduce,4,8
2185,1.2132759999999998,1.2196089999999995,1.2155026666666682,1.213623000000005,0.002907069811490867,0,4,3309568,my_ring_all_reduce,4,8
2186,1.2239610000000007,1.229653999999997,1.2271923333333343,1.227962000000005,0.0023870277659783336,0,4,3342336,my_ring_all_reduce,4,8
2187,1.2209540000000008,1.228348,1.2237170000000004,1.2218490000000002,0.003294933180910505,0,4,3375104,my_ring_all_reduce,4,8
2188,1.225562000000001,1.2306800000000022,1.2279296666666677,1.227547,0.0021068628073255035,0,4,3407872,my_ring_all_reduce,4,8
2189,1.219958999999999,1.2260079999999998,1.2224239999999995,1.2213049999999999,0.002593160362697997,0,4,3440640,my_ring_all_reduce,4,8
2190,1.2197999999999998,1.2308439999999992,1.2254016666666656,1.225560999999998,0.004510101575598914,0,4,3473408,my_ring_all_reduce,4,8
2191,1.2222680000000037,1.2294339999999992,1.2262556666666675,1.2270649999999996,0.0029809567069780303,0,4,3506176,my_ring_all_reduce,4,8
2192,1.2217849999999995,1.226265999999996,1.2237793333333318,1.2232869999999993,0.0018621912421168416,0,4,3538944,my_ring_all_reduce,4,8
2193,1.240921999999997,1.2483449999999994,1.2449213333333322,1.2454970000000003,0.0030576435734449127,0,4,3571712,my_ring_all_reduce,4,8
2194,1.2430019999999986,1.2516129999999999,1.2480163333333332,1.249434000000001,0.003655558720026375,0,4,3604480,my_ring_all_reduce,4,8
2195,1.2487299999999997,1.2505859999999993,1.2498073333333328,1.2501059999999997,0.0007865898267555812,0,4,3637248,my_ring_all_reduce,4,8
2196,1.2495579999999982,1.2497860000000027,1.2497093333333338,1.2497840000000002,0.00010701194118364058,0,4,3670016,my_ring_all_reduce,4,8
2197,1.2429679999999972,1.2508089999999994,1.245827333333332,1.243705,0.003535396661699903,0,4,3702784,my_ring_all_reduce,4,8
2198,1.251927999999999,1.2527919999999995,1.2522593333333338,1.2520580000000028,0.00038037291643228615,0,4,3735552,my_ring_all_reduce,4,8
2199,1.2459449999999987,1.2544269999999997,1.2501593333333318,1.250105999999997,0.0034629673531368674,0,4,3768320,my_ring_all_reduce,4,8
2200,1.2475790000000015,1.2511310000000009,1.2498190000000007,1.2507469999999994,0.0015916582547764707,0,4,3801088,my_ring_all_reduce,4,8
2201,1.2484089999999979,1.252534999999999,1.2509676666666656,1.2519589999999998,0.001824468019878144,0,4,3833856,my_ring_all_reduce,4,8
2202,1.2449219999999996,1.2531160000000001,1.2496580000000004,1.2509360000000016,0.0034650995175708075,0,4,3866624,my_ring_all_reduce,4,8
2203,1.2508140000000003,1.2533050000000003,1.2524009999999999,1.2530839999999994,0.001125799567714552,0,4,3899392,my_ring_all_reduce,4,8
2204,1.2494660000000004,1.2521539999999987,1.2512156666666667,1.252027000000001,0.0012382870785436033,0,4,3932160,my_ring_all_reduce,4,8
2205,1.247226999999999,1.256059000000003,1.2521433333333347,1.253144000000002,0.003674421163789099,0,4,3964928,my_ring_all_reduce,4,8
2206,1.246331,1.252982,1.2491126666666665,1.2480249999999997,0.0028220813044434164,0,4,3997696,my_ring_all_reduce,4,8
2207,1.2456220000000013,1.2526679999999988,1.2501476666666658,1.2521529999999967,0.003207028773732021,0,4,4030464,my_ring_all_reduce,4,8
2208,1.251607,1.2550340000000002,1.2530173333333339,1.252411000000001,0.0014632867874146045,0,4,4063232,my_ring_all_reduce,4,8
2209,1.2471619999999966,1.2516970000000005,1.2501659999999994,1.251639000000001,0.002124280741021564,0,4,4096000,my_ring_all_reduce,4,8
2210,1.248666000000003,1.2572739999999976,1.252515666666667,1.2516070000000004,0.003572456888782105,0,4,4128768,my_ring_all_reduce,4,8
2211,1.270714,1.2749670000000042,1.273401000000001,1.274521999999999,0.0019086614856151148,0,4,4161536,my_ring_all_reduce,4,8
2212,1.2691439999999985,1.2755769999999975,1.271864999999999,1.2708740000000007,0.0027181406635166574,0,4,4194304,my_ring_all_reduce,4,8
2213,1.2712580000000016,1.2756390000000002,1.2741570000000013,1.2755740000000024,0.002050074307596226,0,4,4227072,my_ring_all_reduce,4,8
2214,1.2688300000000017,1.2778819999999977,1.2737756666666666,1.2746150000000007,0.003742818575469238,0,4,4259840,my_ring_all_reduce,4,8
2215,1.2695279999999975,1.2757669999999963,1.273623333333331,1.2755749999999995,0.002896898609816417,0,4,4292608,my_ring_all_reduce,4,8
2216,1.270328000000005,1.2779799999999997,1.2748523333333341,1.276248999999998,0.0032763073048079406,0,4,4325376,my_ring_all_reduce,4,8
2217,1.269914000000001,1.275802999999998,1.272505333333333,1.271799,0.0024555054243236138,0,4,4358144,my_ring_all_reduce,4,8
2218,1.271643000000001,1.2724430000000029,1.271951666666667,1.2717689999999975,0.0003512125029426942,0,4,4390912,my_ring_all_reduce,4,8
2219,1.2742649999999958,1.2790040000000027,1.2770286666666666,1.2778170000000009,0.002013393873264916,0,4,4423680,my_ring_all_reduce,4,8
2220,1.2695290000000006,1.281305000000004,1.2755140000000011,1.2757079999999987,0.004809488607604692,0,4,4456448,my_ring_all_reduce,4,8
2221,1.2719660000000013,1.2782299999999995,1.275897333333334,1.2774960000000015,0.0027959763152704173,0,4,4489216,my_ring_all_reduce,4,8
2222,1.272632999999999,1.2789729999999973,1.2767189999999984,1.2785509999999987,0.002894370167525844,0,4,4521984,my_ring_all_reduce,4,8
2223,1.2715140000000011,1.2766349999999997,1.2732526666666673,1.2716090000000004,0.0023919852749448886,0,4,4554752,my_ring_all_reduce,4,8
2224,1.271704999999999,1.276568000000003,1.2740616666666675,1.2739120000000004,0.0019881301656486674,0,4,4587520,my_ring_all_reduce,4,8
2225,1.2736589999999997,1.2794810000000016,1.2763560000000005,1.275928,0.0023960118252359967,0,4,4620288,my_ring_all_reduce,4,8
2226,1.2781730000000007,1.2802830000000032,1.2795263333333347,1.2801229999999997,0.0009591778887271579,0,4,4653056,my_ring_all_reduce,4,8
2227,1.2787430000000004,1.2818820000000002,1.2798843333333343,1.279028000000002,0.0014173473658755373,0,4,4685824,my_ring_all_reduce,4,8
2228,1.274616,1.2795189999999965,1.276346666666665,1.2749049999999988,0.0022462790466790494,0,4,4718592,my_ring_all_reduce,4,8
2229,1.4751940000000014,1.4796750000000003,1.4771030000000007,1.4764400000000006,0.0018884768112595522,0,4,4751360,my_ring_all_reduce,4,8
2230,1.486488000000005,1.4893360000000002,1.4883013333333344,1.4890799999999982,0.0012864725242106095,0,4,4784128,my_ring_all_reduce,4,8
2231,1.4947769999999947,1.4978480000000014,1.4964716666666649,1.4967899999999992,0.0012737771477889404,0,4,4816896,my_ring_all_reduce,4,8
2232,1.501270999999999,1.5037669999999999,1.5026899999999994,1.5030319999999993,0.0010472907905642803,0,4,4849664,my_ring_all_reduce,4,8
2233,1.4985509999999995,1.504311999999998,1.5022316666666653,1.5038319999999985,0.0026099911025810967,0,4,4882432,my_ring_all_reduce,4,8
2234,1.5095660000000002,1.5100090000000028,1.509798333333335,1.509820000000001,0.00018150176001700797,0,4,4915200,my_ring_all_reduce,4,8
2235,1.5204099999999998,1.5249830000000002,1.522893999999999,1.523288999999997,0.0018876971861679667,0,4,4947968,my_ring_all_reduce,4,8
2236,1.524090000000002,1.5273539999999977,1.5255189999999998,1.5251130000000004,0.0013630972085640772,0,4,4980736,my_ring_all_reduce,4,8
2237,1.5266819999999999,1.5319010000000008,1.529648,1.530360999999999,0.0021894850231658812,0,4,5013504,my_ring_all_reduce,4,8
2238,1.5317350000000005,1.5364089999999997,1.5345846666666667,1.5356100000000006,0.002041249671701449,0,4,5046272,my_ring_all_reduce,4,8
2239,1.570711999999996,1.572442000000001,1.5717806666666654,1.5721879999999997,0.000762743003174843,0,4,5079040,my_ring_all_reduce,4,8
2240,1.587636999999998,1.5925710000000017,1.590871333333333,1.592405999999999,0.0022880108294238873,0,4,5111808,my_ring_all_reduce,4,8
2241,1.590746000000001,1.593911,1.592247666666667,1.5920859999999994,0.0012971528651452753,0,4,5144576,my_ring_all_reduce,4,8
2242,1.5965969999999998,1.6009230000000025,1.5987220000000004,1.598645999999999,0.0017668995444008787,0,4,5177344,my_ring_all_reduce,4,8
2243,1.6319910000000017,1.6360870000000032,1.6341886666666694,1.634488000000003,0.0016855274809064852,0,4,5210112,my_ring_all_reduce,4,8
2244,1.648637999999999,1.650808000000001,1.649872,1.6501700000000001,0.0009106144445747361,0,4,5242880,my_ring_all_reduce,4,8
2245,1.6525069999999997,1.6572389999999997,1.6553950000000002,1.6564390000000004,0.0020680760785491215,0,4,5275648,my_ring_all_reduce,4,8
2246,1.6593820000000015,1.6676700000000007,1.663467000000001,1.663349000000001,0.003384590472518708,0,4,5308416,my_ring_all_reduce,4,8
2247,1.6690160000000034,1.6780060000000012,1.672493333333337,1.670458000000006,0.003942246511260306,0,4,5341184,my_ring_all_reduce,4,8
2248,1.688152,1.6900739999999987,1.6888896666666657,1.6884429999999992,0.0008458346305403948,0,4,5373952,my_ring_all_reduce,4,8
2249,1.687578000000005,1.6927270000000045,1.689944000000003,1.6895269999999991,0.002122650387291224,0,4,5406720,my_ring_all_reduce,4,8
2250,1.6841820000000007,1.6963749999999973,1.6916183333333323,1.694297999999999,0.005326210180688972,0,4,5439488,my_ring_all_reduce,4,8
2251,1.698262999999999,1.7023579999999965,1.7008556666666648,1.7019459999999986,0.001840991822058467,0,4,5472256,my_ring_all_reduce,4,8
2252,1.6952210000000014,1.6991619999999994,1.6978363333333342,1.6991260000000021,0.0018493783339871388,0,4,5505024,my_ring_all_reduce,4,8
2253,1.694617000000002,1.6992879999999977,1.6963863333333322,1.6952539999999972,0.002068202816187079,0,4,5537792,my_ring_all_reduce,4,8
2254,1.7012400000000016,1.7041189999999953,1.7025093333333319,1.702168999999999,0.0011997306179094293,0,4,5570560,my_ring_all_reduce,4,8
2255,1.701719000000001,1.705081,1.703064333333334,1.702393000000001,0.0014523033047155077,0,4,5603328,my_ring_all_reduce,4,8
2256,1.6950959999999977,1.708248000000001,1.7012823333333331,1.7005030000000005,0.005397486843174003,0,4,5636096,my_ring_all_reduce,4,8
2257,1.7011430000000018,1.7061370000000025,1.7039923333333344,1.7046969999999984,0.0020987973275715427,0,4,5668864,my_ring_all_reduce,4,8
2258,1.7085680000000047,1.7105200000000005,1.7098586666666664,1.710487999999994,0.0009127326491818423,0,4,5701632,my_ring_all_reduce,4,8
2259,1.7110630000000002,1.715575999999999,1.7138036666666665,1.7147720000000009,0.001965543916804702,0,4,5734400,my_ring_all_reduce,4,8
2260,1.7101020000000062,1.7172719999999937,1.7145193333333335,1.716184000000001,0.0031549496914414967,0,4,5767168,my_ring_all_reduce,4,8
2261,1.7113529999999992,1.718456000000002,1.7142750000000004,1.7130159999999997,0.003033365897262309,0,4,5799936,my_ring_all_reduce,4,8
2262,1.7139759999999988,1.7173669999999994,1.715832,1.716153000000002,0.0014028544709512652,0,4,5832704,my_ring_all_reduce,4,8
2263,1.7125010000000012,1.714998999999998,1.7137936666666664,1.7138809999999995,0.0010216722675200406,0,4,5865472,my_ring_all_reduce,4,8
2264,1.734071,1.739609999999997,1.737047333333332,1.7374609999999993,0.0022801272381639233,0,4,5898240,my_ring_all_reduce,4,8
2265,1.7459420000000028,1.746709999999999,1.7462723333333336,1.746164999999999,0.00032258986689202537,0,4,5931008,my_ring_all_reduce,4,8
2266,1.7496559999999999,1.7654629999999998,1.7572063333333319,1.7564999999999964,0.006472479809848,0,4,5963776,my_ring_all_reduce,4,8
2267,1.7653670000000057,1.7726659999999974,1.769623666666667,1.770837999999998,0.0031010540501898963,0,4,5996544,my_ring_all_reduce,4,8
2268,1.763737000000001,1.7696589999999996,1.7676299999999994,1.769493999999997,0.002753590746642141,0,4,6029312,my_ring_all_reduce,4,8
2269,1.7683729999999995,1.7756719999999988,1.7727379999999997,1.7741690000000008,0.003146921352687381,0,4,6062080,my_ring_all_reduce,4,8
2270,1.773623999999998,1.7784530000000032,1.7762140000000006,1.7765650000000006,0.0019869928703130364,0,4,6094848,my_ring_all_reduce,4,8
2271,1.7735920000000005,1.775860999999999,1.775072999999999,1.7757659999999977,0.0010479430646101974,0,4,6127616,my_ring_all_reduce,4,8
2272,1.7740739999999988,1.7785190000000002,1.7758419999999988,1.7749329999999972,0.0019251349736239477,0,4,6160384,my_ring_all_reduce,4,8
2273,1.7784210000000003,1.7927000000000008,1.7832670000000006,1.7786800000000011,0.006670976290369174,0,4,6193152,my_ring_all_reduce,4,8
2274,1.7748390000000018,1.7913539999999977,1.783202333333333,1.7834139999999998,0.006743881589178891,0,4,6225920,my_ring_all_reduce,4,8
2275,1.7871299999999957,1.792949999999999,1.7895709999999994,1.7886330000000035,0.002466844543136531,0,4,6258688,my_ring_all_reduce,4,8
2276,1.7846619999999984,1.7889809999999988,1.7869439999999983,1.7871889999999977,0.001771714612082629,0,4,6291456,my_ring_all_reduce,4,8
2277,1.7872870000000038,1.7997049999999981,1.7923006666666685,1.7899100000000034,0.005344040065549151,0,4,6324224,my_ring_all_reduce,4,8
2278,1.7931769999999978,1.7955430000000014,1.7941249999999986,1.7936549999999971,0.00102149041438005,0,4,6356992,my_ring_all_reduce,4,8
2279,1.7936550000000007,1.7980349999999963,1.795317666666666,1.7942630000000008,0.001937410872499899,0,4,6389760,my_ring_all_reduce,4,8
2280,1.7915070000000015,1.7938760000000002,1.7925436666666676,1.7922480000000014,0.000989479436650633,0,4,6422528,my_ring_all_reduce,4,8
2281,1.789977,1.7946490000000004,1.7925800000000003,1.7931140000000005,0.0019443530200731324,0,4,6455296,my_ring_all_reduce,4,8
2282,1.7913479999999964,1.8011100000000007,1.7958079999999998,1.7949660000000023,0.0040295478654573365,0,4,6488064,my_ring_all_reduce,4,8
2283,1.792917000000005,1.7974630000000016,1.7951686666666695,1.795126000000002,0.0018561419366211697,0,4,6520832,my_ring_all_reduce,4,8
2284,1.7997659999999998,1.8068080000000009,1.8041939999999996,1.806007999999998,0.003148056331558655,0,4,6553600,my_ring_all_reduce,4,8
2285,1.8037370000000028,1.8099440000000013,1.8078103333333349,1.80975,0.0028813703144308107,0,4,6586368,my_ring_all_reduce,4,8
2286,1.8097180000000008,1.815060000000005,1.812661000000002,1.813205,0.00221452673649993,0,4,6619136,my_ring_all_reduce,4,8
2287,1.8198649999999998,1.8210500000000012,1.8202810000000003,1.819927999999999,0.0005443730338663491,0,4,6651904,my_ring_all_reduce,4,8
2288,1.8190960000000014,1.8221979999999967,1.8209616666666657,1.8215909999999995,0.0013422981122751928,0,4,6684672,my_ring_all_reduce,4,8
2289,1.8192240000000057,1.8237990000000028,1.8207910000000025,1.8193499999999987,0.002127599116375301,0,4,6717440,my_ring_all_reduce,4,8
2290,1.8243770000000004,1.835796000000004,1.8291416666666669,1.8272519999999968,0.004849503090239535,0,4,6750208,my_ring_all_reduce,4,8
2291,1.819895000000004,1.8341350000000003,1.8248326666666685,1.8204680000000018,0.0065819012619611405,0,4,6782976,my_ring_all_reduce,4,8
2292,1.8352860000000037,1.8377170000000005,1.8368433333333334,1.8375269999999964,0.0011039294462133692,0,4,6815744,my_ring_all_reduce,4,8
2293,1.8408859999999914,1.841911,1.8414626666666631,1.8415909999999986,0.00042818090673466084,0,4,6848512,my_ring_all_reduce,4,8
2294,1.8425830000000096,1.8478620000000046,1.844897333333339,1.8442470000000022,0.0022036576160742592,0,4,6881280,my_ring_all_reduce,4,8
2295,1.8427459999999956,1.8490480000000025,1.8455496666666666,1.8448550000000015,0.0026192520985137994,0,4,6914048,my_ring_all_reduce,4,8
2296,1.847640000000003,1.8520869999999996,1.849912000000001,1.850009,0.0018167753484295873,0,4,6946816,my_ring_all_reduce,4,8
2297,1.8442180000000035,1.8530470000000014,1.8482050000000025,1.8473500000000023,0.0036547757797153785,0,4,6979584,my_ring_all_reduce,4,8
2298,1.8466790000000037,1.8484709999999995,1.847670000000001,1.8478599999999996,0.0007438149411405369,0,4,7012352,my_ring_all_reduce,4,8
2299,1.8489179999999943,1.8524730000000036,1.8512236666666662,1.8522800000000006,0.001632255358566098,0,4,7045120,my_ring_all_reduce,4,8
2300,1.8527910000000065,1.8600560000000006,1.8563973333333357,1.8563450000000004,0.002966154674918578,0,4,7077888,my_ring_all_reduce,4,8
2301,1.8569829999999994,1.859444999999996,1.8579089999999985,1.857299,0.001093750733331391,0,4,7110656,my_ring_all_reduce,4,8
2302,1.8561510000000008,1.8631250000000001,1.8607900000000008,1.8630940000000018,0.003280292771486605,0,4,7143424,my_ring_all_reduce,4,8
2303,1.8633520000000017,1.8677680000000074,1.865122000000003,1.864246,0.0019062696556392741,0,4,7176192,my_ring_all_reduce,4,8
2304,1.8652380000000013,1.8726609999999964,1.8685556666666663,1.867768000000001,0.0030811844403641642,0,4,7208960,my_ring_all_reduce,4,8
2305,1.8665490000000027,1.8737520000000005,1.8707213333333346,1.8718630000000003,0.003049410252636191,0,4,7241728,my_ring_all_reduce,4,8
2306,1.8709009999999981,1.871705,1.871244999999999,1.871128999999999,0.00033832528726137576,0,4,7274496,my_ring_all_reduce,4,8
2307,1.8754130000000022,1.8800600000000014,1.8782850000000006,1.8793819999999979,0.002049586787622291,0,4,7307264,my_ring_all_reduce,4,8
2308,1.877046999999995,1.887668999999999,1.8810353333333298,1.8783899999999958,0.004722644903960578,0,4,7340032,my_ring_all_reduce,4,8
2309,1.8823899999999996,1.8842489999999998,1.8833719999999987,1.8834769999999972,0.0007625566645611734,0,4,7372800,my_ring_all_reduce,4,8
2310,1.8868080000000027,1.8909050000000025,1.8885676666666678,1.887989999999998,0.0017217484007708635,0,4,7405568,my_ring_all_reduce,4,8
2311,1.8930139999999993,1.906167000000003,1.897697000000002,1.8939100000000035,0.006000354378424423,0,4,7438336,my_ring_all_reduce,4,8
2312,1.8925360000000073,1.8995410000000001,1.8971640000000027,1.899415000000001,0.003272894437646757,0,4,7471104,my_ring_all_reduce,4,8
2313,1.8983889999999957,1.907863000000005,1.901932333333334,1.899545000000002,0.004220086044412943,0,4,7503872,my_ring_all_reduce,4,8
2314,1.9038620000000002,1.9070920000000007,1.9050459999999996,1.9041839999999983,0.0014527004738308655,0,4,7536640,my_ring_all_reduce,4,8
2315,1.9090779999999987,1.9133349999999973,1.9112446666666656,1.911321,0.0017387509565452545,0,4,7569408,my_ring_all_reduce,4,8
2316,1.9264229999999998,1.929076,1.9275103333333325,1.9270319999999983,0.0011346671562869326,0,4,7602176,my_ring_all_reduce,4,8
2317,1.9395440000000017,1.9495560000000023,1.9438946666666688,1.9425840000000025,0.0041911351949351005,0,4,7634944,my_ring_all_reduce,4,8
2318,1.942523000000001,1.947799000000001,1.9443443333333343,1.9427110000000012,0.0024440236405475083,0,4,7667712,my_ring_all_reduce,4,8
2319,1.9511600000000036,1.961652000000002,1.9561176666666713,1.9555410000000084,0.00430270646092446,0,4,7700480,my_ring_all_reduce,4,8
2320,1.9588389999999964,1.9652379999999976,1.961218666666665,1.9595790000000006,0.002858108970786,0,4,7733248,my_ring_all_reduce,4,8
2321,1.9714140000000007,1.975897000000001,1.974092333333334,1.9749660000000004,0.0019316301118198183,0,4,7766016,my_ring_all_reduce,4,8
2322,1.9744230000000098,1.9834130000000005,1.9794683333333376,1.9805690000000022,0.0037517662803261465,0,4,7798784,my_ring_all_reduce,4,8
2323,1.9785799999999982,1.9848250000000016,1.9811846666666646,1.980148999999994,0.002652603794180365,0,4,7831552,my_ring_all_reduce,4,8
2324,1.9713180000000003,1.9867439999999987,1.9781146666666674,1.976282000000003,0.006429586266280518,0,4,7864320,my_ring_all_reduce,4,8
2325,1.9757650000000022,1.9790600000000014,1.9770983333333338,1.9764699999999975,0.0014166529411102878,0,4,7897088,my_ring_all_reduce,4,8
2326,1.980342999999997,1.9817170000000006,1.9809179999999982,1.9806939999999968,0.000582867051738147,0,4,7929856,my_ring_all_reduce,4,8
2327,1.979414999999999,1.983800000000003,1.9811640000000006,1.980277,0.0018968628486722065,0,4,7962624,my_ring_all_reduce,4,8
2328,1.9865160000000068,1.988857,1.9877560000000012,1.9878949999999969,0.0009607500542080646,0,4,7995392,my_ring_all_reduce,4,8
2329,1.9907089999999998,1.9996689999999981,1.9949866666666642,1.994581999999995,0.0036690794788636345,0,4,8028160,my_ring_all_reduce,4,8
2330,1.9934909999999981,2.000438000000002,1.9979303333333338,1.9998620000000011,0.003147878050724463,0,4,8060928,my_ring_all_reduce,4,8
2331,2.000849999999995,2.002455999999999,2.0018773333333293,2.002325999999994,0.0007283704796028319,0,4,8093696,my_ring_all_reduce,4,8
2332,2.0034170000000002,2.0076669999999956,2.0052503333333314,2.0046669999999978,0.001783411213250927,0,4,8126464,my_ring_all_reduce,4,8
2333,2.007896000000004,2.0099419999999992,2.009015666666668,2.0092090000000002,0.0008463893246522948,0,4,8159232,my_ring_all_reduce,4,8
2334,2.0028050000000004,2.005879000000002,2.0047366666666657,2.0055259999999944,0.0013734759634665083,0,4,8192000,my_ring_all_reduce,4,8
2335,2.0065830000000004,2.010263000000003,2.0082689999999985,2.007960999999992,0.0015180575307515672,0,4,8224768,my_ring_all_reduce,4,8
2336,2.002165000000001,2.0118899999999993,2.0078706666666672,2.009557000000001,0.0041454148431993194,0,4,8257536,my_ring_all_reduce,4,8
2337,2.002714,2.0109009999999983,2.007607333333332,2.0092069999999986,0.0035285447740133085,0,4,8290304,my_ring_all_reduce,4,8
2338,2.000691000000006,2.009296999999999,2.005631000000001,2.006904999999999,0.003627038828940621,0,4,8323072,my_ring_all_reduce,4,8
2339,2.0081790000000073,2.0132100000000026,2.0108063333333366,2.01103,0.0020599774000897015,0,4,8355840,my_ring_all_reduce,4,8
2340,2.0064880000000005,2.010516999999996,2.008395666666667,2.0081820000000046,0.0016517567079371725,0,4,8388608,my_ring_all_reduce,4,8
2341,2.0055249999999942,2.012469000000001,2.008766999999999,2.0083070000000007,0.002853475541630209,0,4,8421376,my_ring_all_reduce,4,8
2342,2.008026,2.018836000000001,2.0121936666666675,2.009719000000001,0.004747420796835446,0,4,8454144,my_ring_all_reduce,4,8
2343,2.0100720000000036,2.0154450000000033,2.0128976666666687,2.0131759999999996,0.0022023297260448647,0,4,8486912,my_ring_all_reduce,4,8
2344,2.018198000000002,2.0212390000000013,2.0192433333333337,2.0182929999999977,0.0014116822903509996,0,4,8519680,my_ring_all_reduce,4,8
2345,2.014354999999996,2.0311899999999987,2.0210986666666666,2.017751000000004,0.007269087991090902,0,4,8552448,my_ring_all_reduce,4,8
2346,2.023672000000002,2.0253990000000015,2.0246516666666667,2.0248839999999975,0.000723932010312099,0,4,8585216,my_ring_all_reduce,4,8
2347,2.0258480000000056,2.030805999999997,2.0284500000000034,2.028696000000007,0.00203155572570711,0,4,8617984,my_ring_all_reduce,4,8
2348,2.03372,2.0433199999999996,2.0372500000000002,2.03471,0.004311125143161332,0,4,8650752,my_ring_all_reduce,4,8
2349,2.0391570000000065,2.042581000000002,2.040501333333338,2.039766000000005,0.001491415509580281,0,4,8683520,my_ring_all_reduce,4,8
2350,2.0333040000000073,2.044150999999999,2.0380490000000013,2.036691999999999,0.004531036599569687,0,4,8716288,my_ring_all_reduce,4,8
2351,2.037683000000001,2.0428370000000067,2.0400843333333394,2.039733000000011,0.002118726871393272,0,4,8749056,my_ring_all_reduce,4,8
2352,2.04149400000001,2.0452729999999986,2.043777666666671,2.0445660000000063,0.0016403886395838306,0,4,8781824,my_ring_all_reduce,4,8
2353,2.0384849999999997,2.0433810000000014,2.0412906666666673,2.042006000000001,0.0020617921546295754,0,4,8814592,my_ring_all_reduce,4,8
2354,2.0422309999999997,2.0448869999999952,2.0432869999999994,2.0427430000000024,0.0011505175646903136,0,4,8847360,my_ring_all_reduce,4,8
2355,2.044119999999999,2.0514449999999993,2.0467536666666653,2.0446959999999965,0.003325597724052997,0,4,8880128,my_ring_all_reduce,4,8
2356,2.0430639999999993,2.046549,2.0447476666666664,2.04463,0.0014251760904849062,0,4,8912896,my_ring_all_reduce,4,8
2357,2.0433189999999994,2.048564000000002,2.046645999999999,2.0480549999999966,0.0023617037635290674,0,4,8945664,my_ring_all_reduce,4,8
2358,2.04721899999999,2.0516690000000017,2.0491299999999986,2.048502000000004,0.0018701894734707441,0,4,8978432,my_ring_all_reduce,4,8
2359,2.075030999999999,2.078424,2.0768546666666654,2.077108999999997,0.0013968121642593029,0,4,9011200,my_ring_all_reduce,4,8
2360,2.096245000000003,2.102487000000001,2.0988493333333307,2.097815999999988,0.0026509714362024277,0,4,9043968,my_ring_all_reduce,4,8
2361,2.1113149999999914,2.1167270000000027,2.1137703333333335,2.1132690000000074,0.002237697824902298,0,4,9076736,my_ring_all_reduce,4,8
2362,2.1189030000000004,2.1251419999999963,2.1229659999999972,2.1248529999999954,0.0028753964364334928,0,4,9109504,my_ring_all_reduce,4,8
2363,2.126739999999998,2.141306000000004,2.1333250000000006,2.131928999999999,0.006027918435637468,0,4,9142272,my_ring_all_reduce,4,8
2364,2.1383549999999922,2.1400199999999967,2.1393173333333304,2.1395770000000014,0.0007040957952527254,0,4,9175040,my_ring_all_reduce,4,8
2365,2.1410479999999987,2.144822000000004,2.143329333333336,2.144118000000006,0.0016385492228079713,0,4,9207808,my_ring_all_reduce,4,8
2366,2.140214000000004,2.144052,2.142090666666668,2.1420060000000003,0.001568000283445087,0,4,9240576,my_ring_all_reduce,4,8
2367,2.156023000000001,2.165172999999999,2.1591260000000005,2.1561820000000007,0.0042763673836554135,0,4,9273344,my_ring_all_reduce,4,8
2368,2.153458999999999,2.1717990000000027,2.1611620000000014,2.158228000000003,0.00776939152486768,0,4,9306112,my_ring_all_reduce,4,8
2369,2.1563090000000122,2.162005000000001,2.1595206666666695,2.160247999999996,0.002381577115175834,0,4,9338880,my_ring_all_reduce,4,8
2370,2.156180999999997,2.160885000000002,2.1591143333333327,2.1602769999999984,0.0020889789105915063,0,4,9371648,my_ring_all_reduce,4,8
2371,2.1613669999999985,2.1639589999999918,2.162272999999997,2.1614930000000006,0.001193291246926481,0,4,9404416,my_ring_all_reduce,4,8
2372,2.1613329999999995,2.1698450000000014,2.1647680000000027,2.1631260000000077,0.003663846703488563,0,4,9437184,my_ring_all_reduce,4,8
2373,2.2538120000000053,2.2568840000000017,2.254923000000004,2.2540730000000058,0.0013907242717357809,0,4,9469952,my_ring_all_reduce,4,8
2374,2.265587000000003,2.2738449999999966,2.271039333333332,2.273685999999996,0.0038559282784906947,0,4,9502720,my_ring_all_reduce,4,8
2375,2.2723389999999997,2.2731410000000016,2.2726166666666683,2.2723700000000027,0.0003709755906917371,0,4,9535488,my_ring_all_reduce,4,8
2376,2.276182000000001,2.2782599999999986,2.2772256666666655,2.277234999999997,0.0008483656182452729,0,4,9568256,my_ring_all_reduce,4,8
2377,2.276340000000004,2.283125000000002,2.280713333333335,2.2826749999999993,0.0030978657527745194,0,4,9601024,my_ring_all_reduce,4,8
2378,2.288627999999998,2.290642,2.289800666666665,2.2901319999999976,0.0008549406737059119,0,4,9633792,my_ring_all_reduce,4,8
2379,2.2910590000000086,2.304306,2.2977056666666695,2.2977520000000005,0.005408164342502661,0,4,9666560,my_ring_all_reduce,4,8
2380,2.3060690000000013,2.314868000000006,2.309140666666668,2.306484999999997,0.004053395640971647,0,4,9699328,my_ring_all_reduce,4,8
2381,2.2986429999999927,2.3148380000000017,2.307092666666666,2.3077970000000025,0.006630312729346959,0,4,9732096,my_ring_all_reduce,4,8
2382,2.3075099999999984,2.328091000000001,2.3191703333333344,2.3219100000000035,0.008622595136553366,0,4,9764864,my_ring_all_reduce,4,8
2383,2.3291100000000005,2.3377200000000014,2.332834666666669,2.3316740000000062,0.0036095600224340355,0,4,9797632,my_ring_all_reduce,4,8
2384,2.3598290000000017,2.375028999999998,2.366366999999999,2.3642429999999988,0.006384540286242101,0,4,9830400,my_ring_all_reduce,4,8
2385,2.377459000000008,2.3806910000000006,2.3789626666666694,2.3787380000000007,0.0013289876681951414,0,4,9863168,my_ring_all_reduce,4,8
2386,2.3908359999999975,2.400565999999999,2.395145333333332,2.3940339999999996,0.004049240367718337,0,4,9895936,my_ring_all_reduce,4,8
2387,2.4246609999999964,2.436148000000001,2.4312313333333324,2.4328849999999984,0.004833132340650296,0,4,9928704,my_ring_all_reduce,4,8
2388,2.3162420000000004,2.3203380000000036,2.3189420000000003,2.3202459999999974,0.00190955771493481,0,4,9961472,my_ring_all_reduce,4,8
2389,2.3525340000000035,2.3627090000000064,2.3589440000000046,2.3615890000000035,0.004555558875338359,0,4,9994240,my_ring_all_reduce,4,8
2390,2.361972000000005,2.383571000000005,2.3738433333333373,2.375987000000001,0.008947091904946039,0,4,10027008,my_ring_all_reduce,4,8
2391,2.3965640000000024,2.4039230000000025,2.400745000000001,2.4017479999999978,0.0030868783584710913,0,4,10059776,my_ring_all_reduce,4,8
2392,2.4009150000000044,2.4043400000000075,2.402931333333339,2.4035390000000043,0.0014627828121626496,0,4,10092544,my_ring_all_reduce,4,8
2393,2.397781000000001,2.4062629999999956,2.4022083333333324,2.402581,0.003472774235229511,0,4,10125312,my_ring_all_reduce,4,8
2394,2.4019740000000005,2.409750000000004,2.4063680000000027,2.4073800000000047,0.0032541923729260966,0,4,10158080,my_ring_all_reduce,4,8
2395,2.4098099999999985,2.420753999999999,2.416189333333334,2.4180040000000047,0.00464847970368435,0,4,10190848,my_ring_all_reduce,4,8
2396,2.3446610000000074,2.358262,2.349311333333336,2.3450110000000013,0.006330689816720447,0,4,10223616,my_ring_all_reduce,4,8
2397,2.267607999999999,2.275835000000003,2.272856000000002,2.2751250000000036,0.0037221994394015002,0,4,10256384,my_ring_all_reduce,4,8
2398,2.2838299999999983,2.2976200000000007,2.288725333333336,2.28472600000001,0.006300107159581154,0,4,10289152,my_ring_all_reduce,4,8
2399,2.2931400000000033,2.3060720000000003,2.300107333333331,2.3011099999999898,0.005326860321884567,0,4,10321920,my_ring_all_reduce,4,8
2400,2.315921999999998,2.3533639999999987,2.332436000000001,2.3280220000000047,0.01560103389736265,0,4,10354688,my_ring_all_reduce,4,8
2401,2.3272529999999936,2.3417479999999995,2.333439333333331,2.3313170000000007,0.006104887677556254,0,4,10387456,my_ring_all_reduce,4,8
2402,2.339832000000003,2.3547710000000004,2.3474129999999995,2.347635999999995,0.006100859338376243,0,4,10420224,my_ring_all_reduce,4,8
2403,2.355923999999999,2.367861000000001,2.363563000000001,2.366904000000002,0.0054156995854655965,0,4,10452992,my_ring_all_reduce,4,8
2404,2.3655570000000044,2.4087580000000015,2.3821760000000007,2.3722129999999964,0.01899171094626994,0,4,10485760,my_ring_all_reduce,4,8
2405,2.422135000000002,2.5286890000000004,2.489332999999999,2.5171749999999955,0.04774809910352276,0,4,10518528,my_ring_all_reduce,4,8
2406,2.594679000000011,2.6006949999999924,2.596799666666668,2.5950250000000006,0.002758036177340661,0,4,10551296,my_ring_all_reduce,4,8
2407,2.308243999999999,2.3179720000000006,2.314516,2.3173319999999995,0.004442663465385589,0,4,10584064,my_ring_all_reduce,4,8
2408,2.316276,2.3237329999999994,2.319201,2.317594000000001,0.0032494665203174683,0,4,10616832,my_ring_all_reduce,4,8
2409,2.3243120000000053,2.330133000000009,2.3280536666666705,2.329715999999997,0.0026512291908127937,0,4,10649600,my_ring_all_reduce,4,8
2410,2.324725000000002,2.3315110000000003,2.3290030000000024,2.3307730000000046,0.003039969736691454,0,4,10682368,my_ring_all_reduce,4,8
2411,2.3264190000000053,2.3328190000000033,2.3300466666666675,2.330901999999993,0.0026818769961001894,0,4,10715136,my_ring_all_reduce,4,8
2412,2.3385470000000024,2.3419739999999982,2.3398286666666674,2.338965000000002,0.0015265478119654158,0,4,10747904,my_ring_all_reduce,4,8
2413,2.3461649999999965,2.356307999999997,2.3529163333333307,2.356275999999998,0.004773931456939923,0,4,10780672,my_ring_all_reduce,4,8
2414,2.3835699999999997,2.3865470000000024,2.3849150000000017,2.3846280000000024,0.0012321820752912546,0,4,10813440,my_ring_all_reduce,4,8
2415,2.3843440000000027,2.515736000000001,2.471211333333333,2.5135539999999965,0.06143093944331846,0,4,10846208,my_ring_all_reduce,4,8
2416,2.5839560000000055,2.5847559999999996,2.584328333333334,2.5842729999999974,0.0003289339683799516,0,4,10878976,my_ring_all_reduce,4,8
2417,2.352727,2.356563000000004,2.354677000000004,2.354741000000009,0.001566694184157299,0,4,10911744,my_ring_all_reduce,4,8
2418,2.340627000000006,2.3543540000000065,2.34685666666667,2.345588999999998,0.00567526013109228,0,4,10944512,my_ring_all_reduce,4,8
2419,2.3512560000000002,2.359222,2.3555850000000005,2.356277000000001,0.0032887117031850342,0,4,10977280,my_ring_all_reduce,4,8
2420,2.352342999999999,2.3604370000000054,2.356704666666665,2.357333999999992,0.003334191989408433,0,4,11010048,my_ring_all_reduce,4,8
2421,2.360504000000001,2.3686320000000016,2.3643319999999997,2.363859999999997,0.003334984657636305,0,4,11042816,my_ring_all_reduce,4,8
2422,2.368629000000002,2.3699410000000025,2.3691406666666666,2.3688519999999955,0.0005731970768334228,0,4,11075584,my_ring_all_reduce,4,8
2423,2.379988999999998,2.3890109999999987,2.3855763333333297,2.387728999999994,0.003985356640948418,0,4,11108352,my_ring_all_reduce,4,8
2424,2.332086000000001,2.442133000000002,2.404672333333334,2.439797999999999,0.05133513998768792,0,4,11141120,my_ring_all_reduce,4,8
2425,2.500822000000004,2.5110930000000007,2.505440000000002,2.5044050000000007,0.004256507096981851,0,4,11173888,my_ring_all_reduce,4,8
2426,2.3295889999999964,2.3345799999999945,2.3319353333333313,2.3316370000000024,0.0020484583362985844,0,4,11206656,my_ring_all_reduce,4,8
2427,2.3327570000000013,2.338773000000001,2.3358390000000013,2.335987000000001,0.0024582503262821423,0,4,11239424,my_ring_all_reduce,4,8
2428,2.334487000000001,2.3400540000000003,2.336427,2.3347399999999987,0.002566755279855764,0,4,11272192,my_ring_all_reduce,4,8
2429,2.3417479999999986,2.344242999999991,2.3427723333333277,2.3423259999999937,0.001066354016676959,0,4,11304960,my_ring_all_reduce,4,8
2430,2.3405319999999974,2.348405999999997,2.3445003333333307,2.344562999999998,0.003214852441749312,0,4,11337728,my_ring_all_reduce,4,8
2431,2.348054000000001,2.3513470000000014,2.3501333333333316,2.3509989999999927,0.001477158608799625,0,4,11370496,my_ring_all_reduce,4,8
2432,2.3448529999999974,2.3504530000000012,2.3483519999999998,2.3497500000000002,0.0024907566454141295,0,4,11403264,my_ring_all_reduce,4,8
2433,2.3443410000000005,2.356183000000001,2.350005000000001,2.349491,0.004848119085446354,0,4,11436032,my_ring_all_reduce,4,8
2434,2.3462579999999997,2.3549959999999954,2.3515603333333304,2.353426999999996,0.003803638112238637,0,4,11468800,my_ring_all_reduce,4,8
2435,2.348917999999994,2.3579420000000026,2.353281333333332,2.3529839999999993,0.0036900270399525775,0,4,11501568,my_ring_all_reduce,4,8
2436,2.347510000000002,2.352948999999997,2.3498343333333307,2.3490439999999944,0.002289708909202806,0,4,11534336,my_ring_all_reduce,4,8
2437,2.3525970000000016,2.3548690000000025,2.3533760000000012,2.3526620000000005,0.001056043875351843,0,4,11567104,my_ring_all_reduce,4,8
2438,2.3541630000000007,2.3581960000000035,2.3557523333333354,2.3548980000000013,0.0017537932856791236,0,4,11599872,my_ring_all_reduce,4,8
2439,2.3543589999999996,2.4198929999999983,2.376352666666666,2.3548060000000004,0.03078820577573235,0,4,11632640,my_ring_all_reduce,4,8
2440,2.5443089999999993,2.546578999999998,2.545075999999999,2.54434,0.0010628568420371417,0,4,11665408,my_ring_all_reduce,4,8
2441,2.544850999999995,2.553524999999996,2.548680666666664,2.5476660000000013,0.0036130993466673145,0,4,11698176,my_ring_all_reduce,4,8
2442,2.377975999999999,2.3817490000000037,2.3804580000000026,2.381649000000005,0.001755513789941656,0,4,11730944,my_ring_all_reduce,4,8
2443,2.375989999999998,2.378261000000001,2.3773763333333346,2.3778780000000044,0.0009926773001464877,0,4,11763712,my_ring_all_reduce,4,8
2444,2.374134000000002,2.3788709999999993,2.376683333333333,2.3770449999999985,0.0019507083044074424,0,4,11796480,my_ring_all_reduce,4,8
2445,2.3787109999999974,2.3816849999999943,2.3800113333333326,2.379638000000006,0.0012424981108838504,0,4,11829248,my_ring_all_reduce,4,8
2446,2.3871879999999983,2.389780000000001,2.3882013333333334,2.3876360000000005,0.001131169699422142,0,4,11862016,my_ring_all_reduce,4,8
2447,2.3864530000000013,2.3892700000000078,2.3877873333333364,2.387639,0.0011548085940516035,0,4,11894784,my_ring_all_reduce,4,8
2448,2.3583240000000005,2.363667999999998,2.3609799999999974,2.360947999999993,0.0021817962019084368,0,4,11927552,my_ring_all_reduce,4,8
2449,2.352792999999998,2.360278,2.3561823333333325,2.355475999999999,0.00309628662899518,0,4,11960320,my_ring_all_reduce,4,8
2450,2.354520000000004,2.3615569999999972,2.356875,2.354547999999999,0.003310693683603703,0,4,11993088,my_ring_all_reduce,4,8
2451,2.3591899999999986,2.3648240000000005,2.362230666666669,2.3626780000000074,0.0023217190948866956,0,4,12025856,my_ring_all_reduce,4,8
2452,2.3566939999999996,2.3639270000000017,2.359969,2.359286,0.002992093915639217,0,4,12058624,my_ring_all_reduce,4,8
2453,2.3591610000000074,2.364692000000001,2.3610353333333354,2.359252999999997,0.0025859265693787808,0,4,12091392,my_ring_all_reduce,4,8
2454,2.3549939999999987,2.362422999999999,2.3589013333333324,2.359287,0.0030451124044206033,0,4,12124160,my_ring_all_reduce,4,8
2455,2.3606290000000008,2.365043999999998,2.3621323333333333,2.360724000000001,0.002059224503435623,0,4,12156928,my_ring_all_reduce,4,8
2456,2.361237000000002,2.389971000000003,2.3732366666666693,2.368502000000004,0.012199002427339335,0,4,12189696,my_ring_all_reduce,4,8
2457,2.4013320000000005,2.510932000000001,2.4725110000000003,2.505269,0.050384223211901065,0,4,12222464,my_ring_all_reduce,4,8
2458,2.5632220000000014,2.5867100000000027,2.5727256666666682,2.568245000000001,0.010098805748976898,0,4,12255232,my_ring_all_reduce,4,8
2459,2.3819420000000027,2.3851720000000025,2.3830596666666684,2.3820650000000003,0.001494489061705335,0,4,12288000,my_ring_all_reduce,4,8
2460,2.368534,2.3806289999999994,2.373119999999998,2.370196999999993,0.00535289348545978,0,4,12320768,my_ring_all_reduce,4,8
2461,2.3734939999999987,2.3786769999999997,2.375316666666667,2.3737790000000025,0.0023789614447388466,0,4,12353536,my_ring_all_reduce,4,8
2462,2.3749659999999966,2.3805940000000048,2.3772896666666665,2.376308999999998,0.0023999828240162035,0,4,12386304,my_ring_all_reduce,4,8
2463,2.3788040000000037,2.3843739999999998,2.3809276666666666,2.379604999999996,0.00245876802936345,0,4,12419072,my_ring_all_reduce,4,8
2464,2.3828050000000003,2.386515999999996,2.3842993333333338,2.3835770000000047,0.0015987921135074293,0,4,12451840,my_ring_all_reduce,4,8
2465,2.381557000000001,2.3855890000000004,2.3836256666666666,2.3837309999999996,0.0016477413497132782,0,4,12484608,my_ring_all_reduce,4,8
2466,2.3815260000000036,2.384692000000003,2.382751333333338,2.3820360000000074,0.001387963816370186,0,4,12517376,my_ring_all_reduce,4,8
2467,2.3795099999999993,2.389747999999996,2.385855333333332,2.3883079999999994,0.0045251770744963084,0,4,12550144,my_ring_all_reduce,4,8
2468,2.386326999999994,2.3886940000000014,2.3876586666666655,2.3879550000000016,0.0009887811801551274,0,4,12582912,my_ring_all_reduce,4,8
2469,2.3865170000000018,2.387989999999999,2.387083333333333,2.3867429999999987,0.0006477151294264098,0,4,12615680,my_ring_all_reduce,4,8
2470,2.3710300000000024,2.3780029999999996,2.3733646666666672,2.3710609999999988,0.0032798213704742034,0,4,12648448,my_ring_all_reduce,4,8
2471,2.371154999999999,2.377684999999998,2.3739406666666656,2.372982,0.002750697648879646,0,4,12681216,my_ring_all_reduce,4,8
2472,2.3713160000000024,2.373555999999999,2.3722336666666664,2.3718289999999977,0.0009581984252858953,0,4,12713984,my_ring_all_reduce,4,8
2473,2.3713169999999955,2.3761829999999984,2.3734826666666646,2.3729479999999996,0.0020221919350610624,0,4,12746752,my_ring_all_reduce,4,8
2474,2.3657490000000037,2.3728240000000005,2.3700593333333324,2.371604999999992,0.003088227143341506,0,4,12779520,my_ring_all_reduce,4,8
2475,2.370134000000002,2.3748060000000004,2.3725120000000017,2.3725960000000024,0.0019082606390806072,0,4,12812288,my_ring_all_reduce,4,8
2476,2.372437000000002,2.3770769999999977,2.375371000000001,2.376599000000002,0.002083808692433603,0,4,12845056,my_ring_all_reduce,4,8
2477,2.3705820000000024,2.380821,2.3750290000000014,2.3736840000000012,0.004286883016830765,0,4,12877824,my_ring_all_reduce,4,8
2478,2.375060999999998,2.380724000000013,2.378528333333338,2.379800000000003,0.0024806241598132072,0,4,12910592,my_ring_all_reduce,4,8
2479,2.378967000000008,2.3842739999999902,2.3818123333333308,2.3821959999999947,0.0021834929712557624,0,4,12943360,my_ring_all_reduce,4,8
2480,2.37371699999999,2.3753799999999994,2.3747613333333297,2.375186999999999,0.0007426467681399783,0,4,12976128,my_ring_all_reduce,4,8
2481,2.372503999999997,2.3758620000000046,2.373707333333334,2.3727560000000003,0.001527048860459601,0,4,13008896,my_ring_all_reduce,4,8
2482,2.369042999999998,2.3760210000000015,2.3722773333333342,2.371768000000004,0.002871432433861086,0,4,13041664,my_ring_all_reduce,4,8
2483,2.3775579999999974,2.385940999999999,2.382495999999998,2.383988999999998,0.0035814763250188912,0,4,13074432,my_ring_all_reduce,4,8
2484,2.3775879999999963,2.379761999999995,2.3787509999999963,2.3789029999999984,0.0008940160326672393,0,4,13107200,my_ring_all_reduce,4,8
2485,2.379957000000006,2.385941999999999,2.382602333333335,2.3819079999999997,0.002492205226075235,0,4,13139968,my_ring_all_reduce,4,8
2486,2.3855600000000012,2.3941669999999977,2.3894516666666665,2.3886280000000006,0.003561734814507973,0,4,13172736,my_ring_all_reduce,4,8
2487,2.387764000000003,2.3972679999999964,2.391369999999999,2.389077999999998,0.004204874314409678,0,4,13205504,my_ring_all_reduce,4,8
2488,2.388630000000001,2.3933660000000008,2.3910296666666686,2.3910930000000046,0.0019339824772272745,0,4,13238272,my_ring_all_reduce,4,8
2489,2.392468000000001,2.3983559999999997,2.3961916666666654,2.3977509999999964,0.002644588982976833,0,4,13271040,my_ring_all_reduce,4,8
2490,2.400374,2.4126909999999917,2.4069426666666622,2.407762999999995,0.005061740960926594,0,4,13303808,my_ring_all_reduce,4,8
2491,2.411123000000007,2.4150639999999983,2.4126933333333356,2.411893000000002,0.0017055341945789058,0,4,13336576,my_ring_all_reduce,4,8
2492,2.421558000000001,2.433334,2.4259206666666664,2.4228699999999983,0.005269311740846449,0,4,13369344,my_ring_all_reduce,4,8
2493,2.4262279999999956,2.4279259999999994,2.427210666666666,2.427478000000003,0.0007185176097762991,0,4,13402112,my_ring_all_reduce,4,8
2494,2.4267430000000023,2.445014,2.4359263333333327,2.4360219999999955,0.007459411251714701,0,4,13434880,my_ring_all_reduce,4,8
2495,2.447416000000001,2.4490099999999986,2.4480099999999996,2.447604,0.0007112599149855989,0,4,13467648,my_ring_all_reduce,4,8
2496,2.4512180000000043,2.458868999999995,2.455892,2.457589,0.003346073021714174,0,4,13500416,my_ring_all_reduce,4,8
2497,2.4595740000000004,2.461970000000005,2.461076333333336,2.4616850000000015,0.0010686628197075756,0,4,13533184,my_ring_all_reduce,4,8
2498,2.4682770000000054,2.4707730000000048,2.4692903333333356,2.468820999999996,0.0010716682737168114,0,4,13565952,my_ring_all_reduce,4,8
2499,2.474966000000004,2.4822599999999984,2.4796690000000003,2.481780999999999,0.003331267726654383,0,4,13598720,my_ring_all_reduce,4,8
2500,2.473237000000001,2.482454000000009,2.478208333333337,2.478934000000001,0.0037976498288079387,0,4,13631488,my_ring_all_reduce,4,8
2501,2.483829999999998,2.4949660000000002,2.488800999999999,2.487607,0.004623984645304044,0,4,13664256,my_ring_all_reduce,4,8
2502,2.4893970000000007,2.4962120000000105,2.491721666666671,2.4895560000000025,0.0031758085934528424,0,4,13697024,my_ring_all_reduce,4,8
2503,2.4915079999999943,2.4959269999999925,2.493332666666663,2.492563000000002,0.0018843531751988117,0,4,13729792,my_ring_all_reduce,4,8
2504,2.502996000000001,2.5071250000000003,2.5053020000000017,2.5057850000000026,0.001719908330890477,0,4,13762560,my_ring_all_reduce,4,8
2505,2.500917000000003,2.5100979999999984,2.506634333333333,2.508887999999997,0.0040728327843000895,0,4,13795328,my_ring_all_reduce,4,8
2506,2.515255999999996,2.5185159999999995,2.5164153333333314,2.5154739999999984,0.0014880594372848,0,4,13828096,my_ring_all_reduce,4,8
2507,2.5231270000000006,2.537172999999999,2.5310513333333344,2.532854000000003,0.005874222463913952,0,4,13860864,my_ring_all_reduce,4,8
2508,2.525110000000004,2.5301640000000005,2.5269653333333357,2.525622000000003,0.0022714367455164176,0,4,13893632,my_ring_all_reduce,4,8
2509,2.532917000000005,2.5439240000000027,2.538036666666668,2.5372689999999967,0.004526256461530907,0,4,13926400,my_ring_all_reduce,4,8
2510,2.5328549999999996,2.5387410000000017,2.536533333333334,2.538004000000001,0.0026183193506954814,0,4,13959168,my_ring_all_reduce,4,8
2511,2.5391249999999963,2.5425159999999996,2.5407559999999965,2.540626999999993,0.0013873718559458958,0,4,13991936,my_ring_all_reduce,4,8
2512,2.5481189999999914,2.550035,2.5487889999999958,2.548212999999996,0.0008818903937972645,0,4,14024704,my_ring_all_reduce,4,8
2513,2.5533939999999986,2.5652070000000022,2.559381333333332,2.5595429999999944,0.004823991731153345,0,4,14057472,my_ring_all_reduce,4,8
2514,2.546229000000003,2.5508669999999984,2.5480730000000014,2.547123000000003,0.002009085364037942,0,4,14090240,my_ring_all_reduce,4,8
2515,2.5541969999999967,2.5596670000000015,2.5570230000000023,2.557205000000009,0.0022368233427511736,0,4,14123008,my_ring_all_reduce,4,8
2516,2.5574609999999995,2.563190999999992,2.5594233333333314,2.5576180000000024,0.0026649135487289838,0,4,14155776,my_ring_all_reduce,4,8
2517,2.563636999999999,2.5686619999999896,2.566848333333329,2.5682459999999994,0.002277097616604165,0,4,14188544,my_ring_all_reduce,4,8
2518,2.571060999999998,2.575701999999994,2.573663333333329,2.574226999999995,0.0019361491563278117,0,4,14221312,my_ring_all_reduce,4,8
2519,2.5700660000000024,2.5768510000000013,2.5723490000000027,2.5701300000000047,0.003183501950158045,0,4,14254080,my_ring_all_reduce,4,8
2520,2.5764050000000007,2.5857809999999954,2.580350333333333,2.5788650000000017,0.003969215315676652,0,4,14286848,my_ring_all_reduce,4,8
2521,2.5822609999999995,2.584021000000001,2.583273333333335,2.5835380000000043,0.0007424896557463962,0,4,14319616,my_ring_all_reduce,4,8
2522,2.586098000000002,2.594452999999999,2.590845666666666,2.591985999999998,0.003504927610599806,0,4,14352384,my_ring_all_reduce,4,8
2523,2.591988000000001,2.5962439999999987,2.593513999999999,2.5923099999999977,0.0019348722610717784,0,4,14385152,my_ring_all_reduce,4,8
2524,2.597971999999998,2.603026999999998,2.600223666666667,2.599672000000005,0.0021002394043425506,0,4,14417920,my_ring_all_reduce,4,8
2525,2.5987709999999997,2.6050739999999997,2.602676333333331,2.604183999999994,0.0027852882954701283,0,4,14450688,my_ring_all_reduce,4,8
2526,2.614933000000001,2.616534999999999,2.615562666666667,2.615220000000001,0.0006974555342248107,0,4,14483456,my_ring_all_reduce,4,8
2527,2.6305789999999987,2.632211000000003,2.631400999999997,2.6314129999999896,0.0006663152407098665,0,4,14516224,my_ring_all_reduce,4,8
2528,2.6431889999999987,2.6558599999999997,2.6512520000000017,2.654707000000006,0.0057208000023324,0,4,14548992,my_ring_all_reduce,4,8
2529,2.6708049999999983,2.679252999999997,2.674142999999999,2.6723710000000027,0.0036694381041230692,0,4,14581760,my_ring_all_reduce,4,8
2530,2.688405000000006,2.6978760000000004,2.6929170000000027,2.692470000000001,0.0038794172242725407,0,4,14614528,my_ring_all_reduce,4,8
2531,2.695028000000002,2.705621999999996,2.7003743333333325,2.7004729999999992,0.004325545078045198,0,4,14647296,my_ring_all_reduce,4,8
2532,2.715001000000004,2.726579999999999,2.721099666666668,2.721718000000001,0.004747284299702551,0,4,14680064,my_ring_all_reduce,4,8
2533,2.749971000000003,2.7632530000000006,2.7565646666666694,2.7564700000000046,0.005422766964893903,0,4,14712832,my_ring_all_reduce,4,8
2534,2.766769999999993,2.770100999999995,2.7686816666666623,2.7691739999999974,0.0014037293977920019,0,4,14745600,my_ring_all_reduce,4,8
2535,2.787634999999995,2.7936519999999985,2.7915713333333314,2.793427,0.002784923258469875,0,4,14778368,my_ring_all_reduce,4,8
2536,2.801844999999994,2.8074129999999986,2.8052159999999975,2.8063899999999995,0.0024199673551540354,0,4,14811136,my_ring_all_reduce,4,8
2537,2.8130120000000023,2.8197630000000027,2.817330666666667,2.819216999999997,0.0030618828992766607,0,4,14843904,my_ring_all_reduce,4,8
2538,2.8377170000000023,2.839254999999999,2.838688333333334,2.839093000000001,0.0006900132043814199,0,4,14876672,my_ring_all_reduce,4,8
2539,2.8524989999999963,2.8583259999999955,2.8551356666666656,2.854582000000006,0.002410863238665806,0,4,14909440,my_ring_all_reduce,4,8
2540,2.872209999999992,2.8788349999999974,2.874962999999996,2.873844,0.002818010764116174,0,4,14942208,my_ring_all_reduce,4,8
2541,2.8831569999999958,2.892663999999999,2.886954666666665,2.8850429999999996,0.004109875450938843,0,4,14974976,my_ring_all_reduce,4,8
2542,2.9084389999999987,2.908948999999997,2.908639666666668,2.90853100000001,0.00022193292279666115,0,4,15007744,my_ring_all_reduce,4,8
2543,2.924019999999997,2.9288520000000027,2.9271669999999994,2.928628999999999,0.002227126549317556,0,4,15040512,my_ring_all_reduce,4,8
2544,2.9400499999999994,2.9503899999999956,2.944339666666664,2.9425789999999963,0.0044010498999909895,0,4,15073280,my_ring_all_reduce,4,8
2545,2.960275999999998,2.961619999999999,2.9611396666666656,2.9615229999999992,0.00061198710952339,0,4,15106048,my_ring_all_reduce,4,8
2546,2.9746140000000016,2.981009999999991,2.9768200000000022,2.974836000000014,0.0029641632883419303,0,4,15138816,my_ring_all_reduce,4,8
2547,2.995252000000015,3.006384999999991,3.0026106666666674,3.006194999999996,0.005203941220086633,0,4,15171584,my_ring_all_reduce,4,8
2548,3.0133959999999997,3.014930999999986,3.014343999999996,3.014705000000002,0.0006766569785806099,0,4,15204352,my_ring_all_reduce,4,8
2549,3.0237310000000015,3.0339090000000004,3.0277636666666705,3.025651000000009,0.004415536308182007,0,4,15237120,my_ring_all_reduce,4,8
2550,3.043568000000005,3.0485659999999988,3.0461629999999986,3.046354999999992,0.0020449366738333236,0,4,15269888,my_ring_all_reduce,4,8
2551,3.0557000000000007,3.0587070000000023,3.057118000000004,3.0569470000000076,0.0012335431353088183,0,4,15302656,my_ring_all_reduce,4,8
2552,3.0682439999999844,3.0752499999999965,3.0720509999999934,3.072659,0.0028923182167075972,0,4,15335424,my_ring_all_reduce,4,8
2553,3.0834770000000016,3.0882779999999985,3.085236333333334,3.0839540000000016,0.002159580874973038,0,4,15368192,my_ring_all_reduce,4,8
2554,3.0870910000000005,3.0936829999999973,3.090344333333333,3.090259000000002,0.0026918490959837262,0,4,15400960,my_ring_all_reduce,4,8
2555,3.087382,3.0949659999999986,3.090890333333332,3.0903229999999966,0.003122036123358162,0,4,15433728,my_ring_all_reduce,4,8
2556,3.08907499999999,3.092693000000007,3.0903450000000015,3.089267000000007,0.0016621359751879483,0,4,15466496,my_ring_all_reduce,4,8
2557,3.090033999999996,3.0929129999999967,3.0911219999999964,3.0904189999999945,0.001276144453683862,0,4,15499264,my_ring_all_reduce,4,8
2558,3.0836660000000014,3.094100000000006,3.090483666666671,3.093685000000005,0.00482379451838223,0,4,15532032,my_ring_all_reduce,4,8
2559,3.086804000000004,3.088058,3.0874350000000024,3.087443000000003,0.0005119746087438951,0,4,15564800,my_ring_all_reduce,4,8
2560,3.0916389999999994,3.0965959999999977,3.093365333333335,3.091861000000008,0.0022862234264268864,0,4,15597568,my_ring_all_reduce,4,8
2561,3.0902230000000017,3.0967569999999998,3.093501333333336,3.0935240000000066,0.0026675424811771434,0,4,15630336,my_ring_all_reduce,4,8
2562,3.0922770000000037,3.097297000000006,3.094803333333337,3.094836000000003,0.0020495365871889036,0,4,15663104,my_ring_all_reduce,4,8
2563,3.0903889999999956,3.0946439999999984,3.092724999999998,3.093142,0.0017619445696932135,0,4,15695872,my_ring_all_reduce,4,8
2564,3.085781999999999,3.0935580000000047,3.0901233333333358,3.0910300000000026,0.003238629065243046,0,4,15728640,my_ring_all_reduce,4,8
2565,3.086226999999999,3.0897469999999996,3.0880613333333327,3.0882099999999992,0.0014408738860691539,0,4,15761408,my_ring_all_reduce,4,8
2566,3.088056000000008,3.095828000000001,3.0930230000000027,3.0951849999999994,0.0035219955517634236,0,4,15794176,my_ring_all_reduce,4,8
2567,3.0886569999999955,3.099252000000004,3.092691,3.0901640000000006,0.004679943233276949,0,4,15826944,my_ring_all_reduce,4,8
2568,3.0869619999999998,3.0905169999999997,3.088713333333331,3.088660999999993,0.0014517943686655815,0,4,15859712,my_ring_all_reduce,4,8
2569,3.091570000000007,3.0977459999999994,3.095292666666671,3.0965620000000054,0.0026763344750251965,0,4,15892480,my_ring_all_reduce,4,8
2570,3.0874770000000065,3.094065999999999,3.0904520000000026,3.089813000000002,0.0027276327954199064,0,4,15925248,my_ring_all_reduce,4,8
2571,3.094866,3.0978089999999976,3.0960929999999998,3.095604000000001,0.0012502407768093236,0,4,15958016,my_ring_all_reduce,4,8
2572,3.077587999999995,3.098868000000002,3.0915736666666667,3.0982650000000014,0.009892423239814293,0,4,15990784,my_ring_all_reduce,4,8
2573,3.0964689999999973,3.0983200000000033,3.097640666666665,3.0981329999999945,0.0008320033386696118,0,4,16023552,my_ring_all_reduce,4,8
2574,3.0937440000000023,3.096914999999994,3.0952396666666657,3.0950600000000015,0.0013007742138996551,0,4,16056320,my_ring_all_reduce,4,8
2575,3.0945459999999985,3.106356000000007,3.1003283333333367,3.100083000000004,0.004824532193790633,0,4,16089088,my_ring_all_reduce,4,8
2576,3.0922760000000054,3.0980980000000056,3.0950696666666704,3.0948349999999993,0.0023826067423916744,0,4,16121856,my_ring_all_reduce,4,8
2577,3.0902260000000026,3.0979060000000045,3.093331333333332,3.09186199999999,0.0033030092676588495,0,4,16154624,my_ring_all_reduce,4,8
2578,3.090421999999995,3.101269999999997,3.095488999999999,3.094775000000005,0.0044573626731513214,0,4,16187392,my_ring_all_reduce,4,8
2579,3.0905159999999996,3.0951239999999927,3.09311733333333,3.0937119999999987,0.0019276302088866992,0,4,16220160,my_ring_all_reduce,4,8
2580,3.0892039999999907,3.0967569999999944,3.0937906666666612,3.095410999999999,0.0032894844918677584,0,4,16252928,my_ring_all_reduce,4,8
2581,3.091669000000013,3.098288999999997,3.0941836666666713,3.0925930000000044,0.0029273156455795744,0,4,16285696,my_ring_all_reduce,4,8
2582,3.0878269999999977,3.0936820000000007,3.091262333333333,3.092278000000001,0.0024958552753641134,0,4,16318464,my_ring_all_reduce,4,8
2583,3.097205000000002,3.1012049999999944,3.0988676666666652,3.0981929999999993,0.0017012507816931836,0,4,16351232,my_ring_all_reduce,4,8
2584,3.092690999999999,3.101463,3.097056,3.097014,0.0035812771464943318,0,4,16384000,my_ring_all_reduce,4,8
2585,3.100241000000002,3.103409000000003,3.102160999999999,3.1028329999999915,0.001377859209061851,0,4,16416768,my_ring_all_reduce,4,8
2586,3.0909939999999954,3.1012980000000008,3.0978540000000003,3.101270000000004,0.004850765987624915,0,4,16449536,my_ring_all_reduce,4,8
2587,3.0950290000000096,3.1016180000000024,3.097694000000004,3.0964350000000014,0.0028334361942092224,0,4,16482304,my_ring_all_reduce,4,8
2588,3.0896879999999984,3.1007250000000024,3.0952113333333315,3.0952209999999942,0.004505841566481977,0,4,16515072,my_ring_all_reduce,4,8
2589,3.092690999999999,3.100500000000004,3.0961146666666686,3.095153000000004,0.003259726198455927,0,4,16547840,my_ring_all_reduce,4,8
2590,3.090357,3.0970440000000017,3.0943040000000024,3.095511000000004,0.002860259778412852,0,4,16580608,my_ring_all_reduce,4,8
2591,3.097457000000002,3.104117999999995,3.1010639999999987,3.1016169999999983,0.002747312262312093,0,4,16613376,my_ring_all_reduce,4,8
2592,3.097077000000005,3.102485000000004,3.100127000000002,3.100818999999996,0.0022613806991882766,0,4,16646144,my_ring_all_reduce,4,8
2593,3.1023900000000033,3.104115999999998,3.103263666666668,3.1032850000000036,0.0007047980010040214,0,4,16678912,my_ring_all_reduce,4,8
2594,3.0925000000000074,3.0996049999999995,3.0950496666666703,3.0930440000000052,0.0032287541801033007,0,4,16711680,my_ring_all_reduce,4,8
2595,3.096117999999999,3.104149999999998,3.100990999999997,3.1027049999999945,0.0034958645091965365,0,4,16744448,my_ring_all_reduce,4,8
2596,3.0977789999999805,3.1020319999999955,3.0994633333333272,3.0985790000000053,0.0018454514051851546,0,4,16777216,my_ring_all_reduce,4,8
2597,3.0944830000000003,3.0994449999999962,3.0967653333333303,3.096367999999995,0.0020451187957874145,0,4,16777216,my_ring_all_reduce,4,8
2598,3.0911230000000005,3.099732000000001,3.096307333333332,3.0980669999999955,0.0037283633883448573,0,4,16908288,my_ring_all_reduce,4,8
2599,3.1002420000000055,3.103028000000006,3.101225000000005,3.1004050000000025,0.001276648999008252,0,4,17039360,my_ring_all_reduce,4,8
2600,3.10165,3.104151000000005,3.102815000000002,3.102644,0.0010281637353415293,0,4,17170432,my_ring_all_reduce,4,8
2601,3.0991879999999985,3.105940999999999,3.102152666666664,3.1013289999999945,0.002817749969194005,0,4,17301504,my_ring_all_reduce,4,8
2602,3.1018120000000016,3.110995000000006,3.107358333333334,3.109267999999993,0.003984720176987236,0,4,17432576,my_ring_all_reduce,4,8
2603,3.125078999999994,3.1300340000000006,3.127113666666666,3.126228000000003,0.002117594599751415,0,4,17563648,my_ring_all_reduce,4,8
2604,3.146706,3.148693999999996,3.147955666666666,3.1484670000000015,0.0008884939817207682,0,4,17694720,my_ring_all_reduce,4,8
2605,3.1750260000000017,3.181684999999994,3.178323333333329,3.178258999999991,0.0027189059482701926,0,4,17825792,my_ring_all_reduce,4,8
2606,3.1976520000000055,3.2056179999999985,3.2013953333333327,3.2009159999999937,0.0032697206132746358,0,4,17956864,my_ring_all_reduce,4,8
2607,3.231600999999995,3.233810000000005,3.232711333333333,3.232723000000001,0.0009018582051683717,0,4,18087936,my_ring_all_reduce,4,8
2608,3.262,3.264978000000001,3.263399333333334,3.2632200000000013,0.001222358739850875,0,4,18219008,my_ring_all_reduce,4,8
2609,3.286100999999995,3.2916020000000064,3.2895876666666664,3.2910599999999977,0.002475355103597587,0,4,18350080,my_ring_all_reduce,4,8
2610,3.3084659999999966,3.3132340000000022,3.3112083333333366,3.31192500000001,0.002011411499976169,0,4,18481152,my_ring_all_reduce,4,8
2611,3.321906000000003,3.3340970000000016,3.3291910000000002,3.331569999999996,0.005253560760727126,0,4,18612224,my_ring_all_reduce,4,8
2612,3.3456490000000088,3.3487880000000003,3.3477100000000015,3.348692999999996,0.0014578630479754248,0,4,18743296,my_ring_all_reduce,4,8
2613,3.366162000000004,3.374260999999999,3.3710809999999998,3.372819999999996,0.003527656540346023,0,4,18874368,my_ring_all_reduce,4,8
2614,3.365201999999998,3.372371000000003,3.3681363333333345,3.366836000000003,0.0030677668678642397,0,4,19005440,my_ring_all_reduce,4,8
2615,3.359189000000002,3.3674390000000094,3.3624706666666717,3.3607840000000033,0.0035729780607002444,0,4,19136512,my_ring_all_reduce,4,8
2616,3.375223000000002,3.376948000000004,3.3760416666666675,3.375953999999996,0.0007069513577495166,0,4,19267584,my_ring_all_reduce,4,8
2617,3.4519229999999954,3.453491000000009,3.4528293333333338,3.453073999999997,0.0006630999589517209,0,4,19398656,my_ring_all_reduce,4,8
2618,3.534835000000014,3.5386750000000067,3.5365303333333387,3.536080999999995,0.0015995468802812677,0,4,19529728,my_ring_all_reduce,4,8
2619,3.5999860000000026,3.609680000000004,3.603259666666668,3.6001129999999977,0.004540157290473381,0,4,19660800,my_ring_all_reduce,4,8
2620,3.677299999999996,3.691283000000003,3.6857686666666662,3.688723,0.006078768314573016,0,4,19791872,my_ring_all_reduce,4,8
2621,3.7427040000000016,3.7490779999999977,3.7452663333333303,3.744016999999993,0.0027480410396413216,0,4,19922944,my_ring_all_reduce,4,8
2622,3.803827000000005,3.805972999999998,3.804626666666668,3.8040800000000017,0.000957588058031159,0,4,20054016,my_ring_all_reduce,4,8
2623,3.826415,3.829618000000002,3.8275036666666655,3.8264779999999954,0.0014952806499879997,0,4,20185088,my_ring_all_reduce,4,8
2624,3.8239539999999907,3.830034999999989,3.827911666666662,3.8297460000000068,0.0028009789161837603,0,4,20316160,my_ring_all_reduce,4,8
2625,3.8298739999999962,3.8371680000000015,3.834076999999999,3.8351889999999984,0.0030798286748907125,0,4,20447232,my_ring_all_reduce,4,8
2626,3.827888000000003,3.8287529999999896,3.828431999999997,3.828654999999999,0.00038674108478835496,0,4,20578304,my_ring_all_reduce,4,8
2627,3.827408000000005,3.8332690000000005,3.8303110000000022,3.830256000000001,0.0023930592693574976,0,4,20709376,my_ring_all_reduce,4,8
2628,3.8322749999999868,3.8344490000000016,3.833040999999996,3.8323990000000006,0.0009968925050749644,0,4,20840448,my_ring_all_reduce,4,8
2629,3.8337429999999912,3.8356980000000185,3.8344276666666666,3.8338419999999895,0.000899170111220688,0,4,20971520,my_ring_all_reduce,4,8
2630,3.845200999999997,3.851125000000015,3.8476876666666713,3.846737000000001,0.0025101486454511277,0,4,21102592,my_ring_all_reduce,4,8
2631,3.8456490000000048,3.850002000000002,3.8480820000000033,3.848595000000003,0.0018137491557533767,0,4,21233664,my_ring_all_reduce,4,8
2632,3.8380000000000036,3.8387359999999973,3.838289000000001,3.8381310000000015,0.00032056928528009603,0,4,21364736,my_ring_all_reduce,4,8
2633,3.838706999999988,3.847983,3.8422353333333295,3.8400160000000003,0.004099197021643489,0,4,21495808,my_ring_all_reduce,4,8
2634,3.839376,3.841844000000001,3.840775333333331,3.8411059999999924,0.0010343311311604953,0,4,21626880,my_ring_all_reduce,4,8
2635,3.8525610000000126,3.861646999999994,3.856859000000002,3.856368999999999,0.0037254909296106616,0,4,21757952,my_ring_all_reduce,4,8
2636,3.8728169999999955,3.881492000000013,3.877575333333333,3.8784169999999905,0.003591212268245709,0,4,21889024,my_ring_all_reduce,4,8
2637,3.9063869999999987,3.9093590000000016,3.907579333333332,3.9069919999999967,0.0012824238335640364,0,4,22020096,my_ring_all_reduce,4,8
2638,3.9148330000000096,3.922769,3.9189826666666687,3.919345999999997,0.0032500289571318394,0,4,22151168,my_ring_all_reduce,4,8
2639,3.945743999999999,3.952081000000001,3.9478780000000007,3.945809000000001,0.0029720882669714973,0,4,22282240,my_ring_all_reduce,4,8
2640,3.9828349999999975,3.9900660000000046,3.986321999999994,3.9860649999999804,0.0029576315975265222,0,4,22413312,my_ring_all_reduce,4,8
2641,4.004302999999985,4.008750999999997,4.006969999999992,4.007855999999992,0.0019209239096551077,0,4,22544384,my_ring_all_reduce,4,8
2642,4.028848999999995,4.031886999999999,4.030767666666666,4.031567000000003,0.0013629774596680172,0,4,22675456,my_ring_all_reduce,4,8
2643,4.041264999999996,4.046834999999995,4.044721333333334,4.046064000000013,0.0024641821271104004,0,4,22806528,my_ring_all_reduce,4,8
2644,4.070447999999989,4.074829999999999,4.072985999999993,4.073679999999993,0.0018550306376661737,0,4,22937600,my_ring_all_reduce,4,8
2645,4.106321999999997,4.1095839999999955,4.108337333333334,4.109106000000007,0.0014383549245206297,0,4,23068672,my_ring_all_reduce,4,8
2646,4.131569000000007,4.136464000000014,4.13417066666667,4.134478999999992,0.0020102335408845222,0,4,23199744,my_ring_all_reduce,4,8
2647,4.153939000000021,4.156145000000004,4.154855666666675,4.154483000000002,0.0009383564828354062,0,4,23330816,my_ring_all_reduce,4,8
2648,4.164527999999999,4.172111999999979,4.168368333333323,4.16846499999999,0.0030969094630246843,0,4,23461888,my_ring_all_reduce,4,8
2649,4.183410999999992,4.186225000000002,4.184624333333333,4.184237000000005,0.0011810078558428963,0,4,23592960,my_ring_all_reduce,4,8
2650,4.196560000000001,4.200046000000002,4.198831666666668,4.199889000000001,0.0016075891542586336,0,4,23724032,my_ring_all_reduce,4,8
2651,4.194092999999993,4.202093999999995,4.199310999999999,4.201746000000006,0.0036924173653616584,0,4,23855104,my_ring_all_reduce,4,8
2652,4.1961429999999895,4.200947,4.198672333333328,4.198926999999996,0.0019694746056345856,0,4,23986176,my_ring_all_reduce,4,8
2653,4.214510999999999,4.2237279999999995,4.218235000000001,4.216466000000004,0.003965290489568509,0,4,24117248,my_ring_all_reduce,4,8
2654,4.300303999999999,4.301807999999997,4.301125666666665,4.301265000000001,0.0006218597555356098,0,4,24248320,my_ring_all_reduce,4,8
2655,4.362800999999999,4.371695,4.368122333333332,4.369870999999995,0.0038357255144521487,0,4,24379392,my_ring_all_reduce,4,8
2656,4.423761999999999,4.431215,4.427174666666666,4.4265469999999985,0.0030748741256987028,0,4,24510464,my_ring_all_reduce,4,8
2657,4.497356,4.504082999999999,4.501519666666666,4.503119999999999,0.002970289810027415,0,4,24641536,my_ring_all_reduce,4,8
2658,4.562671999999991,4.568110000000001,4.565411999999999,4.565454000000005,0.0022202528384587935,0,4,24772608,my_ring_all_reduce,4,8
2659,4.585038999999997,4.595405000000002,4.590009333333332,4.589583999999995,0.004242575501851051,0,4,24903680,my_ring_all_reduce,4,8
2660,4.58458999999999,4.5881739999999995,4.586211999999996,4.585871999999999,0.001482782069852924,0,4,25034752,my_ring_all_reduce,4,8
2661,4.590669000000002,4.594893999999993,4.59271833333333,4.592591999999996,0.0017271607401193741,0,4,25165824,my_ring_all_reduce,4,8
2662,4.588428999999997,4.590193000000006,4.589497666666667,4.589871,0.000767010357748777,0,4,25296896,my_ring_all_reduce,4,8
2663,4.578897000000005,4.589837999999996,4.584645000000002,4.585200000000005,0.004483851692459149,0,4,25427968,my_ring_all_reduce,4,8
2664,4.584944000000003,4.589323999999993,4.58770433333333,4.588844999999994,0.0019616218346575265,0,4,25559040,my_ring_all_reduce,4,8
2665,4.586353000000002,4.601106999999993,4.594950999999996,4.597392999999993,0.006265921161325718,0,4,25690112,my_ring_all_reduce,4,8
2666,4.587949,4.594925000000002,4.592525666666668,4.594703000000002,0.0032374608706351956,0,4,25821184,my_ring_all_reduce,4,8
2667,4.585134999999997,4.591822000000001,4.589519666666665,4.591601999999999,0.0031017281562971104,0,4,25952256,my_ring_all_reduce,4,8
2668,4.601325999999998,4.6039849999999936,4.602329999999996,4.601678999999996,0.0011791016354253682,0,4,26083328,my_ring_all_reduce,4,8
2669,4.615244999999999,4.6193770000000045,4.617785666666667,4.618734999999998,0.0018155405684151056,0,4,26214400,my_ring_all_reduce,4,8
2670,4.6410739999999935,4.6470860000000105,4.643439333333329,4.642157999999982,0.002616282009953641,0,4,26345472,my_ring_all_reduce,4,8
2671,4.669584999999992,4.672587999999997,4.670755333333329,4.670092999999999,0.0013123811268930922,0,4,26476544,my_ring_all_reduce,4,8
2672,4.701712,4.708331999999995,4.7054123333333315,4.706192999999999,0.0027584029598446236,0,4,26607616,my_ring_all_reduce,4,8
2673,4.730863999999994,4.737101000000003,4.733251333333334,4.7317890000000045,0.002748194114123063,0,4,26738688,my_ring_all_reduce,4,8
2674,4.753517000000004,4.756944999999996,4.755769666666668,4.756847000000003,0.0015933782420428924,0,4,26869760,my_ring_all_reduce,4,8
2675,4.782447,4.788076000000008,4.785177,4.785007999999991,0.00230113464766471,0,4,27000832,my_ring_all_reduce,4,8
2676,4.810702999999999,4.813578999999984,4.812427999999997,4.813002000000008,0.0012422965292787993,0,4,27131904,my_ring_all_reduce,4,8
2677,4.825295999999987,4.834383000000002,4.830265999999996,4.831118999999999,0.003758465910454152,0,4,27262976,my_ring_all_reduce,4,8
2678,4.849451000000001,4.858639000000003,4.853518666666669,4.852466000000002,0.0038241265959990485,0,4,27394048,my_ring_all_reduce,4,8
2679,4.871883999999996,4.8755649999999955,4.8739013333333325,4.874255000000005,0.001523428224616109,0,4,27525120,my_ring_all_reduce,4,8
2680,4.897261999999995,4.89985300000001,4.898212000000004,4.8975210000000065,0.001165169801650271,0,4,27656192,my_ring_all_reduce,4,8
2681,4.904589000000004,4.913551000000011,4.909986333333339,4.911819000000003,0.003881439709983472,0,4,27787264,my_ring_all_reduce,4,8
2682,4.939247999999996,4.9488439999999905,4.943021333333328,4.9409719999999995,0.004176970938634469,0,4,27918336,my_ring_all_reduce,4,8
2683,4.967371000000006,4.970446000000011,4.968898333333339,4.968878,0.001255445826082043,0,4,28049408,my_ring_all_reduce,4,8
2684,4.984651000000013,4.990284,4.9868706666666744,4.985677000000011,0.002449666961485725,0,4,28180480,my_ring_all_reduce,4,8
2685,5.001869999999996,5.017677,5.010370666666663,5.011564999999995,0.006508206938594897,0,4,28311552,my_ring_all_reduce,4,8
2686,5.250509000000005,5.253388000000003,5.251490666666672,5.250575000000008,0.0013418878078601721,0,4,28442624,my_ring_all_reduce,4,8
2687,5.417900999999998,5.425131999999991,5.42059866666666,5.418762999999992,0.003224809486187921,0,4,28573696,my_ring_all_reduce,4,8
2688,5.4137710000000006,5.419306999999998,5.4165980000000005,5.416716,0.0022616022344042266,0,4,28704768,my_ring_all_reduce,4,8
2689,5.420556999999997,5.423633999999998,5.422383666666661,5.422959999999992,0.0013206317511786382,0,4,28835840,my_ring_all_reduce,4,8
2690,5.434666999999994,5.4448739999999995,5.438271999999993,5.435274999999987,0.0046749131186263155,0,4,28966912,my_ring_all_reduce,4,8
2691,5.509002999999997,5.509771000000001,5.509365333333332,5.509322,0.00031502839378337794,0,4,29097984,my_ring_all_reduce,4,8
2692,5.575597999999997,5.5812609999999845,5.577954999999997,5.577006000000009,0.0024073281177754017,0,4,29229056,my_ring_all_reduce,4,8
2693,5.63578699999999,5.641,5.637727333333331,5.636395000000004,0.00232739859547778,0,4,29360128,my_ring_all_reduce,4,8
2694,5.701323999999993,5.705964000000007,5.704214,5.705353999999998,0.002058656519841513,0,4,29491200,my_ring_all_reduce,4,8
2695,5.726799999999988,5.734316000000002,5.729858666666665,5.728460000000006,0.0032238450472865353,0,4,29622272,my_ring_all_reduce,4,8
2696,5.722761,5.732523999999998,5.726016999999999,5.7227659999999965,0.004601144277966623,0,4,29753344,my_ring_all_reduce,4,8
2697,5.727726000000002,5.737258999999998,5.732320666666669,5.731977000000007,0.0038994104112725415,0,4,29884416,my_ring_all_reduce,4,8
2698,5.730826999999998,5.732012999999999,5.731478666666668,5.731596000000005,0.000491239475432605,0,4,30015488,my_ring_all_reduce,4,8
2699,5.735081999999995,5.739498999999996,5.7379849999999974,5.739374000000003,0.002053365205382486,0,4,30146560,my_ring_all_reduce,4,8
2700,5.7337069999999875,5.739244999999998,5.7364819999999925,5.7364939999999915,0.002260894955547233,0,4,30277632,my_ring_all_reduce,4,8
2701,5.735656999999992,5.740681999999993,5.737685666666661,5.7367180000000015,0.0021625510141695665,0,4,30408704,my_ring_all_reduce,4,8
2702,5.742766999999996,5.751305,5.748171666666665,5.750443000000001,0.0038378446497443043,0,4,30539776,my_ring_all_reduce,4,8
2703,5.770923999999999,5.772810000000005,5.771669666666671,5.771275000000009,0.0008189710346267004,0,4,30670848,my_ring_all_reduce,4,8
2704,5.802538,5.808462,5.805228333333332,5.804684999999997,0.0024487891338826778,0,4,30801920,my_ring_all_reduce,4,8
2705,5.831566000000007,5.836587,5.833964666666669,5.833741000000002,0.0020559069909760453,0,4,30932992,my_ring_all_reduce,4,8
2706,5.861583,5.870092000000004,5.864759333333335,5.862603000000003,0.0037936877690314275,0,4,31064064,my_ring_all_reduce,4,8
2707,5.894411,5.898187999999995,5.896831999999997,5.897896999999999,0.0017160227271206627,0,4,31195136,my_ring_all_reduce,4,8
2708,5.921708000000013,5.928907000000007,5.92626233333334,5.928171999999999,0.0032343490157258443,0,4,31326208,my_ring_all_reduce,4,8
2709,5.944553000000007,5.961610999999997,5.954816333333331,5.958284999999989,0.007383205145608182,0,4,31457280,my_ring_all_reduce,4,8
2710,5.978700999999997,5.988556999999998,5.982945666666659,5.981578999999983,0.00413811690936496,0,4,31588352,my_ring_all_reduce,4,8
2711,6.00452399999999,6.0137420000000095,6.008844666666662,6.0082679999999895,0.0037852599499838924,0,4,31719424,my_ring_all_reduce,4,8
2712,6.028873000000007,6.032491000000001,6.031168000000001,6.032139999999996,0.0016291243046457266,0,4,31850496,my_ring_all_reduce,4,8
2713,6.052491999999998,6.054700000000026,6.0533876666666755,6.052971000000001,0.0009483404217785865,0,4,31981568,my_ring_all_reduce,4,8
2714,6.068103999999999,6.075692999999996,6.072181666666665,6.072748,0.00312396973238883,0,4,32112640,my_ring_all_reduce,4,8
2715,6.099755000000002,6.114698999999994,6.10516333333333,6.101035999999993,0.006762984761838705,0,4,32243712,my_ring_all_reduce,4,8
2716,6.124779000000002,6.130924000000003,6.127659666666669,6.127276000000002,0.002523312153147983,0,4,32374784,my_ring_all_reduce,4,8
2717,6.134189999999995,6.140169999999976,6.1367699999999905,6.135949999999999,0.002509236271581891,0,4,32505856,my_ring_all_reduce,4,8
2718,6.160077000000005,6.166923000000002,6.1629246666666715,6.161774000000005,0.002910893829888455,0,4,32636928,my_ring_all_reduce,4,8
2719,6.183340000000004,6.187817999999999,6.185206000000001,6.18446,0.0019027187565850631,0,4,32768000,my_ring_all_reduce,4,8
2720,6.210220000000007,6.212362000000009,6.211137333333344,6.2108300000000165,0.0009010665285584686,0,4,32899072,my_ring_all_reduce,4,8
2721,6.249419000000006,6.250028000000013,6.249771333333336,6.249866999999991,0.0002576617075853782,0,4,33030144,my_ring_all_reduce,4,8
2722,6.239722999999994,6.245928999999997,6.242035999999992,6.240455999999984,0.002768984049553866,0,4,33161216,my_ring_all_reduce,4,8
2723,6.2412540000000005,6.244201999999994,6.242910999999999,6.243277000000002,0.0012310274841211184,0,4,33292288,my_ring_all_reduce,4,8
2724,6.243467000000004,6.246733000000008,6.2449713333333365,6.244713999999998,0.0013456979188859882,0,4,33423360,my_ring_all_reduce,4,8
2725,6.250155999999995,6.264428999999996,6.256343333333338,6.254445000000022,0.005979542030027138,0,4,33554432,my_ring_all_reduce,4,8
2726,6.254121999999999,6.259725000000002,6.257590333333336,6.258924000000005,0.0024741870494296983,0,4,33685504,my_ring_all_reduce,4,8
2727,6.260520000000011,6.266918000000005,6.26442466666667,6.265835999999996,0.0027961279576461675,0,4,33816576,my_ring_all_reduce,4,8
2728,6.299497999999996,6.30330799999999,6.301972999999996,6.3031130000000015,0.0017518989696892182,0,4,33947648,my_ring_all_reduce,4,8
2729,6.36586800000001,6.369738999999998,6.368406333333336,6.369612000000001,0.0017956214028032576,0,4,34078720,my_ring_all_reduce,4,8
2730,6.430762999999978,6.440807999999997,6.435870999999989,6.436041999999994,0.004102636306904673,0,4,34209792,my_ring_all_reduce,4,8
2731,6.474187999999984,6.476588000000001,6.475446666666663,6.475564000000006,0.0009833023724015804,0,4,34340864,my_ring_all_reduce,4,8
2732,6.483212999999997,6.4842070000000005,6.483808999999998,6.484007,0.00042927225238556353,0,4,34471936,my_ring_all_reduce,4,8
2733,6.495626000000004,6.498416000000005,6.497335333333335,6.4979639999999925,0.0012226859322347337,0,4,34603008,my_ring_all_reduce,4,8
2734,6.478889999999993,6.491531000000001,6.483648333333332,6.480524000000002,0.005613662757556834,0,4,34734080,my_ring_all_reduce,4,8
2735,6.498155999999992,6.506537000000004,6.503711666666674,6.506442000000025,0.0039286410146901225,0,4,34865152,my_ring_all_reduce,4,8
2736,6.50189699999999,6.514924999999995,6.508202666666665,6.507786000000007,0.005326812951685312,0,4,34996224,my_ring_all_reduce,4,8
2737,6.524040999999983,6.534664000000008,6.529161999999996,6.528780999999996,0.004345181469178298,0,4,35127296,my_ring_all_reduce,4,8
2738,6.555786999999997,6.572712999999996,6.563593999999999,6.562282000000007,0.006972009609860313,0,4,35258368,my_ring_all_reduce,4,8
2739,6.57118,6.577545999999995,6.573312666666674,6.5712120000000285,0.0029934472138601295,0,4,35389440,my_ring_all_reduce,4,8
2740,6.607179999999993,6.610505999999994,6.60927966666666,6.6101529999999915,0.0014916662569829217,0,4,35520512,my_ring_all_reduce,4,8
2741,6.653801000000022,6.659499999999985,6.655829333333337,6.654187000000004,0.00260033258555245,0,4,35651584,my_ring_all_reduce,4,8
2742,6.677099000000017,6.685258000000002,6.682527666666669,6.685225999999988,0.00383866924278133,0,4,35782656,my_ring_all_reduce,4,8
2743,6.707815999999991,6.717674000000007,6.712745000000003,6.71274500000001,0.004024511647399075,0,4,35913728,my_ring_all_reduce,4,8
2744,6.7406820000000005,6.751465000000004,6.744916333333335,6.742601999999999,0.004696479272345778,0,4,36044800,my_ring_all_reduce,4,8
2745,6.774952000000002,6.776713000000018,6.775698666666671,6.775430999999997,0.0007434219678177441,0,4,36175872,my_ring_all_reduce,4,8
2746,6.805353000000003,6.812393999999986,6.808840666666664,6.808775000000002,0.002874851223196744,0,4,36306944,my_ring_all_reduce,4,8
2747,6.829227000000014,6.841611000000005,6.83571233333334,6.8362989999999995,0.005072737415720253,0,4,36438016,my_ring_all_reduce,4,8
2748,6.856618,6.862150999999998,6.859668333333329,6.86023599999999,0.0022942255531838394,0,4,36569088,my_ring_all_reduce,4,8
2749,6.872777999999997,6.883852000000004,6.880020666666667,6.883432000000001,0.005124208253208425,0,4,36700160,my_ring_all_reduce,4,8
2750,6.8922320000000115,6.901736999999997,6.8959776666666714,6.8939640000000075,0.004133392176994474,0,4,36831232,my_ring_all_reduce,4,8
2751,6.911271999999998,6.921896999999983,6.917427333333326,6.919113000000001,0.004498426416223959,0,4,36962304,my_ring_all_reduce,4,8
2752,6.934665999999994,6.940938999999997,6.936992333333329,6.935371999999996,0.002805559045103321,0,4,37093376,my_ring_all_reduce,4,8
2753,6.954890000000007,6.967339,6.959648000000006,6.9567150000000115,0.00548915700874205,0,4,37224448,my_ring_all_reduce,4,8
2754,6.9891960000000015,6.9951460000000045,6.991189000000001,6.9892249999999985,0.0027980465805055137,0,4,37355520,my_ring_all_reduce,4,8
2755,7.0063420000000045,7.012521999999969,7.010109333333322,7.011463999999993,0.0026986961460714297,0,4,37486592,my_ring_all_reduce,4,8
2756,7.028523999999994,7.0325219999999975,7.02995099999999,7.028806999999979,0.0018216390055892512,0,4,37617664,my_ring_all_reduce,4,8
2757,7.054536999999993,7.065288000000001,7.059518666666669,7.058731000000014,0.004424275031637942,0,4,37748736,my_ring_all_reduce,4,8
2758,7.068645999999993,7.074313000000002,7.0705373333333315,7.0686529999999985,0.002669801032955596,0,4,37879808,my_ring_all_reduce,4,8
2759,7.073033000000003,7.073227000000006,7.073130333333334,7.073130999999994,7.920157125390139e-05,0,4,38010880,my_ring_all_reduce,4,8
2760,7.066344000000004,7.075658,7.070835333333335,7.070504000000001,0.003809635619785907,0,4,38141952,my_ring_all_reduce,4,8
2761,7.074025000000024,7.078795999999973,7.076756333333331,7.077447999999997,0.0020082185029209627,0,4,38273024,my_ring_all_reduce,4,8
2762,7.074347000000002,7.07959400000002,7.077311000000009,7.077992000000005,0.002195536836408847,0,4,38404096,my_ring_all_reduce,4,8
2763,7.076457000000009,7.081127999999997,7.078195333333337,7.077001000000004,0.0020855669626113522,0,4,38535168,my_ring_all_reduce,4,8
2764,7.078984000000019,7.085707000000024,7.082217666666686,7.081962000000014,0.0027506007020713687,0,4,38666240,my_ring_all_reduce,4,8
2765,7.112714999999989,7.119112999999998,7.1164580000000015,7.117546000000017,0.0027229162063314343,0,4,38797312,my_ring_all_reduce,4,8
2766,7.174281000000003,7.178345999999994,7.176595666666664,7.177159999999996,0.001706831437354688,0,4,38928384,my_ring_all_reduce,4,8
2767,7.217544000000009,7.222788,7.219538000000008,7.218282000000014,0.002317762714338435,0,4,39059456,my_ring_all_reduce,4,8
2768,7.254505000000004,7.264808999999986,7.258687000000001,7.2567470000000105,0.004424613278760627,0,4,39190528,my_ring_all_reduce,4,8
2769,7.27415400000001,7.283306999999999,7.280233666666664,7.283239999999983,0.004299060543360513,0,4,39321600,my_ring_all_reduce,4,8
2770,7.281258000000006,7.287305999999968,7.284286999999993,7.284297000000006,0.002469095785895027,0,4,39452672,my_ring_all_reduce,4,8
2771,7.290538000000011,7.302731000000005,7.296234000000006,7.295433000000003,0.00500989108331148,0,4,39583744,my_ring_all_reduce,4,8
2772,7.310281999999992,7.316584000000046,7.313715333333346,7.314280000000003,0.00260357924576845,0,4,39714816,my_ring_all_reduce,4,8
2773,7.31655200000001,7.330186000000016,7.323272666666681,7.323080000000016,0.005567724210924554,0,4,39845888,my_ring_all_reduce,4,8
2774,7.344171000000021,7.3530980000000055,7.349204666666676,7.350345000000002,0.003732568582379749,0,4,39976960,my_ring_all_reduce,4,8
2775,7.376009000000006,7.385321999999993,7.381908333333334,7.384394000000004,0.004188627168359938,0,4,40108032,my_ring_all_reduce,4,8
2776,7.411911,7.419400000000009,7.415486000000002,7.4151469999999975,0.0030667540929607893,0,4,40239104,my_ring_all_reduce,4,8
2777,7.44115800000001,7.451942999999999,7.44528733333333,7.442760999999984,0.004751548963816955,0,4,40370176,my_ring_all_reduce,4,8
2778,7.472744000000002,7.484487999999983,7.480231666666661,7.483463000000001,0.005311090304463412,0,4,40501248,my_ring_all_reduce,4,8
2779,7.500968000000008,7.5122339999999985,7.50845733333333,7.512169999999984,0.005295822840264904,0,4,40632320,my_ring_all_reduce,4,8
2780,7.532712000000004,7.55149600000001,7.540136333333339,7.536201000000002,0.008157810177305026,0,4,40763392,my_ring_all_reduce,4,8
2781,7.558471000000005,7.5692869999999965,7.562450666666671,7.559594000000012,0.004855709514461924,0,4,40894464,my_ring_all_reduce,4,8
2782,7.591270000000011,7.601988999999994,7.597201666666668,7.598345999999998,0.0044501958258962426,0,4,41025536,my_ring_all_reduce,4,8
2783,7.613514000000025,7.626245999999999,7.620317666666675,7.621193,0.005234539924587894,0,4,41156608,my_ring_all_reduce,4,8
2784,7.642437999999995,7.652488999999973,7.6487116666666575,7.651208000000006,0.004466871413213486,0,4,41287680,my_ring_all_reduce,4,8
2785,7.666918999999995,7.677480000000002,7.672508666666654,7.6731269999999645,0.004333622990320392,0,4,41418752,my_ring_all_reduce,4,8
2786,7.6870149999999775,7.690882999999994,7.688976666666657,7.689031999999999,0.0015795890464223594,0,4,41549824,my_ring_all_reduce,4,8
2787,7.707720000000009,7.715912000000004,7.712743333333339,7.714598000000006,0.003592311914195945,0,4,41680896,my_ring_all_reduce,4,8
2788,7.725384999999995,7.732169999999998,7.729523666666663,7.731015999999996,0.002964158152926822,0,4,41811968,my_ring_all_reduce,4,8
2789,7.745188999999999,7.749736999999993,7.747421999999998,7.74734,0.001857618367693255,0,4,41943040,my_ring_all_reduce,4,8
2790,7.759945,7.77175299999999,7.765288333333331,7.764167000000001,0.004885369814269587,0,4,42074112,my_ring_all_reduce,4,8
2791,7.783398999999976,7.786119999999996,7.78492499999999,7.785255999999994,0.0011352330157371618,0,4,42205184,my_ring_all_reduce,4,8
2792,7.800426000000007,7.8076579999999955,7.803028333333335,7.801001000000004,0.00328207417479524,0,4,42336256,my_ring_all_reduce,4,8
2793,7.815815000000002,7.821671000000009,7.818536000000004,7.818122000000003,0.0024085584900545463,0,4,42467328,my_ring_all_reduce,4,8
2794,7.823752000000001,7.832676999999996,7.8283266666666655,7.828551,0.0036470673454445783,0,4,42598400,my_ring_all_reduce,4,8
2795,7.8408399999999965,7.8453199999999965,7.843826333333332,7.845319,0.0021116565903477372,0,4,42729472,my_ring_all_reduce,4,8
2796,7.844489999999998,7.848262999999992,7.846759999999997,7.847527000000002,0.001633013370019786,0,4,42860544,my_ring_all_reduce,4,8
2797,7.856840000000004,7.86650400000003,7.861171333333341,7.860169999999991,0.004008343409563545,0,4,42991616,my_ring_all_reduce,4,8
2798,7.862697000000001,7.870599000000002,7.867176000000001,7.868232,0.0033112689410560773,0,4,43122688,my_ring_all_reduce,4,8
2799,7.874440000000032,7.876552000000018,7.875548000000017,7.875652000000002,0.0008653507959138102,0,4,43253760,my_ring_all_reduce,4,8
2800,7.8745050000000045,7.8844560000000055,7.878834333333342,7.877542000000016,0.004163988018980819,0,4,43384832,my_ring_all_reduce,4,8
2801,7.878954999999995,7.883814999999988,7.881149333333327,7.880678,0.002011884081039772,0,4,43515904,my_ring_all_reduce,4,8
2802,7.898340999999997,7.9006800000000075,7.899261000000014,7.898762000000039,0.0010179983627997015,0,4,43646976,my_ring_all_reduce,4,8
2803,7.94631300000001,7.947531000000017,7.946845666666678,7.946693000000007,0.0005088295938321281,0,4,43778048,my_ring_all_reduce,4,8
2804,7.999175000000018,8.007815000000017,8.004604666666673,8.006823999999986,0.003860611379324808,0,4,43909120,my_ring_all_reduce,4,8
2805,8.029415000000006,8.038725,8.035367000000006,8.03796100000001,0.004220241067363411,0,4,44040192,my_ring_all_reduce,4,8
2806,8.055494000000007,8.066503000000004,8.06254533333333,8.065638999999981,0.004998506465818674,0,4,44171264,my_ring_all_reduce,4,8
2807,8.06167300000001,8.067653999999981,8.063794666666665,8.062057000000005,0.002733459875107388,0,4,44302336,my_ring_all_reduce,4,8
2808,8.074503,8.07568799999998,8.074919666666661,8.074568000000006,0.0005439413775495263,0,4,44433408,my_ring_all_reduce,4,8
2809,8.090759000000002,8.095754000000001,8.092851666666668,8.092042000000001,0.002118045692508667,0,4,44564480,my_ring_all_reduce,4,8
2810,8.123143000000018,8.134180999999996,8.128774333333338,8.128998999999997,0.004509044047482716,0,4,44695552,my_ring_all_reduce,4,8
2811,8.167783000000004,8.178725999999989,8.174224666666664,8.176165000000001,0.004673398644331629,0,4,44826624,my_ring_all_reduce,4,8
2812,8.210695999999997,8.219941999999973,8.214024333333322,8.211434999999996,0.004195284204373092,0,4,44957696,my_ring_all_reduce,4,8
2813,8.223492999999973,8.227465000000004,8.22544666666666,8.225382,0.001622206795981842,0,4,45088768,my_ring_all_reduce,4,8
2814,8.252263,8.263207,8.256902666666667,8.255237999999999,0.004620326130865391,0,4,45219840,my_ring_all_reduce,4,8
2815,8.277252000000015,8.302437000000005,8.289733666666669,8.289511999999988,0.010282927868825743,0,4,45350912,my_ring_all_reduce,4,8
2816,8.313956,8.335591999999982,8.32613899999999,8.328868999999992,0.009041342046393366,0,4,45481984,my_ring_all_reduce,4,8
2817,8.340361000000005,8.358118999999999,8.350737,8.353730999999996,0.007552468382364614,0,4,45613056,my_ring_all_reduce,4,8
2818,8.365,8.377926000000008,8.370941333333333,8.369897999999987,0.005328337910543245,0,4,45744128,my_ring_all_reduce,4,8
2819,8.380936000000009,8.402376999999992,8.391634,8.391589,0.008753309431288336,0,4,45875200,my_ring_all_reduce,4,8
2820,8.405704999999987,8.407141000000003,8.406418333333328,8.406408999999993,0.0005862816918767663,0,4,46006272,my_ring_all_reduce,4,8
2821,8.43901300000001,8.444520000000004,8.442458666666669,8.443842999999994,0.0024520802506307125,0,4,46137344,my_ring_all_reduce,4,8
2822,8.454695999999997,8.46672800000001,8.459879000000006,8.458213000000008,0.005051331375659035,0,4,46268416,my_ring_all_reduce,4,8
2823,8.47952499999998,8.481097000000016,8.48008066666666,8.479619999999988,0.0007197019444958348,0,4,46399488,my_ring_all_reduce,4,8
2824,8.483178,8.489092999999997,8.486482333333333,8.487175999999996,0.0024641004218336035,0,4,46530560,my_ring_all_reduce,4,8
2825,8.506310000000028,8.510022999999993,8.508337666666671,8.508679999999993,0.001535032319586702,0,4,46661632,my_ring_all_reduce,4,8
2826,8.52346400000005,8.529350999999995,8.525511000000014,8.523717999999997,0.0027172693400890945,0,4,46792704,my_ring_all_reduce,4,8
2827,8.538246000000013,8.548295000000001,8.544176333333342,8.545988000000012,0.004297844601912395,0,4,46923776,my_ring_all_reduce,4,8
2828,8.549443999999989,8.561447000000022,8.554064,8.551300999999992,0.005275328046686835,0,4,47054848,my_ring_all_reduce,4,8
2829,8.567655999999996,8.575304000000004,8.572156666666656,8.573509999999965,0.003265640246906005,0,4,47185920,my_ring_all_reduce,4,8
2830,8.564228000000018,8.572388999999982,8.56776033333333,8.56666399999999,0.0034207153572701748,0,4,47316992,my_ring_all_reduce,4,8
2831,8.58903,8.594825000000009,8.591057333333334,8.589316999999996,0.002666717874513669,0,4,47448064,my_ring_all_reduce,4,8
2832,8.605223000000027,8.614371000000022,8.60926333333335,8.608196,0.0038101510322937895,0,4,47579136,my_ring_all_reduce,4,8
2833,8.617704000000005,8.622789999999986,8.620571666666665,8.621221000000006,0.002126511122831807,0,4,47710208,my_ring_all_reduce,4,8
2834,8.634054000000019,8.639751999999993,8.63745833333334,8.638569000000004,0.0024551967108234563,0,4,47841280,my_ring_all_reduce,4,8
2835,8.657511000000007,8.666568999999996,8.661031333333332,8.659013999999996,0.0039635057153395775,0,4,47972352,my_ring_all_reduce,4,8
2836,8.670568,8.676360000000015,8.673713999999999,8.674213999999985,0.002390859817448384,0,4,48103424,my_ring_all_reduce,4,8
2837,8.683622000000003,8.695591,8.69084433333333,8.693319999999986,0.0051904357128135644,0,4,48234496,my_ring_all_reduce,4,8
2838,8.700518000000026,8.720425000000002,8.708230333333335,8.703747999999978,0.008723173976379017,0,4,48365568,my_ring_all_reduce,4,8
2839,8.722054000000004,8.729702999999994,8.726789333333336,8.728611000000011,0.0033779335234547063,0,4,48496640,my_ring_all_reduce,4,8
2840,8.775237999999998,8.783653000000006,8.778406666666674,8.776329000000013,0.0037363601123148312,0,4,48627712,my_ring_all_reduce,4,8
2841,8.819686000000013,8.831368999999999,8.826300333333338,8.827846000000003,0.0048931882131008336,0,4,48758784,my_ring_all_reduce,4,8
2842,8.840487000000003,8.85005399999999,8.846586666666658,8.849218999999984,0.004326565715301611,0,4,48889856,my_ring_all_reduce,4,8
2843,8.864997000000002,8.873250999999994,8.868142666666666,8.86618,0.003644280846595785,0,4,49020928,my_ring_all_reduce,4,8
2844,8.880837999999988,8.887238999999994,8.88318499999999,8.881477999999989,0.0028784934717107167,0,4,49152000,my_ring_all_reduce,4,8
2845,8.890216,8.904227000000043,8.894939333333348,8.890375,0.006567692863998699,0,4,49283072,my_ring_all_reduce,4,8
2846,8.91862699999995,8.93744600000001,8.929520666666653,8.932488999999995,0.007964376616490564,0,4,49414144,my_ring_all_reduce,4,8
2847,8.960803,8.97002199999999,8.965997999999997,8.967169000000002,0.003853649439164431,0,4,49545216,my_ring_all_reduce,4,8
2848,8.979622000000003,8.988455000000005,8.98445500000001,8.985288000000022,0.003653846283943088,0,4,49676288,my_ring_all_reduce,4,8
2849,8.991431000000011,9.018406999999998,9.001339666666668,8.994180999999998,0.012120534238313874,0,4,49807360,my_ring_all_reduce,4,8
2850,9.02355899999998,9.036579999999995,9.029947333333318,9.02970299999998,0.005318607858794148,0,4,49938432,my_ring_all_reduce,4,8
2851,9.042310000000006,9.05578299999999,9.051132666666673,9.055305000000022,0.006241618718106347,0,4,50069504,my_ring_all_reduce,4,8
2852,9.066406000000017,9.076426000000021,9.07118600000002,9.070726000000024,0.0041035594305447905,0,4,50200576,my_ring_all_reduce,4,8
2853,9.092006000000023,9.105444000000004,9.098064333333339,9.096742999999988,0.005565033832376395,0,4,50331648,my_ring_all_reduce,4,8
2854,9.106594000000003,9.134248000000003,9.117594666666667,9.111941999999996,0.011976377007352887,0,4,50462720,my_ring_all_reduce,4,8
2855,9.123076000000005,9.12739699999999,9.124901999999997,9.124233,0.0018263681629516902,0,4,50593792,my_ring_all_reduce,4,8
2856,9.146212000000002,9.17398900000001,9.156165333333337,9.148295000000003,0.012631891975827458,0,4,50724864,my_ring_all_reduce,4,8
2857,9.176998,9.192838999999985,9.184485333333326,9.183618999999991,0.0064960100745622565,0,4,50855936,my_ring_all_reduce,4,8
2858,9.196584000000003,9.210306999999997,9.203024666666666,9.202183000000002,0.005633914230401886,0,4,50987008,my_ring_all_reduce,4,8
2859,9.203010999999998,9.234245999999985,9.21475766666666,9.207016,0.013876991949099502,0,4,51118080,my_ring_all_reduce,4,8
2860,9.22896600000003,9.243015000000007,9.233883333333354,9.229669000000024,0.006463438421002972,0,4,51249152,my_ring_all_reduce,4,8
2861,9.252325999999995,9.256258999999991,9.254766666666667,9.255715000000011,0.0017400429752055804,0,4,51380224,my_ring_all_reduce,4,8
2862,9.268996999999999,9.277319000000018,9.274203333333327,9.276293999999966,0.00370513934360777,0,4,51511296,my_ring_all_reduce,4,8
2863,9.294882999999988,9.306085000000001,9.300089999999996,9.299301999999996,0.004607017039261853,0,4,51642368,my_ring_all_reduce,4,8
2864,9.30720400000001,9.324263000000022,9.317243000000007,9.320261999999989,0.007284144470470258,0,4,51773440,my_ring_all_reduce,4,8
2865,9.318246000000004,9.332165999999996,9.323781999999998,9.320933999999994,0.006029092137293326,0,4,51904512,my_ring_all_reduce,4,8
2866,9.341604000000007,9.344966999999968,9.343066999999989,9.34262999999999,0.00140728319820695,0,4,52035584,my_ring_all_reduce,4,8
2867,9.356966000000016,9.366693,9.362384666666676,9.36349500000001,0.004047901706090559,0,4,52166656,my_ring_all_reduce,4,8
2868,9.372453000000005,9.379750000000016,9.375899666666674,9.375496,0.00299263120941805,0,4,52297728,my_ring_all_reduce,4,8
2869,9.388325000000012,9.397355,9.393638666666673,9.395236000000004,0.0038556305436137483,0,4,52428800,my_ring_all_reduce,4,8
2870,9.403077000000005,9.41504599999998,9.408196666666663,9.406467000000005,0.0050370659669538844,0,4,52559872,my_ring_all_reduce,4,8
2871,9.429728999999993,9.440036000000008,9.435490999999999,9.436707999999998,0.0042949100883157565,0,4,52690944,my_ring_all_reduce,4,8
2872,9.451139999999999,9.456609,9.453955000000002,9.45411600000001,0.0022356104311806726,0,4,52822016,my_ring_all_reduce,4,8
2873,9.474884999999981,9.478502999999996,9.47613366666665,9.475012999999977,0.0016761864123407753,0,4,52953088,my_ring_all_reduce,4,8
2874,9.499524999999995,9.503043999999994,9.50087966666665,9.500069999999964,0.001546503655207745,0,4,53084160,my_ring_all_reduce,4,8
2875,9.517927000000004,9.52720599999999,9.523899666666662,9.526565999999992,0.004231387505555621,0,4,53215232,my_ring_all_reduce,4,8
2876,9.558434000000002,9.564771,9.560600000000003,9.558595000000002,0.0029500746883192714,0,4,53346304,my_ring_all_reduce,4,8
2877,9.589446,9.595108999999983,9.591685999999994,9.590502999999993,0.0024585916022456106,0,4,53477376,my_ring_all_reduce,4,8
2878,9.620193999999989,9.627139999999999,9.623352666666662,9.622724,0.002870324642889023,0,4,53608448,my_ring_all_reduce,4,8
2879,9.638528999999995,9.656163999999999,9.644973666666663,9.640227999999995,0.00794310268234333,0,4,53739520,my_ring_all_reduce,4,8
2880,9.672930000000008,9.676352999999999,9.674721999999997,9.674882999999987,0.001402063479300348,0,4,53870592,my_ring_all_reduce,4,8
2881,9.721955000000017,9.72838600000001,9.724376333333348,9.722788000000016,0.002855584275684432,0,4,54001664,my_ring_all_reduce,4,8
2882,9.77136600000001,9.795107999999978,9.781998666666665,9.779522000000005,0.009849570188014259,0,4,54132736,my_ring_all_reduce,4,8
2883,9.821895000000012,9.840005999999994,9.828731999999997,9.824294999999983,0.008031907494483875,0,4,54263808,my_ring_all_reduce,4,8
2884,9.874468000000023,9.896485999999994,9.88446300000001,9.882435000000012,0.009102478380443884,0,4,54394880,my_ring_all_reduce,4,8
2885,9.894563000000025,9.917251999999994,9.908121666666673,9.912550000000003,0.009777705331789585,0,4,54525952,my_ring_all_reduce,4,8
2886,9.918053,9.938214999999996,9.930362333333338,9.934819000000019,0.008813738114760767,0,4,54657024,my_ring_all_reduce,4,8
2887,9.934435999999998,9.951683999999979,9.944677333333326,9.947911999999999,0.007403633222195768,0,4,54788096,my_ring_all_reduce,4,8
2888,9.969957999999997,9.971489000000009,9.970799000000001,9.970949999999997,0.0006340825393214779,0,4,54919168,my_ring_all_reduce,4,8
2889,9.978308000000006,9.984581000000006,9.981721333333335,9.982274999999994,0.002590693901039855,0,4,55050240,my_ring_all_reduce,4,8
2890,9.987748000000007,9.996549000000007,9.99245233333334,9.993060000000005,0.0036185949698128678,0,4,55181312,my_ring_all_reduce,4,8
2891,9.989799999999995,10.007494,9.996177333333334,9.991238000000008,0.008023597253656114,0,4,55312384,my_ring_all_reduce,4,8
2892,10.008484999999986,10.012928999999998,10.01123666666666,10.012295999999996,0.001962808248974509,0,4,55443456,my_ring_all_reduce,4,8
2893,10.017347999999984,10.022113,10.020377666666661,10.021672000000002,0.00214984965883399,0,4,55574528,my_ring_all_reduce,4,8
2894,10.023012999999999,10.028004000000008,10.025220666666671,10.024645000000005,0.0020778296903830053,0,4,55705600,my_ring_all_reduce,4,8
2895,10.02729800000001,10.039590000000011,10.032228000000009,10.029796000000003,0.005304669892338399,0,4,55836672,my_ring_all_reduce,4,8
2896,10.047362999999997,10.059492999999973,10.053646999999998,10.054085000000022,0.004961727387370283,0,4,55967744,my_ring_all_reduce,4,8
2897,10.04694799999999,10.052806000000004,10.049658666666668,10.04922200000001,0.002411368813678146,0,4,56098816,my_ring_all_reduce,4,8
2898,10.053349999999995,10.063365000000006,10.057177666666663,10.054817999999985,0.004415961679591316,0,4,56229888,my_ring_all_reduce,4,8
2899,10.061574999999984,10.078595000000002,10.07207933333333,10.076068000000006,0.007498986435225487,0,4,56360960,my_ring_all_reduce,4,8
2900,10.076612999999998,10.087520999999994,10.080421333333334,10.077130000000006,0.005024657357026128,0,4,56492032,my_ring_all_reduce,4,8
2901,10.093379999999975,10.103460000000004,10.097496999999995,10.095651000000005,0.0043172048828005165,0,4,56623104,my_ring_all_reduce,4,8
2902,10.353216999999997,10.36247099999999,10.356866999999992,10.354912999999993,0.004022662136775496,0,4,56754176,my_ring_all_reduce,4,8
2903,10.520642999999996,10.526530000000013,10.524173333333337,10.525347000000002,0.0025426118242705543,0,4,56885248,my_ring_all_reduce,4,8
2904,10.533378999999998,10.558786999999983,10.547970666666659,10.551746,0.01071078809217359,0,4,57016320,my_ring_all_reduce,4,8
2905,10.569542000000009,10.578051,10.572665000000006,10.570402000000009,0.0038246260819374245,0,4,57147392,my_ring_all_reduce,4,8
2906,10.59718600000001,10.603137999999992,10.599351666666669,10.597731000000007,0.0026865710901038996,0,4,57278464,my_ring_all_reduce,4,8
2907,10.614626000000005,10.635200999999986,10.626327666666663,10.629156000000004,0.008634514397971457,0,4,57409536,my_ring_all_reduce,4,8
2908,10.645508999999977,10.65306000000002,10.650457000000003,10.65280200000001,0.003500349411147978,0,4,57540608,my_ring_all_reduce,4,8
2909,10.658695000000007,10.661057000000001,10.660185000000004,10.660803,0.0010586796808574376,0,4,57671680,my_ring_all_reduce,4,8
2910,10.684643000000005,10.694307,10.688567999999998,10.686753999999993,0.004148587791847125,0,4,57802752,my_ring_all_reduce,4,8
2911,10.725473000000013,10.727013999999999,10.726306666666678,10.72643300000002,0.0006354212950600949,0,4,57933824,my_ring_all_reduce,4,8
2912,10.781731999999975,10.79766700000001,10.790370999999999,10.791714000000008,0.006574384280437491,0,4,58064896,my_ring_all_reduce,4,8
2913,10.816002000000001,10.817250000000016,10.816749000000003,10.816994999999995,0.0005383697614129968,0,4,58195968,my_ring_all_reduce,4,8
2914,10.814531000000002,10.81894399999999,10.816855333333331,10.817091000000001,0.001809290161602279,0,4,58327040,my_ring_all_reduce,4,8
2915,10.818207,10.828160999999989,10.822944999999988,10.822466999999975,0.004077735646161034,0,4,58458112,my_ring_all_reduce,4,8
2916,10.848738999999995,10.850017000000015,10.849367333333339,10.849346000000006,0.0005219593428269041,0,4,58589184,my_ring_all_reduce,4,8
2917,10.87641599999999,10.905058000000013,10.893014666666666,10.897569999999993,0.012128598086990364,0,4,58720256,my_ring_all_reduce,4,8
2918,10.939939999999988,10.95494600000004,10.948407666666675,10.950337,0.006276238487804726,0,4,58851328,my_ring_all_reduce,4,8
2919,10.994910999999993,11.000642000000001,10.99827266666667,10.999265000000014,0.0024426262278365567,0,4,58982400,my_ring_all_reduce,4,8
2920,11.037408999999995,11.050403999999995,11.042327000000007,11.039168000000034,0.005756270030721732,0,4,59113472,my_ring_all_reduce,4,8
2921,11.101639999999986,11.117987000000003,11.108986333333334,11.10733200000001,0.0067753827116234745,0,4,59244544,my_ring_all_reduce,4,8
2922,11.141955000000001,11.153124000000018,11.146626666666675,11.144801000000006,0.004738947445261932,0,4,59375616,my_ring_all_reduce,4,8
2923,11.163775999999997,11.17958400000001,11.171403999999994,11.17085199999997,0.006465381865501305,0,4,59506688,my_ring_all_reduce,4,8
2924,11.18470700000001,11.192354000000007,11.189751333333339,11.192193,0.0035674878493882657,0,4,59637760,my_ring_all_reduce,4,8
2925,11.20048,11.21068800000001,11.20498233333334,11.20377900000001,0.004253377037396334,0,4,59768832,my_ring_all_reduce,4,8
2926,11.212354999999997,11.219716000000016,11.217026333333337,11.219008000000002,0.003315753542650113,0,4,59899904,my_ring_all_reduce,4,8
2927,11.229505000000005,11.239041000000006,11.233622333333336,11.232320999999997,0.004000327097738141,0,4,60030976,my_ring_all_reduce,4,8
2928,11.229123999999997,11.232192000000003,11.230348333333326,11.229728999999978,0.0013268600361647045,0,4,60162048,my_ring_all_reduce,4,8
2929,11.239167999999962,11.247169999999985,11.242080999999983,11.239904999999998,0.0036110232160275796,0,4,60293120,my_ring_all_reduce,4,8
2930,11.242945000000008,11.245698999999979,11.244332666666656,11.244353999999978,0.0011244169847208696,0,4,60424192,my_ring_all_reduce,4,8
2931,11.24704399999998,11.25369800000002,11.250286333333335,11.250117000000003,0.002719121712792108,0,4,60555264,my_ring_all_reduce,4,8
2932,11.258014999999984,11.27215999999996,11.264138666666652,11.262241000000005,0.005928524849297263,0,4,60686336,my_ring_all_reduce,4,8
2933,11.260129999999982,11.262046999999994,11.260779666666657,11.260161999999998,0.0008962352121841942,0,4,60817408,my_ring_all_reduce,4,8
2934,11.267108000000022,11.271039999999994,11.269186000000017,11.269410000000033,0.0016130277947493798,0,4,60948480,my_ring_all_reduce,4,8
2935,11.286306000000012,11.291649000000005,11.28849266666667,11.287522999999995,0.0022864969324751325,0,4,61079552,my_ring_all_reduce,4,8
2936,11.298339,11.30540999999999,11.302552333333333,11.30390800000001,0.003041724766566511,0,4,61210624,my_ring_all_reduce,4,8
2937,11.315362999999984,11.323809999999998,11.320514999999995,11.322372000000003,0.003690012556445143,0,4,61341696,my_ring_all_reduce,4,8
2938,11.334078999999997,11.349281999999992,11.340577333333329,11.338370999999999,0.006399673550699332,0,4,61472768,my_ring_all_reduce,4,8
2939,11.361825,11.379841000000043,11.368716000000015,11.364482000000004,0.00794099620116887,0,4,61603840,my_ring_all_reduce,4,8
2940,11.385857000000007,11.38909200000002,11.387820666666682,11.388513000000021,0.0014084980968769774,0,4,61734912,my_ring_all_reduce,4,8
2941,11.398213000000004,11.407074000000009,11.404088000000007,11.406977000000007,0.0041544410775316044,0,4,61865984,my_ring_all_reduce,4,8
2942,11.414305999999968,11.426433999999993,11.420300999999986,11.420162999999997,0.0049521967516212495,0,4,61997056,my_ring_all_reduce,4,8
2943,11.445762000000032,11.454173999999984,11.449611333333342,11.448898000000009,0.0034710295622606127,0,4,62128128,my_ring_all_reduce,4,8
2944,11.467777999999976,11.47350600000001,11.471233999999995,11.472418000000005,0.0024837992404257714,0,4,62259200,my_ring_all_reduce,4,8
2945,11.489668000000002,11.504611999999987,11.49648266666666,11.49516799999999,0.00617128000408511,0,4,62390272,my_ring_all_reduce,4,8
2946,11.52400499999999,11.53225699999997,11.528993333333323,11.53071800000001,0.003582804519116142,0,4,62521344,my_ring_all_reduce,4,8
2947,11.550367999999995,11.560511999999974,11.554293666666652,11.55200099999999,0.004447278143854983,0,4,62652416,my_ring_all_reduce,4,8
2948,11.577123000000007,11.581312999999966,11.579693333333319,11.580643999999985,0.0018379064780786676,0,4,62783488,my_ring_all_reduce,4,8
2949,11.60585699999999,11.615972000000001,11.610978000000001,11.611105000000011,0.004130407808764952,0,4,62914560,my_ring_all_reduce,4,8
2950,11.62963399999997,11.646307999999976,11.637186666666643,11.635617999999988,0.006896912610406126,0,4,63045632,my_ring_all_reduce,4,8
2951,11.635682999999997,11.641343999999975,11.638070666666657,11.637184999999999,0.002394442779056178,0,4,63176704,my_ring_all_reduce,4,8
2952,11.648321000000005,11.65382600000003,11.651105000000003,11.651167999999977,0.002247848304500582,0,4,63307776,my_ring_all_reduce,4,8
2953,11.667486999999964,11.680319999999993,11.672437666666651,11.669505999999995,0.005634268620591386,0,4,63438848,my_ring_all_reduce,4,8
2954,11.695360999999997,11.720093999999998,11.704128666666664,11.696930999999998,0.011307375950630515,0,4,63569920,my_ring_all_reduce,4,8
2955,11.746815000000003,11.762977999999988,11.755361,11.756290000000009,0.006631134794783762,0,4,63700992,my_ring_all_reduce,4,8
2956,11.804448000000004,11.810462000000006,11.807637666666666,11.80800299999999,0.002468758167356544,0,4,63832064,my_ring_all_reduce,4,8
2957,11.859171000000007,11.881186000000032,11.87110700000001,11.872963999999993,0.009083002183574197,0,4,63963136,my_ring_all_reduce,4,8
2958,11.903264000000025,11.914497999999963,11.91067833333333,11.914273000000001,0.0052435300026484255,0,4,64094208,my_ring_all_reduce,4,8
2959,11.93571299999999,11.944668999999994,11.941034333333334,11.94272100000002,0.003845873748439421,0,4,64225280,my_ring_all_reduce,4,8
2960,11.967170000000003,11.971524000000006,11.970072000000016,11.971522000000041,0.002052024041454257,0,4,64356352,my_ring_all_reduce,4,8
2961,11.979232999999994,11.99158700000003,11.984471000000006,11.982592999999994,0.005215393369648028,0,4,64487424,my_ring_all_reduce,4,8
2962,11.988706000000006,12.003008000000017,11.997259666666665,12.000064999999973,0.00616653453912355,0,4,64618496,my_ring_all_reduce,4,8
2963,11.997633999999977,12.007780000000013,12.002348333333337,12.001631000000023,0.004173028822769436,0,4,64749568,my_ring_all_reduce,4,8
2964,12.002436000000001,12.017088000000003,12.008556999999996,12.006146999999983,0.006219665103527633,0,4,64880640,my_ring_all_reduce,4,8
2965,12.010851000000002,12.023361000000005,12.018187333333344,12.020350000000027,0.005331220644055149,0,4,65011712,my_ring_all_reduce,4,8
2966,12.01795199999999,12.022530000000028,12.019906000000006,12.019235999999998,0.0019280726127567866,0,4,65142784,my_ring_all_reduce,4,8
2967,12.017503999999986,12.024260000000009,12.021974333333342,12.02415900000003,0.003161271931093385,0,4,65273856,my_ring_all_reduce,4,8
2968,12.03094399999999,12.037920999999995,12.033760333333333,12.032416000000012,0.0030027827464235695,0,4,65404928,my_ring_all_reduce,4,8
2969,12.035329999999995,12.039135999999992,12.037685999999999,12.038592000000005,0.0016806816077622087,0,4,65536000,my_ring_all_reduce,4,8
2970,12.051969000000012,12.056640000000003,12.054028000000002,12.053474999999992,0.0019466067913146254,0,4,65667072,my_ring_all_reduce,4,8
2971,12.063428000000014,12.071842999999994,12.068129333333333,12.069116999999991,0.0035056782827517594,0,4,65798144,my_ring_all_reduce,4,8
2972,12.084321000000005,12.092608999999998,12.08748833333334,12.085535000000018,0.0036546198464657803,0,4,65929216,my_ring_all_reduce,4,8
2973,12.120001999999985,12.136960999999967,12.12604866666665,12.121182999999997,0.007731233378665327,0,4,66060288,my_ring_all_reduce,4,8
2974,12.138271000000001,12.146466000000007,12.14179266666667,12.140641000000004,0.0034432792832180662,0,4,66191360,my_ring_all_reduce,4,8
2975,12.162593999999983,12.170368999999997,12.166603999999992,12.166848999999997,0.003178854615534671,0,4,66322432,my_ring_all_reduce,4,8
2976,12.176705000000005,12.196288999999997,12.189482666666677,12.195454000000026,0.009041603114986434,0,4,66453504,my_ring_all_reduce,4,8
2977,12.202016000000008,12.208480999999985,12.204480333333324,12.202943999999981,0.002854154437924172,0,4,66584576,my_ring_all_reduce,4,8
2978,12.217854000000006,12.226143000000011,12.222613000000011,12.223842000000019,0.003493776466808077,0,4,66715648,my_ring_all_reduce,4,8
2979,12.238016999999992,12.24781199999999,12.243937999999991,12.245984999999987,0.004252698202316883,0,4,66846720,my_ring_all_reduce,4,8
2980,12.270464000000008,12.28038399999999,12.276790333333329,12.279522999999987,0.004487181768342397,0,4,66977792,my_ring_all_reduce,4,8
2981,12.289597999999998,12.301184999999998,12.293706666666665,12.290337000000003,0.0052965795461675635,0,4,67108864,my_ring_all_reduce,4,8
