,time_stats.my_ring_all_reduce.min,time_stats.my_ring_all_reduce.max,time_stats.my_ring_all_reduce.mean,time_stats.my_ring_all_reduce.median,time_stats.my_ring_all_reduce.std,rank,num_workers,size,collective,devices_per_node,max_devices_per_node
0,0.07299099999999999,0.07299150000000008,0.07299116666666668,0.07299099999999999,2.3570226044154593e-07,0,8,2048,my_ring_all_reduce,8,8
1,0.07347199999999976,0.07350300000000061,0.07349266666666698,0.07350300000000061,1.4613540144922578e-05,0,8,10240,my_ring_all_reduce,8,8
2,0.07353599999999984,0.07353600000000006,0.07353599999999999,0.07353600000000006,1.0477500027681816e-16,0,8,18432,my_ring_all_reduce,8,8
3,0.07299099999999999,0.07299099999999999,0.07299099999999999,0.07299099999999999,0.0,0,8,26624,my_ring_all_reduce,8,8
4,0.07209600000000047,0.07212700000000041,0.07211666666666687,0.07212699999999973,1.4613540144337065e-05,0,8,34816,my_ring_all_reduce,8,8
5,0.07225500000000011,0.07225600000000032,0.07225566666666662,0.0722559999999994,4.7140452067374614e-07,0,8,43008,my_ring_all_reduce,8,8
6,0.07231899999999997,0.0723199999999997,0.07231933333333336,0.07231900000000041,4.714045205625313e-07,0,8,51200,my_ring_all_reduce,8,8
7,0.07215999999999985,0.07217550000000028,0.07216516666666666,0.07215999999999985,7.30677007246456e-06,0,8,59392,my_ring_all_reduce,8,8
8,0.07216000000000077,0.072192,0.0721810000000002,0.07219099999999981,1.485485330303663e-05,0,8,67584,my_ring_all_reduce,8,8
9,0.07219099999999981,0.07219199999999955,0.07219133333333307,0.07219099999999981,4.7140452066720413e-07,0,8,75776,my_ring_all_reduce,8,8
10,0.07219099999999981,0.072192,0.07219133333333344,0.07219100000000049,4.714045207228116e-07,0,8,83968,my_ring_all_reduce,8,8
11,0.07215999999999985,0.07215999999999997,0.07215999999999989,0.07215999999999985,5.887846720064156e-17,0,8,92160,my_ring_all_reduce,8,8
12,0.07212700000000018,0.0721279999999997,0.07212733333333343,0.07212700000000041,4.714045205134659e-07,0,8,100352,my_ring_all_reduce,8,8
13,0.07215899999999965,0.07215950000000021,0.0721591666666665,0.07215899999999965,2.3570226065743361e-07,0,8,108544,my_ring_all_reduce,8,8
14,0.072255,0.07225599999999963,0.07225533333333324,0.07225500000000011,4.7140452058869953e-07,0,8,116736,my_ring_all_reduce,8,8
15,0.07222299999999995,0.07225499999999989,0.07223399999999992,0.07222399999999994,1.4854853303410321e-05,0,8,124928,my_ring_all_reduce,8,8
16,0.07228799999999956,0.07231899999999951,0.07229833333333303,0.07228800000000002,1.4613540144389401e-05,0,8,133120,my_ring_all_reduce,8,8
17,0.07702300000000013,0.07702399999999944,0.07702333333333354,0.07702300000000105,4.7140452024851283e-07,0,8,141312,my_ring_all_reduce,8,8
18,0.07776,0.07779099999999926,0.07777033333333316,0.07776000000000022,1.4613540144124448e-05,0,8,149504,my_ring_all_reduce,8,8
19,0.07763100000000031,0.07763200000000006,0.07763166666666674,0.07763199999999984,4.7140452062140977e-07,0,8,157696,my_ring_all_reduce,8,8
20,0.07772699999999987,0.07772800000000006,0.07772749999999996,0.07772749999999996,4.082482905435895e-07,0,8,165888,my_ring_all_reduce,8,8
21,0.07775900000000002,0.07779199999999992,0.07778066666666666,0.07779100000000005,1.5326085243411317e-05,0,8,174080,my_ring_all_reduce,8,8
22,0.07791899999999988,0.07791999999999996,0.07791933333333353,0.07791900000000078,4.7140452061813874e-07,0,8,182272,my_ring_all_reduce,8,8
23,0.07785599999999977,0.07788799999999992,0.07787699999999988,0.07788699999999994,1.485485330351153e-05,0,8,190464,my_ring_all_reduce,8,8
24,0.07791899999999988,0.07792000000000007,0.07791933333333342,0.07791900000000032,4.7140452077841903e-07,0,8,198656,my_ring_all_reduce,8,8
25,0.07798300000000018,0.07801599999999963,0.0780046666666666,0.07801499999999999,1.532608524325195e-05,0,8,206848,my_ring_all_reduce,8,8
26,0.07814400000000024,0.07817499999999962,0.07815433333333337,0.07814400000000024,1.4613540144229122e-05,0,8,215040,my_ring_all_reduce,8,8
27,0.07814300000000003,0.07817500000000019,0.07816433333333346,0.07817500000000019,1.5084944665386978e-05,0,8,223232,my_ring_all_reduce,8,8
28,0.07820799999999975,0.07823899999999957,0.0782286666666663,0.07823899999999957,1.4613540144438466e-05,0,8,231424,my_ring_all_reduce,8,8
29,0.07817500000000019,0.07817600000000038,0.07817566666666677,0.0781759999999997,4.7140452072281163e-07,0,8,239616,my_ring_all_reduce,8,8
30,0.07839900000000034,0.0784000000000001,0.07839950000000014,0.0783995,4.0824829036229077e-07,0,8,247808,my_ring_all_reduce,8,8
31,0.07846399999999994,0.0784949999999999,0.07847433333333326,0.07846399999999994,1.4613540144503886e-05,0,8,256000,my_ring_all_reduce,8,8
32,0.07852700000000004,0.0785435,0.07853250000000002,0.07852700000000004,7.778174593033633e-06,0,8,264192,my_ring_all_reduce,8,8
33,0.07852700000000004,0.0785274999999997,0.07852716666666659,0.07852700000000004,2.3570226023220026e-07,0,8,272384,my_ring_all_reduce,8,8
34,0.07856000000000028,0.07859100000000012,0.07858066666666669,0.07859099999999968,1.4613540144340336e-05,0,8,280576,my_ring_all_reduce,8,8
35,0.0786869999999999,0.07871900000000005,0.078698,0.0786880000000001,1.4854853303465129e-05,0,8,288768,my_ring_all_reduce,8,8
36,0.0786550000000002,0.07868750000000091,0.07867650000000033,0.0786869999999999,1.5204166095836506e-05,0,8,296960,my_ring_all_reduce,8,8
37,0.0787520000000004,0.07878399999999965,0.07877300000000013,0.07878300000000035,1.4854853303239046e-05,0,8,305152,my_ring_all_reduce,8,8
38,0.0789440000000002,0.0789759999999999,0.078965,0.0789749999999999,1.485485330329915e-05,0,8,313344,my_ring_all_reduce,8,8
39,0.07891100000000006,0.07891199999999982,0.0789114999999999,0.07891149999999982,4.0824829036229077e-07,0,8,321536,my_ring_all_reduce,8,8
40,0.07907099999999992,0.07907200000000011,0.07907149999999986,0.07907149999999956,4.082482905435895e-07,0,8,329728,my_ring_all_reduce,8,8
41,0.07915149999999972,0.07916799999999989,0.07916216666666635,0.07916699999999946,7.553512795737424e-06,0,8,337920,my_ring_all_reduce,8,8
42,0.07923100000000159,0.07926299999999992,0.07924200000000049,0.07923199999999997,1.4854853303012964e-05,0,8,346112,my_ring_all_reduce,8,8
43,0.07926299999999992,0.07932700000000023,0.07929500000000007,0.07929500000000007,2.6127890589815344e-05,0,8,354304,my_ring_all_reduce,8,8
44,0.08383899999999994,0.08387199999999939,0.08384999999999991,0.0838390000000004,1.5556349185736893e-05,0,8,362496,my_ring_all_reduce,8,8
45,0.08454300000000103,0.08457549999999947,0.08455416666666678,0.08454399999999987,1.5090467925411752e-05,0,8,370688,my_ring_all_reduce,8,8
46,0.08454400000000123,0.08457599999999911,0.08455983333333339,0.08455949999999984,1.3066071414150909e-05,0,8,378880,my_ring_all_reduce,8,8
47,0.0846875,0.08470299999999997,0.08469783333333318,0.08470299999999951,7.3067700721407285e-06,0,8,387072,my_ring_all_reduce,8,8
48,0.08492700000000036,0.08495999999999913,0.08494866666666645,0.08495899999999984,1.5326085243009478e-05,0,8,395264,my_ring_all_reduce,8,8
49,0.08489600000000064,0.08492799999999988,0.08491716666666693,0.08492750000000024,1.4968485412603607e-05,0,8,403456,my_ring_all_reduce,8,8
50,0.08534300000000007,0.08537599999999998,0.08536466666666669,0.085375,1.5326085243392906e-05,0,8,411648,my_ring_all_reduce,8,8
51,0.0852795000000001,0.08531099999999969,0.08529016666666682,0.08528000000000066,1.4732805420084097e-05,0,8,419840,my_ring_all_reduce,8,8
52,0.08582399999999962,0.08585600000000022,0.0858449999999998,0.08585499999999957,1.4854853303574745e-05,0,8,428032,my_ring_all_reduce,8,8
53,0.08598300000000017,0.08598400000000038,0.08598333333333356,0.08598300000000017,4.714045208896339e-07,0,8,436224,my_ring_all_reduce,8,8
54,0.08716800000000058,0.08719900000000053,0.08718866666666691,0.08719899999999961,1.4613540144281457e-05,0,8,444416,my_ring_all_reduce,8,8
55,0.08774399999999968,0.08777499999999987,0.08776466666666638,0.08777499999999963,1.4613540144552951e-05,0,8,452608,my_ring_all_reduce,8,8
56,0.08873599999999988,0.08873600000000079,0.08873600000000019,0.08873599999999988,4.252585352205896e-16,0,8,460800,my_ring_all_reduce,8,8
57,0.08905499999999995,0.08910350000000039,0.08907666666666679,0.08907150000000001,2.0134271501509748e-05,0,8,468992,my_ring_all_reduce,8,8
58,0.09150350000000071,0.09151900000000011,0.09151383333333353,0.09151899999999978,7.306770071901943e-06,0,8,477184,my_ring_all_reduce,8,8
59,0.09148699999999997,0.09148800000000029,0.09148766666666654,0.09148799999999938,4.714045207260826e-07,0,8,485376,my_ring_all_reduce,8,8
60,0.09375900000000002,0.09380750000000035,0.09377550000000019,0.09376000000000022,2.2631099546235144e-05,0,8,493568,my_ring_all_reduce,8,8
61,0.09488000000000012,0.09491100000000006,0.09489533333333339,0.09489499999999998,1.2657891697344663e-05,0,8,501760,my_ring_all_reduce,8,8
62,0.09551900000000023,0.09555150000000026,0.09554050000000014,0.09555099999999993,1.5204166095672513e-05,0,8,509952,my_ring_all_reduce,8,8
63,0.09711900000000002,0.09711999999999989,0.0971193333333335,0.0971190000000006,4.7140452059197056e-07,0,8,518144,my_ring_all_reduce,8,8
64,0.0974069999999997,0.09743949999999996,0.09742849999999968,0.0974389999999994,1.5204166095726063e-05,0,8,526336,my_ring_all_reduce,8,8
65,0.09919849999999997,0.09923199999999997,0.09922049999999989,0.09923099999999976,1.5561705133605598e-05,0,8,534528,my_ring_all_reduce,8,8
66,0.09926400000000013,0.09929500000000008,0.09928466666666676,0.09929500000000008,1.4613540144497345e-05,0,8,542720,my_ring_all_reduce,8,8
67,0.10119900000000007,0.1012470000000003,0.1012206666666669,0.10121600000000035,1.98718114144641e-05,0,8,550912,my_ring_all_reduce,8,8
68,0.10444700000000012,0.10447900000000118,0.10445766666666716,0.10444700000000012,1.5084944665812212e-05,0,8,559104,my_ring_all_reduce,8,8
69,0.10447900000000004,0.10451099999999906,0.10448966666666647,0.10447900000000027,1.5084944664798193e-05,0,8,567296,my_ring_all_reduce,8,8
70,0.10457499999999982,0.10460699999999998,0.10458566666666684,0.10457500000000072,1.5084944665174362e-05,0,8,575488,my_ring_all_reduce,8,8
71,0.10652799999999843,0.1065585000000001,0.10653816666666625,0.10652800000000025,1.4377837884484303e-05,0,8,583680,my_ring_all_reduce,8,8
72,0.10710199999999986,0.10713500000000022,0.10711333333333369,0.10710300000000098,1.5326085243346424e-05,0,8,591872,my_ring_all_reduce,8,8
73,0.10713500000000022,0.10716699999999946,0.1071560000000001,0.10716600000000062,1.4854853303341811e-05,0,8,600064,my_ring_all_reduce,8,8
74,0.10727900000000046,0.10729549999999995,0.10728983333333349,0.10729500000000007,7.663042621502323e-06,0,8,608256,my_ring_all_reduce,8,8
75,0.10758300000000008,0.10764750000000049,0.10762050000000002,0.10763099999999952,2.7358728040672285e-05,0,8,616448,my_ring_all_reduce,8,8
76,0.10761599999999999,0.10769550000000004,0.10765283333333332,0.10764699999999994,3.271679826771813e-05,0,8,624640,my_ring_all_reduce,8,8
77,0.10825500000000012,0.10827100000000019,0.10826050000000016,0.10825550000000021,7.427426651730852e-06,0,8,632832,my_ring_all_reduce,8,8
78,0.10831999999999971,0.10835099999999966,0.10833033333333303,0.10831999999999971,1.4613540144497344e-05,0,8,641024,my_ring_all_reduce,8,8
79,0.10892699999999968,0.10892799999999989,0.10892733333333338,0.10892700000000059,4.714045206737462e-07,0,8,649216,my_ring_all_reduce,8,8
80,0.1117430000000004,0.11174400000000059,0.1117436666666672,0.11174400000000059,4.7140452088309187e-07,0,8,657408,my_ring_all_reduce,8,8
81,0.12348649999999953,0.12351899999999887,0.12349749999999948,0.12348700000000008,1.5204166095294325e-05,0,8,665600,my_ring_all_reduce,8,8
82,0.12420699999999989,0.12422299999999996,0.1242176666666666,0.12422299999999996,7.5424723326902186e-06,0,8,673792,my_ring_all_reduce,8,8
83,0.12422299999999996,0.12425500000000012,0.12423400000000001,0.12422399999999993,1.4854853303518069e-05,0,8,681984,my_ring_all_reduce,8,8
84,0.12428700000000026,0.12428800000000047,0.12428766666666646,0.12428799999999865,4.714045204611295e-07,0,8,690176,my_ring_all_reduce,8,8
85,0.12438299999999981,0.12441499999999951,0.12439366666666642,0.12438299999999992,1.5084944665144923e-05,0,8,698368,my_ring_all_reduce,8,8
86,0.12438350000000037,0.12444700000000011,0.12441550000000007,0.12441599999999972,2.5926177247351398e-05,0,8,706560,my_ring_all_reduce,8,8
87,0.12460699999999997,0.12463900000000012,0.12461766666666668,0.12460699999999997,1.508494466538698e-05,0,8,714752,my_ring_all_reduce,8,8
88,0.1250224999999996,0.12502299999999958,0.12502283333333278,0.12502299999999922,2.3570226030416285e-07,0,8,722944,my_ring_all_reduce,8,8
89,0.12566300000000047,0.12572699999999942,0.12569466666666676,0.12569400000000042,2.6132142829595132e-05,0,8,731136,my_ring_all_reduce,8,8
90,0.1265585000000001,0.1265589999999995,0.12655883333333295,0.12655899999999928,2.3570226006210694e-07,0,8,739328,my_ring_all_reduce,8,8
91,0.1267509999999993,0.12678299999999945,0.12676199999999926,0.12675199999999903,1.4854853303567583e-05,0,8,747520,my_ring_all_reduce,8,8
92,0.12819100000000072,0.12822299999999995,0.1282120000000003,0.1282220000000002,1.4854853303129741e-05,0,8,755712,my_ring_all_reduce,8,8
93,0.12819100000000072,0.12822350000000018,0.12821250000000028,0.12822299999999995,1.5204166095426675e-05,0,8,763904,my_ring_all_reduce,8,8
94,0.13126299999999994,0.13129500000000008,0.1312736666666667,0.13126300000000005,1.5084944665354269e-05,0,8,772096,my_ring_all_reduce,8,8
95,0.1376949999999997,0.1376949999999997,0.1376949999999997,0.1376949999999997,0.0,0,8,780288,my_ring_all_reduce,8,8
96,0.1376949999999997,0.13772699999999988,0.1377109999999999,0.13771100000000003,1.3063945294913338e-05,0,8,788480,my_ring_all_reduce,8,8
97,0.13772749999999997,0.13775900000000002,0.13774816666666703,0.13775800000000119,1.4619241506674788e-05,0,8,796672,my_ring_all_reduce,8,8
98,0.13815949999999977,0.13817499999999927,0.13816466666666627,0.13815949999999977,7.306770072026242e-06,0,8,804864,my_ring_all_reduce,8,8
99,0.13875099999999838,0.13878299999999946,0.13876716666666591,0.13876749999999993,1.3066071415465289e-05,0,8,813056,my_ring_all_reduce,8,8
100,0.13891099999999973,0.13891100000000006,0.13891099999999995,0.13891100000000006,1.5700924586837752e-16,0,8,821248,my_ring_all_reduce,8,8
101,0.13926299999999991,0.13929500000000009,0.13927399999999981,0.13926399999999944,1.485485330362426e-05,0,8,829440,my_ring_all_reduce,8,8
102,0.1400954999999999,0.14012700000000042,0.14011649999999995,0.1401269999999995,1.4849242404945432e-05,0,8,837632,my_ring_all_reduce,8,8
103,0.14012700000000042,0.14015900000000056,0.14013783333333366,0.14012750000000004,1.4968485413031994e-05,0,8,845824,my_ring_all_reduce,8,8
104,0.1413119999999999,0.14134299999999986,0.14133266666666655,0.14134299999999986,1.4613540144497345e-05,0,8,854016,my_ring_all_reduce,8,8
105,0.1420790000000004,0.14207999999999993,0.14207933333333367,0.14207900000000065,4.7140452051019493e-07,0,8,862208,my_ring_all_reduce,8,8
106,0.14271900000000004,0.14271950000000017,0.14271916666666706,0.14271900000000096,2.3570226023874232e-07,0,8,870400,my_ring_all_reduce,8,8
107,0.14547099999999977,0.14547100000000013,0.145471,0.14547100000000002,1.5202354861220294e-16,0,8,878592,my_ring_all_reduce,8,8
108,0.14996650000000045,0.14998300000000017,0.1499775000000003,0.14998300000000017,7.77817459292242e-06,0,8,886784,my_ring_all_reduce,8,8
109,0.15065499999999998,0.15067050000000018,0.15066016666666693,0.15065500000000065,7.306770072196336e-06,0,8,894976,my_ring_all_reduce,8,8
110,0.1506229999999996,0.1506549999999993,0.15064433333333258,0.15065499999999885,1.5084944665066418e-05,0,8,903168,my_ring_all_reduce,8,8
111,0.1506550000000002,0.1506869999999999,0.15067616666666672,0.15068650000000003,1.4968485412765186e-05,0,8,911360,my_ring_all_reduce,8,8
112,0.1506869999999999,0.15075099999999952,0.15071899999999983,0.15071900000000005,2.6127890589532065e-05,0,8,919552,my_ring_all_reduce,8,8
113,0.15071800000000077,0.1507504999999992,0.15072916666666683,0.15071900000000052,1.509046792520606e-05,0,8,927744,my_ring_all_reduce,8,8
114,0.15065499999999885,0.15068699999999807,0.15066566666666587,0.15065500000000065,1.5084944664523428e-05,0,8,935936,my_ring_all_reduce,8,8
115,0.1506869999999999,0.1507189999999996,0.15069766666666648,0.1506869999999999,1.5084944665171091e-05,0,8,944128,my_ring_all_reduce,8,8
116,0.15065499999999976,0.15065500000000065,0.15065500000000012,0.15065499999999998,3.775166431889533e-16,0,8,952320,my_ring_all_reduce,8,8
117,0.1506869999999999,0.15071899999999913,0.1506979999999997,0.1506880000000001,1.4854853303030091e-05,0,8,960512,my_ring_all_reduce,8,8
118,0.15067050000000018,0.15068700000000002,0.15068150000000002,0.1506869999999999,7.778174592948586e-06,0,8,968704,my_ring_all_reduce,8,8
119,0.15075100000000022,0.1507515000000001,0.15075116666666685,0.15075100000000022,2.357022603368731e-07,0,8,976896,my_ring_all_reduce,8,8
120,0.15075100000000022,0.15078300000000036,0.1507723333333335,0.15078299999999992,1.5084944665275764e-05,0,8,985088,my_ring_all_reduce,8,8
121,0.15075100000000022,0.1507819999999997,0.1507664999999999,0.15076649999999972,1.2655697004165788e-05,0,8,993280,my_ring_all_reduce,8,8
122,0.15075,0.15078299999999945,0.15076166666666638,0.15075199999999972,1.510702559129949e-05,0,8,1001472,my_ring_all_reduce,8,8
123,0.15075100000000022,0.15075100000000022,0.15075100000000022,0.15075100000000022,0.0,0,8,1009664,my_ring_all_reduce,8,8
124,0.15071900000000005,0.15075099999999883,0.15072966666666632,0.15071900000000005,1.5084944664739316e-05,0,8,1017856,my_ring_all_reduce,8,8
125,0.15075100000000022,0.15078300000000036,0.15076166666666693,0.15075100000000022,1.5084944665380437e-05,0,8,1026048,my_ring_all_reduce,8,8
126,0.150846,0.15084699999999976,0.15084633333333342,0.15084600000000045,4.7140452056907335e-07,0,8,1034240,my_ring_all_reduce,8,8
127,0.15078350000000046,0.15081500000000006,0.15080450000000004,0.15081499999999962,1.4849242404624872e-05,0,8,1042432,my_ring_all_reduce,8,8
128,0.15084699999999976,0.1508624999999993,0.15085233333333312,0.1508475000000003,7.191816336454205e-06,0,8,1048576,my_ring_all_reduce,8,8
129,0.15084599999999956,0.1508789999999999,0.15085699999999969,0.15084599999999956,1.5556349186263527e-05,0,8,1081344,my_ring_all_reduce,8,8
130,0.15577400000000124,0.15577499999999997,0.15577466666666695,0.15577499999999964,4.7140452011112975e-07,0,8,1114112,my_ring_all_reduce,8,8
131,0.15580699999999978,0.15583899999999995,0.15582833333333324,0.15583899999999995,1.508494466539352e-05,0,8,1146880,my_ring_all_reduce,8,8
132,0.1558699999999999,0.15587100000000056,0.15587066666666702,0.15587100000000056,4.714045211055216e-07,0,8,1179648,my_ring_all_reduce,8,8
133,0.1558710000000001,0.15587200000000076,0.1558713333333338,0.15587100000000056,4.714045209943067e-07,0,8,1212416,my_ring_all_reduce,8,8
134,0.15590300000000026,0.15593499999999996,0.15592433333333322,0.1559349999999995,1.5084944665059876e-05,0,8,1245184,my_ring_all_reduce,8,8
135,0.15596699999999875,0.1559989999999998,0.1559776666666659,0.1559669999999992,1.508494466570754e-05,0,8,1277952,my_ring_all_reduce,8,8
136,0.1560619999999999,0.15606300000000012,0.1560626666666667,0.15606300000000012,4.71404520896176e-07,0,8,1310720,my_ring_all_reduce,8,8
137,0.160991,0.160991,0.160991,0.160991,0.0,0,8,1343488,my_ring_all_reduce,8,8
138,0.16100699999999984,0.16105500000000028,0.16103866666666675,0.16105400000000009,2.239543604314897e-05,0,8,1376256,my_ring_all_reduce,8,8
139,0.16102399999999945,0.1610860000000007,0.16105499999999953,0.16105499999999848,2.5311394009272063e-05,0,8,1409024,my_ring_all_reduce,8,8
140,0.160991,0.16102200000000086,0.16100133333333363,0.160991,1.461354014492912e-05,0,8,1441792,my_ring_all_reduce,8,8
141,0.16105400000000009,0.16105499999999917,0.1610543333333331,0.16105400000000009,4.7140452035972773e-07,0,8,1474560,my_ring_all_reduce,8,8
142,0.16105499999999995,0.1610554999999995,0.16105516666666655,0.16105500000000028,2.3570226010135924e-07,0,8,1507328,my_ring_all_reduce,8,8
143,0.16111899999999968,0.1611190000000006,0.16111899999999998,0.16111899999999968,4.3177542613803813e-16,0,8,1540096,my_ring_all_reduce,8,8
144,0.16615849999999954,0.16617500000000063,0.16616400000000006,0.16615850000000001,7.778174593452325e-06,0,8,1572864,my_ring_all_reduce,8,8
145,0.16623800000000075,0.16623899999999958,0.16623866666666665,0.16623899999999958,4.714045202419708e-07,0,8,1605632,my_ring_all_reduce,8,8
146,0.1662385000000004,0.1662545,0.16624399999999998,0.16623899999999958,7.4274266517140365e-06,0,8,1638400,my_ring_all_reduce,8,8
147,0.16627100000000042,0.16630199999999967,0.1662813333333336,0.16627100000000064,1.4613540144117905e-05,0,8,1671168,my_ring_all_reduce,8,8
148,0.16627149999999985,0.16630250000000002,0.16629216666666663,0.16630250000000002,1.4613540144602018e-05,0,8,1703936,my_ring_all_reduce,8,8
149,0.1662715000000003,0.1663029999999999,0.16629250000000004,0.1663029999999999,1.4849242404729545e-05,0,8,1736704,my_ring_all_reduce,8,8
150,0.1663029999999999,0.16633400000000076,0.16631850000000012,0.16631849999999965,1.2655697004732344e-05,0,8,1769472,my_ring_all_reduce,8,8
151,0.2214065000000005,0.22147099999999956,0.22144916666666678,0.22147000000000025,3.0172651339773422e-05,0,8,1802240,my_ring_all_reduce,8,8
152,0.22231849999999986,0.2223659999999991,0.22233949999999958,0.22233399999999984,1.9777933831751395e-05,0,8,1835008,my_ring_all_reduce,8,8
153,0.22785449999999946,0.22793400000000055,0.22790750000000007,0.2279340000000002,3.747665940331702e-05,0,8,1867776,my_ring_all_reduce,8,8
154,0.2346869999999999,0.23499049999999988,0.234884,0.23497450000000028,0.0001394530984477891,0,8,1900544,my_ring_all_reduce,8,8
155,0.24403049999999984,0.2440619999999999,0.24404633333333337,0.2440465000000004,1.286036114926106e-05,0,8,1933312,my_ring_all_reduce,8,8
156,0.2625740000000001,0.26329399999999986,0.2628940000000004,0.2628140000000012,0.0002993325909417152,0,8,1966080,my_ring_all_reduce,8,8
157,0.2670699999999997,0.26817450000000054,0.26775299999999985,0.2680144999999993,0.00048735117386422474,0,8,1998848,my_ring_all_reduce,8,8
158,0.2714220000000003,0.27155099999999993,0.2715024999999998,0.2715344999999993,5.73192812234062e-05,0,8,2031616,my_ring_all_reduce,8,8
159,0.2715985000000001,0.27164700000000086,0.27161983333333395,0.27161400000000097,2.0225121892495355e-05,0,8,2064384,my_ring_all_reduce,8,8
160,0.27161550000000034,0.27164600000000066,0.27163583333333374,0.27164600000000017,1.4377837884160473e-05,0,8,2097152,my_ring_all_reduce,8,8
161,0.27158199999999966,0.27164600000000017,0.2716246666666665,0.2716459999999997,3.0169889330760874e-05,0,8,2129920,my_ring_all_reduce,8,8
162,0.2723180000000002,0.27235000000000037,0.27232883333333424,0.27231850000000213,1.4968485412508267e-05,0,8,2162688,my_ring_all_reduce,8,8
163,0.2723025,0.27235000000000104,0.27232383333333354,0.27231899999999953,1.969066332660612e-05,0,8,2195456,my_ring_all_reduce,8,8
164,0.27726150000000055,0.2775019999999986,0.27741133333333323,0.27747050000000056,0.0001067257648778899,0,8,2228224,my_ring_all_reduce,8,8
165,0.2807504999999996,0.2813260000000007,0.28104883333333336,0.2810699999999997,0.00023542314150429825,0,8,2260992,my_ring_all_reduce,8,8
166,0.2825745000000006,0.28278200000000014,0.2826703333333336,0.2826545000000001,8.544816492388421e-05,0,8,2293760,my_ring_all_reduce,8,8
167,0.2837900000000009,0.28383799999999976,0.2838168333333336,0.2838225000000002,2.0001388840208876e-05,0,8,2326528,my_ring_all_reduce,8,8
168,0.28412650000000006,0.2841745000000001,0.28415300000000004,0.2841579999999999,1.991230775174469e-05,0,8,2359296,my_ring_all_reduce,8,8
169,0.28511800000000037,0.2854390000000012,0.28523600000000043,0.2851509999999998,0.00014417350658198607,0,8,2392064,my_ring_all_reduce,8,8
170,0.28515000000000057,0.28524599999999917,0.28519300000000003,0.28518300000000046,3.9824615502866316e-05,0,8,2424832,my_ring_all_reduce,8,8
171,0.2852465000000002,0.285438000000001,0.28533150000000024,0.2853099999999995,7.964399956516628e-05,0,8,2457600,my_ring_all_reduce,8,8
172,0.2912620000000002,0.2920944999999999,0.2916250000000001,0.2915185000000001,0.0003481098964406526,0,8,2490368,my_ring_all_reduce,8,8
173,0.29388699999999973,0.2942855000000004,0.2940783333333337,0.2940625000000009,0.0001630717292757145,0,8,2523136,my_ring_all_reduce,8,8
174,0.29571050000000015,0.29579050000000096,0.2957531666666667,0.29575849999999904,3.2876874682744205e-05,0,8,2555904,my_ring_all_reduce,8,8
175,0.2855020000000004,0.2855339999999997,0.28551800000000005,0.28551800000000005,1.3063945294539409e-05,0,8,2588672,my_ring_all_reduce,8,8
176,0.2864300000000001,0.2864940000000015,0.28646233333333376,0.28646299999999975,2.6132142830609814e-05,0,8,2621440,my_ring_all_reduce,8,8
177,0.27983750000000057,0.27988599999999997,0.2798646666666669,0.2798705,2.022512189196472e-05,0,8,2654208,my_ring_all_reduce,8,8
178,0.28300649999999994,0.28303800000000023,0.28302233333333343,0.28302250000000007,1.2860361149360697e-05,0,8,2686976,my_ring_all_reduce,8,8
179,0.28434999999999994,0.284558500000001,0.28446766666666673,0.2844944999999993,8.72088807917044e-05,0,8,2719744,my_ring_all_reduce,8,8
180,0.2833585000000003,0.2835665000000013,0.28344366666666715,0.28340599999999994,8.89946939746699e-05,0,8,2752512,my_ring_all_reduce,8,8
181,0.2855659999999998,0.28569399999999995,0.2856513333333331,0.2856939999999995,6.033977866120773e-05,0,8,2785280,my_ring_all_reduce,8,8
182,0.26831799999999956,0.26841450000000056,0.26837149999999926,0.2683819999999978,4.008948324290196e-05,0,8,2818048,my_ring_all_reduce,8,8
183,0.28075050000000057,0.280829999999999,0.2807819999999996,0.28076549999999906,3.448912872148574e-05,0,8,2850816,my_ring_all_reduce,8,8
184,0.28678150000000097,0.28697450000000024,0.28689416666666695,0.2869264999999996,8.204199466627072e-05,0,8,2883584,my_ring_all_reduce,8,8
185,0.2750699999999997,0.2752940000000001,0.27518749999999975,0.2751984999999995,9.177781140718599e-05,0,8,2916352,my_ring_all_reduce,8,8
186,0.2751824999999999,0.2754540000000004,0.2753369999999999,0.27537449999999947,0.00011396710051603172,0,8,2949120,my_ring_all_reduce,8,8
187,0.27239799999999925,0.2725264999999997,0.27244649999999937,0.2724149999999991,5.6992689589944316e-05,0,8,2981888,my_ring_all_reduce,8,8
188,0.2723184999999994,0.2724775,0.27241949999999965,0.27246249999999966,7.167984375003588e-05,0,8,3014656,my_ring_all_reduce,8,8
189,0.274174,0.2745100000000002,0.2743873333333333,0.27447799999999983,0.00015141407537686897,0,8,3047424,my_ring_all_reduce,8,8
190,0.2743979999999995,0.27446199999999954,0.27443016666666614,0.27443049999999947,2.6128953714674042e-05,0,8,3080192,my_ring_all_reduce,8,8
191,0.27423800000000076,0.27465350000000127,0.2744083333333338,0.2743334999999993,0.000177689022984106,0,8,3112960,my_ring_all_reduce,8,8
192,0.2744305000000004,0.27447849999999985,0.27445183333333345,0.27444650000000004,1.9955506062576936e-05,0,8,3145728,my_ring_all_reduce,8,8
193,0.2741745000000001,0.2743819999999996,0.2742915000000003,0.2743180000000011,8.675924542465858e-05,0,8,3178496,my_ring_all_reduce,8,8
194,0.2742865000000004,0.27459050000000024,0.2744678333333335,0.27452649999999995,0.00013085700422800237,0,8,3211264,my_ring_all_reduce,8,8
195,0.27814300000000003,0.2782705000000001,0.2782278333333335,0.27827000000000046,5.998657257172388e-05,0,8,3244032,my_ring_all_reduce,8,8
196,0.27988650000000054,0.2800149999999994,0.2799558333333331,0.27996599999999944,5.29501862335726e-05,0,8,3276800,my_ring_all_reduce,8,8
197,0.28046199999999954,0.28059050000000024,0.28051566666666655,0.2804944999999998,5.455323597722288e-05,0,8,3309568,my_ring_all_reduce,8,8
198,0.280846500000001,0.2809585000000003,0.28088883333333364,0.28086149999999954,4.9640932930549205e-05,0,8,3342336,my_ring_all_reduce,8,8
199,0.2815659999999994,0.2817420000000002,0.28166216666666616,0.28167849999999905,7.277400329511163e-05,0,8,3375104,my_ring_all_reduce,8,8
200,0.29715049999999976,0.2975019999999995,0.29729433333333294,0.2972304999999997,0.00015043067801766627,0,8,3407872,my_ring_all_reduce,8,8
201,0.2999179999999997,0.30010999999999965,0.30003549999999934,0.3000784999999987,8.407437183809399e-05,0,8,3440640,my_ring_all_reduce,8,8
202,0.30041400000000024,0.3008300000000008,0.30056866666666715,0.30046200000000045,0.00018582668149553174,0,8,3473408,my_ring_all_reduce,8,8
203,0.3008620000000004,0.3010059999999985,0.300942,0.300958000000001,5.9866518187755535e-05,0,8,3506176,my_ring_all_reduce,8,8
204,0.301485999999999,0.3016940000000004,0.30157683333333324,0.3015505000000003,8.693324386549552e-05,0,8,3538944,my_ring_all_reduce,8,8
205,0.32482999999999995,0.32527750000000105,0.3250645000000001,0.3250859999999993,0.00018332257544234365,0,8,3571712,my_ring_all_reduce,8,8
206,0.3277099999999991,0.327902,0.32782733333333297,0.3278699999999999,8.398941732319389e-05,0,8,3604480,my_ring_all_reduce,8,8
207,0.3305575000000008,0.33082999999999996,0.33071233333333355,0.3307494999999999,0.00011430976433418197,0,8,3637248,my_ring_all_reduce,8,8
208,0.3357580000000014,0.33606200000000175,0.33592866666666765,0.3359659999999999,0.00012688402403592764,0,8,3670016,my_ring_all_reduce,8,8
209,0.3456460000000007,0.3477899999999995,0.3465316666666666,0.34615899999999966,0.0009140912913315306,0,8,3702784,my_ring_all_reduce,8,8
210,0.35950150000000214,0.35974149999999827,0.35960300000000034,0.3595660000000007,0.00010141252387983404,0,8,3735552,my_ring_all_reduce,8,8
211,0.37178950000000077,0.37188550000000214,0.37182166666666755,0.3717899999999995,4.5137444422274926e-05,0,8,3768320,my_ring_all_reduce,8,8
212,0.3784140000000007,0.37895750000000045,0.3786645000000002,0.3786219999999994,0.00022390883561542387,0,8,3801088,my_ring_all_reduce,8,8
213,0.38791750000000047,0.3884295000000002,0.3882481666666666,0.3883974999999991,0.00023418131626737915,0,8,3833856,my_ring_all_reduce,8,8
214,0.39658950000000004,0.3976295,0.3970695000000002,0.3969895000000006,0.0004283300907788653,0,8,3866624,my_ring_all_reduce,8,8
215,0.4055970000000016,0.40594900000000056,0.40581050000000113,0.40588550000000123,0.00015317691296847853,0,8,3899392,my_ring_all_reduce,8,8
216,0.4115500000000004,0.41227000000000047,0.4118056666666669,0.41159699999999977,0.00032889343089973015,0,8,3932160,my_ring_all_reduce,8,8
217,0.4167175000000009,0.4177095000000004,0.41737350000000023,0.4176934999999994,0.0004639080368631573,0,8,3964928,my_ring_all_reduce,8,8
218,0.4219335000000024,0.4228940000000039,0.4223446666666688,0.42220650000000026,0.00040411020224227534,0,8,3997696,my_ring_all_reduce,8,8
219,0.42383849999999984,0.4242540000000008,0.42398750000000046,0.4238700000000008,0.00018888223844526695,0,8,4030464,my_ring_all_reduce,8,8
220,0.42578900000000025,0.4264934999999996,0.4261199999999998,0.42607749999999944,0.0002891767049167738,0,8,4063232,my_ring_all_reduce,8,8
221,0.4275659999999989,0.42798199999999986,0.4277258333333327,0.42762949999999933,0.00018298284679816283,0,8,4096000,my_ring_all_reduce,8,8
222,0.4294860000000001,0.43050900000000003,0.42996550000000067,0.42990150000000177,0.00042008272994721753,0,8,4128768,my_ring_all_reduce,8,8
223,0.4328780000000006,0.4333580000000003,0.4331500000000003,0.43321399999999993,0.00020111688143945177,0,8,4161536,my_ring_all_reduce,8,8
224,0.43503799999999865,0.435244999999999,0.43515999999999927,0.4351970000000001,8.846468221870067e-05,0,8,4194304,my_ring_all_reduce,8,8
225,0.43577300000000013,0.4362689999999998,0.4360028333333335,0.4359665000000005,0.00020411448312688177,0,8,4227072,my_ring_all_reduce,8,8
226,0.43695799999999874,0.4372774999999996,0.4371549999999999,0.43722950000000127,0.000140671603389583,0,8,4259840,my_ring_all_reduce,8,8
227,0.43778949999999894,0.4379335000000001,0.437875,0.43790200000000096,6.181019333476342e-05,0,8,4292608,my_ring_all_reduce,8,8
228,0.43823700000000193,0.4388939999999984,0.43858416666666716,0.4386215000000011,0.0002695150995549942,0,8,4325376,my_ring_all_reduce,8,8
229,0.4386855000000014,0.43921350000000164,0.43899500000000097,0.4390859999999998,0.00022495443983158102,0,8,4358144,my_ring_all_reduce,8,8
230,0.43892549999999997,0.4391655000000001,0.43906966666666625,0.43911799999999857,0.0001037692418567206,0,8,4390912,my_ring_all_reduce,8,8
231,0.43852549999999885,0.43895750000000044,0.4386854999999999,0.43857350000000045,0.00019332873557795306,0,8,4423680,my_ring_all_reduce,8,8
232,0.43868600000000063,0.4387980000000007,0.4387441666666663,0.4387484999999979,4.582636310629096e-05,0,8,4456448,my_ring_all_reduce,8,8
233,0.4387174999999989,0.4393099999999986,0.4390964999999987,0.4392619999999988,0.0002687089503532663,0,8,4489216,my_ring_all_reduce,8,8
234,0.43866949999999955,0.43892549999999847,0.43883483333333256,0.4389094999999998,0.00011709065813364069,0,8,4521984,my_ring_all_reduce,8,8
235,0.4390059999999994,0.4392935000000025,0.4391283333333346,0.43908550000000196,0.0001212162897021582,0,8,4554752,my_ring_all_reduce,8,8
236,0.43849400000000244,0.43906950000000144,0.4387976666666673,0.43882949999999804,0.00023602271547872047,0,8,4587520,my_ring_all_reduce,8,8
237,0.4386055000000019,0.4391980000000003,0.4388510000000007,0.4387494999999999,0.00025231032479818054,0,8,4620288,my_ring_all_reduce,8,8
238,0.43876549999999953,0.4388455000000004,0.43879750000000034,0.438781500000001,3.4563950391680205e-05,0,8,4653056,my_ring_all_reduce,8,8
239,0.43886150000000274,0.43894150000000126,0.4388990000000011,0.43889399999999934,3.285067224024818e-05,0,8,4685824,my_ring_all_reduce,8,8
240,0.4384290000000019,0.4388770000000004,0.4386425000000009,0.4386215000000002,0.0001834970481137408,0,8,4718592,my_ring_all_reduce,8,8
241,0.4385420000000004,0.4391174999999985,0.4387391666666672,0.4385580000000027,0.00026760179786665167,0,8,4751360,my_ring_all_reduce,8,8
242,0.4386049999999996,0.43910199999999894,0.4389094999999997,0.43902150000000073,0.00021780763684194003,0,8,4784128,my_ring_all_reduce,8,8
243,0.4385260000000012,0.43902150000000073,0.43877100000000063,0.4387655,0.00020232440946804707,0,8,4816896,my_ring_all_reduce,8,8
244,0.4386375000000012,0.43914949999999864,0.43892566666666627,0.4389899999999989,0.00021391600116652754,0,8,4849664,my_ring_all_reduce,8,8
245,0.4391815000000006,0.4395015000000003,0.4393361666666669,0.4393254999999999,0.00013085700422800617,0,8,4882432,my_ring_all_reduce,8,8
246,0.43983699999999953,0.44062199999999985,0.4402959999999996,0.4404289999999994,0.00033398902177575126,0,8,4915200,my_ring_all_reduce,8,8
247,0.4421100000000006,0.44306900000000315,0.4425681666666678,0.44252549999999974,0.0003926708403864008,0,8,4947968,my_ring_all_reduce,8,8
248,0.44526150000000053,0.44583750000000144,0.44551200000000063,0.4454369999999999,0.0002410570471905521,0,8,4980736,my_ring_all_reduce,8,8
249,0.4485410000000004,0.4488770000000004,0.4486640000000006,0.44857400000000097,0.00015121507861310258,0,8,5013504,my_ring_all_reduce,8,8
250,0.4526050000000009,0.45345349999999973,0.45303750000000065,0.45305400000000146,0.00034659510479281456,0,8,5046272,my_ring_all_reduce,8,8
251,0.4572459999999992,0.45794949999999884,0.45756566666666615,0.45750150000000034,0.0002907646050595117,0,8,5079040,my_ring_all_reduce,8,8
252,0.46420600000000106,0.4648130000000001,0.46455233333333396,0.46463800000000083,0.00025510302929477875,0,8,5111808,my_ring_all_reduce,8,8
253,0.4671650000000009,0.467566499999999,0.4673791666666666,0.46740599999999993,0.0001650062288378917,0,8,5144576,my_ring_all_reduce,8,8
254,0.47108550000000016,0.4713734999999979,0.4711814999999997,0.47108550000000105,0.00013576450198653982,0,8,5177344,my_ring_all_reduce,8,8
255,0.47516499999999995,0.4754210000000012,0.4753146666666666,0.4753579999999986,0.00010891076877704064,0,8,5210112,my_ring_all_reduce,8,8
256,0.4783490000000002,0.47855750000000263,0.47844516666666764,0.4784290000000001,8.588396564981981e-05,0,8,5242880,my_ring_all_reduce,8,8
257,0.4811014999999998,0.48145400000000066,0.48129333333333374,0.48132450000000065,0.00014558521750392866,0,8,5275648,my_ring_all_reduce,8,8
258,0.48388550000000036,0.48396600000000034,0.48391749999999983,0.4839009999999989,3.487358121389295e-05,0,8,5308416,my_ring_all_reduce,8,8
259,0.48535749999999916,0.48577400000000037,0.48553349999999956,0.48546899999999915,0.00017604592203984974,0,8,5341184,my_ring_all_reduce,8,8
260,0.48858849999999804,0.4887974999999988,0.4886956666666659,0.48870100000000094,8.540719459711341e-05,0,8,5373952,my_ring_all_reduce,8,8
261,0.49153299999999944,0.49188499999999885,0.491714666666666,0.49172599999999966,0.0001439266788640083,0,8,5406720,my_ring_all_reduce,8,8
262,0.4972450000000008,0.497677499999998,0.4974051666666662,0.49729299999999965,0.00019356322538590946,0,8,5439488,my_ring_all_reduce,8,8
263,0.5079490000000005,0.5117410000000009,0.5103491666666674,0.5113575000000006,0.0017043802555638532,0,8,5472256,my_ring_all_reduce,8,8
264,0.5212459999999992,0.5222369999999992,0.521901666666666,0.5222219999999997,0.00046366678648464185,0,8,5505024,my_ring_all_reduce,8,8
265,0.5345890000000004,0.5354215000000002,0.5349304999999999,0.5347809999999991,0.0003559276611898373,0,8,5537792,my_ring_all_reduce,8,8
266,0.5461730000000014,0.546237000000001,0.5461996666666676,0.5461890000000004,2.719477073911614e-05,0,8,5570560,my_ring_all_reduce,8,8
267,0.554972499999999,0.5575174999999999,0.5562318333333336,0.5562055000000019,0.0010391587409484728,0,8,5603328,my_ring_all_reduce,8,8
268,0.5690530000000036,0.5698214999999982,0.5695171666666671,0.5696769999999997,0.00033347472001244555,0,8,5636096,my_ring_all_reduce,8,8
269,0.5795320000000002,0.5807964999999986,0.5799858333333326,0.5796289999999991,0.0005745941079477848,0,8,5668864,my_ring_all_reduce,8,8
270,0.5928609999999985,0.5931810000000005,0.5930049999999997,0.592973,0.00013258456421042688,0,8,5701632,my_ring_all_reduce,8,8
271,0.600956499999997,0.6013725000000013,0.6011539999999994,0.6011329999999998,0.0001704792264977,0,8,5734400,my_ring_all_reduce,8,8
272,0.6099644999999982,0.6103169999999963,0.6101834999999983,0.6102690000000003,0.00015609131942534885,0,8,5767168,my_ring_all_reduce,8,8
273,0.6102365000000018,0.6108280000000031,0.610513833333335,0.6104769999999998,0.00024287937106557786,0,8,5799936,my_ring_all_reduce,8,8
274,0.6102524999999988,0.610893,0.6106208333333337,0.6107170000000024,0.000270180289601873,0,8,5832704,my_ring_all_reduce,8,8
275,0.6100770000000021,0.6111169999999984,0.6106158333333336,0.6106535000000004,0.00042541280605344465,0,8,5865472,my_ring_all_reduce,8,8
276,0.6099170000000013,0.6107959999999985,0.6103965000000001,0.6104765000000006,0.0003632815712353407,0,8,5898240,my_ring_all_reduce,8,8
277,0.6103164999999999,0.6104929999999995,0.6104288333333334,0.6104770000000008,7.969978391166662e-05,0,8,5931008,my_ring_all_reduce,8,8
278,0.6106210000000029,0.6107490000000008,0.6106740000000018,0.6106520000000019,5.4522166745064815e-05,0,8,5963776,my_ring_all_reduce,8,8
279,0.6104609999999994,0.6107169999999987,0.6105889999999995,0.6105890000000004,0.00010451156235849086,0,8,5996544,my_ring_all_reduce,8,8
280,0.6105729999999999,0.6109890000000004,0.6107170000000007,0.6105890000000018,0.0001924439312282926,0,8,6029312,my_ring_all_reduce,8,8
281,0.6104125000000004,0.6106529999999984,0.6105033333333328,0.6104444999999996,0.0001066335886203818,0,8,6062080,my_ring_all_reduce,8,8
282,0.6106049999999996,0.6111169999999984,0.6107969999999996,0.6106690000000008,0.00022777766937585593,0,8,6094848,my_ring_all_reduce,8,8
283,0.6100124999999996,0.6106529999999993,0.6102848333333334,0.6101890000000012,0.00027012106339328125,0,8,6127616,my_ring_all_reduce,8,8
284,0.6101880000000024,0.6110369999999984,0.6106046666666668,0.6105889999999999,0.00034677978923387776,0,8,6160384,my_ring_all_reduce,8,8
285,0.6102690000000003,0.6108604999999979,0.6105248333333326,0.6104449999999997,0.00024798935908970995,0,8,6193152,my_ring_all_reduce,8,8
286,0.6102209999999996,0.6111810000000005,0.6106956666666665,0.6106849999999995,0.0003919909296006735,0,8,6225920,my_ring_all_reduce,8,8
287,0.610092999999998,0.6108930000000037,0.6104665000000014,0.6104135000000024,0.0003287417933091686,0,8,6258688,my_ring_all_reduce,8,8
288,0.610237000000001,0.6107330000000002,0.6104663333333338,0.6104290000000001,0.00020420469033650954,0,8,6291456,my_ring_all_reduce,8,8
289,0.6101890000000021,0.6106369999999988,0.610466333333334,0.610573000000001,0.00019783719456942803,0,8,6324224,my_ring_all_reduce,8,8
290,0.6100289999999986,0.6103009999999988,0.6101943333333321,0.6102529999999988,0.00011853925744484722,0,8,6356992,my_ring_all_reduce,8,8
291,0.6099969999999995,0.6105089999999991,0.6103383333333322,0.6105089999999982,0.00024135911464462156,0,8,6389760,my_ring_all_reduce,8,8
292,0.609853000000001,0.6110205000000005,0.6105088333333337,0.6106529999999998,0.00048740953576564827,0,8,6422528,my_ring_all_reduce,8,8
293,0.6105405000000007,0.6109409999999994,0.6107649999999994,0.6108134999999983,0.00016706136597002398,0,8,6455296,my_ring_all_reduce,8,8
294,0.6105565000000024,0.6111975000000002,0.6108023333333342,0.6106530000000002,0.00028218856973399935,0,8,6488064,my_ring_all_reduce,8,8
295,0.6109245000000001,0.6114850000000006,0.6112341666666662,0.6112929999999979,0.00023257412199602446,0,8,6520832,my_ring_all_reduce,8,8
296,0.6117569999999969,0.6120919999999996,0.611969999999999,0.6120610000000006,0.00015114452245158457,0,8,6553600,my_ring_all_reduce,8,8
297,0.6136614999999993,0.6143170000000009,0.6140238333333335,0.6140930000000008,0.00027203931496985257,0,8,6586368,my_ring_all_reduce,8,8
298,0.6185889999999999,0.6194844999999969,0.6188983333333327,0.6186215000000012,0.0004146947337751022,0,8,6619136,my_ring_all_reduce,8,8
299,0.6242844999999991,0.6254529999999979,0.6248339999999989,0.6247644999999993,0.0004795628217444469,0,8,6651904,my_ring_all_reduce,8,8
300,0.6279959999999992,0.6295330000000003,0.6286420000000001,0.6283970000000009,0.0006509536593852615,0,8,6684672,my_ring_all_reduce,8,8
301,0.6318520000000007,0.6332929999999997,0.6324658333333336,0.6322525000000006,0.0006073184685333157,0,8,6717440,my_ring_all_reduce,8,8
302,0.6353884999999988,0.636317,0.6358261666666666,0.635773000000001,0.00038091826186538024,0,8,6750208,my_ring_all_reduce,8,8
303,0.6385890000000036,0.6403169999999991,0.6396716666666676,0.6401090000000004,0.0007702559459162534,0,8,6782976,my_ring_all_reduce,8,8
304,0.6466369999999988,0.6480124999999989,0.6471324999999992,0.6467480000000001,0.0006239018352270776,0,8,6815744,my_ring_all_reduce,8,8
305,0.6514844999999991,0.6526690000000008,0.6521673333333324,0.6523484999999973,0.0005002506593924416,0,8,6848512,my_ring_all_reduce,8,8
306,0.6556764999999978,0.6561239999999998,0.6558789999999983,0.6558364999999976,0.00018514633851903563,0,8,6881280,my_ring_all_reduce,8,8
307,0.658317,0.6591319999999987,0.6586309999999994,0.6584439999999995,0.0003580344489938025,0,8,6914048,my_ring_all_reduce,8,8
308,0.6611649999999991,0.6615970000000007,0.661421,0.6615010000000002,0.00018521339044529238,0,8,6946816,my_ring_all_reduce,8,8
309,0.664701000000001,0.6647969999999986,0.6647486666666671,0.6647480000000014,3.9194670838602636e-05,0,8,6979584,my_ring_all_reduce,8,8
310,0.6670690000000031,0.6678209999999999,0.6675333333333348,0.6677100000000009,0.0003314456550044649,0,8,7012352,my_ring_all_reduce,8,8
311,0.6709089999999996,0.6712450000000026,0.6710259999999999,0.6709239999999973,0.00015497741771173466,0,8,7045120,my_ring_all_reduce,8,8
312,0.6746049999999978,0.6749885,0.6748499999999981,0.6749564999999966,0.00017373303274503528,0,8,7077888,my_ring_all_reduce,8,8
313,0.674589,0.6750365000000006,0.6748766666666671,0.6750045000000009,0.00020383013080102505,0,8,7110656,my_ring_all_reduce,8,8
314,0.6744600000000005,0.6747170000000042,0.6745513333333358,0.6744770000000027,0.0001173494307152519,0,8,7143424,my_ring_all_reduce,8,8
315,0.6744929999999986,0.6750209999999989,0.6748183333333321,0.6749409999999989,0.00023235222304859588,0,8,7176192,my_ring_all_reduce,8,8
316,0.6744774999999985,0.6752605000000004,0.6749089999999995,0.6749889999999996,0.0003246251684643325,0,8,7208960,my_ring_all_reduce,8,8
317,0.6798520000000026,0.6817884999999988,0.6807963333333337,0.6807484999999998,0.0007912960184952827,0,8,7241728,my_ring_all_reduce,8,8
318,0.6936124999999993,0.6952130000000034,0.6941941666666674,0.6937569999999996,0.0007228351971403446,0,8,7274496,my_ring_all_reduce,8,8
319,0.7060769999999993,0.7078850000000017,0.7068663333333337,0.7066370000000006,0.0007557165841484201,0,8,7307264,my_ring_all_reduce,8,8
320,0.7180925000000007,0.7197729999999992,0.7190473333333336,0.7192765000000009,0.0007049388074305028,0,8,7340032,my_ring_all_reduce,8,8
321,0.7306200000000026,0.7325724999999984,0.7318523333333342,0.7323645000000015,0.0008755189254873412,0,8,7372800,my_ring_all_reduce,8,8
322,0.7429559999999993,0.7445404999999992,0.7436069999999996,0.7433245000000006,0.0006770104627451046,0,8,7405568,my_ring_all_reduce,8,8
323,0.7543640000000005,0.7553240000000006,0.7550040000000005,0.7553240000000006,0.00045254833995942437,0,8,7438336,my_ring_all_reduce,8,8
324,0.764893,0.7661890000000021,0.7655061666666674,0.7654364999999999,0.0005313781348749448,0,8,7471104,my_ring_all_reduce,8,8
325,0.7749565000000012,0.7757244999999966,0.7753616666666656,0.7754039999999991,0.0003149604031531488,0,8,7503872,my_ring_all_reduce,8,8
326,0.7851160000000018,0.7855160000000014,0.7852866666666672,0.7852279999999983,0.00016848606932217514,0,8,7536640,my_ring_all_reduce,8,8
327,0.7846684999999984,0.7852440000000006,0.7850041666666677,0.785100000000004,0.0002445241410500388,0,8,7569408,my_ring_all_reduce,8,8
328,0.7848600000000006,0.7851959999999999,0.7849933333333331,0.7849239999999991,0.00014566933635990398,0,8,7602176,my_ring_all_reduce,8,8
329,0.7846205000000009,0.7854040000000023,0.7849030000000009,0.7846844999999995,0.00035522270010142197,0,8,7634944,my_ring_all_reduce,8,8
330,0.7847805000000008,0.7856125000000002,0.7850629999999997,0.7847959999999985,0.00038860669920479703,0,8,7667712,my_ring_all_reduce,8,8
331,0.7850040000000027,0.7852119999999996,0.7850843333333343,0.7850370000000008,9.127370316079138e-05,0,8,7700480,my_ring_all_reduce,8,8
332,0.7843800000000011,0.7846210000000001,0.7844605000000008,0.7843805000000011,0.00011349082194856562,0,8,7733248,my_ring_all_reduce,8,8
333,0.7841080000000001,0.7853085000000001,0.7848814999999999,0.7852279999999991,0.0005479335421987053,0,8,7766016,my_ring_all_reduce,8,8
334,0.7849240000000027,0.7855800000000017,0.785148000000001,0.7849399999999987,0.0003055399591983477,0,8,7798784,my_ring_all_reduce,8,8
335,0.7843315000000003,0.7847800000000007,0.7845505000000005,0.7845400000000009,0.0001832498294680188,0,8,7831552,my_ring_all_reduce,8,8
336,0.7848764999999985,0.7851329999999999,0.7849619999999989,0.7848764999999985,0.00012091525958352429,0,8,7864320,my_ring_all_reduce,8,8
337,0.784172000000001,0.7853240000000024,0.7848600000000007,0.7850839999999989,0.0004962579974167807,0,8,7897088,my_ring_all_reduce,8,8
338,0.7846850000000004,0.7850194999999985,0.784876166666666,0.7849239999999991,0.00014068542528871702,0,8,7929856,my_ring_all_reduce,8,8
339,0.7849244999999991,0.785164,0.7850523333333328,0.7850684999999994,9.844146596981998e-05,0,8,7962624,my_ring_all_reduce,8,8
340,0.7846685000000034,0.7857085000000007,0.785132333333336,0.785020000000004,0.0004319445051791481,0,8,7995392,my_ring_all_reduce,8,8
341,0.7847480000000014,0.7853409999999985,0.7850523333333337,0.7850680000000011,0.00024234456645099564,0,8,8028160,my_ring_all_reduce,8,8
342,0.7846200000000026,0.7851645000000026,0.7849030000000021,0.784924500000001,0.00022281045756419876,0,8,8060928,my_ring_all_reduce,8,8
343,0.7852759999999981,0.7862519999999995,0.7858094999999992,0.7859004999999998,0.00040361264433512033,0,8,8093696,my_ring_all_reduce,8,8
344,0.7856119999999983,0.7864925000000003,0.785937666666666,0.7857084999999993,0.0003942994490943811,0,8,8126464,my_ring_all_reduce,8,8
345,0.7872764999999999,0.7875970000000011,0.7874261666666679,0.7874050000000025,0.00013169683198791375,0,8,8159232,my_ring_all_reduce,8,8
346,0.7898855000000012,0.7910360000000001,0.7903911666666672,0.7902520000000001,0.0004798875446968412,0,8,8192000,my_ring_all_reduce,8,8
347,0.7941394999999993,0.7946685000000034,0.7944761666666654,0.7946204999999936,0.00023886444319362368,0,8,8224768,my_ring_all_reduce,8,8
348,0.7982204999999994,0.7991475,0.7987801666666665,0.7989724999999999,0.00040214121345088214,0,8,8257536,my_ring_all_reduce,8,8
349,0.801693,0.8026844999999987,0.8022419999999993,0.8023484999999991,0.00041172381519600756,0,8,8290304,my_ring_all_reduce,8,8
350,0.8055640000000003,0.8091160000000001,0.8076173333333333,0.8081719999999993,0.001502202235238313,0,8,8323072,my_ring_all_reduce,8,8
351,0.8116279999999988,0.8123809999999995,0.8119431666666667,0.8118205000000016,0.0003194136120385617,0,8,8355840,my_ring_all_reduce,8,8
352,0.8157079999999997,0.8169880000000003,0.8162200000000003,0.8159640000000009,0.000553023206264228,0,8,8388608,my_ring_all_reduce,8,8
353,0.8203160000000007,0.8228765000000012,0.821270833333335,0.8206200000000027,0.001142140704505619,0,8,8421376,my_ring_all_reduce,8,8
354,0.8233249999999953,0.8255644999999993,0.8243431666666646,0.8241399999999994,0.0009254899903428876,0,8,8454144,my_ring_all_reduce,8,8
355,0.8272279999999973,0.8287319999999998,0.8281826666666657,0.8285879999999998,0.0006776062442331878,0,8,8486912,my_ring_all_reduce,8,8
356,0.8316599999999981,0.8331965,0.8322788333333326,0.8319799999999996,0.0006619083941325275,0,8,8519680,my_ring_all_reduce,8,8
357,0.8353400000000002,0.8372765000000018,0.836588166666667,0.8371479999999992,0.0008841448159413205,0,8,8552448,my_ring_all_reduce,8,8
358,0.8401564999999973,0.8409724999999999,0.840470999999999,0.8402839999999997,0.0003584138669200298,0,8,8585216,my_ring_all_reduce,8,8
359,0.844492000000002,0.8446845000000022,0.8445721666666678,0.8445399999999991,8.181313396370684e-05,0,8,8617984,my_ring_all_reduce,8,8
360,0.8476760000000013,0.849164499999999,0.8485029999999996,0.8486684999999984,0.0006188434104564064,0,8,8650752,my_ring_all_reduce,8,8
361,0.8517879999999995,0.8528440000000009,0.8522040000000007,0.8519800000000014,0.00045928640302137766,0,8,8683520,my_ring_all_reduce,8,8
362,0.8555479999999998,0.8563484999999983,0.8559374999999999,0.8559160000000016,0.00032715618084676356,0,8,8716288,my_ring_all_reduce,8,8
363,0.858572000000002,0.8588284999999997,0.8586736666666671,0.8586204999999997,0.00011125970619259794,0,8,8749056,my_ring_all_reduce,8,8
364,0.861868,0.8622839999999997,0.8620493333333332,0.8619960000000001,0.0001739680685897421,0,8,8781824,my_ring_all_reduce,8,8
365,0.8648604999999989,0.8652279999999997,0.8650254999999989,0.864987999999998,0.00015235648985233193,0,8,8814592,my_ring_all_reduce,8,8
366,0.8693400000000016,0.8700439999999989,0.8696281666666664,0.8695004999999992,0.000301250818347478,0,8,8847360,my_ring_all_reduce,8,8
367,0.8695640000000003,0.8697724999999973,0.8696389999999995,0.869580500000001,9.463878697290717e-05,0,8,8880128,my_ring_all_reduce,8,8
368,0.869083999999999,0.8701719999999987,0.8696653333333325,0.8697399999999998,0.00044730104205354076,0,8,8912896,my_ring_all_reduce,8,8
369,0.869372000000003,0.869851999999999,0.8696545000000017,0.8697395000000033,0.00020496950992642972,0,8,8945664,my_ring_all_reduce,8,8
370,0.8695160000000005,0.8698359999999994,0.8697241666666669,0.8698205000000008,0.0001473320135685227,0,8,8978432,my_ring_all_reduce,8,8
371,0.8700280000000002,0.8702365000000009,0.870118833333334,0.8700920000000005,8.720888079164702e-05,0,8,9011200,my_ring_all_reduce,8,8
372,0.8717880000000005,0.8722839999999996,0.8720440000000004,0.8720600000000013,0.00020280696897922835,0,8,9043968,my_ring_all_reduce,8,8
373,0.8839320000000003,0.8850360000000019,0.8845348333333342,0.8846365000000003,0.00045640339126271805,0,8,9076736,my_ring_all_reduce,8,8
374,0.8965400000000009,0.8977399999999998,0.8972331666666687,0.8974195000000055,0.0005073066681561981,0,8,9109504,my_ring_all_reduce,8,8
375,0.9084759999999987,0.9101559999999991,0.9091266666666659,0.9087479999999996,0.0007362704816996618,0,8,9142272,my_ring_all_reduce,8,8
376,0.9202199999999976,0.9212440000000006,0.9208866666666666,0.9211960000000018,0.00047181163849973804,0,8,9175040,my_ring_all_reduce,8,8
377,0.9303640000000032,0.9310040000000008,0.930699833333335,0.9307315000000008,0.0002622366403747339,0,8,9207808,my_ring_all_reduce,8,8
378,0.9419159999999993,0.9422674999999999,0.9421183333333332,0.9421715000000004,0.00014834213457068813,0,8,9240576,my_ring_all_reduce,8,8
379,0.9522520000000004,0.9529085000000005,0.9524973333333332,0.9523314999999989,0.0002925446784494225,0,8,9273344,my_ring_all_reduce,8,8
380,0.9628274999999994,0.9633079999999973,0.962992833333332,0.962842999999999,0.00022294630643980158,0,8,9306112,my_ring_all_reduce,8,8
381,0.9628594999999986,0.9635800000000018,0.9631101666666679,0.9628910000000033,0.0003324711349213003,0,8,9338880,my_ring_all_reduce,8,8
382,0.9626035000000029,0.9635480000000043,0.9629985000000021,0.9628439999999991,0.0004007682206307672,0,8,9371648,my_ring_all_reduce,8,8
383,0.9632119999999995,0.9636755000000012,0.9635208333333339,0.9636750000000011,0.00021837823965746315,0,8,9404416,my_ring_all_reduce,8,8
384,0.9623640000000014,0.963371000000001,0.9628275000000008,0.9627475,0.00041497971837979814,0,8,9437184,my_ring_all_reduce,8,8
385,0.963036000000001,0.963820499999998,0.9635588333333329,0.9638199999999997,0.00036969905178148516,0,8,9469952,my_ring_all_reduce,8,8
386,0.9625550000000003,0.9631000000000004,0.9628861666666678,0.9630035000000028,0.00023746099094890807,0,8,9502720,my_ring_all_reduce,8,8
387,0.9626844999999976,0.9632754999999997,0.9629023333333327,0.9627470000000012,0.00026509945722760965,0,8,9535488,my_ring_all_reduce,8,8
388,0.9633240000000001,0.9634839999999986,0.963398666666666,0.963387999999999,6.575374936440781e-05,0,8,9568256,my_ring_all_reduce,8,8
389,0.9630360000000001,0.9637074999999986,0.9633504999999999,0.9633080000000009,0.00027578101215690055,0,8,9601024,my_ring_all_reduce,8,8
390,0.9631320000000005,0.9636760000000036,0.9634411666666672,0.9635154999999977,0.00022822223574672857,0,8,9633792,my_ring_all_reduce,8,8
391,0.9631644999999953,0.9634514999999992,0.963318833333331,0.9633404999999985,0.00011816466853201805,0,8,9666560,my_ring_all_reduce,8,8
392,0.9633719999999995,0.9640120000000014,0.9636546666666663,0.9635799999999981,0.00026655997865913613,0,8,9699328,my_ring_all_reduce,8,8
393,0.9635799999999944,0.9638029999999951,0.9636543333333293,0.9635799999999981,0.00010512320813583791,0,8,9732096,my_ring_all_reduce,8,8
394,0.9630994999999967,0.9639154999999974,0.963611833333331,0.963820499999999,0.00036434446460643807,0,8,9764864,my_ring_all_reduce,8,8
395,0.9645069999999982,0.9650514999999942,0.964726166666665,0.9646200000000026,0.00023462535147415083,0,8,9797632,my_ring_all_reduce,8,8
396,0.9655634999999966,0.9671965000000019,0.9664599999999998,0.9666200000000008,0.000676201276743643,0,8,9830400,my_ring_all_reduce,8,8
397,0.9705880000000017,0.9722354999999989,0.9711531666666673,0.9706360000000014,0.0007655760721315257,0,8,9863168,my_ring_all_reduce,8,8
398,0.9736119999999937,0.9747160000000004,0.9742733333333318,0.9744920000000011,0.0004764908766792946,0,8,9895936,my_ring_all_reduce,8,8
399,0.9816440000000003,0.9821395000000012,0.9818998333333342,0.9819160000000011,0.0002026097782002887,0,8,9928704,my_ring_all_reduce,8,8
400,0.984235999999999,0.9855,0.9849399999999994,0.985083999999999,0.0005259759183337692,0,8,9961472,my_ring_all_reduce,8,8
401,0.990268,0.9914359999999979,0.9906733333333334,0.9903160000000023,0.0005396426801324949,0,8,9994240,my_ring_all_reduce,8,8
402,0.9966359999999995,0.9975639999999995,0.9970094999999999,0.9968285000000006,0.00039988894291604883,0,8,10027008,my_ring_all_reduce,8,8
403,0.9996599999999999,1.0002680000000015,0.9999693333333336,0.9999799999999995,0.00024832953017285943,0,8,10059776,my_ring_all_reduce,8,8
404,1.0053230000000004,1.0058674999999966,1.0056433333333323,1.0057394999999998,0.00023245943493064967,0,8,10092544,my_ring_all_reduce,8,8
405,1.0081560000000016,1.0098359999999975,1.0089666666666666,1.0089080000000006,0.000687110536148702,0,8,10125312,my_ring_all_reduce,8,8
406,1.012507499999999,1.0130039999999996,1.0127263333333325,1.0126674999999987,0.00020692040874614436,0,8,10158080,my_ring_all_reduce,8,8
407,1.0170355,1.0176604999999972,1.0172544999999988,1.0170674999999991,0.0002873824397314814,0,8,10190848,my_ring_all_reduce,8,8
408,1.0197715000000025,1.0212915000000011,1.0205930000000014,1.0207160000000004,0.000626602877958487,0,8,10223616,my_ring_all_reduce,8,8
409,1.023275999999999,1.0251154999999998,1.0240865000000003,1.0238680000000022,0.0007667014847167035,0,8,10256384,my_ring_all_reduce,8,8
410,1.0269875000000066,1.0272754999999993,1.0271421666666685,1.0271634999999997,0.0001185392574416237,0,8,10289152,my_ring_all_reduce,8,8
411,1.030651500000001,1.0319954999999983,1.031360666666667,1.0314350000000014,0.0005511975346653176,0,8,10321920,my_ring_all_reduce,8,8
412,1.0350679999999994,1.035148000000001,1.0351051666666644,1.035099499999993,3.290474467752881e-05,0,8,10354688,my_ring_all_reduce,8,8
413,1.0386195000000007,1.038923499999999,1.038774,1.0387790000000006,0.00012415782966247981,0,8,10387456,my_ring_all_reduce,8,8
414,1.0418039999999964,1.0421554999999936,1.0419211666666621,1.0418039999999964,0.0001656986890567152,0,8,10420224,my_ring_all_reduce,8,8
415,1.0458349999999954,1.0468589999999967,1.0464004999999978,1.0465075000000015,0.00042483781219128863,0,8,10452992,my_ring_all_reduce,8,8
416,1.0497395000000025,1.049802999999998,1.0497711666666665,1.049770999999999,2.5924034320714515e-05,0,8,10485760,my_ring_all_reduce,8,8
417,1.0533080000000028,1.0537880000000004,1.0536013333333345,1.0537080000000005,0.00020997354330588503,0,8,10518528,my_ring_all_reduce,8,8
418,1.0570514999999978,1.0571475000000063,1.0570941666666689,1.0570835000000025,3.991101212897166e-05,0,8,10551296,my_ring_all_reduce,8,8
419,1.0601234999999998,1.0605710000000035,1.0603098333333347,1.0602350000000007,0.0001902000408941988,0,8,10584064,my_ring_all_reduce,8,8
420,1.0652754999999998,1.0656759999999985,1.065515666666666,1.0655954999999995,0.0001729741470723226,0,8,10616832,my_ring_all_reduce,8,8
421,1.0650830000000007,1.065323499999995,1.065227333333332,1.0652754999999998,0.00010392331574369547,0,8,10649600,my_ring_all_reduce,8,8
422,1.0650834999999998,1.0655954999999995,1.065323666666666,1.0652919999999986,0.00021021906563276877,0,8,10682368,my_ring_all_reduce,8,8
423,1.0650679999999997,1.065803500000002,1.0654408333333336,1.065450999999999,0.0003003526630858377,0,8,10715136,my_ring_all_reduce,8,8
424,1.0654519999999976,1.0655805,1.0655319999999993,1.0655635000000003,5.699268959087384e-05,0,8,10747904,my_ring_all_reduce,8,8
425,1.065339000000001,1.0659955,1.0656538333333339,1.0656270000000003,0.0002686857933635078,0,8,10780672,my_ring_all_reduce,8,8
426,1.0655310000000027,1.065819500000005,1.0656486666666705,1.065595500000003,0.0001236340927460732,0,8,10813440,my_ring_all_reduce,8,8
427,1.066507000000005,1.0670034999999989,1.066672833333335,1.0665080000000016,0.0002338169987146363,0,8,10846208,my_ring_all_reduce,8,8
428,1.0741879999999946,1.076315999999999,1.0750889999999975,1.074762999999999,0.0008988151459945813,0,8,10878976,my_ring_all_reduce,8,8
429,1.0862834999999977,1.0872920000000013,1.0866251666666662,1.0862999999999998,0.0004715704848941836,0,8,10911744,my_ring_all_reduce,8,8
430,1.094987000000001,1.096315999999999,1.0956061666666659,1.0955154999999976,0.0005463366381833101,0,8,10944512,my_ring_all_reduce,8,8
431,1.1056275000000024,1.1069230000000008,1.1062673333333344,1.1062514999999995,0.0005290041482712533,0,8,10977280,my_ring_all_reduce,8,8
432,1.1162509999999966,1.116843499999998,1.1165928333333308,1.1166839999999976,0.00025032989345237283,0,8,11010048,my_ring_all_reduce,8,8
433,1.1276435000000056,1.1283470000000015,1.1280220000000032,1.1280755000000027,0.0002896834479203527,0,8,11042816,my_ring_all_reduce,8,8
434,1.1389069999999992,1.1397400000000015,1.139222333333332,1.1390199999999955,0.00036894112749442275,0,8,11075584,my_ring_all_reduce,8,8
435,1.1385390000000006,1.1394669999999998,1.1391098333333343,1.1393235000000022,0.0004078693282031678,0,8,11108352,my_ring_all_reduce,8,8
436,1.1391480000000012,1.140076000000001,1.139611833333334,1.1396115,0.0003788544868708382,0,8,11141120,my_ring_all_reduce,8,8
437,1.1391629999999995,1.1395155000000015,1.139301833333332,1.1392269999999953,0.00015332771729005058,0,8,11173888,my_ring_all_reduce,8,8
438,1.1390035000000025,1.139820000000007,1.139307666666671,1.139099500000004,0.00036438814775393023,0,8,11206656,my_ring_all_reduce,8,8
439,1.139082999999997,1.1395950000000012,1.139371166666666,1.1394354999999996,0.00021391600116940428,0,8,11239424,my_ring_all_reduce,8,8
440,1.1387160000000003,1.1393070000000027,1.138982333333334,1.1389239999999992,0.00024477518029706984,0,8,11272192,my_ring_all_reduce,8,8
441,1.1386675000000028,1.1392109999999993,1.1389128333333343,1.1388600000000006,0.0002250060493000106,0,8,11304960,my_ring_all_reduce,8,8
442,1.1383470000000016,1.1385880000000017,1.1384808333333356,1.1385075000000033,0.00010017845188594807,0,8,11337728,my_ring_all_reduce,8,8
443,1.138539499999999,1.1391470000000008,1.1388326666666664,1.1388114999999999,0.00024846204718078697,0,8,11370496,my_ring_all_reduce,8,8
444,1.1392429999999953,1.139675500000005,1.139451833333334,1.1394370000000018,0.00017687864641308156,0,8,11403264,my_ring_all_reduce,8,8
445,1.139643,1.1409400000000032,1.1403636666666683,1.1405080000000016,0.0005392441211766867,0,8,11436032,my_ring_all_reduce,8,8
446,1.1414670000000007,1.143147,1.1422031666666672,1.1419955000000008,0.0007014005433571614,0,8,11468800,my_ring_all_reduce,8,8
447,1.145259000000001,1.1460914999999987,1.1456061666666668,1.1454680000000008,0.0003536302997314905,0,8,11501568,my_ring_all_reduce,8,8
448,1.1488909999999977,1.1501074999999978,1.1494351666666647,1.1493069999999983,0.0005048353416929588,0,8,11534336,my_ring_all_reduce,8,8
449,1.1544749999999995,1.1569070000000001,1.1559416666666675,1.156443000000003,0.0010542477043958035,0,8,11567104,my_ring_all_reduce,8,8
450,1.1591790000000002,1.1614190000000018,1.160304666666667,1.160315999999999,0.0009145112841786313,0,8,11599872,my_ring_all_reduce,8,8
451,1.1642029999999959,1.164763500000001,1.1645713333333338,1.164747500000005,0.00026053289406637617,0,8,11632640,my_ring_all_reduce,8,8
452,1.170140000000003,1.1719150000000045,1.1712433333333374,1.1716750000000047,0.0007863028819884366,0,8,11665408,my_ring_all_reduce,8,8
453,1.1761235000000052,1.1770669999999954,1.1767205000000007,1.1769710000000013,0.00042395813472215763,0,8,11698176,my_ring_all_reduce,8,8
454,1.1804275000000015,1.1816270000000022,1.1808968333333343,1.1806359999999987,0.0005232753152561104,0,8,11730944,my_ring_all_reduce,8,8
455,1.1832434999999988,1.1854349999999978,1.1843471666666654,1.1843629999999994,0.0008947461775394815,0,8,11763712,my_ring_all_reduce,8,8
456,1.189706999999995,1.1899319999999989,1.189813833333332,1.1898025000000017,9.220478416264652e-05,0,8,11796480,my_ring_all_reduce,8,8
457,1.1940435000000034,1.1951954999999943,1.194763499999999,1.1950514999999997,0.0005124997560942721,0,8,11829248,my_ring_all_reduce,8,8
458,1.1979634999999944,1.1992744999999978,1.1986780000000006,1.1987960000000093,0.0005416784101314364,0,8,11862016,my_ring_all_reduce,8,8
459,1.201947,1.203915000000001,1.2026351666666675,1.2020435000000016,0.0009058359245593891,0,8,11894784,my_ring_all_reduce,8,8
460,1.207050999999994,1.207882999999999,1.207488666666664,1.2075319999999992,0.0003410418677478928,0,8,11927552,my_ring_all_reduce,8,8
461,1.210010999999995,1.2121240000000035,1.210907333333333,1.2105869999999996,0.000891871565246242,0,8,11960320,my_ring_all_reduce,8,8
462,1.2142195000000002,1.214939999999995,1.2146409999999987,1.214763500000001,0.00030663197267358087,0,8,11993088,my_ring_all_reduce,8,8
463,1.2174349999999976,1.2178834999999981,1.217680499999998,1.2177229999999981,0.00018554918485427132,0,8,12025856,my_ring_all_reduce,8,8
464,1.220091499999995,1.2206990000000002,1.2204751666666658,1.2206350000000021,0.00027254856855936463,0,8,12058624,my_ring_all_reduce,8,8
465,1.2243630000000012,1.2252110000000067,1.2247150000000016,1.2245709999999963,0.00036085823624930504,0,8,12091392,my_ring_all_reduce,8,8
466,1.2282825000000048,1.2284909999999982,1.2283685000000006,1.2283319999999986,8.894661319921615e-05,0,8,12124160,my_ring_all_reduce,8,8
467,1.2315625000000001,1.2317235000000002,1.2316165000000006,1.2315635000000016,7.566152699106859e-05,0,8,12156928,my_ring_all_reduce,8,8
468,1.2349394999999976,1.235930999999998,1.2353391666666655,1.2351470000000009,0.0004269770355517659,0,8,12189696,my_ring_all_reduce,8,8
469,1.2384750000000022,1.2389390000000058,1.2387576666666682,1.2388589999999968,0.00020252626715800773,0,8,12222464,my_ring_all_reduce,8,8
470,1.2431159999999981,1.2432919999999976,1.24322233333333,1.2432589999999946,7.63864444046153e-05,0,8,12255232,my_ring_all_reduce,8,8
471,1.247179000000001,1.247739000000005,1.2474936666666694,1.247563000000002,0.00023381664231389394,0,8,12288000,my_ring_all_reduce,8,8
472,1.250682999999999,1.2514990000000035,1.2511898333333347,1.2513875000000017,0.0003612645229700698,0,8,12320768,my_ring_all_reduce,8,8
473,1.2546510000000053,1.2547635000000046,1.25472066666667,1.2547474999999995,4.969294606646341e-05,0,8,12353536,my_ring_all_reduce,8,8
474,1.2586664999999995,1.2591630000000011,1.2589388333333338,1.258987000000001,0.0002055368309797238,0,8,12386304,my_ring_all_reduce,8,8
475,1.2601715000000022,1.2607150000000003,1.2604378333333341,1.2604269999999997,0.00022201513962312664,0,8,12419072,my_ring_all_reduce,8,8
476,1.2599310000000041,1.2603629999999966,1.260144333333333,1.2601389999999992,0.00017640357768803142,0,8,12451840,my_ring_all_reduce,8,8
477,1.2599789999999975,1.2606670000000013,1.2603844999999998,1.2605075000000006,0.0002940325945667096,0,8,12484608,my_ring_all_reduce,8,8
478,1.2605074999999997,1.2608435000000064,1.2607046666666692,1.2607630000000019,0.00014323892239751366,0,8,12517376,my_ring_all_reduce,8,8
479,1.2602670000000007,1.2608589999999986,1.2606454999999983,1.260810499999996,0.00026837132236113095,0,8,12550144,my_ring_all_reduce,8,8
480,1.2601225000000023,1.2604589999999998,1.2602668333333338,1.260218999999999,0.00014147810980974645,0,8,12582912,my_ring_all_reduce,8,8
481,1.2602354999999972,1.2606034999999993,1.2603846666666658,1.2603150000000005,0.0001581056257349705,0,8,12615680,my_ring_all_reduce,8,8
482,1.2605230000000012,1.2607795000000033,1.260683166666668,1.2607469999999994,0.00011402947961944632,0,8,12648448,my_ring_all_reduce,8,8
483,1.261675500000003,1.2622185000000017,1.261899333333335,1.2618040000000001,0.00023170179589747521,0,8,12681216,my_ring_all_reduce,8,8
484,1.269307000000008,1.2713234999999987,1.2701393333333366,1.2697875000000032,0.00086000313306564,0,8,12713984,my_ring_all_reduce,8,8
485,1.2779149999999972,1.2797870000000002,1.2790084999999973,1.279323499999995,0.0007960380016061203,0,8,12746752,my_ring_all_reduce,8,8
486,1.2893875000000004,1.2905075000000035,1.2899473333333347,1.2899470000000002,0.0004572381460720298,0,8,12779520,my_ring_all_reduce,8,8
487,1.3011150000000054,1.3021239999999998,1.3014623333333353,1.301148000000001,0.0004680629112494937,0,8,12812288,my_ring_all_reduce,8,8
488,1.3117550000000011,1.3122024999999977,1.3119574999999999,1.3119150000000008,0.00018514633851664456,0,8,12845056,my_ring_all_reduce,8,8
489,1.313946500000002,1.3143790000000053,1.314101333333335,1.3139784999999975,0.00019677412318834975,0,8,12877824,my_ring_all_reduce,8,8
490,1.315131000000005,1.315563000000002,1.3153175000000024,1.3152584999999999,0.00018123051619339437,0,8,12910592,my_ring_all_reduce,8,8
491,1.3153230000000014,1.315531,1.315419166666666,1.3154034999999968,8.563520823140242e-05,0,8,12943360,my_ring_all_reduce,8,8
492,1.3150504999999995,1.3155949999999939,1.3153175000000006,1.315307000000008,0.00022241515235905937,0,8,12976128,my_ring_all_reduce,8,8
493,1.3154354999999995,1.3169864999999992,1.316213833333335,1.3162195000000065,0.0006332057766282573,0,8,13008896,my_ring_all_reduce,8,8
494,1.3162030000000027,1.3174830000000002,1.3168483333333338,1.3168589999999987,0.0005226122420633405,0,8,13041664,my_ring_all_reduce,8,8
495,1.316602999999999,1.317483500000002,1.3169071666666678,1.316635000000002,0.0004077385464029927,0,8,13074432,my_ring_all_reduce,8,8
496,1.3158194999999997,1.3173555000000015,1.3165021666666659,1.3163314999999967,0.0006385761940104733,0,8,13107200,my_ring_all_reduce,8,8
497,1.3200760000000065,1.323979999999996,1.3215530000000018,1.3206030000000029,0.0017295816449800561,0,8,13139968,my_ring_all_reduce,8,8
498,1.3232909999999993,1.3250194999999985,1.324165666666666,1.3241865,0.000705810920541097,0,8,13172736,my_ring_all_reduce,8,8
499,1.3289065000000009,1.330091000000004,1.3293495000000022,1.3290510000000022,0.0005276278675997897,0,8,13205504,my_ring_all_reduce,8,8
500,1.3338030000000016,1.3345070000000014,1.3340908333333348,1.3339625000000015,0.00030139241677396114,0,8,13238272,my_ring_all_reduce,8,8
501,1.337227,1.3395950000000012,1.3386030000000009,1.338987000000001,0.0010041407603856038,0,8,13271040,my_ring_all_reduce,8,8
502,1.3424589999999972,1.3438189999999994,1.3432589999999982,1.343498999999998,0.0005805744281895621,0,8,13303808,my_ring_all_reduce,8,8
503,1.3483629999999993,1.3496274999999986,1.3488911666666656,1.3486829999999992,0.0005368054168460362,0,8,13336576,my_ring_all_reduce,8,8
504,1.3526349999999947,1.3540910000000004,1.3531628333333308,1.3527624999999972,0.0006583737962270367,0,8,13369344,my_ring_all_reduce,8,8
505,1.3578989999999957,1.3592589999999982,1.3586829999999992,1.3588910000000032,0.0005743680585379428,0,8,13402112,my_ring_all_reduce,8,8
506,1.3619310000000004,1.3622350000000005,1.3620588333333348,1.3620105000000027,0.0001287273173112839,0,8,13434880,my_ring_all_reduce,8,8
507,1.3660590000000012,1.3673860000000004,1.3667466666666677,1.366795000000002,0.0005428224592091789,0,8,13467648,my_ring_all_reduce,8,8
508,1.3734664999999968,1.3739150000000009,1.3737548333333323,1.3738829999999997,0.0002043005683372102,0,8,13500416,my_ring_all_reduce,8,8
509,1.3775944999999992,1.3784750000000003,1.3780106666666645,1.3779624999999942,0.0003610725534977853,0,8,13533184,my_ring_all_reduce,8,8
510,1.3816749999999958,1.3823150000000006,1.3820643333333325,1.382203000000001,0.0002790714763106053,0,8,13565952,my_ring_all_reduce,8,8
511,1.384491000000002,1.3877229999999983,1.3865336666666666,1.3873869999999988,0.0014508823369077514,0,8,13598720,my_ring_all_reduce,8,8
512,1.390890999999996,1.393018999999993,1.392229666666663,1.3927790000000004,0.0009516376527975991,0,8,13631488,my_ring_all_reduce,8,8
513,1.395146499999999,1.396539499999999,1.395755,1.3955790000000017,0.0005821478907170716,0,8,13664256,my_ring_all_reduce,8,8
514,1.4002509999999966,1.4015149999999994,1.4007949999999987,1.4006189999999996,0.0005308207481510719,0,8,13697024,my_ring_all_reduce,8,8
515,1.402202999999998,1.4047309999999997,1.4035950000000001,1.4038510000000024,0.0010478065979314336,0,8,13729792,my_ring_all_reduce,8,8
516,1.4067470000000004,1.4092750000000014,1.407755166666667,1.4072434999999996,0.0010936325048007689,0,8,13762560,my_ring_all_reduce,8,8
517,1.4104269999999997,1.4117709999999934,1.4108803333333313,1.4104430000000012,0.0006298303122413844,0,8,13795328,my_ring_all_reduce,8,8
518,1.4138024999999943,1.4147469999999993,1.414117499999999,1.4138030000000035,0.0004451237655605979,0,8,13828096,my_ring_all_reduce,8,8
519,1.4169385000000039,1.4188430000000007,1.4178828333333338,1.4178669999999967,0.0007775894732356912,0,8,13860864,my_ring_all_reduce,8,8
520,1.419915000000001,1.4207955000000074,1.4202831666666704,1.420139000000003,0.00037363804529372686,0,8,13893632,my_ring_all_reduce,8,8
521,1.423690499999997,1.424123,1.4238401666666658,1.4237070000000003,0.00020010677705288696,0,8,13926400,my_ring_all_reduce,8,8
522,1.426938999999996,1.427643,1.4273178333333323,1.4273715000000011,0.00028990122839215714,0,8,13959168,my_ring_all_reduce,8,8
523,1.4305550000000002,1.4319154999999955,1.4312644999999975,1.4313229999999968,0.0005569600524254749,0,8,13991936,my_ring_all_reduce,8,8
524,1.4355299999999989,1.4359955,1.435717499999998,1.4356269999999949,0.00020052472831826536,0,8,14024704,my_ring_all_reduce,8,8
525,1.4395789999999984,1.4400910000000005,1.439829499999999,1.4398184999999977,0.0002091677954825555,0,8,14057472,my_ring_all_reduce,8,8
526,1.443339,1.4440110000000024,1.4437283333333326,1.4438349999999955,0.0002845222115917107,0,8,14090240,my_ring_all_reduce,8,8
527,1.447226999999999,1.4479310000000005,1.4475201666666664,1.4474025000000001,0.0002992079358727465,0,8,14123008,my_ring_all_reduce,8,8
528,1.4501069999999963,1.450746500000001,1.4504159999999988,1.4503944999999985,0.00026151704852206116,0,8,14155776,my_ring_all_reduce,8,8
529,1.4532110000000011,1.4536899999999988,1.4534453333333335,1.4534350000000005,0.00019568739242777246,0,8,14188544,my_ring_all_reduce,8,8
530,1.4544419999999991,1.454714,1.454559666666668,1.4545230000000047,0.00011403021042184293,0,8,14221312,my_ring_all_reduce,8,8
531,1.4548110000000016,1.455738999999996,1.4552643333333333,1.4552430000000023,0.0003791546151906879,0,8,14254080,my_ring_all_reduce,8,8
532,1.454826500000003,1.4553230000000004,1.4550561666666677,1.4550190000000003,0.0002043919165602404,0,8,14286848,my_ring_all_reduce,8,8
533,1.4548269999999974,1.4550349999999945,1.4549389999999967,1.4549549999999982,8.566601815474732e-05,0,8,14319616,my_ring_all_reduce,8,8
534,1.454730999999998,1.4548590000000041,1.454773666666667,1.4547309999999989,6.033977866392922e-05,0,8,14352384,my_ring_all_reduce,8,8
535,1.4526189999999974,1.4550029999999952,1.4539096666666653,1.4541070000000036,0.0009832155861702139,0,8,14385152,my_ring_all_reduce,8,8
536,1.4525390000000007,1.4547150000000002,1.4534828333333352,1.453194500000005,0.0009114443056056595,0,8,14417920,my_ring_all_reduce,8,8
537,1.4546824999999954,1.4556269999999987,1.4551574999999983,1.4551630000000004,0.0003856101226208894,0,8,14450688,my_ring_all_reduce,8,8
538,1.4548429999999972,1.4554670000000043,1.455253666666667,1.4554509999999992,0.00029045864115822417,0,8,14483456,my_ring_all_reduce,8,8
539,1.4557699999999987,1.456378999999998,1.4561171666666652,1.4562024999999994,0.0002558405536439211,0,8,14516224,my_ring_all_reduce,8,8
540,1.4633075000000026,1.4635304999999972,1.4634298333333329,1.4634514999999992,9.23194935453654e-05,0,8,14548992,my_ring_all_reduce,8,8
541,1.4736905000000007,1.4745235000000012,1.4740803333333323,1.4740269999999946,0.00034215550395874,0,8,14581760,my_ring_all_reduce,8,8
542,1.4848910000000002,1.4851944999999995,1.4850026666666645,1.4849224999999933,0.00013625486739627009,0,8,14614528,my_ring_all_reduce,8,8
543,1.4895150000000013,1.4901864999999999,1.4898451666666668,1.489833999999999,0.0002742524182000735,0,8,14647296,my_ring_all_reduce,8,8
544,1.494010500000004,1.4981549999999988,1.4966240000000022,1.4977065000000038,0.0018570720233730103,0,8,14680064,my_ring_all_reduce,8,8
545,1.4975794999999998,1.5003619999999938,1.4993866666666653,1.5002185000000028,0.0012792019864821577,0,8,14712832,my_ring_all_reduce,8,8
546,1.5014670000000043,1.503899000000002,1.5030670000000015,1.5038349999999974,0.0011316725085738662,0,8,14745600,my_ring_all_reduce,8,8
547,1.5021230000000032,1.5053859999999986,1.5033811666666672,1.5026345,0.0014329283730241229,0,8,14778368,my_ring_all_reduce,8,8
548,1.5046669999999995,1.5069709999999978,1.5054508333333334,1.504714500000002,0.0010750950603951193,0,8,14811136,my_ring_all_reduce,8,8
549,1.5057229999999946,1.5070349999999963,1.5065549999999968,1.5069069999999993,0.0005906290431974541,0,8,14843904,my_ring_all_reduce,8,8
550,1.5077069999999992,1.5090190000000039,1.5082616666666675,1.5080589999999994,0.0005544615005190911,0,8,14876672,my_ring_all_reduce,8,8
551,1.5096109999999971,1.5106990000000005,1.5101761666666673,1.5102185000000046,0.00044518167327910625,0,8,14909440,my_ring_all_reduce,8,8
552,1.511690999999997,1.5139319999999934,1.5130189999999948,1.513433999999994,0.0009607944629300032,0,8,14942208,my_ring_all_reduce,8,8
553,1.516186499999996,1.5173070000000006,1.516928166666666,1.517291000000001,0.0005244782063072094,0,8,14974976,my_ring_all_reduce,8,8
554,1.521466999999997,1.5230985000000001,1.5223948333333321,1.5226189999999988,0.0006846585929429518,0,8,15007744,my_ring_all_reduce,8,8
555,1.5261864999999961,1.5277230000000055,1.5271998333333323,1.527689999999995,0.0007166615116114187,0,8,15040512,my_ring_all_reduce,8,8
556,1.5313865000000029,1.534683,1.5327735000000022,1.5322510000000038,0.0013955841668142814,0,8,15073280,my_ring_all_reduce,8,8
557,1.5381710000000004,1.5389059999999954,1.5386399999999985,1.538843,0.0003326289223730583,0,8,15106048,my_ring_all_reduce,8,8
558,1.5428105000000014,1.5450035000000062,1.5436590000000028,1.5431630000000005,0.0009615349707652762,0,8,15138816,my_ring_all_reduce,8,8
559,1.5485229999999957,1.5514824999999983,1.549621499999997,1.5488589999999969,0.0013230557433466998,0,8,15171584,my_ring_all_reduce,8,8
560,1.5525699999999998,1.5559470000000002,1.5539573333333336,1.5533550000000014,0.0014429452134051353,0,8,15204352,my_ring_all_reduce,8,8
561,1.5573390000000011,1.5596580000000013,1.5586720000000007,1.5590190000000002,0.0009780071574379669,0,8,15237120,my_ring_all_reduce,8,8
562,1.5621869999999967,1.5639795000000014,1.5631259999999998,1.5632115000000013,0.0007342782170287819,0,8,15269888,my_ring_all_reduce,8,8
563,1.5657390000000013,1.5688589999999967,1.567263999999999,1.5671939999999995,0.0012746960421979577,0,8,15302656,my_ring_all_reduce,8,8
564,1.5719305000000003,1.5732905000000024,1.572442666666667,1.5721069999999986,0.000603823419737724,0,8,15335424,my_ring_all_reduce,8,8
565,1.5749240000000064,1.5797550000000007,1.577606000000001,1.5781389999999955,0.002007935423925421,0,8,15368192,my_ring_all_reduce,8,8
566,1.5798029999999998,1.5834824999999983,1.5820799999999977,1.5829544999999945,0.0016244471367192835,0,8,15400960,my_ring_all_reduce,8,8
567,1.5857229999999982,1.587226999999999,1.586522999999999,1.5866190000000007,0.000617746442051443,0,8,15433728,my_ring_all_reduce,8,8
568,1.5897065000000004,1.592794,1.5910771666666659,1.590730999999998,0.0012840139104474033,0,8,15466496,my_ring_all_reduce,8,8
569,1.5946985000000022,1.5961224999999977,1.5953813333333333,1.5953230000000003,0.0005828070483044741,0,8,15499264,my_ring_all_reduce,8,8
570,1.5980430000000052,1.6002344999999982,1.5992480000000004,1.5994664999999981,0.0009079187738968594,0,8,15532032,my_ring_all_reduce,8,8
571,1.6012590000000018,1.6032750000000051,1.602112333333337,1.6018030000000036,0.0008515982359996784,0,8,15564800,my_ring_all_reduce,8,8
572,1.6043789999999991,1.6058830000000017,1.605184333333334,1.6052910000000011,0.0006186206879477254,0,8,15597568,my_ring_all_reduce,8,8
573,1.6067144999999983,1.608587000000003,1.607744,1.6079304999999986,0.000775736531735757,0,8,15630336,my_ring_all_reduce,8,8
574,1.6108104999999997,1.6114030000000057,1.6111731666666673,1.6113059999999968,0.00025948356830998563,0,8,15663104,my_ring_all_reduce,8,8
575,1.6142180000000008,1.6155309999999992,1.614709166666665,1.6143784999999953,0.0005848062832162485,0,8,15695872,my_ring_all_reduce,8,8
576,1.6170980000000055,1.6182509999999966,1.6175411666666684,1.6172745000000033,0.0005070736851961365,0,8,15728640,my_ring_all_reduce,8,8
577,1.6202665000000016,1.6213544999999976,1.6209171666666666,1.6211305000000003,0.0004690908464475273,0,8,15761408,my_ring_all_reduce,8,8
578,1.6237710000000043,1.624890999999996,1.6241923333333326,1.6239149999999973,0.0004975173922115895,0,8,15794176,my_ring_all_reduce,8,8
579,1.6266670000000014,1.6273870000000026,1.6270933333333366,1.627226000000006,0.0003085453325248341,0,8,15826944,my_ring_all_reduce,8,8
580,1.6293864999999996,1.6297704999999987,1.6295518333333308,1.6294984999999942,0.00016123964221703477,0,8,15859712,my_ring_all_reduce,8,8
581,1.6322825000000012,1.6336270000000004,1.6328428333333334,1.6326189999999987,0.0005712536408830764,0,8,15892480,my_ring_all_reduce,8,8
582,1.6341380000000028,1.6363630000000002,1.6354985000000006,1.635994499999999,0.0009737105148163604,0,8,15925248,my_ring_all_reduce,8,8
583,1.6369230000000008,1.6374349999999995,1.6372003333333343,1.6372430000000022,0.00021118922531401023,0,8,15958016,my_ring_all_reduce,8,8
584,1.6389385000000039,1.6391310000000012,1.6390563333333352,1.6390995000000004,8.430730823595052e-05,0,8,15990784,my_ring_all_reduce,8,8
585,1.640170000000002,1.641099500000004,1.6406931666666689,1.640810000000001,0.0003883555787625989,0,8,16023552,my_ring_all_reduce,8,8
586,1.6423464999999997,1.6424749999999912,1.6423893333333301,1.6423464999999997,6.0575480917658624e-05,0,8,16056320,my_ring_all_reduce,8,8
587,1.6435625,1.643610999999999,1.6435893333333353,1.6435945000000065,2.0134271501518134e-05,0,8,16089088,my_ring_all_reduce,8,8
588,1.645178499999998,1.6454025,1.6452693333333335,1.6452270000000027,9.6222254298427e-05,0,8,16121856,my_ring_all_reduce,8,8
589,1.6460420000000013,1.6465540000000018,1.646266500000002,1.6462035000000033,0.00021371749265486904,0,8,16154624,my_ring_all_reduce,8,8
590,1.6467465000000012,1.6474504999999935,1.6470986666666638,1.647098999999997,0.0002874068931330759,0,8,16187392,my_ring_all_reduce,8,8
591,1.6474185,1.648042999999998,1.6477921666666655,1.6479149999999991,0.0002693400370445569,0,8,16220160,my_ring_all_reduce,8,8
592,1.6482030000000014,1.6488424999999989,1.6485868333333322,1.6487149999999966,0.00027635735721714494,0,8,16252928,my_ring_all_reduce,8,8
593,1.6486350000000056,1.6491784999999946,1.648917333333335,1.6489385000000039,0.00022238717488560995,0,8,16285696,my_ring_all_reduce,8,8
594,1.6490505000000013,1.6495784999999996,1.6492266666666673,1.6490510000000005,0.0002487838195875844,0,8,16318464,my_ring_all_reduce,8,8
595,1.6493870000000024,1.650523000000001,1.6501390000000011,1.6505069999999997,0.0005317844174716677,0,8,16351232,my_ring_all_reduce,8,8
596,1.6571309999999977,1.6577230000000072,1.657488166666669,1.6576105000000025,0.00025669707612430593,0,8,16384000,my_ring_all_reduce,8,8
597,1.664571,1.6654989999999963,1.6650829999999983,1.6651789999999989,0.0003848878624554899,0,8,16416768,my_ring_all_reduce,8,8
598,1.672219000000001,1.6755305000000007,1.674095999999999,1.674538499999995,0.0013876509527487849,0,8,16449536,my_ring_all_reduce,8,8
599,1.682522000000001,1.6831950000000033,1.6829703333333341,1.6831939999999976,0.0003170198030966113,0,8,16482304,my_ring_all_reduce,8,8
600,1.687290500000001,1.6877384999999996,1.6875411666666678,1.687594500000003,0.00018674284159985385,0,8,16515072,my_ring_all_reduce,8,8
601,1.6890829999999952,1.690362000000002,1.6895891666666658,1.6893225000000003,0.0005551537825006429,0,8,16547840,my_ring_all_reduce,8,8
602,1.6899625000000087,1.6919785000000047,1.6911413333333378,1.6914830000000003,0.0008577552422173946,0,8,16580608,my_ring_all_reduce,8,8
603,1.6930185000000002,1.6932440000000042,1.693125833333334,1.693114999999998,9.237814797100397e-05,0,8,16613376,my_ring_all_reduce,8,8
604,1.6948429999999972,1.695594500000003,1.6951733333333323,1.695082499999997,0.0003134497124322565,0,8,16646144,my_ring_all_reduce,8,8
605,1.6960909999999967,1.696938000000002,1.696453333333335,1.6963310000000056,0.000356441985307425,0,8,16678912,my_ring_all_reduce,8,8
606,1.6990830000000041,1.7000915000000023,1.6994563333333348,1.6991944999999977,0.0004514314885885118,0,8,16711680,my_ring_all_reduce,8,8
607,1.7026195000000008,1.705258999999999,1.7036591666666672,1.703099000000002,0.0011480650630023073,0,8,16744448,my_ring_all_reduce,8,8
608,1.7081224999999978,1.7107784999999966,1.7096584999999986,1.7100745000000006,0.00112349929535653,0,8,16777216,my_ring_all_reduce,8,8
609,1.708331000000002,1.7117705000000023,1.7096961666666681,1.708987,0.0014910238279641499,0,8,16777216,my_ring_all_reduce,8,8
610,1.7308584999999994,1.7315455000000002,1.7311676666666667,1.7310990000000002,0.0002846384646454429,0,8,16908288,my_ring_all_reduce,8,8
611,1.750362500000003,1.751706000000002,1.7508583333333336,1.750506499999996,0.0006022668751392417,0,8,17039360,my_ring_all_reduce,8,8
612,1.7664430000000029,1.7673064999999988,1.7670133333333335,1.7672904999999992,0.000403339462761513,0,8,17170432,my_ring_all_reduce,8,8
613,1.7811789999999965,1.7826510000000053,1.7819680000000009,1.7820740000000006,0.0006055977763094596,0,8,17301504,my_ring_all_reduce,8,8
614,1.7931625000000022,1.7955464999999995,1.7944051666666683,1.7945065000000031,0.0009758979910251264,0,8,17432576,my_ring_all_reduce,8,8
615,1.8027309999999999,1.8037705000000042,1.803157333333333,1.8029704999999958,0.0004444622843667217,0,8,17563648,my_ring_all_reduce,8,8
616,1.812698999999997,1.8135139999999992,1.8130026666666648,1.8127949999999984,0.0003636851507684243,0,8,17694720,my_ring_all_reduce,8,8
617,1.8203460000000014,1.8219310000000024,1.8209863333333347,1.8206820000000008,0.0006819190241930003,0,8,17825792,my_ring_all_reduce,8,8
618,1.8293380000000017,1.8299299999999985,1.8296633333333328,1.829721999999998,0.00024521736389344136,0,8,17956864,my_ring_all_reduce,8,8
619,1.8384740000000002,1.838970000000001,1.838778333333332,1.8388909999999952,0.00021759953022766498,0,8,18087936,my_ring_all_reduce,8,8
620,1.8540580000000046,1.854826000000001,1.854500833333339,1.8546185000000115,0.00032438668625879693,0,8,18219008,my_ring_all_reduce,8,8
621,1.8778340000000027,1.8788905000000014,1.8783783333333341,1.8784104999999982,0.0004319136359138754,0,8,18350080,my_ring_all_reduce,8,8
622,1.8851465000000025,1.887274000000012,1.8862608333333373,1.8863619999999974,0.0008714891788743199,0,8,18481152,my_ring_all_reduce,8,8
623,1.901993999999997,1.9055299999999953,1.9032419999999968,1.9022019999999975,0.001620087240448376,0,8,18612224,my_ring_all_reduce,8,8
624,1.9185070000000015,1.9208105000000033,1.9194506666666677,1.919034499999998,0.000985367641487934,0,8,18743296,my_ring_all_reduce,8,8
625,1.9326020000000013,1.9357699999999995,1.9341913333333338,1.934202000000001,0.0012933525771757215,0,8,18874368,my_ring_all_reduce,8,8
626,1.947497999999996,1.948106000000007,1.9477485000000028,1.9476415000000051,0.00025949020534240624,0,8,19005440,my_ring_all_reduce,8,8
627,1.960794500000001,1.9624900000000052,1.9615196666666677,1.961274499999996,0.0007135638646206447,0,8,19136512,my_ring_all_reduce,8,8
628,1.9723139999999948,1.973737500000003,1.9730711666666672,1.9731620000000039,0.0005846800169549413,0,8,19267584,my_ring_all_reduce,8,8
629,1.9842015000000028,1.9859459999999927,1.9853271666666672,1.9858340000000063,0.0007972787397678844,0,8,19398656,my_ring_all_reduce,8,8
630,1.9954810000000034,1.9966020000000053,1.9960148333333354,1.9959614999999977,0.00045919754887177296,0,8,19529728,my_ring_all_reduce,8,8
631,2.005722000000002,2.0080739999999935,2.0071564999999967,2.0076734999999952,0.0010274378326656363,0,8,19660800,my_ring_all_reduce,8,8
632,2.020537999999999,2.020858,2.020708499999998,2.020729499999994,0.00013148067031590766,0,8,19791872,my_ring_all_reduce,8,8
633,2.0345700000000018,2.034889500000001,2.034708333333334,2.034665499999999,0.000133905646715217,0,8,19922944,my_ring_all_reduce,8,8
634,2.0561214999999864,2.0563619999999903,2.0562604999999907,2.056297999999995,0.00010170136020302348,0,8,20054016,my_ring_all_reduce,8,8
635,2.0701374999999973,2.071567999999999,2.0707745000000046,2.070618000000017,0.0005943914254644123,0,8,20185088,my_ring_all_reduce,8,8
636,2.1013370000000067,2.1058495,2.1032255000000024,2.10249,0.0019142246907451978,0,8,20316160,my_ring_all_reduce,8,8
637,2.1279140000000045,2.1308255000000025,2.128932499999999,2.12805799999999,0.0013398434610079949,0,8,20447232,my_ring_all_reduce,8,8
638,2.1451779999999965,2.1457055,2.1455083333333316,2.1456414999999978,0.00023503770383239558,0,8,20578304,my_ring_all_reduce,8,8
639,2.1530335000000043,2.1536255000000093,2.1532573333333374,2.1531129999999976,0.0002623484747889675,0,8,20709376,my_ring_all_reduce,8,8
640,2.159017500000002,2.1594649999999964,2.159310833333333,2.159450000000002,0.00020750836663053636,0,8,20840448,my_ring_all_reduce,8,8
641,2.163144999999997,2.1634979999999997,2.163348166666669,2.163401500000011,0.00014896438799142864,0,8,20971520,my_ring_all_reduce,8,8
642,2.167929500000002,2.168665500000001,2.168345500000004,2.16844150000001,0.0003080432870019418,0,8,21102592,my_ring_all_reduce,8,8
643,2.1766340000000057,2.1778174999999975,2.177167000000001,2.177049500000001,0.0004902535058485502,0,8,21233664,my_ring_all_reduce,8,8
644,2.188954000000005,2.190858000000002,2.189940333333335,2.190008999999998,0.0007788197623456115,0,8,21364736,my_ring_all_reduce,8,8
645,2.2018819999999977,2.203945499999998,2.2029216666666662,2.2029375000000035,0.0008424947411640619,0,8,21495808,my_ring_all_reduce,8,8
646,2.2169379999999945,2.218233999999999,2.2174976666666657,2.2173210000000037,0.0005436373382657256,0,8,21626880,my_ring_all_reduce,8,8
647,2.233898000000003,2.2355134999999975,2.2349108333333323,2.2353209999999963,0.0007204802025164564,0,8,21757952,my_ring_all_reduce,8,8
648,2.250985499999988,2.2521534999999986,2.2514654999999952,2.2512575,0.0004990016700070663,0,8,21889024,my_ring_all_reduce,8,8
649,2.265033000000007,2.2679775,2.266403833333335,2.2662009999999992,0.0012106130907724034,0,8,22020096,my_ring_all_reduce,8,8
650,2.303353000000001,2.305129000000001,2.3042756666666677,2.3043450000000014,0.0007267045861666079,0,8,22151168,my_ring_all_reduce,8,8
651,2.333480500000005,2.3345845000000027,2.3339873333333356,2.333896999999999,0.00045520990274262776,0,8,22282240,my_ring_all_reduce,8,8
652,2.342922,2.344010000000002,2.3434229999999996,2.343336999999996,0.00044831759575961194,0,8,22413312,my_ring_all_reduce,8,8
653,2.3471130000000002,2.348441499999998,2.347614500000001,2.3472890000000044,0.0005891749881525634,0,8,22544384,my_ring_all_reduce,8,8
654,2.3507130000000105,2.3514649999999966,2.3511663333333392,2.351321000000011,0.0003259011438348292,0,8,22675456,my_ring_all_reduce,8,8
655,2.354009,2.355512999999997,2.3547343333333344,2.354681000000005,0.0006151624898245849,0,8,22806528,my_ring_all_reduce,8,8
656,2.3598325000000004,2.3605535000000017,2.3601101666666664,2.359944499999998,0.0003168010241295886,0,8,22937600,my_ring_all_reduce,8,8
657,2.3729054999999977,2.3732724999999992,2.373134499999999,2.3732255000000007,0.00016306031603977497,0,8,23068672,my_ring_all_reduce,8,8
658,2.3868575,2.388041000000001,2.387326666666667,2.3870815000000003,0.0005133212660924114,0,8,23199744,my_ring_all_reduce,8,8
659,2.400312999999995,2.400921000000002,2.400633166666666,2.400665500000001,0.0002492656993860514,0,8,23330816,my_ring_all_reduce,8,8
660,2.416425000000003,2.4184084999999977,2.417374166666666,2.417288999999997,0.0008119967501283314,0,8,23461888,my_ring_all_reduce,8,8
661,2.436328999999998,2.436969500000003,2.4367400000000017,2.436921500000004,0.00029128079236625436,0,8,23592960,my_ring_all_reduce,8,8
662,2.445241000000002,2.4463445000000066,2.4457153333333363,2.4455604999999996,0.00046361484254108534,0,8,23724032,my_ring_all_reduce,8,8
663,2.462617500000002,2.4634804999999904,2.46305433333333,2.4630649999999967,0.0003523990004982849,0,8,23855104,my_ring_all_reduce,8,8
664,2.498137000000017,2.500425499999992,2.4995608333333372,2.5001200000000026,0.0010144977684560337,0,8,23986176,my_ring_all_reduce,8,8
665,2.5214965000000014,2.523080500000004,2.522414166666668,2.522665499999999,0.0006706416496333525,0,8,24117248,my_ring_all_reduce,8,8
666,2.5303125,2.5314484999999993,2.5308408333333285,2.530761499999986,0.0004671504635083221,0,8,24248320,my_ring_all_reduce,8,8
667,2.533960500000005,2.5354004999999997,2.534579000000008,2.5343760000000186,0.000605148328920514,0,8,24379392,my_ring_all_reduce,8,8
668,2.5369845000000133,2.537481499999998,2.537299500000004,2.537432500000001,0.00022363511947746907,0,8,24510464,my_ring_all_reduce,8,8
669,2.5417530000000044,2.5427445000000026,2.542382000000002,2.5426484999999994,0.0004464935609823506,0,8,24641536,my_ring_all_reduce,8,8
670,2.555560999999994,2.5582005000000065,2.556488666666669,2.555704500000007,0.0012118658020711427,0,8,24772608,my_ring_all_reduce,8,8
671,2.571785000000011,2.573112999999994,2.5722756666666697,2.571929000000004,0.000594995424812445,0,8,24903680,my_ring_all_reduce,8,8
672,2.5850809999999984,2.5866965000000057,2.585821833333333,2.585687999999995,0.0006662800128775727,0,8,25034752,my_ring_all_reduce,8,8
673,2.6006324999999997,2.6021050000000003,2.601166166666666,2.6007609999999985,0.0006659249624066297,0,8,25165824,my_ring_all_reduce,8,8
674,2.6180724999999985,2.618296000000002,2.6182056666666678,2.6182485000000018,9.613907749993886e-05,0,8,25296896,my_ring_all_reduce,8,8
675,2.6331449999999967,2.634056500000006,2.6335821666666672,2.6335449999999985,0.0003730452013162933,0,8,25427968,my_ring_all_reduce,8,8
676,2.6390319999999994,2.639656999999992,2.639379499999997,2.6394494999999987,0.00025991184402657794,0,8,25559040,my_ring_all_reduce,8,8
677,2.661976499999997,2.663464500000002,2.6629633333333307,2.6634489999999933,0.0006978252328169379,0,8,25690112,my_ring_all_reduce,8,8
678,2.692919999999998,2.694200499999992,2.693538833333332,2.6934960000000063,0.000523638605228761,0,8,25821184,my_ring_all_reduce,8,8
679,2.709945000000007,2.7106005000000004,2.7102593333333362,2.7102325000000005,0.0002682785658369326,0,8,25952256,my_ring_all_reduce,8,8
680,2.7151920000000027,2.7167609999999915,2.7161791666666644,2.716584499999997,0.0007017414449422932,0,8,26083328,my_ring_all_reduce,8,8
681,2.719481,2.720536500000002,2.7200888333333353,2.7202490000000035,0.00044554093215230865,0,8,26214400,my_ring_all_reduce,8,8
682,2.7262000000000044,2.7277039999999997,2.7267121666666676,2.7262325,0.0007014575697934218,0,8,26345472,my_ring_all_reduce,8,8
683,2.739799999999996,2.7418645000000033,2.7408134999999993,2.740775999999998,0.0008432456146769089,0,8,26476544,my_ring_all_reduce,8,8
684,2.755703999999998,2.759336000000003,2.7577255000000007,2.7581365000000004,0.001510970273259101,0,8,26607616,my_ring_all_reduce,8,8
685,2.7732725000000062,2.7741840000000013,2.773698833333333,2.7736399999999923,0.0003744365396448015,0,8,26738688,my_ring_all_reduce,8,8
686,2.7873524999999937,2.7884565,2.788067333333329,2.788392999999993,0.000506127838485904,0,8,26869760,my_ring_all_reduce,8,8
687,2.80204,2.802136499999986,2.8020883333333315,2.802088500000009,3.939613629666691e-05,0,8,27000832,my_ring_all_reduce,8,8
688,2.8184084999999977,2.8190959999999996,2.8187549999999977,2.8187604999999967,0.0002806976427886534,0,8,27131904,my_ring_all_reduce,8,8
689,2.827336500000005,2.8282639999999954,2.8278535,2.827959999999999,0.00038606627237263835,0,8,27262976,my_ring_all_reduce,8,8
690,2.834663999999996,2.8356245000000055,2.8351495000000018,2.8351600000000037,0.0003921927672327958,0,8,27394048,my_ring_all_reduce,8,8
691,2.8618480000000055,2.8648559999999996,2.8636190000000012,2.8641529999999986,0.0012847523756192758,0,8,27525120,my_ring_all_reduce,8,8
692,2.8859119999999967,2.8862320000000037,2.8860935000000008,2.8861365000000005,0.00013413115472335856,0,8,27656192,my_ring_all_reduce,8,8
693,2.8976885000000183,2.8985674999999973,2.8981145000000077,2.898087500000009,0.0003593577604474726,0,8,27787264,my_ring_all_reduce,8,8
694,2.902216000000015,2.904055999999997,2.9030533333333346,2.902887999999992,0.0007602198512357535,0,8,27918336,my_ring_all_reduce,8,8
695,2.910567500000005,2.9114635,2.911042166666667,2.911095499999996,0.0003677293690843936,0,8,28049408,my_ring_all_reduce,8,8
696,2.9252719999999934,2.927447999999997,2.926183833333328,2.925831499999993,0.0009226223797191383,0,8,28180480,my_ring_all_reduce,8,8
697,2.942071499999998,2.944360000000004,2.9435386666666687,2.944184500000003,0.0010399146065395188,0,8,28311552,my_ring_all_reduce,8,8
698,2.9577680000000037,2.9596074999999984,2.958770333333336,2.958935500000007,0.0007600000365479882,0,8,28442624,my_ring_all_reduce,8,8
699,2.9758640000000014,2.9765200000000043,2.976253166666671,2.976375500000006,0.00028143451971953016,0,8,28573696,my_ring_all_reduce,8,8
700,2.9874954999999974,2.9891925000000046,2.988184000000004,2.987864000000009,0.0007288128474917426,0,8,28704768,my_ring_all_reduce,8,8
701,3.002488000000005,3.003511499999999,3.003106333333335,3.0033195000000017,0.0004441982165131174,0,8,28835840,my_ring_all_reduce,8,8
702,3.012217000000004,3.0141040000000068,3.0130375000000034,3.0127914999999996,0.0007897591404995675,0,8,28966912,my_ring_all_reduce,8,8
703,3.0197194999999994,3.021144000000004,3.0202105000000024,3.0197680000000036,0.0006603810768551119,0,8,29097984,my_ring_all_reduce,8,8
704,3.0351114999999993,3.0375275000000004,3.0366796666666644,3.037399999999994,0.0011100823042551134,0,8,29229056,my_ring_all_reduce,8,8
705,3.0588879999999956,3.060823999999993,3.0600826666666627,3.060536,0.0008528998899180887,0,8,29360128,my_ring_all_reduce,8,8
706,3.0757520000000023,3.077880000000005,3.0765040000000035,3.075880000000004,0.0009743811711379865,0,8,29491200,my_ring_all_reduce,8,8
707,3.0847435000000116,3.087126999999993,3.0859968333333345,3.086119999999999,0.0009769495324088438,0,8,29622272,my_ring_all_reduce,8,8
708,3.096536,3.096919999999998,3.0966693333333364,3.0965520000000106,0.00017736841757881732,0,8,29753344,my_ring_all_reduce,8,8
709,3.1122785000000004,3.1127595,3.1124873333333327,3.112423999999999,0.0002014093399577924,0,8,29884416,my_ring_all_reduce,8,8
710,3.1268554999999907,3.1285040000000044,3.1276556666666644,3.1276074999999977,0.0006738585822681329,0,8,30015488,my_ring_all_reduce,8,8
711,3.1446799999999966,3.146310999999997,3.14528733333333,3.1448709999999958,0.0007280294560589793,0,8,30146560,my_ring_all_reduce,8,8
712,3.159607499999998,3.1612235,3.1604235,3.1604395000000003,0.0006598262397539132,0,8,30277632,my_ring_all_reduce,8,8
713,3.1748240000000005,3.1764715,3.1755810000000033,3.1754475000000095,0.0006791812472863816,0,8,30408704,my_ring_all_reduce,8,8
714,3.187990999999998,3.1898634999999924,3.189228666666662,3.189831499999995,0.0008752599931174661,0,8,30539776,my_ring_all_reduce,8,8
715,3.1985675000000047,3.2004715,3.199580666666668,3.1997030000000013,0.0007821031830172975,0,8,30670848,my_ring_all_reduce,8,8
716,3.2071755000000004,3.2080234999999813,3.2076396666666596,3.2077199999999975,0.0003508238715991756,0,8,30801920,my_ring_all_reduce,8,8
717,3.218183000000001,3.220055499999995,3.218823333333335,3.2182315000000092,0.0008714983585071847,0,8,30932992,my_ring_all_reduce,8,8
718,3.2367914999999923,3.239446499999991,3.237681999999994,3.236807999999999,0.0012477080988734213,0,8,31064064,my_ring_all_reduce,8,8
719,3.2543104999999923,3.2572870000000114,3.255313833333334,3.2543439999999975,0.0013953065573237343,0,8,31195136,my_ring_all_reduce,8,8
720,3.2680709999999964,3.268502999999997,3.2683589999999967,3.268502999999997,0.00020364675298192937,0,8,31326208,my_ring_all_reduce,8,8
721,3.2835269999999945,3.2847749999999944,3.2843483333333285,3.2847429999999966,0.0005809172823125669,0,8,31457280,my_ring_all_reduce,8,8
722,3.2972870000000114,3.3008229999999896,3.2987856666666686,3.298247000000003,0.0014929713846986426,0,8,31588352,my_ring_all_reduce,8,8
723,3.313862999999983,3.3158629999999976,3.3147216666666615,3.3144390000000024,0.0008406050730850062,0,8,31719424,my_ring_all_reduce,8,8
724,3.3307425000000004,3.332326500000012,3.3317560000000057,3.332199000000005,0.0007185405346992305,0,8,31850496,my_ring_all_reduce,8,8
725,3.345511000000006,3.3468555000000015,3.346241833333339,3.346359000000008,0.0005551072468937354,0,8,31981568,my_ring_all_reduce,8,8
726,3.3615259999999982,3.3628070000000054,3.3620438333333325,3.3617984999999937,0.0005509879510720946,0,8,32112640,my_ring_all_reduce,8,8
727,3.373607000000011,3.375286999999993,3.3742843333333354,3.373959000000003,0.00072340921260287,0,8,32243712,my_ring_all_reduce,8,8
728,3.383575000000008,3.385478999999992,3.3848121666666664,3.3853825,0.000875695564800986,0,8,32374784,my_ring_all_reduce,8,8
729,3.3946304999999994,3.395174999999974,3.3949454999999897,3.3950309999999955,0.00023036601310926663,0,8,32505856,my_ring_all_reduce,8,8
730,3.4047745000000016,3.406870999999994,3.406171999999995,3.40687049999999,0.0009881817477861493,0,8,32636928,my_ring_all_reduce,8,8
731,3.4201185000000116,3.4215265,3.4208438333333397,3.420886500000008,0.000575604802693275,0,8,32768000,my_ring_all_reduce,8,8
732,3.437222999999998,3.4380384999999953,3.4375481666666654,3.437383000000002,0.0003528173118686629,0,8,32899072,my_ring_all_reduce,8,8
733,3.451782999999996,3.4527420000000055,3.4523158333333366,3.452422500000008,0.0003987092368621194,0,8,33030144,my_ring_all_reduce,8,8
734,3.468055000000004,3.4702949999999984,3.4690310000000015,3.468743000000002,0.0009368770819388198,0,8,33161216,my_ring_all_reduce,8,8
735,3.4822305000000195,3.486006999999998,3.4847428333333426,3.485991000000009,0.0017764999452656411,0,8,33292288,my_ring_all_reduce,8,8
736,3.5000069999999943,3.502358499999995,3.5011693333333294,3.501142499999998,0.0009601833447607233,0,8,33423360,my_ring_all_reduce,8,8
737,3.5142469999999997,3.516614499999996,3.515814499999997,3.5165819999999948,0.0011084692899049127,0,8,33554432,my_ring_all_reduce,8,8
738,3.5302944999999966,3.5333190000000103,3.5313080000000023,3.5303104999999997,0.0014220067393240533,0,8,33685504,my_ring_all_reduce,8,8
739,3.5450460000000095,3.547877999999997,3.546710166666669,3.5472065,0.0012082538594501801,0,8,33816576,my_ring_all_reduce,8,8
740,3.5580864999999977,3.5600374999999986,3.559360666666667,3.559958000000006,0.0009015562779028327,0,8,33947648,my_ring_all_reduce,8,8
741,3.5729025000000036,3.573429999999992,3.5731848333333325,3.5732220000000017,0.0002169486626377045,0,8,34078720,my_ring_all_reduce,8,8
742,3.583830999999991,3.585253999999986,3.5845451666666626,3.5845505000000086,0.0005809495579537178,0,8,34209792,my_ring_all_reduce,8,8
743,3.596533499999998,3.5980380000000007,3.597045833333335,3.5965660000000064,0.000701693229900417,0,8,34340864,my_ring_all_reduce,8,8
744,3.610406000000003,3.61139850000001,3.61073683333334,3.6104060000000064,0.000467868986887693,0,8,34471936,my_ring_all_reduce,8,8
745,3.6264230000000097,3.6273180000000065,3.6269185000000044,3.6270144999999974,0.0003716344530113063,0,8,34603008,my_ring_all_reduce,8,8
746,3.6399100000000035,3.6416705,3.640971666666662,3.641334499999983,0.0007631409146081186,0,8,34734080,my_ring_all_reduce,8,8
747,3.6551739999999993,3.6566779999999928,3.656144499999995,3.656581499999993,0.0006873770193005793,0,8,34865152,my_ring_all_reduce,8,8
748,3.671398500000003,3.6736540000000097,3.672534166666674,3.6725500000000086,0.0009208720806354675,0,8,34996224,my_ring_all_reduce,8,8
749,3.6882935,3.6888064999999988,3.6886029999999983,3.6887089999999954,0.00022243987951697577,0,8,35127296,my_ring_all_reduce,8,8
750,3.7013500000000024,3.70375,3.702565999999999,3.7025979999999947,0.0009800571411901838,0,8,35258368,my_ring_all_reduce,8,8
751,3.7157495000000056,3.717285999999993,3.716432333333336,3.716261500000008,0.0006387989163642355,0,8,35389440,my_ring_all_reduce,8,8
752,3.7302620000000024,3.7334459999999927,3.732075166666666,3.732517500000002,0.0013369637450381948,0,8,35520512,my_ring_all_reduce,8,8
753,3.7451260000000057,3.7461500000000014,3.74568583333334,3.745781500000012,0.00042348402829539593,0,8,35651584,my_ring_all_reduce,8,8
754,3.7597174999999936,3.7617020000000068,3.7609763333333324,3.7615094999999967,0.0008935920334412665,0,8,35782656,my_ring_all_reduce,8,8
755,3.7733494999999966,3.775157999999996,3.7743418333333296,3.7745179999999965,0.0007487518874022622,0,8,35913728,my_ring_all_reduce,8,8
756,3.783974000000002,3.7877979999999973,3.786213999999998,3.7868699999999955,0.0016285977608540983,0,8,36044800,my_ring_all_reduce,8,8
757,3.800309500000003,3.801508999999991,3.8007253333333355,3.800357500000013,0.0005544823912564264,0,8,36175872,my_ring_all_reduce,8,8
758,3.814085499999994,3.8177660000000033,3.8161605000000005,3.816630000000005,0.0015387966619018639,0,8,36306944,my_ring_all_reduce,8,8
759,3.831332999999988,3.8323250000000044,3.8316959999999995,3.8314300000000077,0.00044652958095751455,0,8,36438016,my_ring_all_reduce,8,8
760,3.8459570000000096,3.8471900000000026,3.8464963333333393,3.8463420000000044,0.0005150639658199372,0,8,36569088,my_ring_all_reduce,8,8
761,3.8605489999999847,3.8618935000000056,3.8611041666666632,3.860869999999999,0.0005733210754580377,0,8,36700160,my_ring_all_reduce,8,8
762,3.877284999999996,3.8789979999999926,3.878064333333329,3.8779099999999995,0.000707792970356708,0,8,36831232,my_ring_all_reduce,8,8
763,3.8892859999999927,3.8904049999999843,3.889770999999991,3.8896219999999966,0.0004688219278106415,0,8,36962304,my_ring_all_reduce,8,8
764,3.903988999999987,3.905524999999987,3.9047676666666593,3.9047890000000045,0.0006272507915944865,0,8,37093376,my_ring_all_reduce,8,8
765,3.9189180000000197,3.9207094999999974,3.9199683333333417,3.9202775000000076,0.0007633505456486406,0,8,37224448,my_ring_all_reduce,8,8
766,3.9332529999999823,3.936645000000004,3.9350129999999965,3.9351410000000033,0.0013877329234013144,0,8,37355520,my_ring_all_reduce,8,8
767,3.9494294999999986,3.9521169999999985,3.950405166666662,3.949668999999989,0.0012143915028634221,0,8,37486592,my_ring_all_reduce,8,8
768,3.9641815000000062,3.9651579999999886,3.9647898333333305,3.9650299999999956,0.00043331903821880013,0,8,37617664,my_ring_all_reduce,8,8
769,3.9773009999999887,3.978661500000002,3.977856166666666,3.9776060000000073,0.0005829108470080568,0,8,37748736,my_ring_all_reduce,8,8
770,3.9927085000000053,3.993237000000001,3.992964833333333,3.992948999999993,0.0002160495056422,0,8,37879808,my_ring_all_reduce,8,8
771,4.006583999999996,4.006965499999991,4.006795499999996,4.0068370000000035,0.0001584871182977771,0,8,38010880,my_ring_all_reduce,8,8
772,4.0212569999999905,4.021944499999983,4.021619333333329,4.021656500000012,0.0002818984253612633,0,8,38141952,my_ring_all_reduce,8,8
773,4.035704499999996,4.037000499999995,4.036376499999998,4.036424500000001,0.0005301773288247683,0,8,38273024,my_ring_all_reduce,8,8
774,4.0517524999999965,4.05196050000003,4.051827166666676,4.051768500000004,9.450690746309893e-05,0,8,38404096,my_ring_all_reduce,8,8
775,4.0656889999999875,4.067944499999998,4.066877999999995,4.067000499999999,0.000924869270045686,0,8,38535168,my_ring_all_reduce,8,8
776,4.080040999999998,4.083416499999985,4.081411166666661,4.080775999999998,0.0014493855211335884,0,8,38666240,my_ring_all_reduce,8,8
777,4.094280500000023,4.096296499999991,4.095096500000003,4.094712499999995,0.0008666625640824065,0,8,38797312,my_ring_all_reduce,8,8
778,4.108201999999991,4.110328500000003,4.109331999999995,4.109465499999991,0.0008732572167895603,0,8,38928384,my_ring_all_reduce,8,8
779,4.125128500000021,4.125511999999988,4.125331000000002,4.125352499999997,0.00015729960795356438,0,8,39059456,my_ring_all_reduce,8,8
780,4.1395755000000065,4.143176500000002,4.141160166666672,4.140728500000007,0.0015014553680398866,0,8,39190528,my_ring_all_reduce,8,8
781,4.155608999999982,4.1557530000000265,4.155699500000001,4.155736499999992,6.434671710199897e-05,0,8,39321600,my_ring_all_reduce,8,8
782,4.168247499999998,4.171144,4.170093333333333,4.170888500000001,0.0013093625887782396,0,8,39452672,my_ring_all_reduce,8,8
783,4.183703999999991,4.186360499999996,4.1848778333333305,4.184569000000003,0.0011062795256584993,0,8,39583744,my_ring_all_reduce,8,8
784,4.198135999999999,4.200391999999993,4.199629499999998,4.2003605,0.0010561422726117647,0,8,39714816,my_ring_all_reduce,8,8
785,4.211575500000007,4.212568000000021,4.212007833333342,4.211879999999999,0.00041514662738411994,0,8,39845888,my_ring_all_reduce,8,8
786,4.223481000000009,4.2262804999999934,4.224653833333329,4.224199999999983,0.001187089882392923,0,8,39976960,my_ring_all_reduce,8,8
787,4.240872000000003,4.243399999999999,4.2422375,4.242440499999997,0.0010419861643337725,0,8,40108032,my_ring_all_reduce,8,8
788,4.254711999999998,4.258200000000005,4.256285499999999,4.255944499999994,0.0014442406886238073,0,8,40239104,my_ring_all_reduce,8,8
789,4.269192500000004,4.2706640000000045,4.269709333333332,4.269271499999988,0.0006758212699329217,0,8,40370176,my_ring_all_reduce,8,8
790,4.284343999999997,4.288263999999995,4.285720333333334,4.2845530000000105,0.0018006666049573939,0,8,40501248,my_ring_all_reduce,8,8
791,4.297751999999979,4.299608500000002,4.298936499999994,4.299449000000001,0.0008400953319028056,0,8,40632320,my_ring_all_reduce,8,8
792,4.314950999999997,4.319928000000007,4.316903666666667,4.315831999999995,0.0021685608643162127,0,8,40763392,my_ring_all_reduce,8,8
793,4.331848000000001,4.333416499999999,4.332754833333337,4.333000000000011,0.0006633893192461574,0,8,40894464,my_ring_all_reduce,8,8
794,4.347,4.350328499999993,4.348365666666666,4.347768500000005,0.0014229509439460247,0,8,41025536,my_ring_all_reduce,8,8
795,4.362664000000002,4.363607999999993,4.363138666666667,4.363144000000007,0.0003854048376525727,0,8,41156608,my_ring_all_reduce,8,8
796,4.377111999999994,4.378872000000018,4.37796516666667,4.377911500000001,0.0007195183960375701,0,8,41287680,my_ring_all_reduce,8,8
797,4.388408000000001,4.3899760000000025,4.389389333333335,4.389784,0.0006983205249424006,0,8,41418752,my_ring_all_reduce,8,8
798,4.402152000000009,4.402679499999991,4.402343833333333,4.402200000000001,0.00023815972697391284,0,8,41549824,my_ring_all_reduce,8,8
799,4.415943999999989,4.4185519999999965,4.417303999999992,4.4174159999999905,0.001067652877424592,0,8,41680896,my_ring_all_reduce,8,8
800,4.4297195000000045,4.434967500000013,4.432807500000007,4.433735500000003,0.0022407236926221524,0,8,41811968,my_ring_all_reduce,8,8
801,4.446998999999996,4.449175500000012,4.448391500000002,4.449,0.0009872494618938913,0,8,41943040,my_ring_all_reduce,8,8
802,4.460599499999993,4.4612080000000205,4.460989000000002,4.461159499999995,0.00027612889503080945,0,8,42074112,my_ring_all_reduce,8,8
803,4.473704000000007,4.4757514999999986,4.474850333333339,4.475095500000011,0.0008536760054130173,0,8,42205184,my_ring_all_reduce,8,8
804,4.487478999999987,4.489544000000006,4.488284999999996,4.487831999999995,0.0009018362748747765,0,8,42336256,my_ring_all_reduce,8,8
805,4.507304000000004,4.509686999999991,4.508247333333331,4.507750999999996,0.0010342250990695084,0,8,42467328,my_ring_all_reduce,8,8
806,4.521575500000006,4.524247999999992,4.5226581666666705,4.5221510000000125,0.0011484707464878906,0,8,42598400,my_ring_all_reduce,8,8
807,4.539335999999981,4.5410639999999844,4.540178666666654,4.540135999999999,0.0007060978843076843,0,8,42729472,my_ring_all_reduce,8,8
808,4.550903499999986,4.555751499999999,4.553026333333328,4.552423999999999,0.0020244966589845173,0,8,42860544,my_ring_all_reduce,8,8
809,4.566087499999994,4.568919499999996,4.567644833333337,4.56792750000002,0.0011733090906616216,0,8,42991616,my_ring_all_reduce,8,8
810,4.578440000000002,4.582199500000032,4.5798581666666776,4.578934999999998,0.0016678604224987295,0,8,43122688,my_ring_all_reduce,8,8
811,4.593271000000008,4.595143500000002,4.594161833333338,4.594071000000004,0.0007671384417985772,0,8,43253760,my_ring_all_reduce,8,8
812,4.605239000000002,4.608502999999997,4.606870999999999,4.606870999999999,0.001332522420072118,0,8,43384832,my_ring_all_reduce,8,8
813,4.619607000000004,4.623911000000005,4.621905666666668,4.622198999999995,0.0017693006779201596,0,8,43515904,my_ring_all_reduce,8,8
814,4.637607000000008,4.641640000000014,4.639431333333348,4.639047000000021,0.0016687433062720144,0,8,43646976,my_ring_all_reduce,8,8
815,4.652438500000018,4.654135499999995,4.653383000000005,4.653575000000001,0.0007059746218192823,0,8,43778048,my_ring_all_reduce,8,8
816,4.664998999999996,4.667720000000001,4.666545999999996,4.666918999999991,0.0011417258865429737,0,8,43909120,my_ring_all_reduce,8,8
817,4.681095499999996,4.6835270000000016,4.682044333333333,4.681510500000002,0.001062004891180969,0,8,44040192,my_ring_all_reduce,8,8
818,4.695830999999977,4.699750000000015,4.697222833333331,4.696087500000003,0.0017900421938044171,0,8,44171264,my_ring_all_reduce,8,8
819,4.713799000000006,4.716055499999995,4.7151431666666666,4.715574999999998,0.0009705009302141024,0,8,44302336,my_ring_all_reduce,8,8
820,4.729271499999981,4.731383000000002,4.730359166666659,4.730422999999996,0.0008631971900463698,0,8,44433408,my_ring_all_reduce,8,8
821,4.743319000000017,4.744374999999986,4.743916166666664,4.744054499999991,0.0004420679309149098,0,8,44564480,my_ring_all_reduce,8,8
822,4.756967000000004,4.761447,4.759100333333336,4.758887000000006,0.0018351627236341886,0,8,44695552,my_ring_all_reduce,8,8
823,4.770727000000019,4.774727000000017,4.772748333333344,4.772790999999997,0.0016332718355762234,0,8,44826624,my_ring_all_reduce,8,8
824,4.783574500000006,4.7858624999999995,4.784950666666661,4.785414999999979,0.00099009766633244,0,8,44957696,my_ring_all_reduce,8,8
825,4.797479500000031,4.800647000000005,4.799132500000014,4.799271000000008,0.001296829659839161,0,8,45088768,my_ring_all_reduce,8,8
826,4.811414999999979,4.814711499999998,4.813601833333337,4.814679000000033,0.0015463816009020036,0,8,45219840,my_ring_all_reduce,8,8
827,4.825878999999986,4.831638000000014,4.827835833333332,4.825990499999996,0.0026889231529146906,0,8,45350912,my_ring_all_reduce,8,8
828,4.843206999999995,4.845015000000004,4.843959000000005,4.843655000000015,0.0007687773843373505,0,8,45481984,my_ring_all_reduce,8,8
829,4.858375,4.859766499999985,4.85902016666666,4.858918999999995,0.0005725638731896338,0,8,45613056,my_ring_all_reduce,8,8
830,4.8738790000000005,4.875126000000004,4.8744813333333346,4.874438999999999,0.0005099649225426104,0,8,45744128,my_ring_all_reduce,8,8
831,4.889703499999982,4.893527,4.891873666666658,4.892390499999994,0.0016031480662266567,0,8,45875200,my_ring_all_reduce,8,8
832,4.907174500000008,4.9104390000000055,4.9086678333333404,4.908390000000007,0.0013471286954925804,0,8,46006272,my_ring_all_reduce,8,8
833,4.919687,4.926085999999996,4.922081166666664,4.920470499999996,0.0028498521111717688,0,8,46137344,my_ring_all_reduce,8,8
834,4.9350140000000104,4.9372704999999915,4.936513000000004,4.9372545000000105,0.0010599731914803887,0,8,46268416,my_ring_all_reduce,8,8
835,4.948949999999999,4.950741999999998,4.949952999999997,4.950166999999994,0.0007470667083102514,0,8,46399488,my_ring_all_reduce,8,8
836,4.9627909999999975,4.965077999999994,4.964176999999996,4.964661999999997,0.0009946560544551726,0,8,46530560,my_ring_all_reduce,8,8
837,4.9771259999999895,4.978422499999994,4.977824999999996,4.9779265000000015,0.0005341377787326376,0,8,46661632,my_ring_all_reduce,8,8
838,4.989414000000001,4.995494000000006,4.9916808333333345,4.990134499999996,0.002712312676586797,0,8,46792704,my_ring_all_reduce,8,8
839,5.006453999999991,5.007910499999999,5.007014333333328,5.006678499999994,0.0006402791491941256,0,8,46923776,my_ring_all_reduce,8,8
840,5.019558000000004,5.0247580000000305,5.021862333333337,5.021270999999979,0.0021636784008448443,0,8,47054848,my_ring_all_reduce,8,8
841,5.033318499999994,5.039830499999982,5.036982499999989,5.03779849999999,0.002720407812560931,0,8,47185920,my_ring_all_reduce,8,8
842,5.046933999999985,5.053285999999979,5.050512666666655,5.051317999999999,0.002654982402117025,0,8,47316992,my_ring_all_reduce,8,8
843,5.067493999999992,5.070342000000005,5.069168666666665,5.069669999999999,0.0012155320737168164,0,8,47448064,my_ring_all_reduce,8,8
844,5.081461999999999,5.082869499999986,5.082096666666664,5.081958500000008,0.0005828559475101082,0,8,47579136,my_ring_all_reduce,8,8
845,5.096902000000002,5.100438500000004,5.098651333333335,5.0986135,0.0014440179092464367,0,8,47710208,my_ring_all_reduce,8,8
846,5.113589999999982,5.115446000000025,5.114374000000004,5.114086000000003,0.0007845984110955896,0,8,47841280,my_ring_all_reduce,8,8
847,5.126005999999998,5.128679,5.127776833333346,5.128645500000043,0.0012522429432488293,0,8,47972352,my_ring_all_reduce,8,8
848,5.1420065000000035,5.144725999999995,5.143067500000002,5.142470000000008,0.0011879042469781515,0,8,48103424,my_ring_all_reduce,8,8
849,5.157749499999991,5.1587260000000095,5.158379166666673,5.15866200000002,0.0004460075360709902,0,8,48234496,my_ring_all_reduce,8,8
850,5.170358000000009,5.171733500000009,5.171195,5.171493499999983,0.0005999037422743116,0,8,48365568,my_ring_all_reduce,8,8
851,5.183557499999999,5.1858290000000045,5.184570666666668,5.184325499999999,0.0009434009693091076,0,8,48496640,my_ring_all_reduce,8,8
852,5.1965175000000094,5.200598000000006,5.197979000000005,5.196821499999999,0.0018560665846537642,0,8,48627712,my_ring_all_reduce,8,8
853,5.212228999999992,5.2150140000000045,5.21358416666666,5.213509499999986,0.001138196697515254,0,8,48758784,my_ring_all_reduce,8,8
854,5.2273020000000106,5.230469499999978,5.228629666666663,5.228117500000001,0.001342882492570349,0,8,48889856,my_ring_all_reduce,8,8
855,5.239525999999998,5.245349500000011,5.24255516666667,5.242790000000001,0.0023832258367419115,0,8,49020928,my_ring_all_reduce,8,8
856,5.2573175000000045,5.263509999999981,5.25981366666666,5.258613499999996,0.0026667163432775726,0,8,49152000,my_ring_all_reduce,8,8
857,5.2709340000000084,5.272629499999988,5.27173383333333,5.271637999999992,0.0006954941089215396,0,8,49283072,my_ring_all_reduce,8,8
858,5.286390000000014,5.2924540000000055,5.289312500000006,5.289093499999999,0.0024804562416319473,0,8,49414144,my_ring_all_reduce,8,8
859,5.304244999999995,5.305141499999998,5.304746666666659,5.304853499999987,0.0003737094087954052,0,8,49545216,my_ring_all_reduce,8,8
860,5.317637500000012,5.323142000000022,5.320389666666677,5.320389499999997,0.0022472027179528662,0,8,49676288,my_ring_all_reduce,8,8
861,5.331830000000002,5.338741999999998,5.3345551666666635,5.333093499999988,0.0030051387192982153,0,8,49807360,my_ring_all_reduce,8,8
862,5.348709000000003,5.351252999999975,5.349962166666667,5.349924500000023,0.001038925112250253,0,8,49938432,my_ring_all_reduce,8,8
863,5.36264550000001,5.366309500000003,5.364042833333342,5.363173500000014,0.0016172052711010078,0,8,50069504,my_ring_all_reduce,8,8
864,5.375333000000014,5.379365000000012,5.376863666666677,5.375893000000004,0.0017834239229339093,0,8,50200576,my_ring_all_reduce,8,8
865,5.39067849999998,5.396533,5.393605333333324,5.393604499999994,0.0023900896891665187,0,8,50331648,my_ring_all_reduce,8,8
866,5.406421000000003,5.408692999999977,5.407274333333327,5.406709000000003,0.0010100156214294684,0,8,50462720,my_ring_all_reduce,8,8
867,5.418437000000005,5.4230929999999935,5.421018500000005,5.421525500000014,0.0019343165459630913,0,8,50593792,my_ring_all_reduce,8,8
868,5.432981,5.438389499999991,5.435684999999995,5.435684499999996,0.0022080109072760766,0,8,50724864,my_ring_all_reduce,8,8
869,5.451605000000003,5.453029500000004,5.452138500000003,5.4517809999999995,0.0006341160514195625,0,8,50855936,my_ring_all_reduce,8,8
870,5.463428999999982,5.470436999999998,5.466820999999986,5.46659699999998,0.0028653851399137653,0,8,50987008,my_ring_all_reduce,8,8
871,5.4800690000000065,5.483556499999992,5.4815729999999965,5.4810934999999885,0.0014635810534392,0,8,51118080,my_ring_all_reduce,8,8
872,5.495813000000002,5.500724499999997,5.498287666666658,5.498325499999977,0.0020052899347011116,0,8,51249152,my_ring_all_reduce,8,8
873,5.507572000000001,5.510709500000004,5.509562166666668,5.510404999999999,0.0014127402647186706,0,8,51380224,my_ring_all_reduce,8,8
874,5.523716,5.5286770000000285,5.525914000000012,5.525349000000009,0.0020643480003902574,0,8,51511296,my_ring_all_reduce,8,8
875,5.540468999999999,5.543284499999994,5.541903500000001,5.54195700000001,0.001150045433883359,0,8,51642368,my_ring_all_reduce,8,8
876,5.553205000000009,5.558469499999978,5.555695666666665,5.555412500000006,0.0021585299910275198,0,8,51773440,my_ring_all_reduce,8,8
877,5.569508000000002,5.5711725,5.570292500000001,5.570197,0.0006828763919377715,0,8,51904512,my_ring_all_reduce,8,8
878,5.582788500000024,5.586436999999999,5.5848901666666775,5.585445000000007,0.00154029609345841,0,8,52035584,my_ring_all_reduce,8,8
879,5.595972999999969,5.599379999999999,5.597508499999985,5.597172499999986,0.001411047896671374,0,8,52166656,my_ring_all_reduce,8,8
880,5.612484500000001,5.616932500000024,5.614463333333343,5.613973000000002,0.0018486925259742551,0,8,52297728,my_ring_all_reduce,8,8
881,5.62864499999999,5.632707999999996,5.630703333333332,5.6307570000000124,0.001659146835644949,0,8,52428800,my_ring_all_reduce,8,8
882,5.638276500000009,5.644052499999991,5.641065666666665,5.640867999999995,0.002362180924948106,0,8,52559872,my_ring_all_reduce,8,8
883,5.6569324999999955,5.658133000000004,5.657647333333327,5.657876499999983,0.0005161963988860973,0,8,52690944,my_ring_all_reduce,8,8
884,5.671012000000017,5.674340999999986,5.672783000000003,5.672996000000007,0.0013673787575623686,0,8,52822016,my_ring_all_reduce,8,8
885,5.686116499999975,5.690373000000021,5.68874616666666,5.689748999999981,0.001876824282916116,0,8,52953088,my_ring_all_reduce,8,8
886,5.702996499999998,5.705652499999991,5.704127166666662,5.703732499999998,0.0011196443879862173,0,8,53084160,my_ring_all_reduce,8,8
887,5.716500500000013,5.718867999999995,5.718047000000001,5.718772499999995,0.0010942354256046572,0,8,53215232,my_ring_all_reduce,8,8
888,5.729588,5.731541000000012,5.730255166666673,5.729636500000009,0.0009094370358795819,0,8,53346304,my_ring_all_reduce,8,8
889,5.745587999999989,5.747812000000003,5.746462666666663,5.745987999999998,0.0009679963269036092,0,8,53477376,my_ring_all_reduce,8,8
890,5.758356000000021,5.764660999999993,5.761454999999994,5.761347999999969,0.0025751172141497075,0,8,53608448,my_ring_all_reduce,8,8
891,5.775923999999985,5.778708499999979,5.776921833333332,5.776133000000031,0.0012662420998863792,0,8,53739520,my_ring_all_reduce,8,8
892,5.790036000000022,5.79254849999999,5.791268166666676,5.791220000000016,0.0010262891351182262,0,8,53870592,my_ring_all_reduce,8,8
893,5.802964000000007,5.804932000000001,5.803700166666666,5.8032044999999925,0.0008765538900842299,0,8,54001664,my_ring_all_reduce,8,8
894,5.820500000000015,5.82262849999999,5.821620166666668,5.821731999999998,0.0008725472607279938,0,8,54132736,my_ring_all_reduce,8,8
895,5.8355239999999755,5.836260000000024,5.835939999999998,5.8360359999999964,0.0003080432870205025,0,8,54263808,my_ring_all_reduce,8,8
896,5.847508499999967,5.850995999999996,5.849305499999992,5.849412000000012,0.0014257561152018732,0,8,54394880,my_ring_all_reduce,8,8
897,5.862979999999996,5.868275499999989,5.865011833333328,5.863779999999999,0.0023307566844704523,0,8,54525952,my_ring_all_reduce,8,8
898,5.879539499999999,5.881636000000006,5.8805691666666675,5.880532,0.0008562959314553036,0,8,54657024,my_ring_all_reduce,8,8
899,5.895875999999993,5.900627499999995,5.897939666666662,5.897315499999999,0.001989367752718672,0,8,54788096,my_ring_all_reduce,8,8
900,5.909539999999994,5.914659500000024,5.911737166666666,5.911011999999981,0.0021520099261591557,0,8,54919168,my_ring_all_reduce,8,8
901,5.924163499999995,5.928355500000006,5.926654333333327,5.927443999999982,0.0018001659337109938,0,8,55050240,my_ring_all_reduce,8,8
902,5.938323500000028,5.941843499999995,5.939571500000004,5.938547499999993,0.0016091471861331814,0,8,55181312,my_ring_all_reduce,8,8
903,5.955716000000001,5.956611499999999,5.956291666666668,5.956547500000005,0.00040789547953211814,0,8,55312384,my_ring_all_reduce,8,8
904,5.969043999999966,5.970212000000003,5.969742833333329,5.969972500000019,0.000503730141618784,0,8,55443456,my_ring_all_reduce,8,8
905,5.981459500000001,5.983779499999997,5.982894333333333,5.983444000000003,0.0010237838584817435,0,8,55574528,my_ring_all_reduce,8,8
906,5.994051,6.002178999999989,5.998910000000002,6.000500000000015,0.0035035383067207443,0,8,55705600,my_ring_all_reduce,8,8
907,6.008995499999983,6.012915999999998,6.0114169999999945,6.012339500000002,0.0017283585179854674,0,8,55836672,my_ring_all_reduce,8,8
908,6.027315999999992,6.029635499999975,6.028771666666658,6.029363500000007,0.0010352842068170431,0,8,55967744,my_ring_all_reduce,8,8
909,6.040659000000014,6.0429640000000076,6.041528833333345,6.040963500000013,0.0010224016116722062,0,8,56098816,my_ring_all_reduce,8,8
910,6.055347500000003,6.056722999999998,6.056211500000001,6.0565640000000025,0.0006143789547160241,0,8,56229888,my_ring_all_reduce,8,8
911,6.068386500000008,6.075875500000009,6.072861833333339,6.074323499999998,0.0032273448667414673,0,8,56360960,my_ring_all_reduce,8,8
912,6.0838269999999905,6.090962999999989,6.08805116666666,6.089363500000001,0.0030574813254640406,0,8,56492032,my_ring_all_reduce,8,8
913,6.10285149999999,6.105922500000001,6.104029833333329,6.103315499999997,0.0013516568433713549,0,8,56623104,my_ring_all_reduce,8,8
914,6.115987000000023,6.117779500000005,6.117155333333339,6.117699499999988,0.0008267817460100643,0,8,56754176,my_ring_all_reduce,8,8
915,6.127812000000006,6.136467000000004,6.130787333333337,6.128082999999999,0.0040176544013757875,0,8,56885248,my_ring_all_reduce,8,8
916,6.143874999999992,6.150195000000004,6.146760333333326,6.146210999999981,0.0026092049023125614,0,8,57016320,my_ring_all_reduce,8,8
917,6.162035000000004,6.164963000000007,6.163784333333337,6.164355000000001,0.00126162364523811,0,8,57147392,my_ring_all_reduce,8,8
918,6.176098499999998,6.179043000000005,6.177442833333338,6.177187000000012,0.0012156227713510913,0,8,57278464,my_ring_all_reduce,8,8
919,6.189523000000001,6.192002999999995,6.1905525,6.190131500000003,0.0010553137764003375,0,8,57409536,my_ring_all_reduce,8,8
920,6.202962499999995,6.204675000000003,6.203821499999996,6.203826999999991,0.0006991360144286688,0,8,57540608,my_ring_all_reduce,8,8
921,6.213873999999996,6.22334699999998,6.217976333333329,6.216708000000013,0.003969965099193797,0,8,57671680,my_ring_all_reduce,8,8
922,6.233906500000012,6.23654700000001,6.234930833333348,6.234339000000022,0.0011563621357007347,0,8,57802752,my_ring_all_reduce,8,8
923,6.248097999999989,6.252418500000014,6.249949000000004,6.249330500000011,0.0018172482402520843,0,8,57933824,my_ring_all_reduce,8,8
924,6.262867000000017,6.264162500000006,6.263576166666673,6.263698999999994,0.0005359702002437064,0,8,58064896,my_ring_all_reduce,8,8
925,6.278338500000006,6.279938500000004,6.279160000000002,6.2792029999999945,0.0006539045547060644,0,8,58195968,my_ring_all_reduce,8,8
926,6.292627000000023,6.294834999999981,6.293933500000001,6.2943384999999985,0.0009458099703263125,0,8,58327040,my_ring_all_reduce,8,8
927,6.305059000000009,6.311010999999999,6.30855766666667,6.309603000000003,0.002539831665458996,0,8,58458112,my_ring_all_reduce,8,8
928,6.325842499999991,6.326354999999996,6.326013333333329,6.325842499999999,0.00024159481690567806,0,8,58589184,my_ring_all_reduce,8,8
929,6.335474999999992,6.338514499999991,6.337063999999999,6.337202500000014,0.001244729354786716,0,8,58720256,my_ring_all_reduce,8,8
930,6.348978000000003,6.3541785000000015,6.3522526666666606,6.353601499999975,0.002327489861530603,0,8,58851328,my_ring_all_reduce,8,8
931,6.364385999999999,6.366978499999983,6.365479833333327,6.365074999999997,0.0010964128125575694,0,8,58982400,my_ring_all_reduce,8,8
932,6.378514499999998,6.382786999999997,6.381058833333331,6.381874999999998,0.0018372370711355118,0,8,59113472,my_ring_all_reduce,8,8
933,6.392066999999985,6.397746000000003,6.395224000000005,6.395859000000026,0.0023615219668782577,0,8,59244544,my_ring_all_reduce,8,8
934,6.409650000000002,6.4124175,6.410769833333333,6.410241999999998,0.0011898795690691445,0,8,59375616,my_ring_all_reduce,8,8
935,6.429217999999993,6.430210499999981,6.4297249999999915,6.429746500000001,0.0004054715361929429,0,8,59506688,my_ring_all_reduce,8,8
936,6.439314500000019,6.44096249999998,6.440381000000008,6.440866000000024,0.0007551577097886687,0,8,59637760,my_ring_all_reduce,8,8
937,6.452066500000013,6.456050500000012,6.454157000000016,6.454354000000022,0.0016324155414599467,0,8,59768832,my_ring_all_reduce,8,8
938,6.469697999999982,6.476353999999981,6.472817999999979,6.472401999999973,0.002733175930427108,0,8,59899904,my_ring_all_reduce,8,8
939,6.483186500000011,6.489617500000008,6.486391333333337,6.4863699999999955,0.0026254880921868537,0,8,60030976,my_ring_all_reduce,8,8
940,6.499714499999987,6.5052020000000015,6.501970166666656,6.500993999999977,0.002344189992782042,0,8,60162048,my_ring_all_reduce,8,8
941,6.514354499999994,6.517809999999998,6.516231666666662,6.516530499999994,0.0014264398768353873,0,8,60293120,my_ring_all_reduce,8,8
942,6.529457499999996,6.530801999999996,6.530023166666666,6.529810000000005,0.0005692100276298187,0,8,60424192,my_ring_all_reduce,8,8
943,6.542498000000007,6.547554499999969,6.544242166666649,6.54267399999997,0.0023432752126409944,0,8,60555264,my_ring_all_reduce,8,8
944,6.556369999999981,6.565745999999978,6.560919166666662,6.5606415000000275,0.0038327681974699495,0,8,60686336,my_ring_all_reduce,8,8
945,6.572209999999992,6.576577500000007,6.574007166666665,6.573233999999997,0.001864958280743073,0,8,60817408,my_ring_all_reduce,8,8
946,6.586290499999996,6.5874254999999975,6.586769833333322,6.586593499999974,0.00047984465079040073,0,8,60948480,my_ring_all_reduce,8,8
947,6.602114000000016,6.605650499999989,6.603527333333328,6.602817499999976,0.0015285299219192831,0,8,61079552,my_ring_all_reduce,8,8
948,6.613345499999996,6.6194254999999975,6.6172014999999975,6.618833500000001,0.0027372940409599016,0,8,61210624,my_ring_all_reduce,8,8
949,6.630642000000007,6.63476950000001,6.6330896666666765,6.633857500000013,0.0017703559121152964,0,8,61341696,my_ring_all_reduce,8,8
950,6.647201499999996,6.651137499999989,6.6489723333333215,6.648577999999979,0.0016308787167915316,0,8,61472768,my_ring_all_reduce,8,8
951,6.660529500000004,6.662834000000017,6.661462999999993,6.66102549999996,0.0009903651683551423,0,8,61603840,my_ring_all_reduce,8,8
952,6.671361500000021,6.673776999999993,6.672684000000004,6.6729134999999955,0.0009993873956792053,0,8,61734912,my_ring_all_reduce,8,8
953,6.689089000000007,6.694338000000004,6.691996500000005,6.6925625,0.0021799491201995014,0,8,61865984,my_ring_all_reduce,8,8
954,6.703505000000005,6.711090000000004,6.7070840000000045,6.706657000000003,0.0031112487310827578,0,8,61997056,my_ring_all_reduce,8,8
955,6.719761000000003,6.723745500000005,6.721820000000004,6.721953500000003,0.0016294020887029801,0,8,62128128,my_ring_all_reduce,8,8
956,6.733953499999989,6.739121000000007,6.735761333333336,6.734209500000012,0.0023779408575991387,0,8,62259200,my_ring_all_reduce,8,8
957,6.747025999999996,6.752113499999999,6.7495428333333285,6.749488999999987,0.0020773119783895444,0,8,62390272,my_ring_all_reduce,8,8
958,6.764320999999996,6.766049499999994,6.765217333333324,6.765281499999983,0.0007071143629006694,0,8,62521344,my_ring_all_reduce,8,8
959,6.776849499999996,6.782241000000009,6.7786678333333406,6.7769130000000155,0.0025267433695495924,0,8,62652416,my_ring_all_reduce,8,8
960,6.787553500000009,6.793842000000004,6.7909666666666695,6.791504499999996,0.0025952850303722136,0,8,62783488,my_ring_all_reduce,8,8
961,6.804688999999999,6.811250000000016,6.80794783333334,6.807904500000003,0.0026786922908253173,0,8,62914560,my_ring_all_reduce,8,8
962,6.821649000000007,6.827809499999984,6.82384133333333,6.822065499999997,0.0028110648140587846,0,8,63045632,my_ring_all_reduce,8,8
963,6.8356969999999855,6.844913000000001,6.83938233333333,6.837537000000004,0.003982261110925549,0,8,63176704,my_ring_all_reduce,8,8
964,6.848816999999996,6.85512149999998,6.852641333333331,6.853985500000017,0.0027436919267441453,0,8,63307776,my_ring_all_reduce,8,8
965,6.863584999999992,6.866993000000003,6.865014166666673,6.8644645000000235,0.0014445797735760353,0,8,63438848,my_ring_all_reduce,8,8
966,6.883744500000001,6.88824100000001,6.885931500000001,6.885808999999994,0.0018377309832184596,0,8,63569920,my_ring_all_reduce,8,8
967,6.894480499999998,6.902401499999996,6.8978941666666636,6.896800499999998,0.0033249200825811857,0,8,63700992,my_ring_all_reduce,8,8
968,6.910209000000003,6.914129000000015,6.912011666666667,6.911696999999986,0.00161572714968932,0,8,63832064,my_ring_all_reduce,8,8
969,6.923712999999989,6.927776999999998,6.925488999999993,6.924976999999992,0.001698162143813071,0,8,63963136,my_ring_all_reduce,8,8
970,6.936464499999999,6.945008500000011,6.939643166666666,6.9374564999999855,0.003815417612217318,0,8,64094208,my_ring_all_reduce,8,8
971,6.952801000000007,6.957744500000008,6.955328833333335,6.9554409999999915,0.0020197333294826787,0,8,64225280,my_ring_all_reduce,8,8
972,6.969681000000026,6.975184999999983,6.972380000000005,6.972274000000005,0.0022482483551839,0,8,64356352,my_ring_all_reduce,8,8
973,6.9835050000000045,6.987745000000024,6.98549966666667,6.985248999999982,0.0017400240100610563,0,8,64487424,my_ring_all_reduce,8,8
974,6.99336099999999,6.998288499999996,6.995814166666662,6.995793000000002,0.002011699129814763,0,8,64618496,my_ring_all_reduce,8,8
975,7.013809000000008,7.020833000000013,7.016251666666676,7.014113000000005,0.003241868322779458,0,8,64749568,my_ring_all_reduce,8,8
976,7.024160999999993,7.033345499999996,7.029403666666664,7.030704500000008,0.0038607327096776486,0,8,64880640,my_ring_all_reduce,8,8
977,7.041776499999978,7.045967999999994,7.04342433333333,7.042528500000015,0.0018246563298954723,0,8,65011712,my_ring_all_reduce,8,8
978,7.0565280000000055,7.060657000000003,7.058507000000006,7.05833600000001,0.0016899883628776974,0,8,65142784,my_ring_all_reduce,8,8
979,7.071552499999998,7.07433600000001,7.072976166666659,7.073039999999969,0.0011372551995478155,0,8,65273856,my_ring_all_reduce,8,8
980,7.084864,7.087920000000009,7.086443000000007,7.0865450000000125,0.0012496898281882244,0,8,65404928,my_ring_all_reduce,8,8
981,7.10312049999999,7.107393000000003,7.105259333333322,7.105264499999976,0.001744244647091223,0,8,65536000,my_ring_all_reduce,8,8
982,7.112656000000017,7.118688499999997,7.116587166666665,7.118416999999983,0.002781963525189577,0,8,65667072,my_ring_all_reduce,8,8
983,7.130928000000011,7.1341445000000085,7.132384333333344,7.132080500000011,0.0013305898650171413,0,8,65798144,my_ring_all_reduce,8,8
984,7.1442880000000155,7.147727999999974,7.145982166666663,7.145930499999999,0.0014048492406095647,0,8,65929216,my_ring_all_reduce,8,8
985,7.155776500000007,7.159120500000012,7.157264333333334,7.156895999999983,0.0013898048024455212,0,8,66060288,my_ring_all_reduce,8,8
986,7.166416499999989,7.175568500000023,7.170843166666667,7.170544499999989,0.0037422522036418947,0,8,66191360,my_ring_all_reduce,8,8
987,7.188208499999979,7.19393650000004,7.190837666666677,7.190368000000009,0.0023619111024069965,0,8,66322432,my_ring_all_reduce,8,8
988,7.200767999999982,7.206448499999955,7.20349916666665,7.203281000000012,0.0023241797955761917,0,8,66453504,my_ring_all_reduce,8,8
989,7.217391999999992,7.219599500000012,7.218725166666669,7.219184000000003,0.0009578309117846231,0,8,66584576,my_ring_all_reduce,8,8
990,7.23238400000002,7.239407999999996,7.235381333333337,7.234351999999996,0.0029584668702172527,0,8,66715648,my_ring_all_reduce,8,8
991,7.243889000000025,7.250464000000007,7.246384333333345,7.2448000000000015,0.00290863545708263,0,8,66846720,my_ring_all_reduce,8,8
992,7.256831999999981,7.264287999999979,7.261631999999981,7.263775999999984,0.003400542701785847,0,8,66977792,my_ring_all_reduce,8,8
993,7.271903999999995,7.280432000000001,7.277210333333332,7.2792949999999985,0.0037807470455243253,0,8,67108864,my_ring_all_reduce,8,8
994,0.03380700000000002,0.035264500000000226,0.03468233333333338,0.034975499999999896,0.0006300987136068014,0,2,2048,my_ring_all_reduce,2,8
995,0.035839499999999816,0.046144000000000004,0.039903666666666636,0.03772750000000008,0.004479394012835065,0,2,10240,my_ring_all_reduce,2,8
996,0.035726999999999974,0.04710400000000016,0.04328483333333338,0.04702350000000002,0.0053442962482341365,0,2,18432,my_ring_all_reduce,2,8
997,0.03641500000000008,0.04092750000000001,0.03858083333333332,0.038399999999999865,0.0018466527526551412,0,2,26624,my_ring_all_reduce,2,8
998,0.04703899999999987,0.06246299999999985,0.05619133333333328,0.05907200000000012,0.00661808755524504,0,2,34816,my_ring_all_reduce,2,8
999,0.038366999999999964,0.05929500000000008,0.04906050000000004,0.049519500000000105,0.00854998271928083,0,2,43008,my_ring_all_reduce,2,8
1000,0.04383900000000006,0.04707199999999995,0.04577566666666669,0.046416000000000054,0.001395371475828375,0,2,51200,my_ring_all_reduce,2,8
1001,0.04340750000000003,0.04547199999999998,0.04474083333333332,0.04534299999999996,0.0009442787665138064,0,2,59392,my_ring_all_reduce,2,8
1002,0.04351900000000001,0.046847500000000084,0.04462866666666673,0.04351950000000011,0.001568952109601265,0,2,67584,my_ring_all_reduce,2,8
1003,0.04449549999999988,0.05697550000000001,0.04892216666666662,0.04529549999999995,0.005703924574848101,0,2,75776,my_ring_all_reduce,2,8
1004,0.04337549999999987,0.06539149999999995,0.05095416666666658,0.044095499999999906,0.010212967095261273,0,2,83968,my_ring_all_reduce,2,8
1005,0.04372700000000009,0.05110349999999994,0.04754600000000001,0.0478075,0.003017115040343389,0,2,92160,my_ring_all_reduce,2,8
1006,0.04348749999999996,0.061438999999999966,0.050196666666666605,0.045663499999999885,0.007999011942456133,0,2,100352,my_ring_all_reduce,2,8
1007,0.044191499999999904,0.047552000000000025,0.04587733333333332,0.04588850000000002,0.0013719411025583511,0,2,108544,my_ring_all_reduce,2,8
1008,0.04404750000000002,0.0468159999999998,0.04574899999999991,0.04638349999999991,0.0012160292622574792,0,2,116736,my_ring_all_reduce,2,8
1009,0.04363149999999996,0.047760000000000045,0.046314333333333346,0.04755150000000003,0.0018989583255622962,0,2,124928,my_ring_all_reduce,2,8
1010,0.04364750000000004,0.051488000000000055,0.04662916666666669,0.04475199999999995,0.003465176867379554,0,2,133120,my_ring_all_reduce,2,8
1011,0.04817500000000001,0.06582399999999995,0.05492766666666662,0.05078399999999988,0.007778143751707226,0,2,141312,my_ring_all_reduce,2,8
1012,0.04662350000000015,0.06203149999999994,0.05277816666666668,0.04967949999999996,0.006660976771882233,0,2,149504,my_ring_all_reduce,2,8
1013,0.04700699999999995,0.050399499999999875,0.04883666666666663,0.04910350000000006,0.001397775395246137,0,2,157696,my_ring_all_reduce,2,8
1014,0.047151500000000054,0.051519499999999996,0.04973816666666669,0.0505435,0.0018719468178580259,0,2,165888,my_ring_all_reduce,2,8
1015,0.04891049999999984,0.056462999999999965,0.051428166666666573,0.04891099999999989,0.003560164797995904,0,2,174080,my_ring_all_reduce,2,8
1016,0.04803200000000004,0.054495499999999995,0.05045300000000002,0.04883150000000001,0.002877053440588116,0,2,182272,my_ring_all_reduce,2,8
1017,0.05148750000000007,0.10123299999999995,0.07365333333333335,0.06823950000000002,0.0206661701996819,0,2,190464,my_ring_all_reduce,2,8
1018,0.04840049999999991,0.07796699999999987,0.06810633333333325,0.0779515,0.013934129815751775,0,2,198656,my_ring_all_reduce,2,8
1019,0.05091199999999992,0.06888,0.057919666666666564,0.05396699999999976,0.007849838059193101,0,2,206848,my_ring_all_reduce,2,8
1020,0.04923099999999988,0.07798299999999996,0.06061766666666665,0.054639000000000125,0.012476049517197158,0,2,215040,my_ring_all_reduce,2,8
1021,0.049455499999999916,0.0559670000000001,0.052469000000000016,0.051984500000000024,0.0026802939204498438,0,2,223232,my_ring_all_reduce,2,8
1022,0.04988750000000005,0.059710999999999785,0.05405233333333324,0.05255849999999987,0.004147203200819568,0,2,231424,my_ring_all_reduce,2,8
1023,0.04875150000000019,0.05137549999999999,0.05044200000000004,0.05119899999999996,0.001197533785187886,0,2,239616,my_ring_all_reduce,2,8
1024,0.04916750000000002,0.05687900000000002,0.05315666666666668,0.05342349999999999,0.003153855638561932,0,2,247808,my_ring_all_reduce,2,8
1025,0.04878350000000012,0.054894999999999985,0.05092716666666669,0.04910299999999995,0.002808712170293604,0,2,256000,my_ring_all_reduce,2,8
1026,0.05027149999999972,0.05966349999999977,0.054319666666666495,0.053024,0.0039422058193633374,0,2,264192,my_ring_all_reduce,2,8
1027,0.0615675,0.06860699999999986,0.06397799999999995,0.0617595,0.003274135687475334,0,2,272384,my_ring_all_reduce,2,8
1028,0.049119499999999906,0.05398300000000006,0.051428666666666616,0.05118349999999987,0.001993069338705795,0,2,280576,my_ring_all_reduce,2,8
1029,0.049278999999999885,0.05187099999999998,0.05025516666666662,0.0496155,0.0011507956909122812,0,2,288768,my_ring_all_reduce,2,8
1030,0.05339199999999994,0.05742349999999999,0.05569583333333336,0.05627200000000016,0.0016955282526562915,0,2,296960,my_ring_all_reduce,2,8
1031,0.04939199999999994,0.05524800000000005,0.051903833333333295,0.0510714999999999,0.0024620815154842344,0,2,305152,my_ring_all_reduce,2,8
1032,0.054767500000000156,0.055278999999999884,0.055023166666666734,0.05502300000000014,0.0002088190338279593,0,2,313344,my_ring_all_reduce,2,8
1033,0.05164750000000004,0.05844749999999999,0.054948666666666666,0.05475099999999998,0.0027796047780614635,0,2,321536,my_ring_all_reduce,2,8
1034,0.055246999999999956,0.06635100000000012,0.05982850000000004,0.05788750000000005,0.00473640614460661,0,2,329728,my_ring_all_reduce,2,8
1035,0.04996750000000009,0.05431949999999995,0.05276199999999998,0.05399899999999991,0.001980337134597636,0,2,337920,my_ring_all_reduce,2,8
1036,0.054623000000000047,0.05697550000000001,0.05553549999999996,0.055007999999999814,0.0010302932430462288,0,2,346112,my_ring_all_reduce,2,8
1037,0.051983000000000064,0.055119500000000016,0.053583166666666675,0.05364699999999994,0.001281266062229921,0,2,354304,my_ring_all_reduce,2,8
1038,0.05724750000000006,0.061519000000000004,0.0597273333333333,0.06041549999999984,0.0018104526291019187,0,2,362496,my_ring_all_reduce,2,8
1039,0.05761550000000011,0.06239949999999976,0.05939149999999995,0.05815949999999998,0.00213854031214426,0,2,370688,my_ring_all_reduce,2,8
1040,0.057455499999999916,0.06267150000000003,0.059327499999999984,0.057855500000000004,0.002370197178858088,0,2,378880,my_ring_all_reduce,2,8
1041,0.05513600000000008,0.05937549999999999,0.05735450000000003,0.05755200000000002,0.0017363937245528554,0,2,387072,my_ring_all_reduce,2,8
1042,0.05755100000000005,0.06095950000000005,0.0597966666666667,0.06087950000000001,0.0015882619606209583,0,2,395264,my_ring_all_reduce,2,8
1043,0.05790350000000001,0.05935950000000002,0.05867666666666669,0.058767000000000055,0.0005978316838561091,0,2,403456,my_ring_all_reduce,2,8
1044,0.057630999999999974,0.06851149999999996,0.06145000000000001,0.0582075000000001,0.004998778167379138,0,2,411648,my_ring_all_reduce,2,8
1045,0.05817549999999994,0.06255949999999996,0.060522166666666634,0.060831500000000004,0.0018030768764038493,0,2,419840,my_ring_all_reduce,2,8
1046,0.06043150000000003,0.08139099999999996,0.0684953333333333,0.06366349999999989,0.009213581282843032,0,2,428032,my_ring_all_reduce,2,8
1047,0.05854399999999987,0.06353550000000019,0.061621000000000016,0.0627835,0.002197319996419999,0,2,436224,my_ring_all_reduce,2,8
1048,0.05961550000000011,0.06988749999999994,0.06346616666666671,0.06089550000000008,0.004570539088067714,0,2,444416,my_ring_all_reduce,2,8
1049,0.05729550000000017,0.06132799999999986,0.05966883333333339,0.06038300000000015,0.001721973593164309,0,2,452608,my_ring_all_reduce,2,8
1050,0.06035149999999999,0.06491050000000007,0.06197800000000007,0.06067200000000014,0.0020777146499619922,0,2,460800,my_ring_all_reduce,2,8
1051,0.06190350000000001,0.07623950000000002,0.06957816666666668,0.0705915,0.005896346740897191,0,2,468992,my_ring_all_reduce,2,8
1052,0.06620699999999988,0.07563149999999996,0.06948216666666668,0.06660800000000018,0.004351315937608835,0,2,477184,my_ring_all_reduce,2,8
1053,0.06379200000000003,0.06559949999999992,0.0644798333333333,0.06404800000000001,0.0007985921292429665,0,2,485376,my_ring_all_reduce,2,8
1054,0.0651674999999999,0.09377599999999996,0.0747836666666666,0.06540749999999991,0.013429965105026254,0,2,493568,my_ring_all_reduce,2,8
1055,0.06033549999999991,0.06798299999999984,0.0647296666666666,0.06587050000000005,0.003224612595163772,0,2,501760,my_ring_all_reduce,2,8
1056,0.0647355,0.09539100000000007,0.08517249999999998,0.09539099999999985,0.014451141287109453,0,2,509952,my_ring_all_reduce,2,8
1057,0.06806399999999997,0.07556700000000012,0.07087416666666672,0.0689915000000001,0.0033398680196811965,0,2,518144,my_ring_all_reduce,2,8
1058,0.06617549999999994,0.08003099999999995,0.0727991666666666,0.07219099999999992,0.005672807657784835,0,2,526336,my_ring_all_reduce,2,8
1059,0.07007949999999995,0.09918250000000012,0.08946,0.09911799999999994,0.01370410827087998,0,2,534528,my_ring_all_reduce,2,8
1060,0.06835100000000012,0.07011149999999998,0.069498,0.07003149999999994,0.000811708794252314,0,2,542720,my_ring_all_reduce,2,8
1061,0.0708315,0.0722879999999999,0.07151449999999997,0.07142399999999997,0.0005980472389368121,0,2,550912,my_ring_all_reduce,2,8
1062,0.06243149999999992,0.08211100000000023,0.07204200000000006,0.07158350000000008,0.008040661115024604,0,2,559104,my_ring_all_reduce,2,8
1063,0.07265550000000008,0.07484649999999989,0.07400966666666663,0.07452699999999993,0.0009663834930064737,0,2,567296,my_ring_all_reduce,2,8
1064,0.07071899999999993,0.075375,0.07335366666666664,0.07396699999999999,0.0019496525046502511,0,2,575488,my_ring_all_reduce,2,8
1065,0.07142350000000011,0.07686300000000006,0.0734768333333334,0.07214400000000001,0.002412381062122825,0,2,583680,my_ring_all_reduce,2,8
1066,0.07459149999999999,0.07646349999999984,0.07537533333333324,0.07507099999999992,0.0007939605713691281,0,2,591872,my_ring_all_reduce,2,8
1067,0.07387200000000008,0.08287950000000001,0.07711433333333335,0.07459149999999999,0.004087157127991139,0,2,600064,my_ring_all_reduce,2,8
1068,0.0750714999999999,0.07729500000000018,0.07620200000000006,0.07623950000000014,0.0009081272854985018,0,2,608256,my_ring_all_reduce,2,8
1069,0.074625,0.08369500000000017,0.07834650000000003,0.07671949999999993,0.0038774193952508373,0,2,616448,my_ring_all_reduce,2,8
1070,0.07377499999999998,0.07563149999999985,0.07460699999999998,0.07441450000000009,0.0007700390682728798,0,2,624640,my_ring_all_reduce,2,8
1071,0.07603050000000001,0.08583949999999993,0.08054866666666664,0.07977599999999996,0.004041606989250103,0,2,632832,my_ring_all_reduce,2,8
1072,0.07415999999999998,0.07881500000000005,0.07722066666666667,0.078687,0.0021648489298075743,0,2,641024,my_ring_all_reduce,2,8
1073,0.07529449999999997,0.07929549999999995,0.07695899999999994,0.07628699999999992,0.0017011149774975977,0,2,649216,my_ring_all_reduce,2,8
1074,0.07835149999999999,0.08750300000000004,0.08148749999999995,0.07860799999999983,0.004254889599037854,0,2,657408,my_ring_all_reduce,2,8
1075,0.08564750000000004,0.08667149999999993,0.08612733333333333,0.08606299999999999,0.00042051403728712394,0,2,665600,my_ring_all_reduce,2,8
1076,0.08097499999999996,0.11123149999999998,0.1006658333333333,0.10979099999999994,0.013935935516578075,0,2,673792,my_ring_all_reduce,2,8
1077,0.08401450000000012,0.08870350000000007,0.08569016666666675,0.08435250000000008,0.002135211829199975,0,2,681984,my_ring_all_reduce,2,8
1078,0.08708600000000001,0.08950299999999993,0.08853716666666661,0.08902249999999992,0.0010447116295364994,0,2,690176,my_ring_all_reduce,2,8
1079,0.08612749999999983,0.09211099999999987,0.08877249999999988,0.08807899999999995,0.002491488811935555,0,2,698368,my_ring_all_reduce,2,8
1080,0.0835195,0.09404750000000002,0.08855416666666667,0.08809550000000002,0.004310257326682747,0,2,706560,my_ring_all_reduce,2,8
1081,0.08340649999999994,0.08919949999999995,0.08666049999999996,0.0873755,0.002418419731973761,0,2,714752,my_ring_all_reduce,2,8
1082,0.08494299999999999,0.08927999999999997,0.08777549999999996,0.08910349999999995,0.0020041756825853884,0,2,722944,my_ring_all_reduce,2,8
1083,0.08871949999999992,0.08972649999999999,0.08938566666666664,0.08971100000000001,0.0004710934679610718,0,2,731136,my_ring_all_reduce,2,8
1084,0.0856624999999999,0.09492650000000004,0.0897693333333333,0.08871899999999994,0.0038542464964706124,0,2,739328,my_ring_all_reduce,2,8
1085,0.08579100000000006,0.09331100000000003,0.08897516666666667,0.08782349999999997,0.0031761981553773072,0,2,747520,my_ring_all_reduce,2,8
1086,0.09095899999999994,0.09639850000000012,0.09389716666666671,0.09433400000000006,0.0022420463247271576,0,2,755712,my_ring_all_reduce,2,8
1087,0.0873755,0.0899185,0.08907083333333328,0.08991849999999989,0.001198781696371569,0,2,763904,my_ring_all_reduce,2,8
1088,0.09116700000000003,0.09303949999999998,0.09241499999999998,0.0930385,0.0008824693573527847,0,2,772096,my_ring_all_reduce,2,8
1089,0.09407949999999994,0.09617549999999983,0.09486349999999993,0.09433550000000003,0.0009335923450128212,0,2,780288,my_ring_all_reduce,2,8
1090,0.08820850000000008,0.09555199999999991,0.09305566666666665,0.09540649999999994,0.003427979101777274,0,2,788480,my_ring_all_reduce,2,8
1091,0.09228800000000001,0.10078350000000001,0.0969435,0.09775900000000001,0.0035158839808313753,0,2,796672,my_ring_all_reduce,2,8
1092,0.10284750000000008,0.13803100000000007,0.12630300000000005,0.13803049999999997,0.016585543107377154,0,2,804864,my_ring_all_reduce,2,8
1093,0.09467199999999991,0.1015664999999999,0.097178,0.09529550000000017,0.0031135603682386397,0,2,813056,my_ring_all_reduce,2,8
1094,0.09675149999999996,0.102111,0.09871399999999997,0.09727949999999999,0.002411694114103205,0,2,821248,my_ring_all_reduce,2,8
1095,0.09686349999999994,0.10003099999999995,0.09871416666666659,0.09924799999999982,0.001347095043252528,0,2,829440,my_ring_all_reduce,2,8
1096,0.096447,0.09815949999999987,0.09711399999999992,0.09673549999999989,0.0007486034775945157,0,2,837632,my_ring_all_reduce,2,8
1097,0.09593449999999984,0.10057499999999993,0.09864933333333321,0.09943849999999986,0.0019749511527011702,0,2,845824,my_ring_all_reduce,2,8
1098,0.09987049999999988,0.10423900000000004,0.10156150000000007,0.10057500000000028,0.0019149995213228377,0,2,854016,my_ring_all_reduce,2,8
1099,0.09023999999999996,0.14203049999999984,0.11156199999999994,0.10241550000000006,0.022110447293078376,0,2,862208,my_ring_all_reduce,2,8
1100,0.09812599999999998,0.1029275,0.10056416666666666,0.100639,0.001960918251454898,0,2,870400,my_ring_all_reduce,2,8
1101,0.1002874999999999,0.11436750000000007,0.10578049999999996,0.10268649999999992,0.006150405244101202,0,2,878592,my_ring_all_reduce,2,8
1102,0.10239949999999999,0.10479899999999998,0.10339616666666666,0.10299000000000001,0.00102082599997365,0,2,886784,my_ring_all_reduce,2,8
1103,0.09455899999999998,0.10695849999999996,0.10154533333333338,0.10311850000000015,0.0051828589332744085,0,2,894976,my_ring_all_reduce,2,8
1104,0.10172749999999997,0.11673450000000003,0.1079615,0.10542250000000002,0.006384220286508522,0,2,903168,my_ring_all_reduce,2,8
1105,0.10367849999999999,0.10524750000000006,0.1045268333333333,0.10465449999999987,0.0006468716170067384,0,2,911360,my_ring_all_reduce,2,8
1106,0.10252750000000004,0.11375949999999989,0.10665566666666666,0.10368000000000006,0.005045156098234702,0,2,919552,my_ring_all_reduce,2,8
1107,0.10356799999999987,0.106303,0.10535933333333321,0.10620699999999977,0.0012672701194124246,0,2,927744,my_ring_all_reduce,2,8
1108,0.10171200000000016,0.11243299999999988,0.10646933333333336,0.10526300000000004,0.004459177079038373,0,2,935936,my_ring_all_reduce,2,8
1109,0.10425499999999989,0.10657500000000004,0.10579599999999999,0.106558,0.0010896736514511137,0,2,944128,my_ring_all_reduce,2,8
1110,0.10057499999999993,0.11110349999999983,0.10664433333333322,0.10825449999999989,0.004446482173833814,0,2,952320,my_ring_all_reduce,2,8
1111,0.10331049999999982,0.1074235000000001,0.10600999999999995,0.10729599999999993,0.0019095443173700799,0,2,960512,my_ring_all_reduce,2,8
1112,0.10207849999999985,0.15057500000000004,0.11908666666666667,0.1046065000000001,0.022289519930277186,0,2,968704,my_ring_all_reduce,2,8
1113,0.09449500000000012,0.10612699999999996,0.10216433333333332,0.10587099999999987,0.005424044575365739,0,2,976896,my_ring_all_reduce,2,8
1114,0.0959190000000001,0.12081549999999994,0.1080256666666667,0.10734250000000009,0.010175426791485824,0,2,985088,my_ring_all_reduce,2,8
1115,0.10527949999999998,0.1075184999999998,0.10605249999999994,0.10535950000000002,0.0010371329069441698,0,2,993280,my_ring_all_reduce,2,8
1116,0.10734349999999995,0.11516749999999991,0.1103779999999999,0.10862299999999982,0.003426734378384181,0,2,1001472,my_ring_all_reduce,2,8
1117,0.10315049999999985,0.11431849999999998,0.10834533333333328,0.10756700000000001,0.004592414621477024,0,2,1009664,my_ring_all_reduce,2,8
1118,0.11076700000000012,0.12145449999999994,0.11532699999999994,0.11375949999999978,0.004501737164695384,0,2,1017856,my_ring_all_reduce,2,8
1119,0.11020749999999988,0.12225450000000013,0.11806833333333332,0.12174299999999993,0.005562369613952589,0,2,1026048,my_ring_all_reduce,2,8
1120,0.1122550000000001,0.11953400000000006,0.11673433333333334,0.11841399999999988,0.0032002000284703895,0,2,1034240,my_ring_all_reduce,2,8
1121,0.11459100000000001,0.15073400000000003,0.12784916666666668,0.11822249999999997,0.016249792728592657,0,2,1042432,my_ring_all_reduce,2,8
1122,0.11182299999999998,0.11857550000000004,0.11522050000000002,0.11526300000000003,0.00275686038214974,0,2,1048576,my_ring_all_reduce,2,8
1123,0.11166300000000001,0.1507674999999997,0.1275138333333332,0.12011099999999988,0.016800633640497546,0,2,1081344,my_ring_all_reduce,2,8
1124,0.11635050000000006,0.12788649999999996,0.12211633333333337,0.12211200000000008,0.004709553275583062,0,2,1114112,my_ring_all_reduce,2,8
1125,0.11699099999999982,0.1255669999999999,0.12233516666666655,0.12444749999999988,0.0038064338589055354,0,2,1146880,my_ring_all_reduce,2,8
1126,0.11300650000000008,0.12297449999999992,0.11694283333333333,0.11484749999999998,0.004330748382849672,0,2,1179648,my_ring_all_reduce,2,8
1127,0.1183825,0.1277600000000001,0.12429250000000001,0.1267349999999999,0.004199899304348465,0,2,1212416,my_ring_all_reduce,2,8
1128,0.1241425000000001,0.15585500000000024,0.14527900000000013,0.15583950000000005,0.014945763820115294,0,2,1245184,my_ring_all_reduce,2,8
1129,0.1145105000000001,0.11575950000000011,0.11500150000000005,0.11473449999999992,0.0005437321644584818,0,2,1277952,my_ring_all_reduce,2,8
1130,0.11935900000000003,0.15599800000000005,0.13427566666666665,0.12746999999999992,0.0157128801589298,0,2,1310720,my_ring_all_reduce,2,8
1131,0.1165435,0.12862299999999993,0.12109233333333329,0.1181104999999999,0.005363274968607219,0,2,1343488,my_ring_all_reduce,2,8
1132,0.11729549999999996,0.1610060000000002,0.13484700000000002,0.12623949999999992,0.018854155063716623,0,2,1376256,my_ring_all_reduce,2,8
1133,0.12476699999999995,0.12801649999999995,0.12673566666666664,0.1274235,0.0014129516583694264,0,2,1409024,my_ring_all_reduce,2,8
1134,0.1201585,0.13279949999999985,0.12598316666666665,0.12499150000000009,0.005208088090226087,0,2,1441792,my_ring_all_reduce,2,8
1135,0.1223504999999999,0.15655899999999998,0.13626016666666665,0.1298710000000001,0.01467813466993981,0,2,1474560,my_ring_all_reduce,2,8
1136,0.11860550000000013,0.12740649999999984,0.12341733333333338,0.12424000000000013,0.003639778892857109,0,2,1507328,my_ring_all_reduce,2,8
1137,0.11932700000000022,0.16111899999999993,0.14717750000000002,0.16108649999999988,0.01969328187902313,0,2,1540096,my_ring_all_reduce,2,8
1138,0.1274704999999999,0.16612649999999995,0.14100116666666665,0.12940650000000006,0.01778386544658449,0,2,1572864,my_ring_all_reduce,2,8
1139,0.12687900000000013,0.16607899999999995,0.1422178333333333,0.1336954999999998,0.017100343545931696,0,2,1605632,my_ring_all_reduce,2,8
1140,0.12164650000000017,0.16617449999999964,0.1436836666666666,0.14323000000000002,0.018181310112004606,0,2,1638400,my_ring_all_reduce,2,8
1141,0.12577449999999993,0.13483150000000013,0.131748,0.13463800000000004,0.004224640990664251,0,2,1671168,my_ring_all_reduce,2,8
1142,0.12599999999999995,0.13623900000000003,0.13232999999999995,0.13475099999999987,0.004517020478147082,0,2,1703936,my_ring_all_reduce,2,8
1143,0.12486400000000003,0.13385550000000002,0.1283461666666667,0.12631900000000007,0.003940712421490407,0,2,1736704,my_ring_all_reduce,2,8
1144,0.12494350000000008,0.1407035000000002,0.1341058333333334,0.13667049999999994,0.006684685798317115,0,2,1769472,my_ring_all_reduce,2,8
1145,0.14812649999999986,0.1630714999999999,0.1576521666666667,0.16175850000000036,0.006756958701138436,0,2,1802240,my_ring_all_reduce,2,8
1146,0.15471849999999984,0.20116550000000008,0.17266500000000007,0.16211100000000023,0.020377620718981606,0,2,1835008,my_ring_all_reduce,2,8
1147,0.1598705,0.1643505,0.16184383333333333,0.16131050000000005,0.0018674284160012371,0,2,1867776,my_ring_all_reduce,2,8
1148,0.162414,0.16681500000000005,0.16399883333333334,0.16276750000000004,0.001996553126988847,0,2,1900544,my_ring_all_reduce,2,8
1149,0.16324649999999996,0.17339049999999986,0.16962016666666666,0.17222350000000006,0.004531974722887233,0,2,1933312,my_ring_all_reduce,2,8
1150,0.1704459999999999,0.17695949999999971,0.17366783333333316,0.17359799999999995,0.0026595836871376077,0,2,1966080,my_ring_all_reduce,2,8
1151,0.17478250000000004,0.18483100000000013,0.17889466666666679,0.17707050000000016,0.004300292709675602,0,2,1998848,my_ring_all_reduce,2,8
1152,0.1776470000000004,0.2091350000000001,0.1907081666666669,0.18534250000000022,0.013403141922283967,0,2,2031616,my_ring_all_reduce,2,8
1153,0.1760155,0.1871830000000002,0.18302333333333334,0.18587149999999986,0.004984128414834022,0,2,2064384,my_ring_all_reduce,2,8
1154,0.178063,0.19012699999999996,0.18481466666666665,0.18625400000000003,0.005029167216238568,0,2,2097152,my_ring_all_reduce,2,8
1155,0.17683100000000002,0.23316600000000007,0.19852649999999997,0.18558249999999987,0.024753025515412638,0,2,2129920,my_ring_all_reduce,2,8
1156,0.18043150000000013,0.18668700000000013,0.1845961666666668,0.1866700000000002,0.0029448722194501025,0,2,2162688,my_ring_all_reduce,2,8
1157,0.17964749999999993,0.18843099999999993,0.185476,0.18834950000000014,0.004121506176953647,0,2,2195456,my_ring_all_reduce,2,8
1158,0.17764799999999992,0.2090390000000001,0.19166850000000002,0.18831849999999997,0.013032410758055042,0,2,2228224,my_ring_all_reduce,2,8
1159,0.1847025,0.187409,0.1856636666666667,0.1848795000000001,0.001236250671272683,0,2,2260992,my_ring_all_reduce,2,8
1160,0.181967,0.19118299999999988,0.18763616666666658,0.1897584999999998,0.004050669745719634,0,2,2293760,my_ring_all_reduce,2,8
1161,0.18409499999999993,0.2149425,0.19556649999999995,0.1876619999999999,0.013778072053084973,0,2,2326528,my_ring_all_reduce,2,8
1162,0.18574299999999994,0.19580600000000004,0.19115566666666664,0.191918,0.004143416974216156,0,2,2359296,my_ring_all_reduce,2,8
1163,0.18983900000000006,0.19511849999999992,0.19200966666666672,0.19107150000000014,0.0022551271336420336,0,2,2392064,my_ring_all_reduce,2,8
1164,0.18662249999999994,0.24126250000000005,0.20860116666666664,0.1979185,0.02355096495310169,0,2,2424832,my_ring_all_reduce,2,8
1165,0.18987,0.1968620000000001,0.19366766666666668,0.19427099999999997,0.0028861767482644546,0,2,2457600,my_ring_all_reduce,2,8
1166,0.18286249999999996,0.19500699999999974,0.189524,0.19070250000000033,0.005027515406904901,0,2,2490368,my_ring_all_reduce,2,8
1167,0.18561400000000003,0.22086299999999995,0.20113983333333332,0.1969425,0.014693223054259446,0,2,2523136,my_ring_all_reduce,2,8
1168,0.19700599999999988,0.19823899999999992,0.1978173333333332,0.19820699999999988,0.0005738480247901606,0,2,2555904,my_ring_all_reduce,2,8
1169,0.1994385,0.20140700000000017,0.20047366666666674,0.20057550000000005,0.0008068562793680609,0,2,2588672,my_ring_all_reduce,2,8
1170,0.20063800000000004,0.2968609999999999,0.2328405,0.20102250000000005,0.0452696018335335,0,2,2621440,my_ring_all_reduce,2,8
1171,0.20014250000000017,0.2978209999999999,0.26497916666666677,0.2969740000000002,0.045847750657899054,0,2,2654208,my_ring_all_reduce,2,8
1172,0.19570950000000017,0.20241450000000008,0.20004616666666672,0.2020144999999999,0.003070831411125503,0,2,2686976,my_ring_all_reduce,2,8
1173,0.19407799999999997,0.20332699999999979,0.19890516666666655,0.19931049999999984,0.0037867507252993256,0,2,2719744,my_ring_all_reduce,2,8
1174,0.19881399999999996,0.20404600000000006,0.20150750000000006,0.20166250000000013,0.0021387651811267602,0,2,2752512,my_ring_all_reduce,2,8
1175,0.1985909999999999,0.20599799999999982,0.20346516666666656,0.20580649999999992,0.0034474428768130104,0,2,2785280,my_ring_all_reduce,2,8
1176,0.20247849999999995,0.20756599999999992,0.20422233333333328,0.20262249999999996,0.0023650601237365635,0,2,2818048,my_ring_all_reduce,2,8
1177,0.2071345000000001,0.2356959999999999,0.21709783333333332,0.20846299999999998,0.01316206874781546,0,2,2850816,my_ring_all_reduce,2,8
1178,0.2021260000000002,0.21438199999999996,0.2075126666666667,0.20602999999999996,0.005112149537023349,0,2,2883584,my_ring_all_reduce,2,8
1179,0.19932650000000024,0.20897449999999992,0.20551300000000006,0.20823800000000006,0.004384837112139851,0,2,2916352,my_ring_all_reduce,2,8
1180,0.208912,0.21617550000000005,0.21224466666666672,0.21164650000000007,0.0029953253115850955,0,2,2949120,my_ring_all_reduce,2,8
1181,0.20905449999999973,0.22458999999999982,0.21714499999999995,0.2177905000000003,0.0063587442549610925,0,2,2981888,my_ring_all_reduce,2,8
1182,0.2168465,0.21929449999999998,0.2184248333333334,0.21913350000000015,0.0011179839990904522,0,2,3014656,my_ring_all_reduce,2,8
1183,0.21427,0.27196600000000004,0.24054716666666667,0.23540550000000007,0.02383323528301511,0,2,3047424,my_ring_all_reduce,2,8
1184,0.20751800000000004,0.3030379999999998,0.2439926666666666,0.22142199999999992,0.042135447035588476,0,2,3080192,my_ring_all_reduce,2,8
1185,0.21387000000000012,0.21926300000000004,0.21665450000000006,0.21683050000000004,0.0022051975346137425,0,2,3112960,my_ring_all_reduce,2,8
1186,0.2166384999999999,0.2212465000000002,0.21927300000000002,0.21993399999999996,0.0019384025639687,0,2,3145728,my_ring_all_reduce,2,8
1187,0.21988649999999973,0.25762950000000023,0.23285733333333333,0.22105600000000006,0.017523072667835055,0,2,3178496,my_ring_all_reduce,2,8
1188,0.21047900000000017,0.22078349999999988,0.21719366666666676,0.2203185000000002,0.004751779847827717,0,2,3211264,my_ring_all_reduce,2,8
1189,0.2150395000000001,0.22217550000000005,0.21970050000000005,0.22188649999999996,0.003297935819064156,0,2,3244032,my_ring_all_reduce,2,8
1190,0.21638199999999985,0.22550250000000005,0.2197213333333333,0.2172795,0.004104289835715321,0,2,3276800,my_ring_all_reduce,2,8
1191,0.21988750000000004,0.22550249999999994,0.2232416666666667,0.22433500000000015,0.002419171977259053,0,2,3309568,my_ring_all_reduce,2,8
1192,0.21932650000000012,0.22659050000000025,0.22276633333333348,0.22238200000000008,0.0029779420280157515,0,2,3342336,my_ring_all_reduce,2,8
1193,0.2171199999999999,0.25204650000000006,0.23147083333333338,0.2252460000000001,0.01492261177058349,0,2,3375104,my_ring_all_reduce,2,8
1194,0.23199850000000005,0.29235000000000005,0.2523823333333333,0.23279849999999988,0.028263295208725357,0,2,3407872,my_ring_all_reduce,2,8
1195,0.2300625,0.23806150000000026,0.23352383333333335,0.23244749999999978,0.0033530951207637735,0,2,3440640,my_ring_all_reduce,2,8
1196,0.2327505000000001,0.2373100000000002,0.23459033333333346,0.23371050000000004,0.0019626241078945987,0,2,3473408,my_ring_all_reduce,2,8
1197,0.23172650000000022,0.27457349999999997,0.24646750000000014,0.23310250000000018,0.019881880712514656,0,2,3506176,my_ring_all_reduce,2,8
1198,0.23254199999999992,0.23815800000000015,0.23465466666666676,0.23326400000000014,0.0024947049703099612,0,2,3538944,my_ring_all_reduce,2,8
1199,0.24734299999999984,0.2527190000000001,0.2501061666666667,0.2502565000000002,0.0021973156476837855,0,2,3571712,my_ring_all_reduce,2,8
1200,0.24642999999999984,0.2583975000000003,0.2528033333333333,0.2535824999999999,0.0049166783898167,0,2,3604480,my_ring_all_reduce,2,8
1201,0.254207,0.2567825,0.2556091666666667,0.2558380000000002,0.001063821283027489,0,2,3637248,my_ring_all_reduce,2,8
1202,0.25271850000000007,0.26047749999999975,0.2578326666666666,0.2603019999999999,0.0036169716230876657,0,2,3670016,my_ring_all_reduce,2,8
1203,0.25732650000000035,0.2643499999999999,0.26183833333333345,0.2638385000000001,0.0031971745946832216,0,2,3702784,my_ring_all_reduce,2,8
1204,0.26478150000000017,0.27111750000000007,0.2686645000000001,0.2700944999999999,0.0027772767236988786,0,2,3735552,my_ring_all_reduce,2,8
1205,0.27592000000000005,0.28182249999999953,0.27868183333333313,0.2783029999999998,0.0024245291753701775,0,2,3768320,my_ring_all_reduce,2,8
1206,0.2759829999999998,0.285086,0.2803131666666666,0.2798705,0.003729442995348784,0,2,3801088,my_ring_all_reduce,2,8
1207,0.2833739999999999,0.2914050000000002,0.2882586666666666,0.28999699999999984,0.0035014846692352397,0,2,3833856,my_ring_all_reduce,2,8
1208,0.29551850000000013,0.33739000000000036,0.3121796666666669,0.3036305000000002,0.018131405830461474,0,2,3866624,my_ring_all_reduce,2,8
1209,0.2918710000000001,0.29769449999999986,0.2957155,0.29758100000000004,0.002718866890207439,0,2,3899392,my_ring_all_reduce,2,8
1210,0.29065449999999987,0.3026705000000002,0.29764133333333337,0.29959899999999995,0.005097084662388558,0,2,3932160,my_ring_all_reduce,2,8
1211,0.2999654999999998,0.3077750000000001,0.3035343333333333,0.3028625,0.0032234135719073215,0,2,3964928,my_ring_all_reduce,2,8
1212,0.30130999999999997,0.3098070000000003,0.3066655000000001,0.30887950000000014,0.003805793763023369,0,2,3997696,my_ring_all_reduce,2,8
1213,0.30046350000000005,0.3059659999999999,0.3032411666666666,0.3032939999999999,0.0022466968469782374,0,2,4030464,my_ring_all_reduce,2,8
1214,0.3016785,0.31569450000000004,0.310169,0.3131339999999998,0.006094012512294316,0,2,4063232,my_ring_all_reduce,2,8
1215,0.3058070000000003,0.31578950000000033,0.3104835000000003,0.3098540000000003,0.004099575526807648,0,2,4096000,my_ring_all_reduce,2,8
1216,0.3086395,0.4162359999999999,0.34695249999999994,0.315982,0.049082451757221694,0,2,4128768,my_ring_all_reduce,2,8
1217,0.3126379999999999,0.3163184999999999,0.3140518333333333,0.31319900000000006,0.0016190560178353218,0,2,4161536,my_ring_all_reduce,2,8
1218,0.30793449999999983,0.31430150000000007,0.3114006666666666,0.3119659999999998,0.002629876243391691,0,2,4194304,my_ring_all_reduce,2,8
1219,0.31420600000000004,0.3194219999999998,0.31726216666666657,0.3181584999999998,0.0022217446722988705,0,2,4227072,my_ring_all_reduce,2,8
1220,0.31618899999999983,0.3203504999999999,0.3188246666666667,0.3199345000000003,0.0018714197967201242,0,2,4259840,my_ring_all_reduce,2,8
1221,0.3164770000000001,0.3237104999999999,0.3206915000000001,0.3218870000000001,0.003071676605156572,0,2,4292608,my_ring_all_reduce,2,8
1222,0.3167670000000001,0.32761450000000014,0.3234116666666668,0.3258535000000002,0.004753172735716209,0,2,4325376,my_ring_all_reduce,2,8
1223,0.3217105000000001,0.3287655,0.32636616666666673,0.32862250000000004,0.003292571065629698,0,2,4358144,my_ring_all_reduce,2,8
1224,0.31471799999999983,0.3268949999999999,0.3219133333333332,0.32412699999999994,0.00521185010869997,0,2,4390912,my_ring_all_reduce,2,8
1225,0.3167655,0.35012649999999973,0.3296408333333333,0.3220305000000001,0.014644156066120193,0,2,4423680,my_ring_all_reduce,2,8
1226,0.32283100000000003,0.39294150000000017,0.34784333333333334,0.3277574999999997,0.03195258026183327,0,2,4456448,my_ring_all_reduce,2,8
1227,0.3178069999999999,0.3235814999999998,0.3197691666666666,0.3179190000000001,0.002696114498475236,0,2,4489216,my_ring_all_reduce,2,8
1228,0.3190535000000002,0.33132650000000013,0.32519250000000005,0.32519749999999986,0.005010432516260416,0,2,4521984,my_ring_all_reduce,2,8
1229,0.314511,0.32414250000000006,0.32001983333333334,0.32140599999999997,0.00405236898479014,0,2,4554752,my_ring_all_reduce,2,8
1230,0.32041500000000006,0.3930699999999999,0.3466648333333335,0.32650950000000034,0.03290760147831421,0,2,4587520,my_ring_all_reduce,2,8
1231,0.31934249999999986,0.4133889999999997,0.3522109999999999,0.3239015000000002,0.043299398635161815,0,2,4620288,my_ring_all_reduce,2,8
1232,0.31391800000000025,0.3236789999999999,0.3194115000000001,0.3206375000000002,0.004078119439970532,0,2,4653056,my_ring_all_reduce,2,8
1233,0.3263349999999998,0.33039750000000007,0.32844666666666655,0.32860749999999983,0.0016624032971040883,0,2,4685824,my_ring_all_reduce,2,8
1234,0.3178225000000001,0.352269,0.3319071666666667,0.32563,0.014746580543374155,0,2,4718592,my_ring_all_reduce,2,8
1235,0.3185425,0.3911009999999999,0.345027,0.3254375,0.03270061531786007,0,2,4751360,my_ring_all_reduce,2,8
1236,0.3156305,0.32574300000000017,0.32054266666666664,0.3202544999999998,0.0041334363495227865,0,2,4784128,my_ring_all_reduce,2,8
1237,0.31699050000000034,0.3263014999999999,0.3223395000000003,0.32372650000000047,0.0039256852480383155,0,2,4816896,my_ring_all_reduce,2,8
1238,0.32097450000000005,0.337983,0.3271293333333333,0.32243049999999995,0.007697685543215051,0,2,4849664,my_ring_all_reduce,2,8
1239,0.316974,0.3280625,0.3237851666666666,0.32631899999999997,0.004868534453223291,0,2,4882432,my_ring_all_reduce,2,8
1240,0.3195669999999999,0.37068650000000003,0.34057966666666667,0.3314855,0.021837715396126594,0,2,4915200,my_ring_all_reduce,2,8
1241,0.32465300000000047,0.33538850000000003,0.32889350000000017,0.3266389999999999,0.004663676500358807,0,2,4947968,my_ring_all_reduce,2,8
1242,0.3225735000000003,0.33150300000000016,0.3258915000000001,0.32359799999999994,0.003989912217079473,0,2,4980736,my_ring_all_reduce,2,8
1243,0.3215194999999999,0.33430200000000004,0.32701183333333333,0.32521399999999995,0.005371047699368301,0,2,5013504,my_ring_all_reduce,2,8
1244,0.3287009999999996,0.3391814999999998,0.3349733333333331,0.33703750000000016,0.004520752745825669,0,2,5046272,my_ring_all_reduce,2,8
1245,0.3295009999999999,0.4019179999999999,0.3568508333333333,0.33913350000000003,0.03210901636179814,0,2,5079040,my_ring_all_reduce,2,8
1246,0.328558,0.3445740000000001,0.3379233333333333,0.3406379999999997,0.006814451571639647,0,2,5111808,my_ring_all_reduce,2,8
1247,0.34004650000000014,0.34396550000000026,0.34211566666666676,0.34233499999999983,0.0016074245619071277,0,2,5144576,my_ring_all_reduce,2,8
1248,0.34145349999999997,0.3488779999999997,0.3461043333333332,0.3479814999999999,0.0033089390125670614,0,2,5177344,my_ring_all_reduce,2,8
1249,0.3474224999999999,0.3916294999999998,0.3626168333333333,0.3487985000000001,0.020522742902015268,0,2,5210112,my_ring_all_reduce,2,8
1250,0.3515830000000003,0.3680619999999999,0.3592463333333334,0.35809399999999986,0.006776688686634013,0,2,5242880,my_ring_all_reduce,2,8
1251,0.3472465000000002,0.35618999999999984,0.35150733333333334,0.35108549999999994,0.00366333232484049,0,2,5275648,my_ring_all_reduce,2,8
1252,0.351903,0.3558869999999994,0.35424400000000017,0.3549420000000009,0.0016996993851854326,0,2,5308416,my_ring_all_reduce,2,8
1253,0.3485105,0.3591985,0.35524116666666666,0.3580145,0.004783782975382089,0,2,5341184,my_ring_all_reduce,2,8
1254,0.35606200000000005,0.3613405,0.3589204999999999,0.3593589999999997,0.0021771314843159664,0,2,5373952,my_ring_all_reduce,2,8
1255,0.35884450000000007,0.4040460000000003,0.3744131666666668,0.36034900000000003,0.02096257758615482,0,2,5406720,my_ring_all_reduce,2,8
1256,0.3538225,0.3803649999999997,0.36523516666666644,0.3615179999999998,0.011150159119442478,0,2,5439488,my_ring_all_reduce,2,8
1257,0.364127,0.37340549999999995,0.36862200000000006,0.3683335000000002,0.003793421037357509,0,2,5472256,my_ring_all_reduce,2,8
1258,0.37651,0.37996500000000016,0.37805166666666684,0.3776800000000003,0.0014347725332687223,0,2,5505024,my_ring_all_reduce,2,8
1259,0.38271799999999995,0.3927665000000002,0.3877793333333333,0.38785349999999985,0.004102618154571908,0,2,5537792,my_ring_all_reduce,2,8
1260,0.38630099999999973,0.4869259999999999,0.4220931666666665,0.3930525,0.04592652027302843,0,2,5570560,my_ring_all_reduce,2,8
1261,0.3912449999999998,0.42831799999999987,0.4077791666666665,0.40377449999999987,0.0153976155856101,0,2,5603328,my_ring_all_reduce,2,8
1262,0.40652600000000005,0.4699345,0.42790733333333336,0.40726150000000005,0.029719211447404748,0,2,5636096,my_ring_all_reduce,2,8
1263,0.4083500000000005,0.41710249999999954,0.4117583333333334,0.4098225000000002,0.00382641277467803,0,2,5668864,my_ring_all_reduce,2,8
1264,0.4126690000000002,0.4473584999999996,0.42614149999999995,0.41839699999999996,0.015183835983263902,0,2,5701632,my_ring_all_reduce,2,8
1265,0.4235825000000005,0.4260445,0.4245845000000001,0.42412649999999974,0.0010559936868497005,0,2,5734400,my_ring_all_reduce,2,8
1266,0.42599900000000074,0.4320139999999997,0.42914500000000005,0.4294219999999997,0.0024634126735075825,0,2,5767168,my_ring_all_reduce,2,8
1267,0.42634950000000005,0.5031019999999998,0.4545575000000001,0.43422100000000025,0.03447623808025836,0,2,5799936,my_ring_all_reduce,2,8
1268,0.43316600000000016,0.4993250000000002,0.46084000000000014,0.450029,0.02807028809969719,0,2,5832704,my_ring_all_reduce,2,8
1269,0.4270705,0.4333734999999999,0.43063250000000003,0.4314535000000001,0.0026378631503548183,0,2,5865472,my_ring_all_reduce,2,8
1270,0.43249649999999995,0.43546949999999995,0.4338603333333333,0.43361500000000003,0.0012260569816375637,0,2,5898240,my_ring_all_reduce,2,8
1271,0.43599699999999997,0.43761350000000016,0.4366480000000001,0.4363335000000002,0.0006963958405007435,0,2,5931008,my_ring_all_reduce,2,8
1272,0.4328295000000001,0.43431750000000013,0.43347516666666674,0.4332784999999999,0.0006231876835183273,0,2,5963776,my_ring_all_reduce,2,8
1273,0.430144,0.5027820000000002,0.4563558333333333,0.43614149999999974,0.03291943919209789,0,2,5996544,my_ring_all_reduce,2,8
1274,0.43476549999999997,0.48180399999999984,0.45200766666666675,0.43945350000000033,0.021155936063483854,0,2,6029312,my_ring_all_reduce,2,8
1275,0.43399800000000005,0.5051165000000001,0.4586641666666667,0.43687800000000004,0.03286779633707676,0,2,6062080,my_ring_all_reduce,2,8
1276,0.4301584999999998,0.436192,0.43329983333333316,0.43354899999999974,0.002469459263797649,0,2,6094848,my_ring_all_reduce,2,8
1277,0.42705499999999996,0.4368609999999999,0.43052016666666654,0.42764449999999976,0.004490100450497253,0,2,6127616,my_ring_all_reduce,2,8
1278,0.4269269999999999,0.4347025000000003,0.4316998333333332,0.43346999999999936,0.0034122053067709443,0,2,6160384,my_ring_all_reduce,2,8
1279,0.42489300000000013,0.43372549999999954,0.4283279999999999,0.4263655,0.0038636613680115275,0,2,6193152,my_ring_all_reduce,2,8
1280,0.4260140000000001,0.44174149999999973,0.43409349999999997,0.4345250000000001,0.0064279705584265115,0,2,6225920,my_ring_all_reduce,2,8
1281,0.43075049999999987,0.43471749999999953,0.4322694999999998,0.4313405,0.0017476752177295499,0,2,6258688,my_ring_all_reduce,2,8
1282,0.426318,0.4365455000000001,0.4302976666666667,0.4280295000000001,0.004472797341212298,0,2,6291456,my_ring_all_reduce,2,8
1283,0.4290245,0.4371654999999999,0.43406283333333345,0.4359985000000006,0.0035943543076454657,0,2,6324224,my_ring_all_reduce,2,8
1284,0.43561349999999993,0.4527970000000003,0.44186883333333354,0.43719600000000036,0.007754340573009638,0,2,6356992,my_ring_all_reduce,2,8
1285,0.42999699999999974,0.43566150000000015,0.43326116666666675,0.43412500000000037,0.002391832781687835,0,2,6389760,my_ring_all_reduce,2,8
1286,0.43779049999999997,0.5234059999999997,0.4668036666666664,0.4392144999999996,0.04002811551966383,0,2,6422528,my_ring_all_reduce,2,8
1287,0.43369349999999984,0.4786380000000003,0.4521473333333334,0.4441105,0.019208418945579456,0,2,6455296,my_ring_all_reduce,2,8
1288,0.4393739999999996,0.5018045,0.46478683333333315,0.4531819999999999,0.026775560374880974,0,2,6488064,my_ring_all_reduce,2,8
1289,0.4399829999999995,0.7451169999999995,0.542589833333333,0.4426695,0.1432125326198404,0,2,6520832,my_ring_all_reduce,2,8
1290,0.43454300000000035,0.4371980000000001,0.43569433333333346,0.435342,0.0011121631574947575,0,2,6553600,my_ring_all_reduce,2,8
1291,0.43406250000000035,0.4424780000000001,0.43942766666666677,0.44174249999999987,0.003805609901477155,0,2,6586368,my_ring_all_reduce,2,8
1292,0.4303170000000001,0.44286100000000045,0.43862683333333363,0.44270250000000033,0.005876295776725086,0,2,6619136,my_ring_all_reduce,2,8
1293,0.4389744999999998,0.4470054999999999,0.44340616666666666,0.44423850000000015,0.003331048316804971,0,2,6651904,my_ring_all_reduce,2,8
1294,0.44367800000000013,0.5131814999999996,0.4694004999999999,0.45134199999999985,0.031115550182612153,0,2,6684672,my_ring_all_reduce,2,8
1295,0.4422380000000002,0.5289560000000001,0.4741250000000001,0.45118100000000005,0.03894289180325466,0,2,6717440,my_ring_all_reduce,2,8
1296,0.4479820000000003,0.4531500000000001,0.45077150000000016,0.45118250000000015,0.0021297490853774952,0,2,6750208,my_ring_all_reduce,2,8
1297,0.45310149999999977,0.457644,0.4550476666666665,0.45439749999999984,0.0019106044564192895,0,2,6782976,my_ring_all_reduce,2,8
1298,0.4551969999999999,0.4717254999999999,0.4624456666666667,0.46041450000000006,0.0068988915333471285,0,2,6815744,my_ring_all_reduce,2,8
1299,0.4639980000000003,0.46579049999999983,0.4649903333333334,0.4651825000000001,0.0007442938861018638,0,2,6848512,my_ring_all_reduce,2,8
1300,0.4659505000000004,0.4685739999999998,0.4671185000000002,0.4668310000000004,0.0010901621439031266,0,2,6881280,my_ring_all_reduce,2,8
1301,0.46815699999999993,0.4701574999999998,0.46903699999999987,0.46879649999999995,0.0008342182967704268,0,2,6914048,my_ring_all_reduce,2,8
1302,0.47092599999999996,0.505789,0.4836561666666667,0.47425350000000016,0.015709122563727813,0,2,6946816,my_ring_all_reduce,2,8
1303,0.4738384999999999,0.5136134999999998,0.4886436666666665,0.4784789999999998,0.017757683643676293,0,2,6979584,my_ring_all_reduce,2,8
1304,0.46835000000000004,0.47804549999999996,0.4728301666666668,0.47209500000000026,0.003992161702080108,0,2,7012352,my_ring_all_reduce,2,8
1305,0.469549,0.5522540000000002,0.4998430000000001,0.4777260000000001,0.03721021833672404,0,2,7045120,my_ring_all_reduce,2,8
1306,0.4781414999999995,0.4801109999999999,0.4788249999999999,0.4782225000000002,0.000909940382662543,0,2,7077888,my_ring_all_reduce,2,8
1307,0.4756945000000003,0.4809255,0.4787976666666666,0.47977299999999967,0.0022441474377191445,0,2,7110656,my_ring_all_reduce,2,8
1308,0.4751329999999996,0.49199800000000005,0.48192283333333336,0.4786375000000004,0.007266457990123082,0,2,7143424,my_ring_all_reduce,2,8
1309,0.4779660000000001,0.4803805000000001,0.4790321666666668,0.47875000000000023,0.0010057057499863074,0,2,7176192,my_ring_all_reduce,2,8
1310,0.48191700000000004,0.485261,0.48309566666666676,0.4821090000000002,0.0015331269426313242,0,2,7208960,my_ring_all_reduce,2,8
1311,0.4780284999999999,0.4988449999999999,0.4874954999999998,0.4856129999999995,0.008601919272271002,0,2,7241728,my_ring_all_reduce,2,8
1312,0.48567650000000007,0.5310055000000001,0.5038748333333335,0.4949425000000001,0.019553678159250663,0,2,7274496,my_ring_all_reduce,2,8
1313,0.49622249999999984,0.5016465000000001,0.498291,0.49700400000000006,0.002394051064618381,0,2,7307264,my_ring_all_reduce,2,8
1314,0.5031495000000002,0.5717240000000005,0.5281143333333337,0.5094695000000001,0.030944443443945844,0,2,7340032,my_ring_all_reduce,2,8
1315,0.5104774999999998,0.5141415000000001,0.5123280000000001,0.5123650000000003,0.001496050522765552,0,2,7372800,my_ring_all_reduce,2,8
1316,0.5115814999999996,0.5165729999999998,0.5140348333333332,0.5139500000000002,0.002038654063074285,0,2,7405568,my_ring_all_reduce,2,8
1317,0.5263810000000001,0.5301895,0.5285146666666667,0.5289735,0.0015883039346701632,0,2,7438336,my_ring_all_reduce,2,8
1318,0.5339335000000001,0.5374205000000007,0.5362263333333336,0.537325,0.0016217467092272538,0,2,7471104,my_ring_all_reduce,2,8
1319,0.5410699999999999,0.5447649999999998,0.5433306666666665,0.544157,0.0016176889551318223,0,2,7503872,my_ring_all_reduce,2,8
1320,0.5495329999999995,0.5521890000000003,0.5507439999999998,0.5505099999999997,0.0010968594562054757,0,2,7536640,my_ring_all_reduce,2,8
1321,0.5455495000000001,0.5545249999999996,0.549848,0.5494695000000004,0.0036739938985612037,0,2,7569408,my_ring_all_reduce,2,8
1322,0.5459984999999997,0.559228499999999,0.550685166666666,0.5468284999999996,0.006050544511767944,0,2,7602176,my_ring_all_reduce,2,8
1323,0.5451490000000005,0.5563330000000003,0.5496611666666669,0.5475014999999999,0.00481446321572358,0,2,7634944,my_ring_all_reduce,2,8
1324,0.5452125000000001,0.6118524999999995,0.5678583333333332,0.54651,0.03111308301538445,0,2,7667712,my_ring_all_reduce,2,8
1325,0.5443969999999999,0.5539975000000004,0.5482106666666668,0.5462375000000002,0.004160323712031352,0,2,7700480,my_ring_all_reduce,2,8
1326,0.5434850000000001,0.6313115000000005,0.5740138333333333,0.5472449999999996,0.040544636752459756,0,2,7733248,my_ring_all_reduce,2,8
1327,0.546078,0.5892295000000002,0.5625789999999998,0.5524294999999992,0.019022307093690703,0,2,7766016,my_ring_all_reduce,2,8
1328,0.5435159999999999,0.5720760000000003,0.5560444999999999,0.5525414999999998,0.011919777871252639,0,2,7798784,my_ring_all_reduce,2,8
1329,0.5401889999999998,0.5585260000000003,0.5489040000000001,0.5479970000000001,0.007513471412514302,0,2,7831552,my_ring_all_reduce,2,8
1330,0.5488619999999998,0.6140929999999999,0.5734743333333334,0.5574680000000003,0.028935824051779687,0,2,7864320,my_ring_all_reduce,2,8
1331,0.5422060000000002,0.5534065,0.5462216666666668,0.5430525000000003,0.005092184409028663,0,2,7897088,my_ring_all_reduce,2,8
1332,0.549437,0.5554225000000003,0.5519980000000003,0.5511345000000009,0.002518700293140661,0,2,7929856,my_ring_all_reduce,2,8
1333,0.5442205000000003,0.552286,0.5477628333333332,0.5467819999999994,0.0033649762835551524,0,2,7962624,my_ring_all_reduce,2,8
1334,0.5498529999999998,0.5534044999999996,0.5512984999999997,0.5506379999999997,0.001523260373890966,0,2,7995392,my_ring_all_reduce,2,8
1335,0.5493570000000004,0.5513415000000005,0.5500930000000005,0.5495805000000005,0.0008875254925916391,0,2,8028160,my_ring_all_reduce,2,8
1336,0.5478209999999997,0.5516924999999999,0.5500979999999999,0.5507804999999999,0.0016525702708206898,0,2,8060928,my_ring_all_reduce,2,8
1337,0.5478379999999999,0.5671010000000001,0.5552345,0.5507644999999998,0.008475512462382533,0,2,8093696,my_ring_all_reduce,2,8
1338,0.5438685000000001,0.5625090000000007,0.550519666666667,0.5451815000000002,0.008494668036807563,0,2,8126464,my_ring_all_reduce,2,8
1339,0.5436450000000003,0.551902,0.5473891666666666,0.5466204999999997,0.0034144446677151427,0,2,8159232,my_ring_all_reduce,2,8
1340,0.5455805,0.5539479999999992,0.5491964999999998,0.5480609999999999,0.0035091104523317877,0,2,8192000,my_ring_all_reduce,2,8
1341,0.5467650000000004,0.5502370000000001,0.5487493333333335,0.5492460000000001,0.0014602977626344453,0,2,8224768,my_ring_all_reduce,2,8
1342,0.5528774999999998,0.5560454999999997,0.5539759999999999,0.5530050000000001,0.0014642829303108563,0,2,8257536,my_ring_all_reduce,2,8
1343,0.5504130000000005,0.5703164999999998,0.5579113333333336,0.5530045000000005,0.008835349005871235,0,2,8290304,my_ring_all_reduce,2,8
1344,0.5572459999999997,0.6261244999999999,0.5827811666666666,0.5649730000000004,0.030810280108900107,0,2,8323072,my_ring_all_reduce,2,8
1345,0.564189,0.5660124999999996,0.5648606666666667,0.5643805000000004,0.0008182127202354454,0,2,8355840,my_ring_all_reduce,2,8
1346,0.5616119999999999,0.677485,0.6224980000000002,0.6283970000000006,0.047488501646889995,0,2,8388608,my_ring_all_reduce,2,8
1347,0.5643164999999999,0.6106204999999996,0.5807704999999997,0.5673744999999999,0.021144025413025312,0,2,8421376,my_ring_all_reduce,2,8
1348,0.5685569999999998,0.5847015000000001,0.5755756666666666,0.5734684999999999,0.0067572841479071576,0,2,8454144,my_ring_all_reduce,2,8
1349,0.5647324999999999,0.5732605000000001,0.5692445,0.5697405000000003,0.0034991625664817804,0,2,8486912,my_ring_all_reduce,2,8
1350,0.5688935000000006,0.6536114999999996,0.6004015,0.5786994999999999,0.03783752532429466,0,2,8519680,my_ring_all_reduce,2,8
1351,0.5768450000000003,0.6439170000000005,0.5992611666666668,0.5770214999999999,0.03157652478327693,0,2,8552448,my_ring_all_reduce,2,8
1352,0.5770365000000004,0.6641884999999998,0.6074,0.5809749999999999,0.04018771159405141,0,2,8585216,my_ring_all_reduce,2,8
1353,0.576877,0.5857089999999998,0.5801566666666667,0.5778840000000003,0.003947557585252915,0,2,8617984,my_ring_all_reduce,2,8
1354,0.5811970000000009,0.7240455,0.6307865000000005,0.5871170000000007,0.06598834447966262,0,2,8650752,my_ring_all_reduce,2,8
1355,0.581997,0.5965094999999999,0.5897626666666665,0.5907814999999998,0.005968343158327539,0,2,8683520,my_ring_all_reduce,2,8
1356,0.5921574999999999,0.5965249999999999,0.5943061666666666,0.5942359999999999,0.001783714585414992,0,2,8716288,my_ring_all_reduce,2,8
1357,0.5919010000000001,0.5988610000000001,0.5942586666666667,0.5920139999999999,0.0032546680663659705,0,2,8749056,my_ring_all_reduce,2,8
1358,0.590492,0.5992305000000001,0.5945573333333337,0.5939495000000009,0.0035932753473985474,0,2,8781824,my_ring_all_reduce,2,8
1359,0.5945415000000005,0.6025084999999994,0.5985784999999999,0.5986854999999999,0.0032533940226575483,0,2,8814592,my_ring_all_reduce,2,8
1360,0.6032135000000003,0.6072444999999995,0.6050746666666666,0.6047660000000001,0.0016600595538176152,0,2,8847360,my_ring_all_reduce,2,8
1361,0.5989895,0.6145254999999993,0.6045629999999997,0.6001739999999998,0.0070611290291753455,0,2,8880128,my_ring_all_reduce,2,8
1362,0.5970679999999993,0.6011815000000004,0.5995699999999999,0.6004605000000002,0.0017934999767684387,0,2,8912896,my_ring_all_reduce,2,8
1363,0.5947324999999992,0.6030849999999999,0.599634333333333,0.6010855000000002,0.0035609434689266406,0,2,8945664,my_ring_all_reduce,2,8
1364,0.6003805000000002,0.6033739999999999,0.6020398333333336,0.6023650000000007,0.0012435327588053394,0,2,8978432,my_ring_all_reduce,2,8
1365,0.6004620000000005,0.6051804999999999,0.6028988333333334,0.6030539999999999,0.0019294417298503517,0,2,9011200,my_ring_all_reduce,2,8
1366,0.5977420000000001,0.607164,0.6009410000000002,0.5979170000000004,0.0044009054371419816,0,2,9043968,my_ring_all_reduce,2,8
1367,0.600876,0.7436445000000006,0.6491428333333334,0.6029079999999999,0.06682791835794077,0,2,9076736,my_ring_all_reduce,2,8
1368,0.6075170000000008,0.6153884999999996,0.6120181666666666,0.6131489999999995,0.0033115168813629713,0,2,9109504,my_ring_all_reduce,2,8
1369,0.6189245000000005,0.6259645,0.6222476666666668,0.6218539999999998,0.002887516820537644,0,2,9142272,my_ring_all_reduce,2,8
1370,0.6271489999999998,0.7347804999999998,0.6684448333333332,0.643405,0.047373550201797406,0,2,9175040,my_ring_all_reduce,2,8
1371,0.6372124999999996,0.6413889999999992,0.638903333333333,0.6381085000000003,0.0017952916352377147,0,2,9207808,my_ring_all_reduce,2,8
1372,0.6415350000000001,0.6495814999999998,0.645422,0.6451495000000005,0.003290616229016361,0,2,9240576,my_ring_all_reduce,2,8
1373,0.651933,0.6523975000000001,0.6521941666666667,0.6522520000000002,0.00019399069278939137,0,2,9273344,my_ring_all_reduce,2,8
1374,0.6535005000000002,0.6610530000000001,0.6566953333333333,0.6555324999999999,0.003191049992644377,0,2,9306112,my_ring_all_reduce,2,8
1375,0.6511960000000009,0.6596605,0.6558258333333336,0.6566209999999999,0.003501062465721807,0,2,9338880,my_ring_all_reduce,2,8
1376,0.6532454999999998,0.6586699999999996,0.6566798333333331,0.658124,0.002438648954282313,0,2,9371648,my_ring_all_reduce,2,8
1377,0.6523664999999992,0.6567960000000003,0.6545515000000001,0.6544920000000006,0.0018088251712096352,0,2,9404416,my_ring_all_reduce,2,8
1378,0.6592444999999998,0.6612450000000001,0.6599228333333335,0.6592790000000005,0.000935019102597468,0,2,9437184,my_ring_all_reduce,2,8
1379,0.6544924999999994,0.6597885000000001,0.656492333333333,0.6551959999999994,0.002348370226821953,0,2,9469952,my_ring_all_reduce,2,8
1380,0.6548769999999999,0.659212,0.6572018333333333,0.6575164999999997,0.0017836886094707315,0,2,9502720,my_ring_all_reduce,2,8
1381,0.6584280000000003,0.6795015000000001,0.6670848333333335,0.663325,0.009004641787557173,0,2,9535488,my_ring_all_reduce,2,8
1382,0.6583644999999999,0.6609245000000008,0.6596768333333336,0.6597415000000001,0.0010461154599547356,0,2,9568256,my_ring_all_reduce,2,8
1383,0.6516125000000003,0.6603804999999998,0.6546266666666666,0.6518869999999998,0.004070117613643133,0,2,9601024,my_ring_all_reduce,2,8
1384,0.6519159999999997,0.732364,0.6821346666666664,0.6621239999999998,0.03576115454263509,0,2,9633792,my_ring_all_reduce,2,8
1385,0.6594525000000003,0.7430994999999997,0.6873348333333335,0.6594525000000003,0.039431573950607125,0,2,9666560,my_ring_all_reduce,2,8
1386,0.6521404999999996,0.7350205000000006,0.6821618333333334,0.6593245000000002,0.03749161190927357,0,2,9699328,my_ring_all_reduce,2,8
1387,0.6528775000000001,0.7398845000000001,0.6845674999999999,0.6609404999999995,0.03925328741222415,0,2,9732096,my_ring_all_reduce,2,8
1388,0.6533720000000003,0.7452924999999999,0.6892125000000003,0.6689730000000009,0.04016277381066507,0,2,9764864,my_ring_all_reduce,2,8
1389,0.6586680000000006,0.7466205,0.6888603333333337,0.6612925000000003,0.04085665706738874,0,2,9797632,my_ring_all_reduce,2,8
1390,0.6606040000000003,0.7288299999999999,0.6849465000000001,0.6654055000000001,0.031092172431336957,0,2,9830400,my_ring_all_reduce,2,8
1391,0.6640299999999993,0.7813235000000001,0.7040554999999998,0.6668130000000001,0.05464853849982344,0,2,9863168,my_ring_all_reduce,2,8
1392,0.6655814999999998,0.7420764999999997,0.6913731666666666,0.6664615000000002,0.035854470742464076,0,2,9895936,my_ring_all_reduce,2,8
1393,0.6654849999999997,0.7369075000000002,0.6903484999999997,0.6686529999999994,0.0329475787350151,0,2,9928704,my_ring_all_reduce,2,8
1394,0.6596444999999999,0.6732924999999998,0.6670155000000002,0.6681095000000009,0.005625217210621062,0,2,9961472,my_ring_all_reduce,2,8
1395,0.6725715000000002,0.7084454999999994,0.6860288333333336,0.6770695000000014,0.015956988214850237,0,2,9994240,my_ring_all_reduce,2,8
1396,0.6756930000000002,0.8990514999999994,0.8050623333333332,0.8404424999999999,0.09455535248584379,0,2,10027008,my_ring_all_reduce,2,8
1397,0.6774054999999999,0.6861409999999997,0.6820400000000001,0.6825735000000004,0.00358614990856019,0,2,10059776,my_ring_all_reduce,2,8
1398,0.6736145000000003,0.6824765,0.6778050000000002,0.677324,0.0036338484420788894,0,2,10092544,my_ring_all_reduce,2,8
1399,0.6835480000000003,0.6909580000000001,0.6867113333333336,0.6856280000000003,0.0031206017938139666,0,2,10125312,my_ring_all_reduce,2,8
1400,0.68902,0.7050194999999997,0.6961293333333333,0.6943485,0.006652043574888885,0,2,10158080,my_ring_all_reduce,2,8
1401,0.6908130000000003,0.6951005000000005,0.6933778333333334,0.6942199999999994,0.0018488911241304835,0,2,10190848,my_ring_all_reduce,2,8
1402,0.6930360000000001,0.6968295000000008,0.6949778333333336,0.6950680000000002,0.0015500017383505498,0,2,10223616,my_ring_all_reduce,2,8
1403,0.6878535,0.7004585000000007,0.6954470000000001,0.6980289999999998,0.005460253306090153,0,2,10256384,my_ring_all_reduce,2,8
1404,0.6891965,0.7407319999999997,0.709798833333333,0.6994679999999994,0.022271379662148323,0,2,10289152,my_ring_all_reduce,2,8
1405,0.7007010000000005,0.7251479999999999,0.7094043333333335,0.7023640000000003,0.011153136250499992,0,2,10321920,my_ring_all_reduce,2,8
1406,0.7025395000000001,0.7611164999999998,0.7230098333333331,0.7053734999999994,0.026970309877509525,0,2,10354688,my_ring_all_reduce,2,8
1407,0.7084600000000003,0.7234999999999996,0.7166465000000001,0.7179795000000001,0.0062119812593618776,0,2,10387456,my_ring_all_reduce,2,8
1408,0.7102860000000001,0.7507,0.7282371666666667,0.7237255,0.01680454702520189,0,2,10420224,my_ring_all_reduce,2,8
1409,0.7090685000000001,0.7673875000000003,0.7288386666666667,0.7100599999999995,0.02726114673038479,0,2,10452992,my_ring_all_reduce,2,8
1410,0.7047485000000011,0.7786849999999997,0.7330420000000002,0.7156924999999998,0.03258225867707721,0,2,10485760,my_ring_all_reduce,2,8
1411,0.7164759999999988,0.7231959999999991,0.7194626666666659,0.7187159999999999,0.002793770848791234,0,2,10518528,my_ring_all_reduce,2,8
1412,0.7143804999999998,0.7216599999999994,0.718865333333333,0.7205554999999999,0.003203152362213683,0,2,10551296,my_ring_all_reduce,2,8
1413,0.7203010000000002,0.7251330000000007,0.7228076666666668,0.7229889999999995,0.00197681854391248,0,2,10584064,my_ring_all_reduce,2,8
1414,0.7175335,0.7251954999999998,0.7221565,0.7237404999999999,0.003322484311475268,0,2,10616832,my_ring_all_reduce,2,8
1415,0.7220914999999998,0.7903964999999998,0.7503744999999998,0.7386354999999999,0.02909463120004561,0,2,10649600,my_ring_all_reduce,2,8
1416,0.7228764999999994,0.7926519999999996,0.7478361666666665,0.7279800000000007,0.031757997586784506,0,2,10682368,my_ring_all_reduce,2,8
1417,0.7247635,0.8084764999999998,0.7528333333333334,0.7252600000000005,0.03934618258131539,0,2,10715136,my_ring_all_reduce,2,8
1418,0.7190520000000006,0.7248429999999999,0.7216491666666666,0.7210524999999993,0.0024015173791212267,0,2,10747904,my_ring_all_reduce,2,8
1419,0.7236284999999993,0.7263964999999994,0.7252869999999997,0.725836,0.00119485194340847,0,2,10780672,my_ring_all_reduce,2,8
1420,0.7179490000000001,0.7246044999999994,0.7222851666666665,0.7243020000000003,0.003068618862325789,0,2,10813440,my_ring_all_reduce,2,8
1421,0.7182845000000002,0.7468445000000001,0.7302691666666669,0.7256785,0.012103004181698938,0,2,10846208,my_ring_all_reduce,2,8
1422,0.7303800000000001,0.7707335000000003,0.7445621666666669,0.7325729999999999,0.01852757096119798,0,2,10878976,my_ring_all_reduce,2,8
1423,0.7316439999999995,0.7484434999999999,0.7378359999999997,0.7334205,0.007535616774137872,0,2,10911744,my_ring_all_reduce,2,8
1424,0.7405080000000003,0.7435334999999995,0.7419058333333332,0.7416759999999998,0.0012458009694789952,0,2,10944512,my_ring_all_reduce,2,8
1425,0.744925,0.7466369999999998,0.7458583333333332,0.7460129999999999,0.00070742600712404,0,2,10977280,my_ring_all_reduce,2,8
1426,0.7520915,0.7585884999999992,0.7557771666666664,0.7566514999999997,0.0027234899587760303,0,2,11010048,my_ring_all_reduce,2,8
1427,0.7599474999999998,0.7617404999999999,0.7611268333333333,0.7616924999999999,0.0008341448049083922,0,2,11042816,my_ring_all_reduce,2,8
1428,0.766637500000001,0.7743325000000009,0.7698215000000005,0.7684944999999999,0.0032786128164210963,0,2,11075584,my_ring_all_reduce,2,8
1429,0.7677395000000006,0.7820270000000005,0.7734623333333337,0.7706205,0.006169288267071222,0,2,11108352,my_ring_all_reduce,2,8
1430,0.7683959999999993,0.8486364999999999,0.7952173333333333,0.7686195000000005,0.03777316519773735,0,2,11141120,my_ring_all_reduce,2,8
1431,0.769914,0.8359314999999999,0.7939149999999998,0.7758994999999995,0.0298104708310129,0,2,11173888,my_ring_all_reduce,2,8
1432,0.766973,0.7687644999999995,0.7678629999999999,0.7678515000000002,0.0007314220168045023,0,2,11206656,my_ring_all_reduce,2,8
1433,0.7602199999999998,0.7686839999999993,0.7653879999999996,0.7672599999999998,0.0037002803497391333,0,2,11239424,my_ring_all_reduce,2,8
1434,0.7616614999999992,0.8157240000000007,0.7816338333333331,0.7675159999999994,0.024223588917738566,0,2,11272192,my_ring_all_reduce,2,8
1435,0.7717569999999999,0.8152744999999998,0.7864436666666667,0.7722995000000001,0.020387680750612227,0,2,11304960,my_ring_all_reduce,2,8
1436,0.7704759999999997,0.7734679999999998,0.7719906666666662,0.7720279999999989,0.0012217641161679452,0,2,11337728,my_ring_all_reduce,2,8
1437,0.7664440000000005,0.8327309999999998,0.790076,0.7710529999999999,0.030220274529968363,0,2,11370496,my_ring_all_reduce,2,8
1438,0.7707155,0.7751640000000004,0.773532,0.7747164999999998,0.0019999280403721936,0,2,11403264,my_ring_all_reduce,2,8
1439,0.7673885000000009,0.7781245000000008,0.7731435000000006,0.7739175000000005,0.004416992264727884,0,2,11436032,my_ring_all_reduce,2,8
1440,0.785597,0.8027640000000001,0.7913296666666664,0.7856279999999988,0.008085304543154906,0,2,11468800,my_ring_all_reduce,2,8
1441,0.7697734999999989,0.8583964999999999,0.8007599999999996,0.7741100000000002,0.04079359351050132,0,2,11501568,my_ring_all_reduce,2,8
1442,0.7769554999999998,0.8562515,0.8097933333333333,0.796173,0.033774734285491596,0,2,11534336,my_ring_all_reduce,2,8
1443,0.7725714999999995,0.7772445000000002,0.7755163333333334,0.7767330000000002,0.002092755851874972,0,2,11567104,my_ring_all_reduce,2,8
1444,0.7804125000000004,0.8461230000000001,0.8029610000000001,0.7823474999999996,0.030530364549084588,0,2,11599872,my_ring_all_reduce,2,8
1445,0.781772500000001,0.8302194999999999,0.7985508333333335,0.7836605,0.02240639004589708,0,2,11632640,my_ring_all_reduce,2,8
1446,0.7803480000000002,0.7903004999999985,0.7853988333333328,0.7855479999999998,0.004064459954559381,0,2,11665408,my_ring_all_reduce,2,8
1447,0.7907000000000007,0.8329549999999994,0.8062306666666669,0.7950370000000003,0.01897972402913705,0,2,11698176,my_ring_all_reduce,2,8
1448,0.7907824999999994,0.7947309999999997,0.7926896666666662,0.7925554999999995,0.0016147576873603543,0,2,11730944,my_ring_all_reduce,2,8
1449,0.7918684999999996,0.7990840000000001,0.7952816666666666,0.7948924999999999,0.002958541091296529,0,2,11763712,my_ring_all_reduce,2,8
1450,0.7983814999999995,0.8678840000000002,0.8294101666666664,0.8219649999999995,0.028858531454705728,0,2,11796480,my_ring_all_reduce,2,8
1451,0.8056439999999994,0.8883625000000002,0.8338778333333332,0.807627,0.03853498193056417,0,2,11829248,my_ring_all_reduce,2,8
1452,0.8038995000000009,0.8439954999999993,0.8194619999999997,0.8104909999999991,0.017555273372028484,0,2,11862016,my_ring_all_reduce,2,8
1453,0.8191315000000005,0.8499470000000001,0.8316758333333333,0.8259489999999996,0.013216056524378015,0,2,11894784,my_ring_all_reduce,2,8
1454,0.8100914999999995,0.8126370000000002,0.8116653333333331,0.8122674999999999,0.0011230452894798143,0,2,11927552,my_ring_all_reduce,2,8
1455,0.8157384999999999,0.8171789999999997,0.816373666666666,0.8162034999999987,0.0006002652654359395,0,2,11960320,my_ring_all_reduce,2,8
1456,0.8133869999999997,0.8354364999999998,0.8233718333333332,0.8212919999999999,0.009121015754228754,0,2,11993088,my_ring_all_reduce,2,8
1457,0.8165409999999997,0.8856755000000003,0.8410895000000004,0.8210520000000011,0.03158080458390293,0,2,12025856,my_ring_all_reduce,2,8
1458,0.8172429999999997,0.9076594999999995,0.8486409999999999,0.8210205000000004,0.041760865917347144,0,2,12058624,my_ring_all_reduce,2,8
1459,0.8236595000000007,0.8494999999999998,0.8324543333333333,0.8242034999999996,0.012055152372418118,0,2,12091392,my_ring_all_reduce,2,8
1460,0.8253415000000005,0.8714825,0.8414305000000003,0.8274675000000005,0.021267690628431143,0,2,12124160,my_ring_all_reduce,2,8
1461,0.8292754999999997,0.8952275000000002,0.8514303333333334,0.8297880000000001,0.030969980304410328,0,2,12156928,my_ring_all_reduce,2,8
1462,0.822139999999999,0.8326834999999999,0.8283108333333328,0.8301089999999994,0.0044882365195652064,0,2,12189696,my_ring_all_reduce,2,8
1463,0.8266844999999996,0.8516445000000004,0.8373510000000001,0.8337240000000004,0.010507671697384032,0,2,12222464,my_ring_all_reduce,2,8
1464,0.8384105,0.9063300000000002,0.8617865,0.8406190000000001,0.031509912855586755,0,2,12255232,my_ring_all_reduce,2,8
1465,0.8399149999999995,0.8627315000000001,0.8480013333333333,0.8413575000000001,0.010432435288826796,0,2,12288000,my_ring_all_reduce,2,8
1466,0.8367000000000006,0.8866995,0.8569343333333334,0.8474034999999999,0.021495969980181905,0,2,12320768,my_ring_all_reduce,2,8
1467,0.8441710000000001,0.9121399999999998,0.866982,0.844635,0.03193208988880401,0,2,12353536,my_ring_all_reduce,2,8
1468,0.8439005000000007,0.9018984999999994,0.8635473333333333,0.8448429999999997,0.0271210995977093,0,2,12386304,my_ring_all_reduce,2,8
1469,0.8474680000000012,0.849196,0.8485828333333337,0.8490844999999997,0.0007896193527397807,0,2,12419072,my_ring_all_reduce,2,8
1470,0.8417565000000005,0.8475169999999994,0.8454953333333332,0.8472124999999997,0.0026466754093050267,0,2,12451840,my_ring_all_reduce,2,8
1471,0.8420119999999995,0.9151624999999999,0.8684170000000001,0.848076500000001,0.03314665259871637,0,2,12484608,my_ring_all_reduce,2,8
1472,0.8422200000000003,0.8483635000000002,0.8462731666666669,0.8482360000000003,0.002866494268071841,0,2,12517376,my_ring_all_reduce,2,8
1473,0.8453405,0.8879805000000002,0.8606364999999999,0.8485884999999994,0.019380542269675376,0,2,12550144,my_ring_all_reduce,2,8
1474,0.8489080000000013,0.9293074999999995,0.8768013333333334,0.8521884999999998,0.037151613456064735,0,2,12582912,my_ring_all_reduce,2,8
1475,0.847692,0.9164915000000001,0.8713076666666671,0.8497395000000015,0.03196072756872415,0,2,12615680,my_ring_all_reduce,2,8
1476,0.8484130000000005,0.8526834999999992,0.8508383333333333,0.8514185,0.0017910402160626223,0,2,12648448,my_ring_all_reduce,2,8
1477,0.8464599999999993,0.9365874999999995,0.8787429999999997,0.8531815000000006,0.040994180690678325,0,2,12681216,my_ring_all_reduce,2,8
1478,0.8538510000000006,0.9186830000000005,0.8763053333333337,0.8563819999999999,0.02998334498054259,0,2,12713984,my_ring_all_reduce,2,8
1479,0.8615324999999998,0.9011954999999998,0.8756066666666668,0.8640920000000005,0.018124183725680358,0,2,12746752,my_ring_all_reduce,2,8
1480,0.8644115000000002,0.8703474999999997,0.8680705,0.8694525000000001,0.0026129762085916066,0,2,12779520,my_ring_all_reduce,2,8
1481,0.8718844999999983,0.9471959999999993,0.8992923333333325,0.8787965,0.033990340746387994,0,2,12812288,my_ring_all_reduce,2,8
1482,0.8783640000000003,0.8814364999999998,0.8803001666666667,0.8810999999999999,0.001375951569722464,0,2,12845056,my_ring_all_reduce,2,8
1483,0.8806355000000003,0.962876,0.9116225000000003,0.8913560000000005,0.03650500629365765,0,2,12877824,my_ring_all_reduce,2,8
1484,0.8792755,0.8860439999999996,0.8825716666666664,0.8823954999999997,0.0027660349580018056,0,2,12910592,my_ring_all_reduce,2,8
1485,0.8848919999999996,0.8951955,0.8903479999999998,0.8909564999999998,0.004228335547233876,0,2,12943360,my_ring_all_reduce,2,8
1486,0.8733709999999997,0.9793865,0.9098559999999996,0.8768104999999992,0.04918553556178919,0,2,12976128,my_ring_all_reduce,2,8
1487,0.8863954999999994,0.8918510000000006,0.8883213333333333,0.8867174999999997,0.002499310716089142,0,2,13008896,my_ring_all_reduce,2,8
1488,0.8827969999999996,0.9685235000000003,0.9129078333333333,0.887403,0.03937114504374459,0,2,13041664,my_ring_all_reduce,2,8
1489,0.8838519999999999,0.9267300000000003,0.8984536666666666,0.8847789999999995,0.019997968269024224,0,2,13074432,my_ring_all_reduce,2,8
1490,0.8818039999999997,0.9047960000000003,0.8896705000000001,0.8824115000000001,0.010698218753605838,0,2,13107200,my_ring_all_reduce,2,8
1491,0.8767950000000005,0.9614834999999998,0.9080005000000001,0.8857230000000001,0.037993427174973046,0,2,13139968,my_ring_all_reduce,2,8
1492,0.884155499999999,0.8911315,0.8870563333333331,0.8858820000000003,0.0029665286203839677,0,2,13172736,my_ring_all_reduce,2,8
1493,0.8861735,0.9731310000000001,0.9166360000000003,0.8906035000000011,0.03998891507863962,0,2,13205504,my_ring_all_reduce,2,8
1494,0.8932264999999998,0.9044755,0.8986616666666668,0.8982830000000004,0.004600184169018608,0,2,13238272,my_ring_all_reduce,2,8
1495,0.8950025000000003,0.916364000000001,0.9051958333333339,0.9042210000000005,0.0087479957926884,0,2,13271040,my_ring_all_reduce,2,8
1496,0.8975965000000008,0.9794680000000012,0.9314308333333342,0.917228000000001,0.034900104909902974,0,2,13303808,my_ring_all_reduce,2,8
1497,0.8979640000000004,0.9121885000000002,0.9037931666666666,0.9012269999999994,0.0060840232622464425,0,2,13336576,my_ring_all_reduce,2,8
1498,0.9043149999999999,0.9866195000000003,0.9326831666666666,0.9071149999999996,0.0381558736420608,0,2,13369344,my_ring_all_reduce,2,8
1499,0.9038665000000001,0.9199154999999992,0.9110723333333333,0.9094350000000002,0.006653482575981051,0,2,13402112,my_ring_all_reduce,2,8
1500,0.9090995000000001,0.9298355000000013,0.917152833333334,0.9125235000000005,0.00907628666116074,0,2,13434880,my_ring_all_reduce,2,8
1501,0.9088904999999995,0.9380115000000017,0.919456333333334,0.9114670000000006,0.01316257942257431,0,2,13467648,my_ring_all_reduce,2,8
1502,0.9135320000000003,0.9301385000000001,0.9222455000000003,0.9230660000000003,0.006804355259684684,0,2,13500416,my_ring_all_reduce,2,8
1503,0.9228749999999991,1.0179160000000003,0.9583426666666665,0.9342370000000001,0.04237932117069502,0,2,13533184,my_ring_all_reduce,2,8
1504,0.9245545000000004,0.9277400000000007,0.9261338333333337,0.926107,0.0013006133382200368,0,2,13565952,my_ring_all_reduce,2,8
1505,0.9260749999999999,0.9487300000000001,0.9342611666666668,0.9279785000000002,0.010260480222138225,0,2,13598720,my_ring_all_reduce,2,8
1506,0.9263635000000005,0.930460000000001,0.9289770000000007,0.930107500000001,0.0018536182185123484,0,2,13631488,my_ring_all_reduce,2,8
1507,0.9349385000000002,1.0470495000000002,0.9848691666666669,0.9726195000000001,0.04658154019446854,0,2,13664256,my_ring_all_reduce,2,8
1508,0.9347639999999993,1.1256259999999998,1.0047419999999996,0.953836,0.0858317788389981,0,2,13697024,my_ring_all_reduce,2,8
1509,0.9371325000000001,0.9922345000000009,0.9567526666666669,0.9408909999999996,0.02513632103926334,0,2,13729792,my_ring_all_reduce,2,8
1510,0.9427954999999992,1.0265874999999998,0.9738193333333328,0.9520749999999996,0.03750454941366762,0,2,13762560,my_ring_all_reduce,2,8
1511,0.9351790000000001,0.963787,0.9470193333333335,0.9420920000000006,0.012187791058632637,0,2,13795328,my_ring_all_reduce,2,8
1512,0.946954,1.0187629999999992,0.9711045,0.9475965000000006,0.03370066931333311,0,2,13828096,my_ring_all_reduce,2,8
1513,0.9458345000000001,0.9869235000000004,0.9608168333333337,0.9496925000000002,0.018527269529594118,0,2,13860864,my_ring_all_reduce,2,8
1514,0.9500435000000003,0.9638185000000015,0.9568536666666674,0.9566990000000005,0.005624683551593024,0,2,13893632,my_ring_all_reduce,2,8
1515,0.948970499999999,0.956445999999999,0.9523589999999996,0.9516605000000009,0.003091569369538021,0,2,13926400,my_ring_all_reduce,2,8
1516,0.9674200000000001,1.038843,0.9927795,0.9720755,0.032627217107296554,0,2,13959168,my_ring_all_reduce,2,8
1517,0.9575145,0.9965865000000002,0.9717228333333336,0.9610675000000004,0.017641001338422415,0,2,13991936,my_ring_all_reduce,2,8
1518,0.9576265000000004,0.9988755000000001,0.9717125000000003,0.9586355000000003,0.01921155810096263,0,2,14024704,my_ring_all_reduce,2,8
1519,0.9602185000000015,0.961868,0.9610566666666673,0.9610835000000006,0.0006736728104611934,0,2,14057472,my_ring_all_reduce,2,8
1520,0.9637075000000005,1.0430025,0.9934831666666667,0.9737394999999996,0.035254158490721145,0,2,14090240,my_ring_all_reduce,2,8
1521,0.9660590000000002,0.9874985000000015,0.9747211666666673,0.9706060000000002,0.009223664766362294,0,2,14123008,my_ring_all_reduce,2,8
1522,0.9688270000000011,1.0064105,0.9814933333333337,0.9692424999999997,0.017619914038445737,0,2,14155776,my_ring_all_reduce,2,8
1523,0.9701719999999991,1.0358515000000001,0.9968806666666664,0.9846184999999998,0.02818060477921371,0,2,14188544,my_ring_all_reduce,2,8
1524,0.9750360000000001,1.0380749999999999,1.0011106666666667,0.9902210000000005,0.026862830706303954,0,2,14221312,my_ring_all_reduce,2,8
1525,0.9742994999999994,1.7697060000000002,1.2430989999999997,0.9852915,0.3723944193573531,0,2,14254080,my_ring_all_reduce,2,8
1526,0.971531,1.0802350000000014,1.0142671666666667,0.9910354999999988,0.04732104997485052,0,2,14286848,my_ring_all_reduce,2,8
1527,0.9716134999999997,1.0556115,1.0047801666666663,0.9871154999999995,0.036496085062495395,0,2,14319616,my_ring_all_reduce,2,8
1528,0.9679475000000003,1.0501375,0.9968326666666668,0.9724130000000003,0.037736270042522876,0,2,14352384,my_ring_all_reduce,2,8
1529,0.9678350000000001,0.9740110000000004,0.9714725000000001,0.9725715,0.002638382680102927,0,2,14385152,my_ring_all_reduce,2,8
1530,0.9696264999999998,0.9752280000000001,0.9716859999999997,0.9702034999999992,0.0025156252039339817,0,2,14417920,my_ring_all_reduce,2,8
1531,0.9668579999999998,1.0573555000000001,0.9993069999999998,0.9737074999999995,0.04114162674429251,0,2,14450688,my_ring_all_reduce,2,8
1532,0.9719319999999989,1.0168759999999997,0.9871099999999995,0.972522,0.021049118619711163,0,2,14483456,my_ring_all_reduce,2,8
1533,0.9722984999999998,0.9763320000000013,0.9743898333333335,0.9745389999999994,0.001650044157658841,0,2,14516224,my_ring_all_reduce,2,8
1534,0.9802834999999998,0.9903329999999997,0.9841349999999998,0.9817884999999997,0.004425506317549036,0,2,14548992,my_ring_all_reduce,2,8
1535,0.9820269999999997,1.068555,1.0121016666666662,0.985722999999999,0.03994704192080114,0,2,14581760,my_ring_all_reduce,2,8
1536,0.9921075000000001,1.0527295000000014,1.0134135000000006,0.9954035000000008,0.02783315524094767,0,2,14614528,my_ring_all_reduce,2,8
1537,0.9951800000000003,1.0766510000000002,1.0293713333333334,1.0162829999999998,0.03452399467359223,0,2,14647296,my_ring_all_reduce,2,8
1538,0.9936924999999996,1.0729389999999994,1.0244113333333333,1.0066025000000007,0.03471664201391318,0,2,14680064,my_ring_all_reduce,2,8
1539,0.9979149999999993,1.0100270000000002,1.003755333333333,1.003324,0.004954100815374313,0,2,14712832,my_ring_all_reduce,2,8
1540,0.9989395000000004,1.0253235,1.0107475000000001,1.0079795,0.010947609541204134,0,2,14745600,my_ring_all_reduce,2,8
1541,0.9954355000000005,1.0013225000000001,0.9980059999999997,0.9972599999999984,0.0024605662288723143,0,2,14778368,my_ring_all_reduce,2,8
1542,1.0033400000000001,1.1025865,1.0388806666666668,1.0107155000000003,0.045147346917866725,0,2,14811136,my_ring_all_reduce,2,8
1543,0.9971645000000008,1.027003,1.0076493333333336,0.9987804999999998,0.013701001765888716,0,2,14843904,my_ring_all_reduce,2,8
1544,1.0022995000000001,1.015051,1.0073178333333335,1.0046030000000004,0.0055484489173901076,0,2,14876672,my_ring_all_reduce,2,8
1545,0.9990355,1.0817215,1.0333331666666667,1.0192425000000005,0.03519615333464087,0,2,14909440,my_ring_all_reduce,2,8
1546,1.0015955000000007,1.006266500000001,1.0045866666666672,1.0058979999999993,0.002120417660640147,0,2,14942208,my_ring_all_reduce,2,8
1547,1.0105555000000002,1.0470985000000008,1.022891333333334,1.0110200000000007,0.017118102086842512,0,2,14974976,my_ring_all_reduce,2,8
1548,1.0103474999999993,1.1290190000000004,1.0506243333333332,1.0125065000000002,0.05544040729518131,0,2,15007744,my_ring_all_reduce,2,8
1549,1.0128104999999996,1.073339,1.0353544999999995,1.0199139999999993,0.02701520076117667,0,2,15040512,my_ring_all_reduce,2,8
1550,1.0158345000000006,1.0977710000000003,1.0441813333333336,1.0189385,0.03791479908147856,0,2,15073280,my_ring_all_reduce,2,8
1551,1.0223954999999991,1.1456590000000006,1.064784333333333,1.0262985,0.05720921914973392,0,2,15106048,my_ring_all_reduce,2,8
1552,1.0217069999999995,1.1096765,1.0585343333333335,1.0442195000000014,0.037312590123471996,0,2,15138816,my_ring_all_reduce,2,8
1553,1.0259315000000002,1.0676095,1.0398830000000006,1.0261080000000011,0.019605728580357733,0,2,15171584,my_ring_all_reduce,2,8
1554,1.0263155000000024,1.1080584999999996,1.0611258333333344,1.049003500000001,0.034454731037824295,0,2,15204352,my_ring_all_reduce,2,8
1555,1.034906499999999,1.1157239999999995,1.0634033333333328,1.0395795000000005,0.037045452735644635,0,2,15237120,my_ring_all_reduce,2,8
1556,1.0306985000000004,1.0924584999999998,1.054181166666667,1.0393865000000004,0.027297570359933854,0,2,15269888,my_ring_all_reduce,2,8
1557,1.0366654999999987,1.0980270000000008,1.0575251666666665,1.037883,0.02864343385005126,0,2,15302656,my_ring_all_reduce,2,8
1558,1.034714,1.1129710000000002,1.0628483333333334,1.0408600000000006,0.03553078115599985,0,2,15335424,my_ring_all_reduce,2,8
1559,1.0474984999999997,1.0688255,1.0571038333333336,1.0549875000000013,0.00883437914563831,0,2,15368192,my_ring_all_reduce,2,8
1560,1.0460594999999995,1.1327615000000002,1.0764003333333332,1.05038,0.0398923761395028,0,2,15400960,my_ring_all_reduce,2,8
1561,1.0518045000000007,1.1319300000000008,1.0849498333333338,1.071115,0.03414260190810835,0,2,15433728,my_ring_all_reduce,2,8
1562,1.0514515,1.102315,1.0703096666666665,1.0571624999999998,0.022750969233321823,0,2,15466496,my_ring_all_reduce,2,8
1563,1.051418499999998,1.0791950000000001,1.0697119999999993,1.0785224999999996,0.012938371117211361,0,2,15499264,my_ring_all_reduce,2,8
1564,1.0601079999999998,1.1368090000000002,1.0920748333333332,1.0793074999999999,0.032588489282601496,0,2,15532032,my_ring_all_reduce,2,8
1565,1.0547490000000017,1.0818664999999998,1.0654620000000001,1.0597704999999988,0.011779490106394976,0,2,15564800,my_ring_all_reduce,2,8
1566,1.0652430000000004,1.1132260000000007,1.0813815000000002,1.0656754999999998,0.022518154146525422,0,2,15597568,my_ring_all_reduce,2,8
1567,1.065291000000001,1.1466024999999995,1.0936536666666667,1.0690674999999998,0.03747220927196831,0,2,15630336,my_ring_all_reduce,2,8
1568,1.0665709999999995,1.1053215,1.0813441666666666,1.0721399999999999,0.017106291738876733,0,2,15663104,my_ring_all_reduce,2,8
1569,1.0659945000000006,1.086186500000001,1.0742508333333338,1.0705715000000002,0.008644163207364837,0,2,15695872,my_ring_all_reduce,2,8
1570,1.0711310000000003,1.1520420000000013,1.098644833333334,1.0727615000000001,0.03776336574497736,0,2,15728640,my_ring_all_reduce,2,8
1571,1.0770834999999999,1.1134029999999993,1.089696166666666,1.078601999999999,0.016774721469785602,0,2,15761408,my_ring_all_reduce,2,8
1572,1.0861875,1.1809859999999996,1.117984,1.0867785000000003,0.04454979478628354,0,2,15794176,my_ring_all_reduce,2,8
1573,1.0814350000000004,1.1662510000000008,1.1123148333333335,1.089258499999999,0.038272133849433135,0,2,15826944,my_ring_all_reduce,2,8
1574,1.0739470000000002,1.1210190000000004,1.1009120000000001,1.1077699999999997,0.019819475590102463,0,2,15859712,my_ring_all_reduce,2,8
1575,1.0835305,1.1717864999999987,1.114255833333333,1.0874505000000003,0.040711790309714564,0,2,15892480,my_ring_all_reduce,2,8
1576,1.0873709999999983,1.2022659999999996,1.1322556666666659,1.1071300000000002,0.050157682032654964,0,2,15925248,my_ring_all_reduce,2,8
1577,1.0891470000000003,1.109961,1.096261,1.089674999999999,0.009689760781361035,0,2,15958016,my_ring_all_reduce,2,8
1578,1.0900755,1.1714990000000012,1.1185180000000001,1.0939794999999999,0.037497111664323034,0,2,15990784,my_ring_all_reduce,2,8
1579,1.0881390000000002,1.1632579999999997,1.117594666666667,1.101387000000001,0.03273868643601223,0,2,16023552,my_ring_all_reduce,2,8
1580,1.0873564999999998,1.112763,1.096043,1.088009500000001,0.011825830548704046,0,2,16056320,my_ring_all_reduce,2,8
1581,1.0873384999999998,1.0919305,1.0898451666666664,1.0902664999999998,0.0018982021903779845,0,2,16089088,my_ring_all_reduce,2,8
1582,1.0928585000000004,1.175065,1.1210448333333336,1.0952110000000002,0.038210097872013876,0,2,16121856,my_ring_all_reduce,2,8
1583,1.0920599999999996,1.1371455000000001,1.1073335,1.0927949999999997,0.021082402839809545,0,2,16154624,my_ring_all_reduce,2,8
1584,1.0972425000000001,1.133258,1.1098928333333333,1.0991779999999995,0.016540552189156985,0,2,16187392,my_ring_all_reduce,2,8
1585,1.0866509999999998,1.1761374999999998,1.1191409999999997,1.0946344999999995,0.04043418378261978,0,2,16220160,my_ring_all_reduce,2,8
1586,1.0948749999999985,1.15001,1.114725666666666,1.0992920000000002,0.025014870328578027,0,2,16252928,my_ring_all_reduce,2,8
1587,1.0962990000000006,1.099243,1.0972855000000001,1.0963144999999994,0.0013841759883290224,0,2,16285696,my_ring_all_reduce,2,8
1588,1.090858,1.1595785,1.1146986666666665,1.0936594999999996,0.03175543712587755,0,2,16318464,my_ring_all_reduce,2,8
1589,1.095163,1.1156424999999994,1.1041759999999996,1.1017224999999995,0.008538822196298257,0,2,16351232,my_ring_all_reduce,2,8
1590,1.0955785000000005,1.1013705000000005,1.0981171666666671,1.0974025,0.0024179712340904966,0,2,16384000,my_ring_all_reduce,2,8
1591,1.0966990000000014,1.1876115,1.1287576666666672,1.1019625000000002,0.041671384118947344,0,2,16416768,my_ring_all_reduce,2,8
1592,1.1053865,1.1229859999999998,1.1136901666666665,1.1126980000000002,0.0072191364249625245,0,2,16449536,my_ring_all_reduce,2,8
1593,1.1062675,1.1120910000000004,1.1092908333333333,1.1095139999999994,0.0023826652560154015,0,2,16482304,my_ring_all_reduce,2,8
1594,1.1156419999999998,1.193065999999999,1.1424954999999997,1.1187785,0.03578166207011594,0,2,16515072,my_ring_all_reduce,2,8
1595,1.1152430000000004,1.172746,1.1358293333333338,1.119499000000001,0.02616178628372958,0,2,16547840,my_ring_all_reduce,2,8
1596,1.1181385000000001,1.1371945,1.125008,1.119691,0.008640434045810445,0,2,16580608,my_ring_all_reduce,2,8
1597,1.1307159999999996,1.231738,1.1683521666666665,1.1426025000000002,0.04508248086255046,0,2,16613376,my_ring_all_reduce,2,8
1598,1.1230185000000008,1.1347940000000005,1.1278131666666675,1.1256270000000008,0.005049758646597632,0,2,16646144,my_ring_all_reduce,2,8
1599,1.1262995,1.1291000000000007,1.1273073333333334,1.1265224999999999,0.0012708717699108766,0,2,16678912,my_ring_all_reduce,2,8
1600,1.1230179999999983,1.2481864999999999,1.1659781666666664,1.1267300000000013,0.05814981965052768,0,2,16711680,my_ring_all_reduce,2,8
1601,1.125307499999999,1.1290015,1.1267888333333331,1.1260575000000004,0.001594270017559655,0,2,16744448,my_ring_all_reduce,2,8
1602,1.130314,1.2098825,1.1570661666666666,1.131002,0.0373478436332749,0,2,16777216,my_ring_all_reduce,2,8
1603,1.1402359999999998,1.1719300000000001,1.1547096666666665,1.1519629999999994,0.01308397346204738,0,2,16777216,my_ring_all_reduce,2,8
1604,1.1425230000000006,1.1480754999999991,1.1445973333333332,1.1431934999999995,0.0024746211943554386,0,2,16908288,my_ring_all_reduce,2,8
1605,1.1532745000000002,1.1961864999999996,1.168928,1.1573230000000003,0.01934540349798856,0,2,17039360,my_ring_all_reduce,2,8
1606,1.1499134999999996,1.2359145000000007,1.1808583333333338,1.1567470000000013,0.03903041802306976,0,2,17170432,my_ring_all_reduce,2,8
1607,1.150219500000001,1.2351935000000005,1.1842078333333337,1.1672104999999993,0.03671355039884988,0,2,17301504,my_ring_all_reduce,2,8
1608,1.1658490000000001,1.2071294999999986,1.179785333333333,1.1663775000000003,0.019336449451459806,0,2,17432576,my_ring_all_reduce,2,8
1609,1.1713550000000004,1.2511925000000004,1.198282,1.1722985,0.03741535607875472,0,2,17563648,my_ring_all_reduce,2,8
1610,1.1770995000000002,1.2063305000000006,1.1890028333333336,1.1835784999999999,0.01253476191326459,0,2,17694720,my_ring_all_reduce,2,8
1611,1.1843625000000002,1.2846495,1.2179298333333333,1.1847774999999998,0.04717823294934033,0,2,17825792,my_ring_all_reduce,2,8
1612,1.1969389999999995,1.2652724999999994,1.2274021666666666,1.219995000000001,0.028384460467931104,0,2,17956864,my_ring_all_reduce,2,8
1613,1.174362999999999,1.2011930000000002,1.1839621666666666,1.1763305000000008,0.012210486670162939,0,2,18087936,my_ring_all_reduce,2,8
1614,1.1807785000000002,1.1898515000000003,1.1862721666666662,1.1881864999999987,0.00394363084253846,0,2,18219008,my_ring_all_reduce,2,8
1615,1.1808420000000006,2.196517000000001,1.5827068333333338,1.3707615000000002,0.44090024922317267,0,2,18350080,my_ring_all_reduce,2,8
1616,1.1881224999999995,1.1911624999999988,1.1894396666666662,1.1890340000000001,0.0012737933069724764,0,2,18481152,my_ring_all_reduce,2,8
1617,1.203449,1.2422815,1.2206175000000001,1.2161220000000004,0.016168856983926422,0,2,18612224,my_ring_all_reduce,2,8
1618,1.1628590000000003,1.2190815,1.1859516666666667,1.1759145,0.024024999654295165,0,2,18743296,my_ring_all_reduce,2,8
1619,1.1340274999999989,1.1465700000000003,1.1409119999999997,1.1421385,0.0051933806106112665,0,2,18874368,my_ring_all_reduce,2,8
1620,1.152826,1.2390664999999998,1.1826185,1.1559630000000003,0.039935303681913545,0,2,19005440,my_ring_all_reduce,2,8
1621,1.1581215000000002,1.2404090000000003,1.1855776666666669,1.1582025000000002,0.03877162172331147,0,2,19136512,my_ring_all_reduce,2,8
1622,1.1665869999999996,1.253962,1.1978134999999999,1.1728915000000002,0.03978632276926338,0,2,19267584,my_ring_all_reduce,2,8
1623,1.1743315,1.2522499999999996,1.2248108333333332,1.2478509999999996,0.03573942846570913,0,2,19398656,my_ring_all_reduce,2,8
1624,1.2841850000000006,1.2891464999999989,1.2863246666666666,1.2856425,0.0020821677939636017,0,2,19529728,my_ring_all_reduce,2,8
1625,1.1911145,1.1961385000000002,1.1937225000000005,1.1939145000000009,0.002055527831644951,0,2,19660800,my_ring_all_reduce,2,8
1626,1.1974190000000005,1.2206344999999983,1.2076324999999988,1.2048439999999974,0.009680621855024964,0,2,19791872,my_ring_all_reduce,2,8
1627,1.1826984999999985,1.1921385000000002,1.1869278333333328,1.1859464999999998,0.003915836337518104,0,2,19922944,my_ring_all_reduce,2,8
1628,1.2006510000000004,1.2130830000000001,1.2049710000000002,1.2011790000000002,0.005740098953850808,0,2,20054016,my_ring_all_reduce,2,8
1629,1.2075465000000003,1.2367300000000014,1.2241861666666676,1.228282000000001,0.012261078149530745,0,2,20185088,my_ring_all_reduce,2,8
1630,1.1442189999999992,1.1970349999999994,1.1637768333333327,1.1500765000000002,0.02363834193400384,0,2,20316160,my_ring_all_reduce,2,8
1631,1.1540280000000003,1.1675780000000004,1.1622670000000002,1.1651950000000002,0.005906522552794253,0,2,20447232,my_ring_all_reduce,2,8
1632,1.1587300000000014,1.2582015000000002,1.1975456666666675,1.1757055000000007,0.04344643819757285,0,2,20578304,my_ring_all_reduce,2,8
1633,1.169882,1.2519135000000006,1.2050873333333332,1.1934664999999989,0.03448260018795344,0,2,20709376,my_ring_all_reduce,2,8
1634,1.1756099999999998,1.249082500000001,1.2005116666666666,1.176842499999999,0.034348451222565204,0,2,20840448,my_ring_all_reduce,2,8
1635,1.1710830000000005,1.179995,1.174944166666667,1.1737545,0.003734292979340777,0,2,20971520,my_ring_all_reduce,2,8
1636,1.1727479999999986,1.1767780000000003,1.1745069999999995,1.1739950000000001,0.0016846034152490589,0,2,21102592,my_ring_all_reduce,2,8
1637,1.1830815000000001,1.3137389999999993,1.2272854999999998,1.1850360000000002,0.061137063304512365,0,2,21233664,my_ring_all_reduce,2,8
1638,1.1868579999999993,1.279434499999999,1.2189434999999997,1.1905380000000014,0.042799972046329786,0,2,21364736,my_ring_all_reduce,2,8
1639,1.187915000000001,1.2653859999999992,1.2175253333333336,1.1992750000000003,0.03415889303761919,0,2,21495808,my_ring_all_reduce,2,8
1640,1.1950184999999993,1.2730815000000002,1.223861,1.2034830000000003,0.03497527846207969,0,2,21626880,my_ring_all_reduce,2,8
1641,1.2136095,1.283242,1.2376418333333334,1.216074,0.03225988055447334,0,2,21757952,my_ring_all_reduce,2,8
1642,1.2129705,1.246043,1.2251521666666667,1.2164430000000002,0.014839918060944783,0,2,21889024,my_ring_all_reduce,2,8
1643,1.2215945000000006,1.2252260000000006,1.222981166666667,1.2221229999999996,0.0016019333284782644,0,2,22020096,my_ring_all_reduce,2,8
1644,1.2346814999999989,1.2417220000000002,1.2382443333333333,1.238329500000001,0.002874902906573619,0,2,22151168,my_ring_all_reduce,2,8
1645,1.2564575000000002,1.2661380000000007,1.2598125,1.2568419999999993,0.004475557525791641,0,2,22282240,my_ring_all_reduce,2,8
1646,1.2652270000000003,1.3582359999999998,1.2962778333333331,1.2653704999999997,0.043811078968554046,0,2,22413312,my_ring_all_reduce,2,8
1647,1.2675459999999998,1.347642500000001,1.2942718333333334,1.2676269999999996,0.03773877480420193,0,2,22544384,my_ring_all_reduce,2,8
1648,1.2649385000000002,1.3441860000000005,1.2946235000000001,1.2747459999999995,0.035273954685669816,0,2,22675456,my_ring_all_reduce,2,8
1649,1.2708434999999998,1.3452415,1.2969863333333336,1.2748740000000003,0.03416120670276282,0,2,22806528,my_ring_all_reduce,2,8
1650,1.2806345000000001,1.4883119999999999,1.372190833333333,1.3476259999999993,0.08654501441093462,0,2,22937600,my_ring_all_reduce,2,8
1651,1.2812904999999988,1.3315459999999997,1.2997116666666664,1.2862985000000005,0.022602929014965287,0,2,23068672,my_ring_all_reduce,2,8
1652,1.2809870000000005,1.334475,1.3002878333333336,1.2854015000000005,0.024241063316657784,0,2,23199744,my_ring_all_reduce,2,8
1653,1.2996575000000008,1.3034500000000002,1.3009915,1.2998669999999994,0.0017405246814299236,0,2,23330816,my_ring_all_reduce,2,8
1654,1.3006969999999995,1.307754,1.3043826666666671,1.304697000000002,0.002889569325849547,0,2,23461888,my_ring_all_reduce,2,8
1655,1.3092275000000009,1.3342500000000006,1.3193865000000005,1.3146819999999995,0.010743389184362092,0,2,23592960,my_ring_all_reduce,2,8
1656,1.3204574999999996,1.3236564999999996,1.3216678333333334,1.3208895000000007,0.0014172161287379287,0,2,23724032,my_ring_all_reduce,2,8
1657,1.3201535000000004,1.3768599999999998,1.3413595,1.3270649999999997,0.025260724893926882,0,2,23855104,my_ring_all_reduce,2,8
1658,1.3438814999999997,1.3470814999999998,1.3453695,1.3451455000000005,0.0013159614989302114,0,2,23986176,my_ring_all_reduce,2,8
1659,1.3567780000000007,1.3602504999999998,1.3579831666666664,1.3569209999999994,0.001604309318332494,0,2,24117248,my_ring_all_reduce,2,8
1660,1.3631614999999984,1.4098819999999994,1.379167333333333,1.3644585000000011,0.021725002701700254,0,2,24248320,my_ring_all_reduce,2,8
1661,1.3598020000000006,1.3655455000000003,1.3633215000000003,1.3646169999999997,0.0025173647927939982,0,2,24379392,my_ring_all_reduce,2,8
1662,1.3726020000000008,1.4147464999999997,1.3872795,1.3744899999999993,0.019437390132593914,0,2,24510464,my_ring_all_reduce,2,8
1663,1.3690494999999991,1.4341689999999998,1.3909588333333325,1.3696579999999985,0.030555211727661954,0,2,24641536,my_ring_all_reduce,2,8
1664,1.3757705000000007,1.3959764999999997,1.3830493333333331,1.377400999999999,0.009165091782894872,0,2,24772608,my_ring_all_reduce,2,8
1665,1.3850350000000018,1.3879139999999999,1.3863406666666673,1.3860729999999999,0.001190488508506996,0,2,24903680,my_ring_all_reduce,2,8
1666,1.388938000000002,1.420329,1.4028256666666676,1.3992100000000007,0.013067861450477199,0,2,25034752,my_ring_all_reduce,2,8
1667,1.3973689999999996,1.4003935,1.3984949999999998,1.3977225,0.0013501770871508063,0,2,25165824,my_ring_all_reduce,2,8
1668,1.4152729999999998,1.4567615000000003,1.4293856666666669,1.4161225000000008,0.019360743797408413,0,2,25296896,my_ring_all_reduce,2,8
1669,1.4176085000000003,1.421402,1.4197693333333337,1.4202975000000007,0.0015930851794203561,0,2,25427968,my_ring_all_reduce,2,8
1670,1.4207930000000006,1.4712254999999999,1.4399346666666668,1.4277855,0.022309354571320036,0,2,25559040,my_ring_all_reduce,2,8
1671,1.4306974999999997,1.517273,1.4600843333333338,1.4322825000000012,0.040443670725123455,0,2,25690112,my_ring_all_reduce,2,8
1672,1.4508410000000007,1.4731934999999992,1.4606706666666665,1.4579774999999995,0.009321960597904182,0,2,25821184,my_ring_all_reduce,2,8
1673,1.4544575000000004,1.5430665000000003,1.4874231666666669,1.4647455,0.03956931592647126,0,2,25952256,my_ring_all_reduce,2,8
1674,1.4587450000000004,1.48273,1.4676791666666669,1.4615625,0.010704524419868161,0,2,26083328,my_ring_all_reduce,2,8
1675,1.4668735000000006,1.5502164999999994,1.4949213333333329,1.4676739999999986,0.03910095303683636,0,2,26214400,my_ring_all_reduce,2,8
1676,1.4633695000000002,1.555577500000001,1.4975185000000006,1.4736085000000003,0.041266167667958056,0,2,26345472,my_ring_all_reduce,2,8
1677,1.4805054999999996,1.5432734999999997,1.5014334999999994,1.4805214999999994,0.029585348445922924,0,2,26476544,my_ring_all_reduce,2,8
1678,1.480234,1.5010814999999993,1.4875829999999997,1.4814334999999996,0.009557434340170042,0,2,26607616,my_ring_all_reduce,2,8
1679,1.4988569999999994,1.5840729999999992,1.5534281666666667,1.5773545000000018,0.038684999108899915,0,2,26738688,my_ring_all_reduce,2,8
1680,1.4999614999999995,1.5472410000000003,1.5162121666666664,1.5014339999999993,0.021948932207639955,0,2,26869760,my_ring_all_reduce,2,8
1681,1.5053065000000005,1.5972405000000007,1.5366603333333337,1.5074340000000002,0.04284545101550732,0,2,27000832,my_ring_all_reduce,2,8
1682,1.5444415,1.64412,1.5978436666666667,1.6049694999999997,0.041004340957865516,0,2,27131904,my_ring_all_reduce,2,8
1683,1.5202659999999997,1.5475935,1.5306919999999995,1.5242164999999988,0.01205949526998021,0,2,27262976,my_ring_all_reduce,2,8
1684,1.5232895,1.5509865000000005,1.533374833333334,1.525848500000001,0.01249707225268741,0,2,27394048,my_ring_all_reduce,2,8
1685,1.5360895000000019,1.61692,1.5870330000000006,1.6080894999999997,0.03620243616802508,0,2,27525120,my_ring_all_reduce,2,8
1686,1.547545000000001,1.576058,1.5665535000000004,1.5760575,0.013441039251733932,0,2,27656192,my_ring_all_reduce,2,8
1687,1.5567940000000018,1.6026494999999996,1.5858655000000004,1.5981529999999993,0.020638454597343807,0,2,27787264,my_ring_all_reduce,2,8
1688,1.5612419999999998,1.6414170000000003,1.6032636666666669,1.607132,0.03284540209662387,0,2,27918336,my_ring_all_reduce,2,8
1689,1.5666014999999989,1.609576999999999,1.5809853333333326,1.5667775000000002,0.020217489064063926,0,2,28049408,my_ring_all_reduce,2,8
1690,1.5683625,1.6406815,1.5932258333333333,1.5706334999999996,0.033569029221722974,0,2,28180480,my_ring_all_reduce,2,8
1691,1.5775459999999986,1.6600895000000007,1.6064625,1.5817520000000005,0.0379588720920425,0,2,28311552,my_ring_all_reduce,2,8
1692,1.5875954999999997,1.5905700000000011,1.5895304999999997,1.590425999999999,0.0013695139648797201,0,2,28442624,my_ring_all_reduce,2,8
1693,1.5960255000000034,1.6402659999999996,1.6121856666666676,1.6002654999999995,0.019931101994676095,0,2,28573696,my_ring_all_reduce,2,8
1694,1.603241000000002,1.689895999999999,1.6341418333333337,1.6092885000000003,0.03950137879098405,0,2,28704768,my_ring_all_reduce,2,8
1695,1.6149859999999998,1.697433,1.6444201666666671,1.620841500000001,0.03756187866781351,0,2,28835840,my_ring_all_reduce,2,8
1696,1.6176090000000005,1.690776499999999,1.6494278333333332,1.639898,0.03062116976410574,0,2,28966912,my_ring_all_reduce,2,8
1697,1.6202324999999997,1.7024569999999997,1.6482489999999999,1.6220575000000008,0.038338084670033336,0,2,29097984,my_ring_all_reduce,2,8
1698,1.6269209999999998,1.7210809999999988,1.6590545,1.629161500000002,0.04386889548605686,0,2,29229056,my_ring_all_reduce,2,8
1699,1.6416739999999992,1.7256889999999998,1.6704359999999996,1.6439449999999998,0.0390807699258857,0,2,29360128,my_ring_all_reduce,2,8
1700,1.6463779999999988,1.6759125,1.6592093333333315,1.6553374999999961,0.012364330217292066,0,2,29491200,my_ring_all_reduce,2,8
1701,1.6503764999999984,1.6829690000000006,1.6665688333333328,1.6663609999999995,0.013306643956644864,0,2,29622272,my_ring_all_reduce,2,8
1702,1.6578639999999996,1.766520000000001,1.7151121666666669,1.7209525000000006,0.04455044858796532,0,2,29753344,my_ring_all_reduce,2,8
1703,1.6697199999999999,1.6736085000000003,1.6715923333333336,1.6714485000000006,0.0015907281526257198,0,2,29884416,my_ring_all_reduce,2,8
1704,1.6723280000000005,1.7223300000000004,1.691588333333333,1.6801069999999982,0.02196839794391564,0,2,30015488,my_ring_all_reduce,2,8
1705,1.6783764999999997,1.6870500000000006,1.6817635,1.6798639999999996,0.003787125184974742,0,2,30146560,my_ring_all_reduce,2,8
1706,1.6910975,1.8347595,1.7699763333333338,1.7840720000000008,0.05949066271319871,0,2,30277632,my_ring_all_reduce,2,8
1707,1.7012559999999999,1.7040730000000004,1.7026221666666668,1.7025375000000005,0.0011515926893753213,0,2,30408704,my_ring_all_reduce,2,8
1708,1.7107459999999992,1.7340730000000004,1.7185534999999998,1.7108414999999997,0.010974012947262125,0,2,30539776,my_ring_all_reduce,2,8
1709,1.7158660000000006,1.7199129999999996,1.7175718333333336,1.7169365000000005,0.0017121698870791735,0,2,30670848,my_ring_all_reduce,2,8
1710,1.7244240000000008,1.8049214999999996,1.7515823333333331,1.7254014999999987,0.03771859755331424,0,2,30801920,my_ring_all_reduce,2,8
1711,1.721289499999999,1.7254810000000003,1.7239503333333328,1.7250804999999987,0.001888584228698813,0,2,30932992,my_ring_all_reduce,2,8
1712,1.7324404999999998,1.7951609999999991,1.7602225,1.7530660000000011,0.026100790527618965,0,2,31064064,my_ring_all_reduce,2,8
1713,1.7474175000000014,1.825128499999998,1.7802436666666666,1.7681850000000003,0.03285126544070198,0,2,31195136,my_ring_all_reduce,2,8
1714,1.746840000000001,1.8565369999999979,1.783629666666666,1.7475119999999988,0.051553999756457185,0,2,31326208,my_ring_all_reduce,2,8
1715,1.7619285,1.8319444999999983,1.805427166666666,1.8224084999999992,0.031003594687640922,0,2,31457280,my_ring_all_reduce,2,8
1716,1.7628724999999967,1.8543920000000003,1.8155816666666658,1.8294805000000005,0.038633645924103704,0,2,31588352,my_ring_all_reduce,2,8
1717,1.7735295,1.856504,1.8020088333333335,1.7759930000000008,0.038547024101161675,0,2,31719424,my_ring_all_reduce,2,8
1718,1.7782815000000027,1.823433,1.7956361666666678,1.7851940000000004,0.019856881621296667,0,2,31850496,my_ring_all_reduce,2,8
1719,1.788328000000002,1.8392235000000006,1.8172826666666675,1.8242965,0.021361700518814666,0,2,31981568,my_ring_all_reduce,2,8
1720,1.8128554999999993,1.8873355,1.8422103333333328,1.8264399999999987,0.03238667586197938,0,2,32112640,my_ring_all_reduce,2,8
1721,1.7998009999999995,1.8912745,1.8307666666666664,1.8012245000000002,0.04278944580994507,0,2,32243712,my_ring_all_reduce,2,8
1722,1.8127284999999993,1.9004079999999999,1.8425944999999997,1.814647,0.04088782008740514,0,2,32374784,my_ring_all_reduce,2,8
1723,1.8177839999999978,1.823176,1.8198268333333332,1.8185205000000024,0.00238722936802398,0,2,32505856,my_ring_all_reduce,2,8
1724,1.823049499999999,1.909832,1.852899333333334,1.8258165000000026,0.04027332013946113,0,2,32636928,my_ring_all_reduce,2,8
1725,1.8317215000000007,1.8494480000000026,1.8378056666666678,1.8322475,0.008235173063688862,0,2,32768000,my_ring_all_reduce,2,8
1726,1.8359609999999993,1.8831445,1.852915,1.8396395000000012,0.02142817216112154,0,2,32899072,my_ring_all_reduce,2,8
1727,1.849928,1.936264000000001,1.8793414999999998,1.8518324999999982,0.04025779456411815,0,2,33030144,my_ring_all_reduce,2,8
1728,1.856535999999998,1.9330320000000012,1.8975443333333324,1.9030649999999987,0.03147239874698095,0,2,33161216,my_ring_all_reduce,2,8
1729,1.8658470000000007,1.9382154999999999,1.9086583333333336,1.9219125000000001,0.03099521090516298,0,2,33292288,my_ring_all_reduce,2,8
1730,1.8698479999999995,1.896711000000002,1.8819595000000005,1.8793194999999996,0.011124519233058627,0,2,33423360,my_ring_all_reduce,2,8
1731,1.8804399999999988,1.9057860000000002,1.8902011666666658,1.8843774999999983,0.011136763416222223,0,2,33554432,my_ring_all_reduce,2,8
1732,1.8862484999999998,1.8950155000000004,1.8895710000000001,1.8874489999999997,0.0038809135737180567,0,2,33685504,my_ring_all_reduce,2,8
1733,1.900504500000001,1.9199280000000007,1.9098691666666674,1.9091749999999998,0.007944788169331817,0,2,33816576,my_ring_all_reduce,2,8
1734,1.9056719999999991,1.9280404999999987,1.9153683333333331,1.9123925000000008,0.009371201846911023,0,2,33947648,my_ring_all_reduce,2,8
1735,1.9081199999999972,1.912679,1.9097409999999995,1.908424000000001,0.0020811834774158893,0,2,34078720,my_ring_all_reduce,2,8
1736,1.91508,1.9849354999999997,1.9388821666666665,1.9166309999999995,0.0325707796814193,0,2,34209792,my_ring_all_reduce,2,8
1737,1.922407499999998,2.1582160000000004,2.003677166666666,1.9304079999999995,0.10932425853421428,0,2,34340864,my_ring_all_reduce,2,8
1738,1.9242154999999994,1.9972250000000005,1.9504301666666664,1.9298499999999998,0.03316880278799517,0,2,34471936,my_ring_all_reduce,2,8
1739,1.9362809999999995,2.0188394999999986,1.9911544999999986,2.0183429999999984,0.03880195338510633,0,2,34603008,my_ring_all_reduce,2,8
1740,1.9444229999999993,2.0117685,1.9672769999999995,1.9456394999999993,0.031464161064614804,0,2,34734080,my_ring_all_reduce,2,8
1741,1.9557675000000019,2.0320555,2.0004871666666673,2.0136385000000003,0.03250315792179018,0,2,34865152,my_ring_all_reduce,2,8
1742,1.9607439999999987,2.065639000000001,1.9964396666666664,1.9629359999999998,0.04893950017680638,0,2,34996224,my_ring_all_reduce,2,8
1743,1.9672564999999995,2.009081,1.981827166666667,1.9691440000000011,0.01928676986232323,0,2,35127296,my_ring_all_reduce,2,8
1744,1.9737679999999982,2.042342999999999,2.0048604999999986,1.998470499999999,0.028357911667939894,0,2,35258368,my_ring_all_reduce,2,8
1745,1.985655999999999,2.0547115000000007,2.009666166666667,1.9886310000000014,0.03187500794858317,0,2,35389440,my_ring_all_reduce,2,8
1746,1.9880090000000001,2.0617830000000006,2.0128348333333332,1.9887124999999997,0.03461277214250415,0,2,35520512,my_ring_all_reduce,2,8
1747,1.999127999999999,2.0627919999999995,2.026466666666666,2.01748,0.026756262286716435,0,2,35651584,my_ring_all_reduce,2,8
1748,2.0079749999999996,2.086759,2.0598846666666666,2.0849200000000003,0.03671335452151216,0,2,35782656,my_ring_all_reduce,2,8
1749,2.011,2.0281050000000014,2.017213500000001,2.0125355000000007,0.0077269234606455114,0,2,35913728,my_ring_all_reduce,2,8
1750,2.0204874999999993,2.023207499999998,2.0214956666666666,2.020792000000003,0.001216815538835885,0,2,36044800,my_ring_all_reduce,2,8
1751,2.025927999999999,2.069223,2.0409891666666655,2.027816499999997,0.01997921614383954,0,2,36175872,my_ring_all_reduce,2,8
1752,2.0345190000000004,2.0541195000000005,2.0419856666666676,2.0373185000000014,0.008655700764364506,0,2,36306944,my_ring_all_reduce,2,8
1753,2.048406500000001,2.073016000000001,2.0621995000000006,2.0651760000000015,0.010264876578248146,0,2,36438016,my_ring_all_reduce,2,8
1754,2.0538955000000003,2.158023,2.1047696666666655,2.1023904999999967,0.04254314977826102,0,2,36569088,my_ring_all_reduce,2,8
1755,2.052727500000001,2.121032000000001,2.0814905000000006,2.0707119999999994,0.028907994589156077,0,2,36700160,my_ring_all_reduce,2,8
1756,2.0630645000000003,2.0695920000000005,2.0655868333333336,2.0641040000000004,0.002863699249029034,0,2,36831232,my_ring_all_reduce,2,8
1757,2.075015999999998,2.114040000000001,2.0892241666666664,2.0786165000000008,0.017608900932641607,0,2,36962304,my_ring_all_reduce,2,8
1758,2.0846155,2.1573979999999993,2.127734833333333,2.1411909999999983,0.031199619576562043,0,2,37093376,my_ring_all_reduce,2,8
1759,2.0863280000000013,2.171656500000001,2.116253500000001,2.0907760000000004,0.03921789967816571,0,2,37224448,my_ring_all_reduce,2,8
1760,2.0938320000000004,2.117448000000001,2.1020130000000012,2.094759000000002,0.010920752446603545,0,2,37355520,my_ring_all_reduce,2,8
1761,2.101463500000002,2.1703265000000007,2.1265085000000012,2.1077355000000004,0.031089626769497353,0,2,37486592,my_ring_all_reduce,2,8
1762,2.1127435,2.1797685,2.1532774999999997,2.1673204999999998,0.029108899475360887,0,2,37617664,my_ring_all_reduce,2,8
1763,2.1156875,2.175800499999999,2.137453333333333,2.120872,0.027198022643607694,0,2,37748736,my_ring_all_reduce,2,8
1764,2.127558500000003,2.1905039999999993,2.1492551666666664,2.129702999999998,0.029180466166978742,0,2,37879808,my_ring_all_reduce,2,8
1765,2.136663000000002,2.196437999999999,2.1568705,2.1375105,0.027980586796919393,0,2,38010880,my_ring_all_reduce,2,8
1766,2.1465824999999996,2.246439000000001,2.2023751666666667,2.2141040000000003,0.041601316458203585,0,2,38141952,my_ring_all_reduce,2,8
1767,2.149672499999999,2.2350135000000018,2.1865565000000005,2.1749835,0.03578847409432373,0,2,38273024,my_ring_all_reduce,2,8
1768,2.1524694999999974,2.1577840000000004,2.1554849999999988,2.1562014999999977,0.002228004600534912,0,2,38404096,my_ring_all_reduce,2,8
1769,2.1656549999999997,2.1928560000000017,2.1807646666666676,2.183783000000001,0.01130800166057533,0,2,38535168,my_ring_all_reduce,2,8
1770,2.1766794999999983,2.1958785,2.185974999999999,2.1853669999999994,0.007849740898060122,0,2,38666240,my_ring_all_reduce,2,8
1771,2.1843114999999997,2.2385675000000007,2.2028556666666663,2.185687999999998,0.025258331537447158,0,2,38797312,my_ring_all_reduce,2,8
1772,2.1865035,2.227607500000001,2.2007165000000004,2.1880385,0.01902513192245138,0,2,38928384,my_ring_all_reduce,2,8
1773,2.1909670000000006,2.2614319999999997,2.216498166666667,2.1970955000000005,0.031871373378872914,0,2,39059456,my_ring_all_reduce,2,8
1774,2.2066,2.2921669999999987,2.2615806666666654,2.2859749999999974,0.03895929924364005,0,2,39190528,my_ring_all_reduce,2,8
1775,2.212502499999999,2.292647,2.247287166666666,2.236711999999998,0.033562487319261626,0,2,39321600,my_ring_all_reduce,2,8
1776,2.2255279999999997,2.2976065,2.267383333333333,2.2790155000000003,0.03055386518465764,0,2,39452672,my_ring_all_reduce,2,8
1777,2.224456000000002,2.229847499999998,2.2263753333333334,2.2248225,0.002459747491555808,0,2,39583744,my_ring_all_reduce,2,8
1778,2.231079999999998,2.2783584999999995,2.2469084999999995,2.2312870000000005,0.022238668833812966,0,2,39714816,my_ring_all_reduce,2,8
1779,2.2409665,2.284822000000001,2.2572813333333337,2.2460555,0.019584700160811947,0,2,39845888,my_ring_all_reduce,2,8
1780,2.240377000000002,2.2821825,2.2562525,2.2461979999999984,0.018488639489336538,0,2,39976960,my_ring_all_reduce,2,8
1781,2.2644064999999998,2.3389829999999985,2.3120981666666665,2.3329050000000002,0.03381426546181664,0,2,40108032,my_ring_all_reduce,2,8
1782,2.2611435,2.336886499999998,2.288305833333333,2.2668875000000006,0.03443166434483645,0,2,40239104,my_ring_all_reduce,2,8
1783,2.2707920000000015,2.3351435,2.2959858333333334,2.282021999999999,0.02806564173603625,0,2,40370176,my_ring_all_reduce,2,8
1784,2.2745989999999985,2.283109500000003,2.280022166666666,2.282357999999997,0.0038470110114514136,0,2,40501248,my_ring_all_reduce,2,8
1785,2.2883755000000012,2.3685669999999988,2.3165460000000007,2.292695500000002,0.03682665638501413,0,2,40632320,my_ring_all_reduce,2,8
1786,2.2950944999999994,2.335288000000003,2.3089723333333336,2.296534499999998,0.01861727037069688,0,2,40763392,my_ring_all_reduce,2,8
1787,2.3025985,2.3852714999999973,2.356839166666666,2.3826475000000005,0.03836890046494477,0,2,40894464,my_ring_all_reduce,2,8
1788,2.3089505000000003,2.4118945000000003,2.3447849999999986,2.3135099999999946,0.047490076175626235,0,2,41025536,my_ring_all_reduce,2,8
1789,2.314614499999998,2.3241039999999997,2.318577999999999,2.3170154999999997,0.004028540451164817,0,2,41156608,my_ring_all_reduce,2,8
1790,2.325287000000002,2.4055105,2.353057666666667,2.328375499999998,0.03711117982121045,0,2,41287680,my_ring_all_reduce,2,8
1791,2.329223000000002,2.3766459999999996,2.3463005,2.3330324999999976,0.021513795577876447,0,2,41418752,my_ring_all_reduce,2,8
1792,2.3380384999999992,2.4217990000000005,2.3667059999999993,2.340280499999999,0.038967384890016867,0,2,41549824,my_ring_all_reduce,2,8
1793,2.345109999999999,2.4287734999999997,2.3744806666666665,2.349558499999999,0.03843376208130348,0,2,41680896,my_ring_all_reduce,2,8
1794,2.355463499999999,2.360230999999998,2.3575699999999995,2.3570155000000015,0.001985424681690005,0,2,41811968,my_ring_all_reduce,2,8
1795,2.3610475,2.3858464999999986,2.3708015000000002,2.365510500000002,0.010793319260850453,0,2,41943040,my_ring_all_reduce,2,8
1796,2.375113000000001,2.455958499999999,2.4209721666666666,2.431845,0.0338886667002726,0,2,42074112,my_ring_all_reduce,2,8
1797,2.381445999999997,2.4681669999999998,2.4231744999999982,2.419910499999998,0.035478850340732365,0,2,42205184,my_ring_all_reduce,2,8
1798,2.3902309999999987,2.4110465,2.401884333333332,2.404375499999998,0.008678544178349354,0,2,42336256,my_ring_all_reduce,2,8
1799,2.3950625,2.440229500000002,2.4118246666666674,2.4001820000000005,0.020193699307513087,0,2,42467328,my_ring_all_reduce,2,8
1800,2.4077990000000002,2.4788545000000015,2.4388810000000007,2.4299895000000005,0.029681813727713797,0,2,42598400,my_ring_all_reduce,2,8
1801,2.4118305000000007,2.478551000000001,2.4400920000000013,2.4298945000000014,0.028176799377620347,0,2,42729472,my_ring_all_reduce,2,8
1802,2.4191265,2.4259424999999992,2.4227849999999993,2.423285999999999,0.0028050804801285456,0,2,42860544,my_ring_all_reduce,2,8
1803,2.4272385000000014,2.4470620000000003,2.4352223333333343,2.4313665000000007,0.008539842937014827,0,2,42991616,my_ring_all_reduce,2,8
1804,2.492598500000001,2.5185345000000012,2.5067798333333347,2.509206500000001,0.010726464385911287,0,2,43122688,my_ring_all_reduce,2,8
1805,2.435366,2.5122465,2.4827261666666662,2.5005659999999996,0.03382649415358041,0,2,43253760,my_ring_all_reduce,2,8
1806,2.4439915,2.475591000000002,2.4592491666666674,2.4581649999999997,0.012923200405559061,0,2,43384832,my_ring_all_reduce,2,8
1807,2.445718999999999,2.5123740000000008,2.4688654999999997,2.448503499999999,0.030786149908144066,0,2,43515904,my_ring_all_reduce,2,8
1808,2.4649665,2.5383579999999997,2.5079103333333337,2.520406500000002,0.031237730434880064,0,2,43646976,my_ring_all_reduce,2,8
1809,2.4708719999999995,2.4722460000000006,2.4717193333333327,2.4720399999999985,0.0006050285576365099,0,2,43778048,my_ring_all_reduce,2,8
1810,2.472247500000001,2.516342,2.4877826666666665,2.4747584999999983,0.02022049983858524,0,2,43909120,my_ring_all_reduce,2,8
1811,2.4813505000000005,2.546279,2.5050146666666673,2.487414500000001,0.02928312287630663,0,2,44040192,my_ring_all_reduce,2,8
1812,2.4977350000000005,3.5350130000000006,2.8479096666666677,2.5109810000000015,0.48588551953269343,0,2,44171264,my_ring_all_reduce,2,8
1813,2.5017659999999995,2.564086,2.523467166666667,2.5045495000000018,0.02874432331299886,0,2,44302336,my_ring_all_reduce,2,8
1814,2.5127425000000003,2.5978150000000015,2.5670035000000007,2.5904529999999992,0.038485857590808706,0,2,44433408,my_ring_all_reduce,2,8
1815,2.5182140000000017,2.532023,2.523456833333334,2.5201335,0.006107674330071708,0,2,44564480,my_ring_all_reduce,2,8
1816,2.520982500000002,2.568277999999998,2.537921166666667,2.5245030000000006,0.021513584508138638,0,2,44695552,my_ring_all_reduce,2,8
1817,2.5355910000000006,2.6251279999999997,2.5669190000000004,2.540038,0.04119999767799316,0,2,44826624,my_ring_all_reduce,2,8
1818,2.5414455,2.5652865,2.5502141666666662,2.543910499999999,0.010705153909319857,0,2,44957696,my_ring_all_reduce,2,8
1819,2.5485025000000023,2.620997500000001,2.5964806666666678,2.619942,0.03392842345864055,0,2,45088768,my_ring_all_reduce,2,8
1820,2.559124999999998,2.618086999999999,2.5833339999999994,2.5727900000000004,0.025199355983834368,0,2,45219840,my_ring_all_reduce,2,8
1821,2.56751,2.6017819999999996,2.5800166666666655,2.570757999999996,0.015447430796810218,0,2,45350912,my_ring_all_reduce,2,8
1822,2.5859105000000002,2.6598145000000017,2.6127101666666674,2.5924055,0.033413170260975546,0,2,45481984,my_ring_all_reduce,2,8
1823,2.5802295000000015,2.598517500000001,2.5874991666666673,2.5837504999999994,0.007922630553603488,0,2,45613056,my_ring_all_reduce,2,8
1824,2.5838624999999995,2.6185180000000003,2.603766166666667,2.6089180000000014,0.014609516535084372,0,2,45744128,my_ring_all_reduce,2,8
1825,2.5962289999999992,2.7140695000000012,2.652480166666667,2.647142000000001,0.04825603850009135,0,2,45875200,my_ring_all_reduce,2,8
1826,2.599974499999999,2.6171419999999994,2.607350166666666,2.6049340000000005,0.00721383670840662,0,2,46006272,my_ring_all_reduce,2,8
1827,2.6137835000000003,2.6506785,2.632711,2.633671,0.015077609365103785,0,2,46137344,my_ring_all_reduce,2,8
1828,2.6191100000000005,2.642901499999998,2.6284004999999997,2.6231900000000006,0.010388161555346343,0,2,46268416,my_ring_all_reduce,2,8
1829,2.6261174999999986,2.7012535,2.6623471666666663,2.6596705,0.03073248045454391,0,2,46399488,my_ring_all_reduce,2,8
1830,2.635623,2.7074134999999986,2.6695209999999996,2.6655265000000012,0.029444139147997372,0,2,46530560,my_ring_all_reduce,2,8
1831,2.6406299999999994,2.701765,2.661616833333334,2.6424555000000023,0.028398821308677605,0,2,46661632,my_ring_all_reduce,2,8
1832,2.6451589999999996,2.7458775,2.679291333333333,2.646837499999998,0.04708851618022825,0,2,46792704,my_ring_all_reduce,2,8
1833,2.6560384999999997,2.67839,2.6696646666666664,2.6745655,0.009760840591647658,0,2,46923776,my_ring_all_reduce,2,8
1834,2.656405,2.7156685000000005,2.6773916666666664,2.660101499999998,0.027107846411243988,0,2,47054848,my_ring_all_reduce,2,8
1835,2.6709030000000014,2.7035579999999992,2.688550333333333,2.6911899999999997,0.013461380224758958,0,2,47185920,my_ring_all_reduce,2,8
1836,2.6805020000000006,2.7822289999999996,2.7159633333333333,2.6851589999999996,0.04689545710999661,0,2,47316992,my_ring_all_reduce,2,8
1837,2.6848700000000045,2.7846455000000003,2.720528500000002,2.6920700000000015,0.045432750791690756,0,2,47448064,my_ring_all_reduce,2,8
1838,2.6924544999999998,2.739511499999998,2.709041666666666,2.695159,0.021573697528599983,0,2,47579136,my_ring_all_reduce,2,8
1839,2.7015104999999986,2.7910130000000004,2.7586239999999997,2.7833485000000016,0.04050637852445902,0,2,47710208,my_ring_all_reduce,2,8
1840,2.701030500000001,2.7394125000000003,2.7181441666666672,2.7139895000000007,0.01594240513710363,0,2,47841280,my_ring_all_reduce,2,8
1841,2.717670500000002,2.7764225000000002,2.737910333333334,2.7196380000000007,0.027244057457034457,0,2,47972352,my_ring_all_reduce,2,8
1842,2.726133499999998,2.7423430000000004,2.7316754999999993,2.726549999999999,0.0075449778108805056,0,2,48103424,my_ring_all_reduce,2,8
1843,2.7281345000000004,2.8084225,2.7558141666666667,2.7308854999999994,0.03721665892521187,0,2,48234496,my_ring_all_reduce,2,8
1844,2.7383745,2.743190999999999,2.7400495,2.7385830000000007,0.0022230061853259512,0,2,48365568,my_ring_all_reduce,2,8
1845,2.745878499999999,2.856806500000002,2.783990333333334,2.749286,0.05150759400375518,0,2,48496640,my_ring_all_reduce,2,8
1846,2.753301999999996,2.780324,2.768431833333332,2.7716695000000002,0.011266735258668621,0,2,48627712,my_ring_all_reduce,2,8
1847,2.75871,2.8135745,2.7781285,2.7621009999999995,0.025102309418989152,0,2,48758784,my_ring_all_reduce,2,8
1848,2.754229000000001,2.7944055,2.7736218333333333,2.7722309999999997,0.016431445484868603,0,2,48889856,my_ring_all_reduce,2,8
1849,2.776852999999999,2.8330785,2.796245666666666,2.7788054999999994,0.026056941142855623,0,2,49020928,my_ring_all_reduce,2,8
1850,2.7856525000000003,2.790086500000005,2.7884161666666682,2.7895095000000003,0.001968353344522811,0,2,49152000,my_ring_all_reduce,2,8
1851,2.7794299999999965,2.8779724999999976,2.817722333333332,2.795764500000001,0.04312204316497768,0,2,49283072,my_ring_all_reduce,2,8
1852,2.7992059999999985,2.8183104999999986,2.8119209999999994,2.8182465000000003,0.008990900687176706,0,2,49414144,my_ring_all_reduce,2,8
1853,2.804213499999998,2.872884999999998,2.828799999999999,2.8093014999999997,0.03124193074219283,0,2,49545216,my_ring_all_reduce,2,8
1854,2.8223250000000024,2.875029500000001,2.841291000000002,2.826518500000002,0.02391807053603279,0,2,49676288,my_ring_all_reduce,2,8
1855,2.8150949999999977,2.881526000000002,2.840865166666667,2.8259745000000023,0.02909259247739228,0,2,49807360,my_ring_all_reduce,2,8
1856,2.8252865,2.8360204999999987,2.8309553333333333,2.831559000000001,0.004402877777342786,0,2,49938432,my_ring_all_reduce,2,8
1857,2.832709500000001,2.896709000000001,2.8540906666666674,2.8328535,0.030135769843419726,0,2,50069504,my_ring_all_reduce,2,8
1858,2.8546130000000005,2.9184560000000004,2.8888113333333334,2.8933649999999997,0.026261937886522212,0,2,50200576,my_ring_all_reduce,2,8
1859,2.8428855000000017,2.876341999999999,2.858581500000001,2.8565170000000015,0.01373635003072624,0,2,50331648,my_ring_all_reduce,2,8
1860,2.8608685000000014,2.9215739999999992,2.8867093333333336,2.8776855,0.025591165253960463,0,2,50462720,my_ring_all_reduce,2,8
1861,2.8687745000000016,4.553870000000001,3.4457845000000007,2.9147089999999993,0.7837591471258885,0,2,50593792,my_ring_all_reduce,2,8
1862,2.8740859999999993,2.9576045000000004,2.9106293333333326,2.9001974999999987,0.03488507150232407,0,2,50724864,my_ring_all_reduce,2,8
1863,2.885253499999999,2.953973000000003,2.9113335,2.894773999999999,0.030400166668952955,0,2,50855936,my_ring_all_reduce,2,8
1864,2.9326785,3.0240544999999983,2.9759686666666663,2.971173,0.0374579066694269,0,2,50987008,my_ring_all_reduce,2,8
1865,2.9062780000000012,2.9805319999999993,2.932959833333333,2.9120694999999976,0.033721591985781806,0,2,51118080,my_ring_all_reduce,2,8
1866,2.9084865000000013,2.920549999999999,2.9128431666666668,2.909493,0.005465023365812875,0,2,51249152,my_ring_all_reduce,2,8
1867,2.914500499999998,2.997636500000003,2.946948333333335,2.9287080000000025,0.03630822628627941,0,2,51380224,my_ring_all_reduce,2,8
1868,2.933558000000002,2.9964365000000015,2.963786500000001,2.961365,0.025727082840850707,0,2,51511296,my_ring_all_reduce,2,8
1869,2.9323579999999985,3.0120695000000013,2.9602771666666676,2.9364040000000022,0.036659940653556156,0,2,51642368,my_ring_all_reduce,2,8
1870,2.9458919999999997,2.9577015,2.9519885000000006,2.9523720000000013,0.0048288284811123915,0,2,51773440,my_ring_all_reduce,2,8
1871,2.948277499999999,2.9706134999999994,2.9585174999999992,2.9566615,0.009212591962453711,0,2,51904512,my_ring_all_reduce,2,8
1872,2.9649650000000003,2.9782460000000004,2.9709015,2.9694934999999996,0.00551259698327396,0,2,52035584,my_ring_all_reduce,2,8
1873,2.9622610000000025,3.0445500000000005,3.0121225000000007,3.0295564999999987,0.03578480261460974,0,2,52166656,my_ring_all_reduce,2,8
1874,2.971430500000002,3.011733999999996,2.9955849999999997,3.003590500000001,0.017400364953067217,0,2,52297728,my_ring_all_reduce,2,8
1875,2.977237000000001,3.064692999999997,3.006740833333333,2.9782925000000007,0.04098063555781039,0,2,52428800,my_ring_all_reduce,2,8
1876,2.983396499999999,3.0883105,3.0236588333333327,2.9992694999999987,0.04617262200578317,0,2,52559872,my_ring_all_reduce,2,8
1877,2.9966439999999968,3.037509999999999,3.021689999999998,3.030916,0.017913622302595345,0,2,52690944,my_ring_all_reduce,2,8
1878,2.9982624999999987,3.024389,3.0074778333333327,2.9997819999999993,0.011974080022653218,0,2,52822016,my_ring_all_reduce,2,8
1879,3.0048845,3.0874930000000003,3.037925166666667,3.021398000000001,0.035692216673324596,0,2,52953088,my_ring_all_reduce,2,8
1880,3.021013999999999,3.079588999999999,3.0436428333333327,3.0303255,0.025700469276951816,0,2,53084160,my_ring_all_reduce,2,8
1881,3.015956500000001,3.1065015000000007,3.0501918333333333,3.0281174999999987,0.040125273833610704,0,2,53215232,my_ring_all_reduce,2,8
1882,3.0338955000000007,3.0673960000000005,3.0559795000000007,3.0666470000000006,0.015618739647188669,0,2,53346304,my_ring_all_reduce,2,8
1883,3.0384035000000003,3.0649970000000004,3.047551166666666,3.0392529999999987,0.012340941025258147,0,2,53477376,my_ring_all_reduce,2,8
1884,3.040229000000001,3.0919745000000014,3.0657601666666676,3.0650770000000005,0.021130534463714594,0,2,53608448,my_ring_all_reduce,2,8
1885,3.0548679999999986,3.119653500000002,3.0774660000000007,3.057876500000001,0.029856340870353222,0,2,53739520,my_ring_all_reduce,2,8
1886,3.0564524999999985,3.0717174999999983,3.063924499999999,3.0636034999999993,0.006236042388138953,0,2,53870592,my_ring_all_reduce,2,8
1887,3.0796040000000002,3.1504695000000003,3.1128260000000005,3.1084045000000007,0.029099164011474037,0,2,54001664,my_ring_all_reduce,2,8
1888,3.0743260000000006,3.139301499999999,3.0998188333333325,3.085828999999998,0.028310663215866207,0,2,54132736,my_ring_all_reduce,2,8
1889,3.088934000000001,3.1577650000000004,3.1247678333333333,3.127604499999999,0.028171636428428137,0,2,54263808,my_ring_all_reduce,2,8
1890,3.090421,3.117765000000002,3.102154500000001,3.0982775,0.011494837413669147,0,2,54394880,my_ring_all_reduce,2,8
1891,3.098805499999998,3.1545324999999997,3.120346333333332,3.1077009999999983,0.024444535498189802,0,2,54525952,my_ring_all_reduce,2,8
1892,3.107573,3.1976679999999993,3.1384738333333337,3.1101805000000025,0.0418701308777767,0,2,54657024,my_ring_all_reduce,2,8
1893,3.115156500000001,3.1365645000000004,3.124212666666667,3.1209169999999995,0.009045134238301061,0,2,54788096,my_ring_all_reduce,2,8
1894,3.1105359999999984,3.1618775000000015,3.1348436666666664,3.1321174999999997,0.021048537464368904,0,2,54919168,my_ring_all_reduce,2,8
1895,3.125155500000001,3.205317999999998,3.156708499999999,3.139651999999998,0.03487787976879618,0,2,55050240,my_ring_all_reduce,2,8
1896,3.1413655,3.22866,3.1708583333333347,3.142549500000003,0.040874808591464196,0,2,55181312,my_ring_all_reduce,2,8
1897,3.147045000000002,3.167908999999999,3.156527666666667,3.154628999999999,0.008622850469665032,0,2,55312384,my_ring_all_reduce,2,8
1898,3.1469005000000014,3.2317805,3.177375666666668,3.1534460000000024,0.0385627221556712,0,2,55443456,my_ring_all_reduce,2,8
1899,3.159748999999999,3.1981809999999995,3.172831499999999,3.1605644999999987,0.01792789488943639,0,2,55574528,my_ring_all_reduce,2,8
1900,3.1601964999999947,3.2335735,3.1886506666666654,3.1721820000000007,0.032139889738282815,0,2,55705600,my_ring_all_reduce,2,8
1901,3.173509000000002,3.2803889999999996,3.213093333333333,3.185381999999998,0.04783145475753576,0,2,55836672,my_ring_all_reduce,2,8
1902,3.185382499999997,3.2611405,3.2188744999999996,3.2101005000000007,0.03154421180924851,0,2,55967744,my_ring_all_reduce,2,8
1903,3.1902930000000023,3.213333000000001,3.2032366666666676,3.2060840000000006,0.00961910877137498,0,2,56098816,my_ring_all_reduce,2,8
1904,3.2011410000000033,3.2845969999999998,3.229919666666668,3.204021000000001,0.0386805867357533,0,2,56229888,my_ring_all_reduce,2,8
1905,3.2153489999999993,3.2465494999999995,3.227029333333333,3.2191895000000006,0.01389160514083541,0,2,56360960,my_ring_all_reduce,2,8
1906,3.2255255,3.2945974999999996,3.2488158333333317,3.226324499999995,0.03237417028366317,0,2,56492032,my_ring_all_reduce,2,8
1907,3.2253655,3.246468500000001,3.236026666666667,3.236246,0.008616659545451998,0,2,56623104,my_ring_all_reduce,2,8
1908,3.245396500000001,3.2989800000000034,3.2642176666666685,3.2482765000000016,0.02460878520750138,0,2,56754176,my_ring_all_reduce,2,8
1909,3.2516530000000006,3.3058119999999978,3.272596499999999,3.260324499999999,0.023752204224028364,0,2,56885248,my_ring_all_reduce,2,8
1910,3.246451499999999,3.3109965000000003,3.2704839999999993,3.2540039999999975,0.028812116157964703,0,2,57016320,my_ring_all_reduce,2,8
1911,3.254421000000002,3.3413825000000004,3.286037333333333,3.2623084999999956,0.039267193848329204,0,2,57147392,my_ring_all_reduce,2,8
1912,3.2754434999999975,3.3401,3.3003088333333337,3.2853830000000035,0.02842769921025789,0,2,57278464,my_ring_all_reduce,2,8
1913,3.277317000000001,3.3721345,3.3105921666666673,3.2823249999999997,0.04356500208564449,0,2,57409536,my_ring_all_reduce,2,8
1914,3.2748855000000003,3.3224054999999995,3.293616,3.283557000000001,0.02066277184939085,0,2,57540608,my_ring_all_reduce,2,8
1915,3.2926770000000016,3.3580375000000013,3.3156105000000013,3.2961170000000006,0.030033272068935007,0,2,57671680,my_ring_all_reduce,2,8
1916,3.289716999999997,3.3521165,3.314938499999999,3.302982000000001,0.026840800028440196,0,2,57802752,my_ring_all_reduce,2,8
1917,3.3169965,3.3361159999999996,3.3242706666666657,3.319699499999997,0.008448293460154827,0,2,57933824,my_ring_all_reduce,2,8
1918,3.3203719999999994,3.3260200000000006,3.323438833333333,3.3239245,0.0023312200072546706,0,2,58064896,my_ring_all_reduce,2,8
1919,3.3239715,3.3730760000000006,3.344393333333333,3.3361324999999997,0.02088051732410473,0,2,58195968,my_ring_all_reduce,2,8
1920,3.3226450000000005,3.4045489999999967,3.3554556666666655,3.339172999999999,0.035363919742520754,0,2,58327040,my_ring_all_reduce,2,8
1921,3.334117000000002,3.3542439999999996,3.343167333333334,3.341141000000001,0.00834080541008308,0,2,58458112,my_ring_all_reduce,2,8
1922,3.349028499999999,3.3914614999999984,3.367423666666667,3.361781000000003,0.017776757064273545,0,2,58589184,my_ring_all_reduce,2,8
1923,3.349621000000003,3.350981,3.3504261666666686,3.3506765000000014,0.0005827521390386618,0,2,58720256,my_ring_all_reduce,2,8
1924,3.3616210000000004,3.4005,3.377817833333333,3.3713324999999967,0.016521477367018353,0,2,58851328,my_ring_all_reduce,2,8
1925,3.3579244999999993,3.3906439999999995,3.374398833333333,3.3746280000000004,0.013358662809411661,0,2,58982400,my_ring_all_reduce,2,8
1926,3.3744040000000024,3.3953639999999963,3.384927,3.3850130000000016,0.008557100248718837,0,2,59113472,my_ring_all_reduce,2,8
1927,3.3732694999999993,3.4363234999999994,3.4008686666666663,3.3930130000000016,0.026334202767292585,0,2,59244544,my_ring_all_reduce,2,8
1928,3.4029960000000012,3.408068999999998,3.405694833333333,3.4060194999999998,0.0020837288024636975,0,2,59375616,my_ring_all_reduce,2,8
1929,3.4041999999999972,3.455619499999998,3.425060999999999,3.4153635000000007,0.02208351383196653,0,2,59506688,my_ring_all_reduce,2,8
1930,3.416564999999988,3.4222125000000005,3.4194284999999964,3.419508,0.0023062674389637003,0,2,59637760,my_ring_all_reduce,2,8
1931,3.406341,3.433700500000002,3.4201218333333334,3.4203239999999995,0.011170383866378098,0,2,59768832,my_ring_all_reduce,2,8
1932,3.4188845000000003,3.4342115000000013,3.4284516666666676,3.432259000000002,0.006811807033053963,0,2,59899904,my_ring_all_reduce,2,8
1933,3.428771999999999,3.454628000000001,3.438964,3.4334919999999984,0.011242487032088964,0,2,60030976,my_ring_all_reduce,2,8
1934,3.422052499999998,3.4842115,3.450713333333334,3.4458760000000037,0.025605795770793263,0,2,60162048,my_ring_all_reduce,2,8
1935,3.436516999999998,3.4928675,3.462052166666666,3.456772000000001,0.023306005414676267,0,2,60293120,my_ring_all_reduce,2,8
1936,3.449828499999999,3.466035500000001,3.4595936666666653,3.462916999999996,0.007021401597180759,0,2,60424192,my_ring_all_reduce,2,8
1937,3.4538594999999996,3.471972499999999,3.461796333333332,3.459556999999997,0.007562237437131528,0,2,60555264,my_ring_all_reduce,2,8
1938,3.452595999999998,3.476612000000001,3.4662656666666662,3.469589,0.010082178082582905,0,2,60686336,my_ring_all_reduce,2,8
1939,3.4589330000000005,3.5252740000000027,3.485089333333334,3.471060999999998,0.028842996519472537,0,2,60817408,my_ring_all_reduce,2,8
1940,3.4729475000000014,3.4798125,3.477204833333334,3.4788545000000015,0.003035688426406743,0,2,60948480,my_ring_all_reduce,2,8
1941,3.481907999999993,3.499748,3.4889696666666645,3.4852530000000006,0.007742807773815136,0,2,61079552,my_ring_all_reduce,2,8
1942,3.4947724999999945,3.5128199999999974,3.501556166666665,3.497076000000001,0.008020057526116875,0,2,61210624,my_ring_all_reduce,2,8
1943,3.492035500000002,3.5311560000000006,3.5097211666666683,3.5059720000000016,0.016189411520770976,0,2,61341696,my_ring_all_reduce,2,8
1944,3.5109009999999983,3.5859724999999996,3.5565913333333334,3.5729005000000034,0.03274572965628195,0,2,61472768,my_ring_all_reduce,2,8
1945,3.5245320000000007,3.550068,3.5335506666666667,3.526052,0.011695991488064836,0,2,61603840,my_ring_all_reduce,2,8
1946,3.5231714999999997,3.5389155000000008,3.5311978333333323,3.531506499999996,0.00643116580065857,0,2,61734912,my_ring_all_reduce,2,8
1947,3.5395565000000007,3.6100830000000004,3.5642811666666674,3.543204,0.0324210015944741,0,2,61865984,my_ring_all_reduce,2,8
1948,3.539604,3.54882,3.5429481666666667,3.5404205,0.004165372178916125,0,2,61997056,my_ring_all_reduce,2,8
1949,3.5469794999999995,3.5750765000000055,3.5572950000000017,3.549829,0.01262711947226034,0,2,62128128,my_ring_all_reduce,2,8
1950,3.560259499999998,3.6176514999999996,3.582904666666666,3.570803,0.024943912658647583,0,2,62259200,my_ring_all_reduce,2,8
1951,3.571235499999999,3.6286274999999986,3.5938489999999983,3.5816839999999974,0.024959311352011918,0,2,62390272,my_ring_all_reduce,2,8
1952,3.5657324999999984,3.6240355,3.5902226666666652,3.580899999999996,0.02469809759992881,0,2,62521344,my_ring_all_reduce,2,8
1953,3.5939880000000013,3.5953490000000037,3.5947990000000023,3.5950600000000015,0.0005854747361480034,0,2,62652416,my_ring_all_reduce,2,8
1954,3.5901810000000007,3.6407884999999944,3.611396333333331,3.6032194999999985,0.021454218180164738,0,2,62783488,my_ring_all_reduce,2,8
1955,3.5887080000000022,3.6064049999999996,3.599502500000001,3.6033945000000003,0.007731179308487354,0,2,62914560,my_ring_all_reduce,2,8
1956,3.6120354999999984,3.6164185000000035,3.613992666666668,3.6135240000000013,0.001819781778738764,0,2,63045632,my_ring_all_reduce,2,8
1957,3.6152999999999995,3.6187880000000043,3.6165745000000005,3.6156354999999984,0.001571162361652814,0,2,63176704,my_ring_all_reduce,2,8
1958,3.631122499999998,3.6497470000000005,3.638270166666667,3.6339410000000023,0.008196514018505872,0,2,63307776,my_ring_all_reduce,2,8
1959,3.6331884999999957,3.6961785,3.6614970000000002,3.655124000000004,0.026107423870744637,0,2,63438848,my_ring_all_reduce,2,8
1960,3.641747499999998,3.7108525000000014,3.683422833333333,3.6976685,0.029956407442965707,0,2,63569920,my_ring_all_reduce,2,8
1961,3.6524979999999996,3.6572514999999997,3.6549789999999995,3.655187500000001,0.0019462005292364749,0,2,63700992,my_ring_all_reduce,2,8
1962,3.6558124999999997,3.670658499999998,3.6629796666666663,3.662468000000001,0.006071643439427714,0,2,63832064,my_ring_all_reduce,2,8
1963,3.6488505000000004,3.661747499999994,3.656660166666665,3.6593825,0.005606037003879479,0,2,63963136,my_ring_all_reduce,2,8
1964,3.6709485,3.688133,3.6789325,3.6777159999999998,0.0070680815053780046,0,2,64094208,my_ring_all_reduce,2,8
1965,3.681203999999998,3.6836514999999945,3.6822493333333313,3.681892500000002,0.0010305537616017238,0,2,64225280,my_ring_all_reduce,2,8
1966,3.6810104999999993,3.697957999999999,3.689566833333332,3.6897319999999962,0.006919773555222265,0,2,64356352,my_ring_all_reduce,2,8
1967,3.6807549999999956,3.6867874999999968,3.683474999999998,3.6828825000000007,0.002498140141518749,0,2,64487424,my_ring_all_reduce,2,8
1968,3.7022740000000014,3.7089315000000007,3.706317500000001,3.7077470000000003,0.002899790710838366,0,2,64618496,my_ring_all_reduce,2,8
1969,3.6887885,3.7451895000000004,3.7116364999999996,3.700931499999999,0.024237931278611343,0,2,64749568,my_ring_all_reduce,2,8
1970,3.7212019999999977,3.809587000000001,3.7507603333333326,3.7214920000000005,0.04159690339703541,0,2,64880640,my_ring_all_reduce,2,8
1971,3.7244844999999995,3.758853000000001,3.738889833333333,3.7333319999999985,0.014570874638203668,0,2,65011712,my_ring_all_reduce,2,8
1972,3.7308989999999977,3.7448044999999985,3.7364938333333324,3.7337780000000005,0.0059929150159908256,0,2,65142784,my_ring_all_reduce,2,8
1973,3.7394599999999993,3.747108500000002,3.7436201666666675,3.7442920000000015,0.003158418178281092,0,2,65273856,my_ring_all_reduce,2,8
1974,3.7276685,3.7706759999999995,3.747945,3.7454905000000007,0.017643312080407602,0,2,65404928,my_ring_all_reduce,2,8
1975,3.7441790000000004,3.7576044999999976,3.7529533333333336,3.757076500000003,0.006208133916260206,0,2,65536000,my_ring_all_reduce,2,8
1976,3.7592999999999974,3.804179,3.7744938333333327,3.7600025000000006,0.02099254179597067,0,2,65667072,my_ring_all_reduce,2,8
1977,3.7590275,3.7804180000000014,3.7698533333333333,3.770114499999998,0.008734587514906677,0,2,65798144,my_ring_all_reduce,2,8
1978,3.775091499999995,3.780755000000002,3.778664499999999,3.780147000000001,0.0025386561733882216,0,2,65929216,my_ring_all_reduce,2,8
1979,3.773235999999998,3.7929484999999987,3.781161333333332,3.777299500000001,0.00849827361226304,0,2,66060288,my_ring_all_reduce,2,8
1980,3.7907555000000013,3.7980345000000018,3.794680666666667,3.795251999999997,0.0029989750008219446,0,2,66191360,my_ring_all_reduce,2,8
1981,3.803011000000006,3.805555499999995,3.8046325000000003,3.8053309999999985,0.0011502309188404771,0,2,66322432,my_ring_all_reduce,2,8
1982,3.7978915000000035,3.861075,3.822525833333336,3.8086110000000044,0.027607433879098416,0,2,66453504,my_ring_all_reduce,2,8
1983,3.813171999999999,3.8225944999999992,3.8181153333333326,3.8185794999999985,0.003860696360618088,0,2,66584576,my_ring_all_reduce,2,8
1984,3.809492000000002,3.820371000000001,3.81523,3.8158269999999974,0.0044613500946083726,0,2,66715648,my_ring_all_reduce,2,8
1985,3.8099714999999996,3.835555000000002,3.825075333333334,3.8296995,0.010944284842886709,0,2,66846720,my_ring_all_reduce,2,8
1986,3.8283724999999995,3.856019999999997,3.844115833333332,3.847955,0.01160891796804805,0,2,66977792,my_ring_all_reduce,2,8
1987,3.8477165000000007,3.9113939999999974,3.8692671666666656,3.848690999999999,0.029790826077650427,0,2,67108864,my_ring_all_reduce,2,8
1988,0.07299099999999999,0.07302399999999944,0.07300233333333306,0.07299199999999974,1.5326085243226996e-05,0,4,2048,my_ring_all_reduce,4,8
1989,0.07350299999999971,0.0735039999999999,0.07350333333333332,0.07350300000000039,4.7140452072281163e-07,0,4,10240,my_ring_all_reduce,4,8
1990,0.07347049999999967,0.07347100000000001,0.07347066666666652,0.0734704999999999,2.3570226050042438e-07,0,4,18432,my_ring_all_reduce,4,8
1991,0.07296000000000004,0.07296000000000004,0.07296000000000004,0.07296000000000004,0.0,0,4,26624,my_ring_all_reduce,4,8
1992,0.07212799999999982,0.07215999999999985,0.07214899999999992,0.07215900000000011,1.4854853303512151e-05,0,4,34816,my_ring_all_reduce,4,8
1993,0.07231899999999973,0.07231950000000006,0.07231916666666659,0.07231899999999997,2.3570226049715335e-07,0,4,43008,my_ring_all_reduce,4,8
1994,0.07228700000000027,0.07228799999999978,0.07228733333333344,0.07228700000000027,4.714045205625313e-07,0,4,51200,my_ring_all_reduce,4,8
1995,0.072192,0.072192,0.072192,0.072192,0.0,0,4,59392,my_ring_all_reduce,4,8
1996,0.07215999999999985,0.07217449999999985,0.07216483333333333,0.07216000000000031,6.835365551362309e-06,0,4,67584,my_ring_all_reduce,4,8
1997,0.07221749999999998,0.07222349999999994,0.07222133333333329,0.07222299999999995,2.718251071702666e-06,0,4,75776,my_ring_all_reduce,4,8
1998,0.07215999999999985,0.07215999999999985,0.07215999999999985,0.07215999999999985,0.0,0,4,83968,my_ring_all_reduce,4,8
1999,0.07215900000000011,0.07216000000000009,0.07215966666666669,0.07215999999999985,4.7140452072281163e-07,0,4,92160,my_ring_all_reduce,4,8
2000,0.07215900000000011,0.07219100000000025,0.07216966666666683,0.07215900000000011,1.5084944665380437e-05,0,4,100352,my_ring_all_reduce,4,8
2001,0.07215900000000011,0.07219100000000014,0.07218033333333336,0.07219099999999981,1.5084944665249596e-05,0,4,108544,my_ring_all_reduce,4,8
2002,0.07222400000000016,0.07225500000000011,0.07223433333333347,0.07222400000000016,1.4613540144497345e-05,0,4,116736,my_ring_all_reduce,4,8
2003,0.072192,0.07222299999999995,0.07220233333333333,0.072192,1.4613540144497344e-05,0,4,124928,my_ring_all_reduce,4,8
2004,0.07238300000000016,0.07239949999999977,0.07239383333333331,0.072399,7.663042621586134e-06,0,4,133120,my_ring_all_reduce,4,8
2005,0.07708699999999977,0.07708699999999999,0.07708699999999992,0.07708699999999999,1.0477500027681816e-16,0,4,141312,my_ring_all_reduce,4,8
2006,0.07763100000000031,0.07766300000000001,0.07764200000000013,0.07763200000000006,1.4854853303352087e-05,0,4,149504,my_ring_all_reduce,4,8
2007,0.07763150000000019,0.07763200000000006,0.07763166666666681,0.07763150000000019,2.357022603368731e-07,0,4,157696,my_ring_all_reduce,4,8
2008,0.07780750000000013,0.07785500000000002,0.07783916666666672,0.07785500000000002,2.2391714737524438e-05,0,4,165888,my_ring_all_reduce,4,8
2009,0.07785500000000002,0.077856,0.07785566666666664,0.07785599999999988,4.714045207522508e-07,0,4,174080,my_ring_all_reduce,4,8
2010,0.07782300000000032,0.07785500000000002,0.07784433333333333,0.07785499999999967,1.5084944665089315e-05,0,4,182272,my_ring_all_reduce,4,8
2011,0.07788799999999992,0.07792000000000007,0.07790900000000008,0.07791900000000021,1.4854853303542982e-05,0,4,190464,my_ring_all_reduce,4,8
2012,0.07798299999999972,0.07800049999999988,0.07798883333333313,0.07798299999999983,8.249579113890558e-06,0,4,198656,my_ring_all_reduce,4,8
2013,0.07807999999999993,0.07811099999999987,0.0780954999999999,0.0780954999999999,1.2655697004358416e-05,0,4,206848,my_ring_all_reduce,4,8
2014,0.0780469999999998,0.07804800000000046,0.07804750000000005,0.0780474999999999,4.0824829073621934e-07,0,4,215040,my_ring_all_reduce,4,8
2015,0.07817550000000006,0.07820800000000008,0.07818650000000003,0.07817599999999993,1.5204166095774591e-05,0,4,223232,my_ring_all_reduce,4,8
2016,0.07830299999999989,0.07833500000000004,0.07832433333333333,0.07833500000000004,1.508494466538698e-05,0,4,231424,my_ring_all_reduce,4,8
2017,0.07827150000000029,0.07828749999999991,0.07827700000000008,0.07827200000000005,7.4274266515963235e-06,0,4,239616,my_ring_all_reduce,4,8
2018,0.07833399999999983,0.07833549999999992,0.07833483333333326,0.07833500000000004,6.236095645111642e-07,0,4,247808,my_ring_all_reduce,4,8
2019,0.07846350000000052,0.0784949999999999,0.07847916666666682,0.07847900000000005,1.2860361148987564e-05,0,4,256000,my_ring_all_reduce,4,8
2020,0.0784949999999999,0.07849549999999988,0.07849516666666656,0.0784949999999999,2.3570226038920951e-07,0,4,264192,my_ring_all_reduce,4,8
2021,0.07859100000000001,0.0786075000000003,0.07859683333333332,0.07859199999999965,7.553512795964938e-06,0,4,272384,my_ring_all_reduce,4,8
2022,0.0784955,0.07852800000000025,0.0785171666666668,0.07852800000000014,1.5320646925802356e-05,0,4,280576,my_ring_all_reduce,4,8
2023,0.0786864999999998,0.07868799999999965,0.07868716666666645,0.0786869999999999,6.236095643862947e-07,0,4,288768,my_ring_all_reduce,4,8
2024,0.07868750000000023,0.07871900000000005,0.07870333333333342,0.07870349999999997,1.2860361149167416e-05,0,4,296960,my_ring_all_reduce,4,8
2025,0.07884700000000021,0.07887899999999991,0.07885800000000003,0.07884799999999996,1.4854853303352087e-05,0,4,305152,my_ring_all_reduce,4,8
2026,0.07886349999999993,0.07891200000000026,0.07888516666666673,0.07887999999999999,2.0134271501460424e-05,0,4,313344,my_ring_all_reduce,4,8
2027,0.07891100000000006,0.07894399999999996,0.07892750000000001,0.07892750000000001,1.3472193585264298e-05,0,4,321536,my_ring_all_reduce,4,8
2028,0.07900800000000004,0.07905549999999995,0.07903416666666661,0.07903899999999987,1.9690663326063903e-05,0,4,329728,my_ring_all_reduce,4,8
2029,0.0792154999999998,0.07926299999999992,0.0792416666666666,0.07924650000000008,1.9690663326175417e-05,0,4,337920,my_ring_all_reduce,4,8
2030,0.07915149999999994,0.07916750000000002,0.07916199999999995,0.07916699999999992,7.427426651730852e-06,0,4,346112,my_ring_all_reduce,4,8
2031,0.07923100000000022,0.07926300000000015,0.07925233333333342,0.07926299999999992,1.5084944665226699e-05,0,4,354304,my_ring_all_reduce,4,8
2032,0.08388850000000025,0.08390399999999999,0.08389850000000017,0.08390300000000026,7.082843120224227e-06,0,4,362496,my_ring_all_reduce,4,8
2033,0.08455950000000008,0.08460699999999997,0.08457533333333338,0.08455950000000008,2.2391714737524438e-05,0,4,370688,my_ring_all_reduce,4,8
2034,0.08446450000000004,0.08448000000000001,0.08447466666666666,0.08447949999999992,7.191816336762951e-06,0,4,378880,my_ring_all_reduce,4,8
2035,0.08460699999999997,0.0846719999999998,0.08464999999999988,0.08467099999999983,3.0408332191393555e-05,0,4,387072,my_ring_all_reduce,4,8
2036,0.08500699999999983,0.08502399999999989,0.08501783333333318,0.0850224999999998,7.684761255609396e-06,0,4,395264,my_ring_all_reduce,4,8
2037,0.08499099999999998,0.08502299999999992,0.08500166666666663,0.08499099999999998,1.5084944665282305e-05,0,4,403456,my_ring_all_reduce,4,8
2038,0.08524800000000005,0.08528000000000009,0.08526933333333336,0.08527999999999998,1.5084944665308473e-05,0,4,411648,my_ring_all_reduce,4,8
2039,0.08524800000000005,0.085279,0.08526866666666667,0.085279,1.4613540144497345e-05,0,4,419840,my_ring_all_reduce,4,8
2040,0.08588750000000027,0.08595199999999954,0.08592983333333327,0.08595000000000005,2.9945320539419753e-05,0,4,428032,my_ring_all_reduce,4,8
2041,0.08598400000000016,0.08601599999999962,0.08600499999999989,0.08601499999999987,1.4854853303240914e-05,0,4,436224,my_ring_all_reduce,4,8
2042,0.08703900000000045,0.08707099999999991,0.08705000000000011,0.08703999999999996,1.4854853303293856e-05,0,4,444416,my_ring_all_reduce,4,8
2043,0.0877275000000002,0.08774399999999992,0.08773816666666662,0.08774299999999971,7.553512795575745e-06,0,4,452608,my_ring_all_reduce,4,8
2044,0.08886299999999983,0.08889499999999975,0.08887366666666656,0.08886300000000005,1.5084944665223428e-05,0,4,460800,my_ring_all_reduce,4,8
2045,0.08899099999999999,0.08902349999999978,0.0890124999999999,0.08902299999999991,1.5204166095666733e-05,0,4,468992,my_ring_all_reduce,4,8
2046,0.09139200000000006,0.09148799999999983,0.09144500000000001,0.09145500000000016,3.982461550340819e-05,0,4,477184,my_ring_all_reduce,4,8
2047,0.09139199999999982,0.09145499999999993,0.09142366666666657,0.09142399999999998,2.5720722298523738e-05,0,4,485376,my_ring_all_reduce,4,8
2048,0.09392000000000007,0.09395100000000002,0.09394066666666671,0.09395100000000002,1.4613540144497345e-05,0,4,493568,my_ring_all_reduce,4,8
2049,0.0948309999999999,0.09484750000000008,0.09484183333333324,0.09484699999999975,7.663042621726384e-06,0,4,501760,my_ring_all_reduce,4,8
2050,0.09548800000000006,0.09555049999999983,0.09551916666666671,0.09551900000000023,2.55157903179728e-05,0,4,509952,my_ring_all_reduce,4,8
2051,0.09708699999999999,0.09708800000000008,0.09708750000000005,0.09708750000000009,4.082482904982648e-07,0,4,518144,my_ring_all_reduce,4,8
2052,0.09750300000000016,0.09755100000000017,0.0975193333333334,0.09750399999999991,2.239543604304755e-05,0,4,526336,my_ring_all_reduce,4,8
2053,0.09913500000000011,0.09921450000000005,0.0991828333333334,0.09919900000000006,3.4410108333944514e-05,0,4,534528,my_ring_all_reduce,4,8
2054,0.09919999999999993,0.09923099999999976,0.09921533333333328,0.09921500000000015,1.2657891697295693e-05,0,4,542720,my_ring_all_reduce,4,8
2055,0.101183,0.10121550000000003,0.10120450000000007,0.10121500000000015,1.5204166095777938e-05,0,4,550912,my_ring_all_reduce,4,8
2056,0.10438400000000002,0.10447900000000027,0.10443700000000006,0.10444799999999987,3.955586766426119e-05,0,4,559104,my_ring_all_reduce,4,8
2057,0.10446349999999961,0.10449450000000024,0.10447933333333313,0.10447999999999956,1.2664473494591577e-05,0,4,567296,my_ring_all_reduce,4,8
2058,0.10457600000000003,0.10460799999999995,0.10459699999999998,0.10460699999999998,1.4854853303406896e-05,0,4,575488,my_ring_all_reduce,4,8
2059,0.10652700000000005,0.1065435,0.10653250000000003,0.10652700000000005,7.77817459302709e-06,0,4,583680,my_ring_all_reduce,4,8
2060,0.10710350000000017,0.10716749999999957,0.10713533333333332,0.10713500000000022,2.612895371440081e-05,0,4,591872,my_ring_all_reduce,4,8
2061,0.10716699999999969,0.10719899999999961,0.10717766666666649,0.10716700000000015,1.508494466516782e-05,0,4,600064,my_ring_all_reduce,4,8
2062,0.1073264999999999,0.10736000000000001,0.10733816666666667,0.10732800000000009,1.5450638246447778e-05,0,4,608256,my_ring_all_reduce,4,8
2063,0.10753450000000021,0.10755099999999994,0.10754016666666676,0.10753500000000009,7.6630426216135e-06,0,4,616448,my_ring_all_reduce,4,8
2064,0.10756750000000011,0.10767899999999986,0.10762583333333327,0.10763099999999987,4.566605839000361e-05,0,4,624640,my_ring_all_reduce,4,8
2065,0.10823949999999968,0.10835199999999987,0.10828249999999973,0.10825599999999963,4.9603427301038004e-05,0,4,632832,my_ring_all_reduce,4,8
2066,0.10828700000000026,0.10831799999999987,0.10829766666666657,0.10828799999999957,1.4383632673567926e-05,0,4,641024,my_ring_all_reduce,4,8
2067,0.10889550000000009,0.1089430000000002,0.10892216666666672,0.10892799999999989,1.9825628755638193e-05,0,4,649216,my_ring_all_reduce,4,8
2068,0.1117430000000004,0.11177449999999954,0.11175366666666674,0.11174350000000027,1.473280542003119e-05,0,4,657408,my_ring_all_reduce,4,8
2069,0.12345600000000014,0.12348699999999986,0.12347666666666662,0.12348699999999986,1.4613540144392672e-05,0,4,665600,my_ring_all_reduce,4,8
2070,0.12419100000000026,0.12422299999999996,0.12421233333333338,0.12422299999999996,1.5084944665171091e-05,0,4,673792,my_ring_all_reduce,4,8
2071,0.1241590000000001,0.12425599999999987,0.12421266666666664,0.12422299999999996,4.0268543002544094e-05,0,4,681984,my_ring_all_reduce,4,8
2072,0.12428600000000006,0.12431899999999996,0.1242973333333332,0.12428699999999958,1.532608524348929e-05,0,4,690176,my_ring_all_reduce,4,8
2073,0.12441499999999997,0.12447849999999994,0.12443633333333333,0.12441550000000007,2.9817034653923146e-05,0,4,698368,my_ring_all_reduce,4,8
2074,0.12444700000000011,0.12447950000000015,0.12446300000000012,0.12446250000000009,1.3272779161390161e-05,0,4,706560,my_ring_all_reduce,4,8
2075,0.12460699999999997,0.12463900000000012,0.12461766666666668,0.12460699999999997,1.508494466538698e-05,0,4,714752,my_ring_all_reduce,4,8
2076,0.12498999999999989,0.12499199999999996,0.12499099999999996,0.12499099999999999,8.164965809568706e-07,0,4,722944,my_ring_all_reduce,4,8
2077,0.12567949999999975,0.12572699999999987,0.12570566666666658,0.12571050000000014,1.96906633261845e-05,0,4,731136,my_ring_all_reduce,4,8
2078,0.12655899999999928,0.1265590000000002,0.12655899999999987,0.1265590000000001,4.0823661993298545e-16,0,4,739328,my_ring_all_reduce,4,8
2079,0.12671950000000015,0.1267824999999998,0.12675100000000003,0.1267510000000002,2.5719642299079123e-05,0,4,747520,my_ring_all_reduce,4,8
2080,0.12820700000000035,0.12822350000000007,0.1282175000000003,0.12822200000000045,7.449832212821646e-06,0,4,755712,my_ring_all_reduce,4,8
2081,0.12820750000000009,0.12822299999999995,0.12821783333333334,0.12822299999999995,7.306770072196336e-06,0,4,763904,my_ring_all_reduce,4,8
2082,0.13126299999999994,0.13129500000000008,0.13127366666666665,0.13126299999999994,1.5084944665380437e-05,0,4,772096,my_ring_all_reduce,4,8
2083,0.13772699999999988,0.13772699999999988,0.13772699999999988,0.13772699999999988,0.0,0,4,780288,my_ring_all_reduce,4,8
2084,0.1376949999999997,0.13772699999999988,0.13771083333333328,0.13771050000000026,1.3066071415078793e-05,0,4,788480,my_ring_all_reduce,4,8
2085,0.13772749999999997,0.13779100000000016,0.13775916666666674,0.13775900000000002,2.5924034322603974e-05,0,4,796672,my_ring_all_reduce,4,8
2086,0.13813149999999996,0.13817500000000008,0.13814983333333336,0.13814300000000004,1.840440768467564e-05,0,4,804864,my_ring_all_reduce,4,8
2087,0.13876699999999983,0.13881550000000015,0.1387991666666667,0.13881500000000005,2.2746184051276663e-05,0,4,813056,my_ring_all_reduce,4,8
2088,0.13887899999999992,0.13888000000000011,0.13887966666666665,0.1388799999999999,4.7140452083075545e-07,0,4,821248,my_ring_all_reduce,4,8
2089,0.13929500000000009,0.13931099999999993,0.13930066666666663,0.13929599999999984,7.31816613334875e-06,0,4,829440,my_ring_all_reduce,4,8
2090,0.14012699999999972,0.1401589999999999,0.14014799999999986,0.1401579999999999,1.485485330351838e-05,0,4,837632,my_ring_all_reduce,4,8
2091,0.14011099999999987,0.14012799999999992,0.1401219999999999,0.14012699999999995,7.78888096372541e-06,0,4,845824,my_ring_all_reduce,4,8
2092,0.14131100000000016,0.14134249999999998,0.14132166666666682,0.14131150000000026,1.4732805420300645e-05,0,4,854016,my_ring_all_reduce,4,8
2093,0.14207999999999993,0.14208050000000003,0.14208016666666662,0.14207999999999993,2.3570226044154593e-07,0,4,862208,my_ring_all_reduce,4,8
2094,0.14271849999999972,0.14275149999999986,0.14272999999999994,0.14272000000000026,1.5215124054651875e-05,0,4,870400,my_ring_all_reduce,4,8
2095,0.14543900000000032,0.14547099999999955,0.14546,0.14547000000000015,1.4854853303210707e-05,0,4,878592,my_ring_all_reduce,4,8
2096,0.14995100000000003,0.14998399999999948,0.14997266666666656,0.14998300000000017,1.5326085243326804e-05,0,4,886784,my_ring_all_reduce,4,8
2097,0.15062300000000017,0.15065499999999998,0.15064416666666677,0.1506545000000001,1.4968485412817519e-05,0,4,894976,my_ring_all_reduce,4,8
2098,0.15065499999999976,0.15070249999999988,0.15067116666666655,0.15065599999999996,2.2159773364274796e-05,0,4,903168,my_ring_all_reduce,4,8
2099,0.1506229999999996,0.15062400000000026,0.15062366666666668,0.15062400000000015,4.714045210793534e-07,0,4,911360,my_ring_all_reduce,4,8
2100,0.15071900000000005,0.15071950000000015,0.15071916666666674,0.15071900000000005,2.3570226044154593e-07,0,4,919552,my_ring_all_reduce,4,8
2101,0.15065500000000065,0.15075099999999975,0.15069766666666676,0.1506869999999999,3.991101212525278e-05,0,4,927744,my_ring_all_reduce,4,8
2102,0.15065499999999976,0.15071900000000005,0.15067633333333333,0.1506550000000002,3.01698893306562e-05,0,4,935936,my_ring_all_reduce,4,8
2103,0.15071849999999995,0.15071900000000005,0.15071883333333336,0.15071900000000005,2.3570226044154593e-07,0,4,944128,my_ring_all_reduce,4,8
2104,0.15065600000000018,0.1506875,0.15067150000000015,0.15067100000000028,1.2864680330194094e-05,0,4,952320,my_ring_all_reduce,4,8
2105,0.15071900000000005,0.15071900000000005,0.15071900000000005,0.15071900000000005,0.0,0,4,960512,my_ring_all_reduce,4,8
2106,0.15071799999999985,0.15075099999999997,0.15072916666666666,0.15071850000000017,1.543984743733914e-05,0,4,968704,my_ring_all_reduce,4,8
2107,0.15078299999999945,0.1508309999999998,0.15079899999999988,0.15078300000000036,2.2627416997920188e-05,0,4,976896,my_ring_all_reduce,4,8
2108,0.15078300000000014,0.15081500000000006,0.1508041666666667,0.15081449999999996,1.4968485412818756e-05,0,4,985088,my_ring_all_reduce,4,8
2109,0.1507520000000002,0.15076750000000017,0.15075716666666694,0.1507520000000004,7.306770072196336e-06,0,4,993280,my_ring_all_reduce,4,8
2110,0.15071950000000003,0.15081549999999994,0.15078333333333335,0.15081500000000006,4.513744442131536e-05,0,4,1001472,my_ring_all_reduce,4,8
2111,0.15078200000000017,0.1508150000000005,0.15080400000000008,0.15081499999999962,1.5556349186054185e-05,0,4,1009664,my_ring_all_reduce,4,8
2112,0.15075099999999997,0.15075100000000022,0.15075100000000008,0.15075100000000008,1.0260807487384649e-16,0,4,1017856,my_ring_all_reduce,4,8
2113,0.15078200000000017,0.1508309999999999,0.15081466666666657,0.1508309999999997,2.309882151858739e-05,0,4,1026048,my_ring_all_reduce,4,8
2114,0.15084699999999976,0.15086249999999995,0.15085216666666654,0.15084699999999987,7.306770072327177e-06,0,4,1034240,my_ring_all_reduce,4,8
2115,0.15083149999999979,0.15084699999999998,0.15084183333333315,0.15084699999999976,7.306770072301008e-06,0,4,1042432,my_ring_all_reduce,4,8
2116,0.15084700000000031,0.1508789999999999,0.15085783333333344,0.15084750000000008,1.4968485412738404e-05,0,4,1048576,my_ring_all_reduce,4,8
2117,0.1508470000000001,0.1508789999999999,0.15086316666666663,0.15086349999999993,1.3066071414934935e-05,0,4,1081344,my_ring_all_reduce,4,8
2118,0.15574249999999995,0.15577399999999988,0.1557533333333333,0.15574350000000003,1.4619241506342434e-05,0,4,1114112,my_ring_all_reduce,4,8
2119,0.15584000000000015,0.15593500000000018,0.15588200000000016,0.1558710000000001,3.9555867664209385e-05,0,4,1146880,my_ring_all_reduce,4,8
2120,0.15583950000000016,0.15590300000000026,0.15586583333333348,0.15585500000000002,2.7031874190033844e-05,0,4,1179648,my_ring_all_reduce,4,8
2121,0.1558710000000001,0.15590300000000026,0.1558923333333335,0.15590300000000012,1.5084944665360811e-05,0,4,1212416,my_ring_all_reduce,4,8
2122,0.15583899999999995,0.1559024999999997,0.1558761666666665,0.15588699999999994,2.7031874189883306e-05,0,4,1245184,my_ring_all_reduce,4,8
2123,0.15595099999999956,0.15596700000000033,0.15596166666666667,0.1559670000000001,7.542472332964984e-06,0,4,1277952,my_ring_all_reduce,4,8
2124,0.15603099999999995,0.15609499999999935,0.15606816666666645,0.1560785000000001,2.713034381547312e-05,0,4,1310720,my_ring_all_reduce,4,8
2125,0.16094249999999988,0.160991,0.1609746666666666,0.1609904999999999,2.2746184051185078e-05,0,4,1343488,my_ring_all_reduce,4,8
2126,0.16107149999999978,0.161183,0.1611138333333331,0.16108699999999954,4.9315875289501006e-05,0,4,1376256,my_ring_all_reduce,4,8
2127,0.16105499999999962,0.16105500000000028,0.16105499999999992,0.16105499999999984,2.770927770914244e-16,0,4,1409024,my_ring_all_reduce,4,8
2128,0.16105549999999993,0.16108699999999998,0.16106600000000013,0.1610555000000004,1.4849242404827676e-05,0,4,1441792,my_ring_all_reduce,4,8
2129,0.16105500000000028,0.16115100000000007,0.1611081666666668,0.16111850000000005,3.9867140465317325e-05,0,4,1474560,my_ring_all_reduce,4,8
2130,0.16114999999999988,0.161183,0.16116116666666655,0.16115049999999975,1.5439847437441403e-05,0,4,1507328,my_ring_all_reduce,4,8
2131,0.16124700000000008,0.161279,0.1612680000000001,0.16127800000000025,1.4854853303456721e-05,0,4,1540096,my_ring_all_reduce,4,8
2132,0.16628700000000016,0.1663029999999999,0.16629233333333346,0.16628700000000027,7.542472332507041e-06,0,4,1572864,my_ring_all_reduce,4,8
2133,0.1662389999999998,0.16633399999999984,0.1662868333333332,0.16628749999999992,3.878645238856195e-05,0,4,1605632,my_ring_all_reduce,4,8
2134,0.16630300000000034,0.16633399999999984,0.16631883333333328,0.16631949999999962,1.2664473494131157e-05,0,4,1638400,my_ring_all_reduce,4,8
2135,0.16625499999999965,0.16633500000000004,0.16629749999999985,0.1663024999999998,3.285067224086566e-05,0,4,1671168,my_ring_all_reduce,4,8
2136,0.16633500000000004,0.16636650000000008,0.16634583333333344,0.16633600000000023,1.4619241506369858e-05,0,4,1703936,my_ring_all_reduce,4,8
2137,0.16633500000000004,0.1663829999999998,0.16635599999999992,0.16634999999999991,2.0049937655672728e-05,0,4,1736704,my_ring_all_reduce,4,8
2138,0.16636700000000018,0.16639900000000013,0.1663881666666667,0.16639849999999978,1.4968485412774354e-05,0,4,1769472,my_ring_all_reduce,4,8
2139,0.22126250000000006,0.22137500000000068,0.2213323333333335,0.2213594999999998,4.9783419819272324e-05,0,4,1802240,my_ring_all_reduce,4,8
2140,0.2220940000000003,0.22235149999999954,0.222244,0.22228650000000016,0.00010933511177388959,0,4,1835008,my_ring_all_reduce,4,8
2141,0.22779100000000063,0.22785449999999993,0.22781716666666688,0.22780600000000004,2.7099610493066252e-05,0,4,1867776,my_ring_all_reduce,4,8
2142,0.2337750000000001,0.23470250000000034,0.23413716666666665,0.23393399999999953,0.0004049868996511596,0,4,1900544,my_ring_all_reduce,4,8
2143,0.24391849999999976,0.2439989999999999,0.24395599999999976,0.2439504999999997,3.3093302444318725e-05,0,4,1933312,my_ring_all_reduce,4,8
2144,0.2610065,0.2626709999999998,0.2620624999999999,0.26251,0.0007495920001351524,0,4,1966080,my_ring_all_reduce,4,8
2145,0.26686250000000017,0.26777450000000047,0.2673746666666669,0.2674870000000001,0.00038070118057206365,0,4,1998848,my_ring_all_reduce,4,8
2146,0.2698705000000009,0.2713099999999995,0.2708249999999999,0.2712944999999995,0.0006749630854096926,0,4,2031616,my_ring_all_reduce,4,8
2147,0.27145399999999975,0.27156600000000003,0.27150749999999996,0.27150250000000004,4.586029510019077e-05,0,4,2064384,my_ring_all_reduce,4,8
2148,0.2714704999999999,0.27153450000000023,0.2715026666666669,0.2715030000000006,2.612895371478983e-05,0,4,2097152,my_ring_all_reduce,4,8
2149,0.27145499999999995,0.27150249999999915,0.27148149999999954,0.27148699999999965,1.977793383178274e-05,0,4,2129920,my_ring_all_reduce,4,8
2150,0.27222299999999994,0.2723344999999995,0.2722813333333331,0.27228649999999993,4.5666058389931724e-05,0,4,2162688,my_ring_all_reduce,4,8
2151,0.2722064999999998,0.2722539999999999,0.27222233333333323,0.2722065,2.239171473756369e-05,0,4,2195456,my_ring_all_reduce,4,8
2152,0.2726065,0.2734544999999998,0.2729531666666665,0.2727984999999999,0.0003630586117357828,0,4,2228224,my_ring_all_reduce,4,8
2153,0.2793904999999993,0.28070199999999934,0.2801261666666662,0.2802859999999998,0.0005472160349340555,0,4,2260992,my_ring_all_reduce,4,8
2154,0.28223849999999995,0.2828629999999998,0.28262233333333325,0.2827655,0.00027431439788839357,0,4,2293760,my_ring_all_reduce,4,8
2155,0.28324599999999955,0.28383899999999995,0.28349166666666664,0.2833900000000003,0.0002525395458581951,0,4,2326528,my_ring_all_reduce,4,8
2156,0.28406300000000034,0.28420650000000025,0.28414250000000035,0.28415800000000035,5.960005592835333e-05,0,4,2359296,my_ring_all_reduce,4,8
2157,0.28508650000000013,0.28524599999999917,0.2851823333333331,0.28521450000000004,6.897382756412704e-05,0,4,2392064,my_ring_all_reduce,4,8
2158,0.28508650000000013,0.2853420000000001,0.2852409999999999,0.2852944999999995,0.0001109556968642979,0,4,2424832,my_ring_all_reduce,4,8
2159,0.2851664999999998,0.2855185000000001,0.2853373333333332,0.2853269999999998,0.00014388903903908627,0,4,2457600,my_ring_all_reduce,4,8
2160,0.29015800000000014,0.29110249999999926,0.2907346666666664,0.29094349999999986,0.0004128991671364434,0,4,2490368,my_ring_all_reduce,4,8
2161,0.29199800000000004,0.29275050000000014,0.29236616666666665,0.2923499999999999,0.0003074194564796599,0,4,2523136,my_ring_all_reduce,4,8
2162,0.2950390000000002,0.29527800000000004,0.2951236666666665,0.2950539999999992,0.00010930182472821597,0,4,2555904,my_ring_all_reduce,4,8
2163,0.2961744999999996,0.296462,0.29628633333333343,0.2962225000000008,0.00012575129776222848,0,4,2588672,my_ring_all_reduce,4,8
2164,0.2976304999999993,0.2978390000000002,0.29774783333333327,0.29777400000000037,8.710753252328382e-05,0,4,2621440,my_ring_all_reduce,4,8
2165,0.2980459999999998,0.29836599999999996,0.29816883333333344,0.2980945000000006,0.00014081686294215696,0,4,2654208,my_ring_all_reduce,4,8
2166,0.3012305000000001,0.3012770000000001,0.3012511666666668,0.3012460000000001,1.933189649830933e-05,0,4,2686976,my_ring_all_reduce,4,8
2167,0.3020305000000001,0.30222149999999987,0.30213683333333347,0.30215850000000055,7.946627516678274e-05,0,4,2719744,my_ring_all_reduce,4,8
2168,0.3028299999999998,0.30311799999999994,0.30295799999999984,0.3029259999999998,0.00011973303637682159,0,4,2752512,my_ring_all_reduce,4,8
2169,0.30747,0.3081425000000004,0.3077530000000002,0.30764650000000027,0.0002846878407427001,0,4,2785280,my_ring_all_reduce,4,8
2170,0.3093265000000001,0.3094385000000002,0.30936916666666675,0.30934249999999996,4.945929864272314e-05,0,4,2818048,my_ring_all_reduce,4,8
2171,0.3134555000000003,0.3151180000000004,0.3140998333333336,0.3137260000000001,0.0007283726534009532,0,4,2850816,my_ring_all_reduce,4,8
2172,0.3194544999999998,0.32497399999999926,0.321768833333333,0.32087799999999994,0.002339716233981017,0,4,2883584,my_ring_all_reduce,4,8
2173,0.3235504999999994,0.3238554999999998,0.32375366666666655,0.3238550000000005,0.00014366067272914067,0,4,2916352,my_ring_all_reduce,4,8
2174,0.3231660000000003,0.32403049999999983,0.3234861666666668,0.32326200000000016,0.0003868919602275848,0,4,2949120,my_ring_all_reduce,4,8
2175,0.32873349999999985,0.33094250000000014,0.3294700000000001,0.32873400000000036,0.0010412147553058894,0,4,2981888,my_ring_all_reduce,4,8
2176,0.3318859999999995,0.3319495000000006,0.3319126666666666,0.3319024999999997,2.6902085834522298e-05,0,4,3014656,my_ring_all_reduce,4,8
2177,0.3339820000000002,0.3340945000000002,0.3340354999999999,0.33402999999999927,4.609229870598676e-05,0,4,3047424,my_ring_all_reduce,4,8
2178,0.3337260000000006,0.3341105000000007,0.3339555000000005,0.3340300000000002,0.0001655752598266455,0,4,3080192,my_ring_all_reduce,4,8
2179,0.3338065000000002,0.3341110000000003,0.3339718333333335,0.3339980000000001,0.00012568103366154566,0,4,3112960,my_ring_all_reduce,4,8
2180,0.3336930000000007,0.33417399999999997,0.33391200000000015,0.3338689999999997,0.00019870749021254984,0,4,3145728,my_ring_all_reduce,4,8
2181,0.3338540000000012,0.3341590000000001,0.33400900000000044,0.33401400000000014,0.00012456591293990535,0,4,3178496,my_ring_all_reduce,4,8
2182,0.3338869999999997,0.33431899999999976,0.33415866666666666,0.33427000000000046,0.0001931361062971277,0,4,3211264,my_ring_all_reduce,4,8
2183,0.33823850000000016,0.3386220000000003,0.3384518333333335,0.3384950000000001,0.00015951088433783183,0,4,3244032,my_ring_all_reduce,4,8
2184,0.34121349999999895,0.34156700000000045,0.34137966666666647,0.3413585000000002,0.00014508981892512736,0,4,3276800,my_ring_all_reduce,4,8
2185,0.34164549999999966,0.34180499999999986,0.34172016666666644,0.3417099999999998,6.55112373736956e-05,0,4,3309568,my_ring_all_reduce,4,8
2186,0.3422064999999993,0.34234950000000003,0.3422751666666663,0.34226949999999945,5.8516854172602624e-05,0,4,3342336,my_ring_all_reduce,4,8
2187,0.3429110000000001,0.34332549999999945,0.34313416666666646,0.34316599999999997,0.00017070946728913453,0,4,3375104,my_ring_all_reduce,4,8
2188,0.35879800000000023,0.3594535000000001,0.35904316666666686,0.35887800000000014,0.0002919818297238055,0,4,3407872,my_ring_all_reduce,4,8
2189,0.365598,0.36572549999999954,0.36564583333333306,0.36561399999999983,5.671027733608171e-05,0,4,3440640,my_ring_all_reduce,4,8
2190,0.3652945000000004,0.3660459999999998,0.36563550000000006,0.36556599999999984,0.00031070967155829557,0,4,3473408,my_ring_all_reduce,4,8
2191,0.3666534999999997,0.3671180000000004,0.3668086666666666,0.3666544999999999,0.00021873207863124834,0,4,3506176,my_ring_all_reduce,4,8
2192,0.36756500000000053,0.3676770000000006,0.36761333333333396,0.36759800000000087,4.699172503985316e-05,0,4,3538944,my_ring_all_reduce,4,8
2193,0.3962214999999999,0.3974874999999997,0.3967663333333331,0.3965899999999997,0.0005316697492073037,0,4,3571712,my_ring_all_reduce,4,8
2194,0.3995015000000003,0.399741,0.3996453333333336,0.3996935000000003,0.00010353770113122515,0,4,3604480,my_ring_all_reduce,4,8
2195,0.40340599999999993,0.4037100000000005,0.40359766666666674,0.4036769999999999,0.00013619675310225753,0,4,3637248,my_ring_all_reduce,4,8
2196,0.4082539999999999,0.40926150000000006,0.4088138333333333,0.40892600000000007,0.0004188874815774317,0,4,3670016,my_ring_all_reduce,4,8
2197,0.419422,0.42065399999999975,0.4202220000000003,0.4205900000000011,0.0005662885012666681,0,4,3702784,my_ring_all_reduce,4,8
2198,0.43817400000000045,0.4387660000000003,0.4383820000000003,0.43820600000000015,0.00027184309199732997,0,4,3735552,my_ring_all_reduce,4,8
2199,0.4524295000000009,0.45364500000000046,0.45298950000000054,0.45289400000000024,0.0005007995274224293,0,4,3768320,my_ring_all_reduce,4,8
2200,0.46075050000000034,0.4621415000000002,0.46148066666666726,0.4615500000000011,0.0005699857210686939,0,4,3801088,my_ring_all_reduce,4,8
2201,0.4728935000000006,0.4736934999999999,0.4732240000000003,0.4730850000000005,0.0003410676863416662,0,4,3833856,my_ring_all_reduce,4,8
2202,0.48167750000000026,0.4825409999999996,0.48219449999999986,0.48236499999999977,0.0003725683382501267,0,4,3866624,my_ring_all_reduce,4,8
2203,0.49382199999999965,0.49463750000000073,0.49410933333333357,0.4938685000000005,0.00037395238853246335,0,4,3899392,my_ring_all_reduce,4,8
2204,0.5003019999999997,0.5005739999999996,0.5004403333333334,0.5004450000000007,0.00011109255400589743,0,4,3932160,my_ring_all_reduce,4,8
2205,0.5031349999999994,0.5043179999999998,0.5035979999999997,0.5033409999999995,0.0005160161496182474,0,4,3964928,my_ring_all_reduce,4,8
2206,0.5059975000000004,0.5114395000000014,0.5087236666666674,0.5087340000000004,0.002221699212065081,0,4,3997696,my_ring_all_reduce,4,8
2207,0.5119009999999998,0.5153419999999996,0.5141574999999996,0.5152294999999995,0.001596247317930269,0,4,4030464,my_ring_all_reduce,4,8
2208,0.5172774999999997,0.519085,0.518237333333333,0.5183494999999994,0.0007421590500396087,0,4,4063232,my_ring_all_reduce,4,8
2209,0.519134,0.5208134999999997,0.5200883333333336,0.520317500000001,0.0007045414978709498,0,4,4096000,my_ring_all_reduce,4,8
2210,0.5229414999999995,0.5240619999999999,0.5235495,0.5236450000000005,0.0004623997188582651,0,4,4128768,my_ring_all_reduce,4,8
2211,0.525548999999999,0.5267339999999995,0.5262533333333329,0.5264770000000001,0.0005089704204462019,0,4,4161536,my_ring_all_reduce,4,8
2212,0.5288935000000001,0.5295974999999998,0.5291816666666667,0.5290540000000001,0.00030125081834822136,0,4,4194304,my_ring_all_reduce,4,8
2213,0.5303184999999994,0.5312135000000001,0.5308244999999998,0.5309415,0.00037463137437607815,0,4,4227072,my_ring_all_reduce,4,8
2214,0.5325894999999998,0.5333729999999991,0.5330909999999996,0.5333104999999998,0.00035553082379243217,0,4,4259840,my_ring_all_reduce,4,8
2215,0.5329414999999995,0.5339974999999999,0.5334913333333332,0.5335350000000003,0.00043221451721227945,0,4,4292608,my_ring_all_reduce,4,8
2216,0.5339970000000012,0.5353409999999994,0.5347173333333336,0.5348140000000003,0.0005529269592101978,0,4,4325376,my_ring_all_reduce,4,8
2217,0.5347489999999998,0.535181,0.5349570000000002,0.5349410000000008,0.00017672577627505566,0,4,4358144,my_ring_all_reduce,4,8
2218,0.5345900000000001,0.5355970000000002,0.5352348333333335,0.5355175000000002,0.00045711966583043243,0,4,4390912,my_ring_all_reduce,4,8
2219,0.5343969999999999,0.5351655000000005,0.5347916666666667,0.5348124999999996,0.00031408447200666353,0,4,4423680,my_ring_all_reduce,4,8
2220,0.5345415000000003,0.535181,0.5348929999999998,0.5349564999999993,0.00026490784561156524,0,4,4456448,my_ring_all_reduce,4,8
2221,0.5342855000000013,0.5345895,0.5344880000000005,0.5345890000000001,0.0001431892686848447,0,4,4489216,my_ring_all_reduce,4,8
2222,0.5344924999999996,0.5351170000000002,0.5347489999999999,0.5346374999999999,0.00026686357313576644,0,4,4521984,my_ring_all_reduce,4,8
2223,0.5350700000000002,0.5353575,0.5352190000000001,0.5352295000000004,0.00011760598057351278,0,4,4554752,my_ring_all_reduce,4,8
2224,0.5346224999999996,0.5352764999999999,0.5349039999999998,0.5348130000000001,0.0002746388537699298,0,4,4587520,my_ring_all_reduce,4,8
2225,0.5346364999999996,0.5356135000000013,0.535144,0.5351819999999989,0.00039976263790801185,0,4,4620288,my_ring_all_reduce,4,8
2226,0.5341565,0.5354849999999997,0.5349196666666663,0.5351174999999997,0.000560108074888559,0,4,4653056,my_ring_all_reduce,4,8
2227,0.5350530000000008,0.5354055000000008,0.5351865000000006,0.5351010000000002,0.0001560913194256234,0,4,4685824,my_ring_all_reduce,4,8
2228,0.5345569999999998,0.5355169999999998,0.535020833333333,0.5349884999999995,0.00039258466885783486,0,4,4718592,my_ring_all_reduce,4,8
2229,0.5351170000000006,0.536125500000001,0.5354901666666674,0.5352280000000005,0.0004515282075600825,0,4,4751360,my_ring_all_reduce,4,8
2230,0.5347650000000013,0.5362375000000007,0.5354160000000003,0.535245499999999,0.0006131159487948499,0,4,4784128,my_ring_all_reduce,4,8
2231,0.5344135000000001,0.5355800000000004,0.535111666666667,0.5353415000000005,0.000503188555337232,0,4,4816896,my_ring_all_reduce,4,8
2232,0.5349095000000007,0.5359014999999999,0.5354319999999998,0.5354849999999988,0.0004067126340136888,0,4,4849664,my_ring_all_reduce,4,8
2233,0.5353255000000013,0.5356294999999995,0.5354640000000005,0.5354370000000008,0.0001255673789902326,0,4,4882432,my_ring_all_reduce,4,8
2234,0.5361249999999995,0.537245499999999,0.5367706666666662,0.5369415000000001,0.0004731230166550782,0,4,4915200,my_ring_all_reduce,4,8
2235,0.5399654999999989,0.5406690000000008,0.5403120000000001,0.5403015000000005,0.00028729862512803003,0,4,4947968,my_ring_all_reduce,4,8
2236,0.5431965,0.5435820000000003,0.5433521666666669,0.5432780000000003,0.00016588767953728463,0,4,4980736,my_ring_all_reduce,4,8
2237,0.5465570000000003,0.5474690000000003,0.5468876666666668,0.5466369999999999,0.00041236014464174277,0,4,5013504,my_ring_all_reduce,4,8
2238,0.5519169999999999,0.5531970000000002,0.5525676666666667,0.552589,0.0005227754988734091,0,4,5046272,my_ring_all_reduce,4,8
2239,0.5560300000000014,0.5596129999999994,0.5574211666666669,0.5566205,0.0015684966439938755,0,4,5079040,my_ring_all_reduce,4,8
2240,0.5641260000000011,0.5665410000000002,0.5654426666666668,0.5656609999999992,0.000997933976884869,0,4,5111808,my_ring_all_reduce,4,8
2241,0.5698534999999992,0.5706209999999992,0.5701416666666664,0.5699505000000008,0.00034124534998833877,0,4,5144576,my_ring_all_reduce,4,8
2242,0.5743810000000004,0.5744610000000011,0.5744236666666671,0.5744289999999997,3.287687468275021e-05,0,4,5177344,my_ring_all_reduce,4,8
2243,0.579279,0.5808610000000001,0.5801044999999997,0.580173499999999,0.0006476890972269517,0,4,5210112,my_ring_all_reduce,4,8
2244,0.5835970000000016,0.5846055000000001,0.5840611666666673,0.5839810000000002,0.0004156024409076874,0,4,5242880,my_ring_all_reduce,4,8
2245,0.5867179999999999,0.5869420000000001,0.5868401666666664,0.5868604999999993,9.257099377719345e-05,0,4,5275648,my_ring_all_reduce,4,8
2246,0.5900940000000001,0.5903170000000004,0.590216,0.5902369999999992,9.22424341974718e-05,0,4,5308416,my_ring_all_reduce,4,8
2247,0.5912124999999997,0.5925095000000001,0.5919276666666669,0.5920610000000006,0.0005378262317475846,0,4,5341184,my_ring_all_reduce,4,8
2248,0.5943965000000001,0.596301,0.595633833333333,0.5962039999999988,0.0008758225023114082,0,4,5373952,my_ring_all_reduce,4,8
2249,0.5985890000000008,0.5996450000000004,0.5989943333333336,0.5987489999999998,0.0004647044460969013,0,4,5406720,my_ring_all_reduce,4,8
2250,0.604909000000001,0.6073555000000006,0.6062100000000008,0.6063655000000008,0.0010048136643177423,0,4,5439488,my_ring_all_reduce,4,8
2251,0.6186530000000011,0.6199649999999997,0.6192980000000001,0.6192759999999996,0.0005358476151538216,0,4,5472256,my_ring_all_reduce,4,8
2252,0.6351649999999991,0.6363165,0.635596833333333,0.6353089999999998,0.0005122656103583708,0,4,5505024,my_ring_all_reduce,4,8
2253,0.6495665000000008,0.6507489999999998,0.650338666666667,0.6507005000000003,0.000546363177952017,0,4,5537792,my_ring_all_reduce,4,8
2254,0.6639329999999999,0.6650370000000008,0.6644981666666674,0.6645245000000014,0.00045109059203508753,0,4,5570560,my_ring_all_reduce,4,8
2255,0.6770365000000002,0.67846,0.6775163333333333,0.6770524999999998,0.0006673050693315073,0,4,5603328,my_ring_all_reduce,4,8
2256,0.6929890000000005,0.6941090000000002,0.6935271666666667,0.6934834999999996,0.00045827945137814923,0,4,5636096,my_ring_all_reduce,4,8
2257,0.7047489999999998,0.7065094999999995,0.7053941666666667,0.7049240000000004,0.0007918891266385802,0,4,5668864,my_ring_all_reduce,4,8
2258,0.7210685000000012,0.7232765,0.7220603333333339,0.7218360000000003,0.000915263198332243,0,4,5701632,my_ring_all_reduce,4,8
2259,0.7325084999999999,0.7331315000000002,0.7327906666666669,0.7327320000000009,0.00025769954512100786,0,4,5734400,my_ring_all_reduce,4,8
2260,0.7429565000000011,0.7443804999999993,0.7438896666666667,0.7443319999999999,0.0006601454805984816,0,4,5767168,my_ring_all_reduce,4,8
2261,0.7251009999999988,0.7261240000000008,0.7257460000000001,0.7260130000000008,0.0004583295757431137,0,4,5799936,my_ring_all_reduce,4,8
2262,0.6975319999999993,0.6992129999999998,0.698498,0.6987490000000007,0.0007088445998010739,0,4,5832704,my_ring_all_reduce,4,8
2263,0.6975650000000005,0.6986045,0.6979275,0.6976129999999995,0.00047911219980288443,0,4,5865472,my_ring_all_reduce,4,8
2264,0.6896285000000012,0.6914530000000013,0.6903380000000011,0.6899325000000008,0.0007981322989748329,0,4,5898240,my_ring_all_reduce,4,8
2265,0.6732600000000012,0.6741245000000008,0.6736711666666674,0.6736290000000004,0.0003541878817173992,0,4,5931008,my_ring_all_reduce,4,8
2266,0.6736609999999983,0.6751970000000006,0.6743701666666659,0.6742524999999987,0.0006325651920738803,0,4,5963776,my_ring_all_reduce,4,8
2267,0.6427644999999994,0.6441569999999992,0.6435381666666662,0.6436929999999997,0.0005789323986634127,0,4,5996544,my_ring_all_reduce,4,8
2268,0.6227169999999996,0.623773000000001,0.6233303333333337,0.6235010000000002,0.00044768242712443996,0,4,6029312,my_ring_all_reduce,4,8
2269,0.6239810000000005,0.6242845000000002,0.6240875,0.6239969999999996,0.0001394530984477997,0,4,6062080,my_ring_all_reduce,4,8
2270,0.6228925,0.6243335000000002,0.6237303333333332,0.6239649999999997,0.0006112400419548291,0,4,6094848,my_ring_all_reduce,4,8
2271,0.6226214999999993,0.6250049999999999,0.6239704999999997,0.6242849999999999,0.0009981485360408902,0,4,6127616,my_ring_all_reduce,4,8
2272,0.6231969999999992,0.6239655000000021,0.6235438333333341,0.6234690000000009,0.0003181698533115092,0,4,6160384,my_ring_all_reduce,4,8
2273,0.6239170000000004,0.6242530000000006,0.6240556666666662,0.6239969999999976,0.0001433069743209599,0,4,6193152,my_ring_all_reduce,4,8
2274,0.6103169999999996,0.6106524999999984,0.6104929999999994,0.6105095000000001,0.00013746332844270884,0,4,6225920,my_ring_all_reduce,4,8
2275,0.6097090000000007,0.6110680000000003,0.6105568333333333,0.6108934999999992,0.000603726529334043,0,4,6258688,my_ring_all_reduce,4,8
2276,0.6100445,0.6110685000000003,0.6105086666666666,0.6104129999999995,0.0004234840282966815,0,4,6291456,my_ring_all_reduce,4,8
2277,0.6101084999999996,0.6106690000000001,0.6104448333333332,0.6105569999999999,0.0002421791118621131,0,4,6324224,my_ring_all_reduce,4,8
2278,0.610317,0.6112605000000001,0.6107170000000007,0.6105735000000022,0.0003983233611022876,0,4,6356992,my_ring_all_reduce,4,8
2279,0.6104450000000007,0.6107329999999993,0.6105996666666668,0.610621,0.00011853925744420285,0,4,6389760,my_ring_all_reduce,4,8
2280,0.6100124999999998,0.6105560000000002,0.6102846666666667,0.6102854999999999,0.00022188372831047037,0,4,6422528,my_ring_all_reduce,4,8
2281,0.6100929999999999,0.6103010000000009,0.610221,0.6102689999999993,9.144761706408743e-05,0,4,6455296,my_ring_all_reduce,4,8
2282,0.6097250000000004,0.6109885000000013,0.6104771666666675,0.6107180000000008,0.0005432056598464705,0,4,6488064,my_ring_all_reduce,4,8
2283,0.6102844999999998,0.6110215000000001,0.6106901666666666,0.6107645000000003,0.00030543557240273036,0,4,6520832,my_ring_all_reduce,4,8
2284,0.6112609999999997,0.6121889999999995,0.6115969999999996,0.6113409999999995,0.00041987934774961004,0,4,6553600,my_ring_all_reduce,4,8
2285,0.6144130000000004,0.6148935000000001,0.6145785000000005,0.614429000000001,0.00022283439291666517,0,4,6586368,my_ring_all_reduce,4,8
2286,0.6162685000000008,0.6203014999999996,0.6187543333333339,0.6196930000000012,0.001775217091575357,0,4,6619136,my_ring_all_reduce,4,8
2287,0.6241565000000004,0.6249245000000005,0.6244341666666668,0.6242214999999997,0.00034773201686888374,0,4,6651904,my_ring_all_reduce,4,8
2288,0.6276124999999992,0.629085,0.6281888333333332,0.6278690000000006,0.0006422793179158089,0,4,6684672,my_ring_all_reduce,4,8
2289,0.6313399999999983,0.6317245000000002,0.6315593333333331,0.6316135000000008,0.0001615767791356605,0,4,6717440,my_ring_all_reduce,4,8
2290,0.6355970000000006,0.6364299999999998,0.6360560000000003,0.6361410000000005,0.0003453413769973983,0,4,6750208,my_ring_all_reduce,4,8
2291,0.6389730000000013,0.6402529999999996,0.6396446666666672,0.6397080000000005,0.0005244732807507832,0,4,6782976,my_ring_all_reduce,4,8
2292,0.6463009999999986,0.6469409999999993,0.6465303333333327,0.646349,0.000291045624525768,0,4,6815744,my_ring_all_reduce,4,8
2293,0.6494205000000011,0.6519965000000002,0.6507806666666672,0.6509250000000002,0.001056588246301007,0,4,6848512,my_ring_all_reduce,4,8
2294,0.6545895000000009,0.6557555000000003,0.6551808333333337,0.6551974999999998,0.0004761633706568445,0,4,6881280,my_ring_all_reduce,4,8
2295,0.658076000000001,0.6590685000000013,0.6586845000000013,0.6589090000000015,0.00043517372010131605,0,4,6914048,my_ring_all_reduce,4,8
2296,0.661197000000001,0.6616124999999993,0.6614368333333336,0.6615010000000002,0.00017559059073684607,0,4,6946816,my_ring_all_reduce,4,8
2297,0.6637255000000001,0.6657249999999986,0.664621333333333,0.6644135000000005,0.0008294158921922376,0,4,6979584,my_ring_all_reduce,4,8
2298,0.6669084999999996,0.6678200000000015,0.6674685000000004,0.667677,0.0004002601237535147,0,4,7012352,my_ring_all_reduce,4,8
2299,0.6702845000000002,0.6706525000000002,0.6705086666666668,0.670589,0.0001606156558025479,0,4,7045120,my_ring_all_reduce,4,8
2300,0.6739970000000003,0.6742050000000017,0.6741356666666672,0.6742049999999997,9.805214032473732e-05,0,4,7077888,my_ring_all_reduce,4,8
2301,0.6739810000000007,0.6741725000000006,0.6740768333333342,0.6740770000000011,7.817963645060797e-05,0,4,7110656,my_ring_all_reduce,4,8
2302,0.6739815000000008,0.6745249999999987,0.6743011666666664,0.6743969999999995,0.00023200011973091952,0,4,7143424,my_ring_all_reduce,4,8
2303,0.6736129999999996,0.6749720000000011,0.6743376666666668,0.6744279999999999,0.0005584743105606857,0,4,7176192,my_ring_all_reduce,4,8
2304,0.6745415000000012,0.6753724999999997,0.6748558333333334,0.6746534999999995,0.00036818865936989693,0,4,7208960,my_ring_all_reduce,4,8
2305,0.6788285000000001,0.6789080000000006,0.6788658333333338,0.6788610000000008,3.263518891578491e-05,0,4,7241728,my_ring_all_reduce,4,8
2306,0.6927174999999989,0.6951324999999988,0.6942154999999991,0.6947964999999995,0.001068090820108572,0,4,7274496,my_ring_all_reduce,4,8
2307,0.706413000000001,0.7077239999999992,0.7068871666666666,0.7065244999999996,0.000593478774308684,0,4,7307264,my_ring_all_reduce,4,8
2308,0.7192285000000012,0.7228925000000006,0.7206633333333339,0.719869,0.0015978001717638812,0,4,7340032,my_ring_all_reduce,4,8
2309,0.7301244999999981,0.7324120000000003,0.7311164999999994,0.7308130000000002,0.000958209528235601,0,4,7372800,my_ring_all_reduce,4,8
2310,0.7433559999999989,0.7439005000000001,0.7435644999999999,0.7434370000000008,0.00023987809403966346,0,4,7405568,my_ring_all_reduce,4,8
2311,0.7538215,0.7552604999999986,0.7546846666666663,0.7549720000000002,0.0006216111235236659,0,4,7438336,my_ring_all_reduce,4,8
2312,0.764860499999999,0.7653400000000001,0.7651161666666662,0.7651479999999993,0.00019704497512595305,0,4,7471104,my_ring_all_reduce,4,8
2313,0.7750045000000028,0.7753080000000007,0.775191166666668,0.7752610000000004,0.0001333806166150714,0,4,7503872,my_ring_all_reduce,4,8
2314,0.7851970000000001,0.7858039999999992,0.7854523333333336,0.7853560000000016,0.0002569984868085796,0,4,7536640,my_ring_all_reduce,4,8
2315,0.784891999999998,0.7859000000000006,0.7853563333333325,0.7852769999999991,0.0004153202245132791,0,4,7569408,my_ring_all_reduce,4,8
2316,0.7848285,0.7852274999999991,0.7850628333333329,0.7851324999999997,0.00017017703200520307,0,4,7602176,my_ring_all_reduce,4,8
2317,0.7842029999999978,0.7850369999999991,0.7846626666666662,0.7847480000000014,0.0003457844543779132,0,4,7634944,my_ring_all_reduce,4,8
2318,0.784125,0.7847330000000002,0.7844446666666666,0.7844759999999997,0.0002492018369828031,0,4,7667712,my_ring_all_reduce,4,8
2319,0.7838045000000002,0.7850049999999996,0.7842955000000001,0.7840770000000002,0.0005138785524483127,0,4,7700480,my_ring_all_reduce,4,8
2320,0.7837250000000003,0.7847170000000006,0.7842793333333339,0.7843960000000006,0.00041329919213846654,0,4,7733248,my_ring_all_reduce,4,8
2321,0.784044499999999,0.7855154999999996,0.7847216666666661,0.784605,0.0006061730134395964,0,4,7766016,my_ring_all_reduce,4,8
2322,0.7843320000000004,0.7854039999999987,0.7847693333333329,0.784572,0.000459348330668796,0,4,7798784,my_ring_all_reduce,4,8
2323,0.7843635,0.7848125000000009,0.7846525,0.7847814999999991,0.00020474537031808814,0,4,7831552,my_ring_all_reduce,4,8
2324,0.7853885,0.7857570000000005,0.7855433333333336,0.7854845,0.0001560856246496941,0,4,7864320,my_ring_all_reduce,4,8
2325,0.7849564999999998,0.7856444999999994,0.7852016666666665,0.7850039999999999,0.00031373033360210137,0,4,7897088,my_ring_all_reduce,4,8
2326,0.7841085000000003,0.7857875000000002,0.7850199999999999,0.7851639999999994,0.0006929705380941647,0,4,7929856,my_ring_all_reduce,4,8
2327,0.7851960000000009,0.7855329999999999,0.785356666666667,0.7853410000000004,0.0001380249574851603,0,4,7962624,my_ring_all_reduce,4,8
2328,0.7842839999999992,0.7855165000000006,0.7850255,0.7852759999999999,0.0005334333760341954,0,4,7995392,my_ring_all_reduce,4,8
2329,0.7850834999999997,0.7855014999999994,0.7852708333333333,0.7852275000000004,0.0001733769175971492,0,4,8028160,my_ring_all_reduce,4,8
2330,0.7840130000000008,0.7854199999999982,0.784844333333333,0.7851000000000004,0.0006021828810429049,0,4,8060928,my_ring_all_reduce,4,8
2331,0.7850350000000008,0.7856455000000006,0.7852658333333338,0.7851169999999997,0.0002705439992969652,0,4,8093696,my_ring_all_reduce,4,8
2332,0.7858834999999995,0.7869885000000009,0.7862575,0.7859004999999998,0.0005169416472555325,0,4,8126464,my_ring_all_reduce,4,8
2333,0.7865394999999998,0.7885720000000002,0.7874998333333333,0.7873879999999995,0.0008335242781242054,0,4,8159232,my_ring_all_reduce,4,8
2334,0.7879494999999989,0.7897239999999993,0.7888656666666659,0.7889234999999999,0.0007255899132585313,0,4,8192000,my_ring_all_reduce,4,8
2335,0.7917720000000008,0.7937885000000001,0.7931108333333339,0.7937720000000008,0.0009467220934476556,0,4,8224768,my_ring_all_reduce,4,8
2336,0.7969240000000004,0.7995640000000003,0.7986625000000002,0.7994994999999999,0.0012295871258270576,0,4,8257536,my_ring_all_reduce,4,8
2337,0.8005394999999998,0.80294,0.8019535000000003,0.8023810000000012,0.001025562366054426,0,4,8290304,my_ring_all_reduce,4,8
2338,0.8057730000000011,0.8066999999999999,0.8063058333333336,0.8064445000000001,0.0003909420957402978,0,4,8323072,my_ring_all_reduce,4,8
2339,0.8093719999999999,0.812317000000001,0.8112710000000005,0.8121240000000007,0.0013451054481593313,0,4,8355840,my_ring_all_reduce,4,8
2340,0.8149569999999999,0.8153724999999995,0.8151115000000008,0.8150050000000029,0.0001855922950979287,0,4,8388608,my_ring_all_reduce,4,8
2341,0.8181885000000002,0.8203795000000009,0.8194893333333336,0.8198999999999996,0.0009404274146485158,0,4,8421376,my_ring_all_reduce,4,8
2342,0.8219480000000001,0.8243335000000006,0.8229885000000001,0.8226839999999993,0.000997394188206081,0,4,8454144,my_ring_all_reduce,4,8
2343,0.8264449999999993,0.8265560000000005,0.8265083333333337,0.8265240000000013,4.664999702336964e-05,0,4,8486912,my_ring_all_reduce,4,8
2344,0.8301560000000009,0.8311474999999974,0.8305291666666664,0.830284000000001,0.00044033932622552667,0,4,8519680,my_ring_all_reduce,4,8
2345,0.8358045000000012,0.8368600000000002,0.8362365000000005,0.836045,0.00045168148807139596,0,4,8552448,my_ring_all_reduce,4,8
2346,0.8382195000000005,0.8404755000000023,0.8395316666666677,0.8399000000000005,0.0009571262833207451,0,4,8585216,my_ring_all_reduce,4,8
2347,0.8431314999999995,0.8439809999999998,0.8436338333333332,0.8437890000000007,0.00036374907407315534,0,4,8617984,my_ring_all_reduce,4,8
2348,0.8470519999999988,0.8482835000000014,0.8478676666666667,0.8482675,0.000576800418015842,0,4,8650752,my_ring_all_reduce,4,8
2349,0.8518680000000004,0.8527485000000001,0.8523535000000004,0.8524440000000004,0.0003651143656444236,0,4,8683520,my_ring_all_reduce,4,8
2350,0.8551955000000008,0.8568760000000002,0.8558786666666665,0.8555644999999986,0.0007211313256882924,0,4,8716288,my_ring_all_reduce,4,8
2351,0.8581245000000008,0.8590514999999996,0.8586093333333334,0.8586520000000001,0.0003796468388145011,0,4,8749056,my_ring_all_reduce,4,8
2352,0.8615480000000006,0.8624914999999996,0.8620280000000001,0.8620445,0.000385358923601984,0,4,8781824,my_ring_all_reduce,4,8
2353,0.8646039999999994,0.8649880000000012,0.8648600000000001,0.8649879999999994,0.0001810193359841989,0,4,8814592,my_ring_all_reduce,4,8
2354,0.8688284999999997,0.8692120000000004,0.8690736666666664,0.869180499999999,0.00017383533076519876,0,4,8847360,my_ring_all_reduce,4,8
2355,0.8693565000000008,0.8700285000000009,0.8697990000000005,0.8700120000000002,0.00031296725068278864,0,4,8880128,my_ring_all_reduce,4,8
2356,0.8690685,0.8695485000000004,0.8693403333333336,0.8694040000000005,0.00020106397544635926,0,4,8912896,my_ring_all_reduce,4,8
2357,0.8688284999999988,0.8701245,0.8694414999999994,0.8693714999999997,0.0005314000376368963,0,4,8945664,my_ring_all_reduce,4,8
2358,0.8690034999999998,0.8696930000000003,0.8693241666666668,0.8692760000000003,0.0002835402185857459,0,4,8978432,my_ring_all_reduce,4,8
2359,0.8694680000000008,0.8700285000000001,0.8696658333333337,0.8695010000000002,0.00025679769382814225,0,4,9011200,my_ring_all_reduce,4,8
2360,0.8709080000000003,0.8719319999999989,0.871356333333333,0.8712289999999994,0.00042763250058326326,0,4,9043968,my_ring_all_reduce,4,8
2361,0.8809399999999987,0.8830524999999994,0.8820653333333325,0.8822034999999996,0.0008679406981793444,0,4,9076736,my_ring_all_reduce,4,8
2362,0.8952284999999993,0.8968599999999979,0.8958574999999995,0.8954840000000013,0.0007165076180092008,0,4,9109504,my_ring_all_reduce,4,8
2363,0.9059475000000002,0.9074839999999986,0.9066944999999996,0.906652,0.0006279929670512431,0,4,9142272,my_ring_all_reduce,4,8
2364,0.9186039999999994,0.9203960000000002,0.9193826666666665,0.919148,0.0007501632414943694,0,4,9175040,my_ring_all_reduce,4,8
2365,0.9281234999999998,0.9298359999999976,0.9291476666666657,0.9294834999999998,0.0007383549658223648,0,4,9207808,my_ring_all_reduce,4,8
2366,0.9393559999999997,0.9410205000000014,0.9404175000000005,0.9408760000000003,0.0007529084716401312,0,4,9240576,my_ring_all_reduce,4,8
2367,0.9511955000000005,0.9532435000000005,0.9522676666666672,0.9523640000000005,0.0008388627552956344,0,4,9273344,my_ring_all_reduce,4,8
2368,0.9613875000000007,0.9622520000000004,0.961873166666667,0.9619800000000001,0.000360924815193001,0,4,9306112,my_ring_all_reduce,4,8
2369,0.9620120000000002,0.9631150000000003,0.9626144999999996,0.9627164999999986,0.000456037461911394,0,4,9338880,my_ring_all_reduce,4,8
2370,0.9611954999999999,0.962893,0.9620013333333336,0.9619155000000007,0.0006956541685509055,0,4,9371648,my_ring_all_reduce,4,8
2371,0.9626679999999996,0.9641234999999997,0.9633608333333332,0.9632910000000002,0.0005962536279880305,0,4,9404416,my_ring_all_reduce,4,8
2372,0.9620120000000006,0.9626209999999992,0.9623425000000001,0.9623945000000004,0.00025132747561641016,0,4,9437184,my_ring_all_reduce,4,8
2373,0.9627629999999999,0.9632114999999994,0.9629874999999996,0.9629879999999994,0.00018309969961725214,0,4,9469952,my_ring_all_reduce,4,8
2374,0.9620599999999995,0.9632594999999995,0.9628011666666664,0.9630839999999998,0.0005289587780621119,0,4,9502720,my_ring_all_reduce,4,8
2375,0.9624280000000008,0.9635159999999987,0.9629559999999996,0.9629239999999991,0.00044475011710612026,0,4,9535488,my_ring_all_reduce,4,8
2376,0.9623155000000007,0.9629399999999996,0.9626945000000003,0.9628280000000005,0.00027186608222886527,0,4,9568256,my_ring_all_reduce,4,8
2377,0.9622039999999997,0.9626200000000008,0.962406666666667,0.9623960000000007,0.00016999869280586417,0,4,9601024,my_ring_all_reduce,4,8
2378,0.9618194999999996,0.9629100000000017,0.9625350000000003,0.9628754999999992,0.0005061309119194737,0,4,9633792,my_ring_all_reduce,4,8
2379,0.962045,0.9631160000000027,0.9624706666666675,0.9622509999999997,0.00046400454978742453,0,4,9666560,my_ring_all_reduce,4,8
2380,0.962235999999999,0.9628429999999999,0.9626358333333326,0.9628284999999988,0.00028278682587593403,0,4,9699328,my_ring_all_reduce,4,8
2381,0.9626045000000006,0.9631315000000007,0.9628386666666673,0.9627800000000006,0.00021910968841100232,0,4,9732096,my_ring_all_reduce,4,8
2382,0.9631959999999999,0.9639805000000006,0.9636708333333331,0.9638359999999994,0.0003409008490587187,0,4,9764864,my_ring_all_reduce,4,8
2383,0.9628274999999994,0.9631959999999976,0.9629661666666651,0.9628749999999981,0.0001636695519087917,0,4,9797632,my_ring_all_reduce,4,8
2384,0.9645245000000005,0.9659160000000011,0.9652491666666675,0.9653070000000007,0.0005695475299649625,0,4,9830400,my_ring_all_reduce,4,8
2385,0.9698364999999994,0.9714040000000007,0.9706733333333335,0.9707795000000006,0.0006443175114462261,0,4,9863168,my_ring_all_reduce,4,8
2386,0.9719805000000006,0.9732760000000008,0.9727163333333332,0.9728924999999982,0.0005433575147991325,0,4,9895936,my_ring_all_reduce,4,8
2387,0.9779645,0.9790679999999977,0.9783426666666658,0.9779954999999996,0.0005130442367748424,0,4,9928704,my_ring_all_reduce,4,8
2388,0.9844445000000015,0.9880429999999997,0.9865341666666664,0.987114999999998,0.0015254127492427582,0,4,9961472,my_ring_all_reduce,4,8
2389,0.9883315000000003,0.9917239999999984,0.9904116666666662,0.9911795000000002,0.0014876021160088145,0,4,9994240,my_ring_all_reduce,4,8
2390,0.9945554999999995,0.9956600000000017,0.9950518333333337,0.99494,0.00045779186197411576,0,4,10027008,my_ring_all_reduce,4,8
2391,0.997387499999999,0.998667,0.9982033333333319,0.9985554999999968,0.0005786743951095065,0,4,10059776,my_ring_all_reduce,4,8
2392,1.0037239999999992,1.0047479999999995,1.004294666666666,1.0044119999999994,0.0004261997445122997,0,4,10092544,my_ring_all_reduce,4,8
2393,1.0072120000000004,1.008795000000002,1.007808833333334,1.0074194999999995,0.0007024516986172336,0,4,10125312,my_ring_all_reduce,4,8
2394,1.0109389999999994,1.011979499999997,1.0114513333333326,1.0114355000000015,0.0004249298634927962,0,4,10158080,my_ring_all_reduce,4,8
2395,1.0140765000000003,1.0156924999999992,1.0148336666666673,1.0147320000000026,0.0006636344793796219,0,4,10190848,my_ring_all_reduce,4,8
2396,1.0193724999999978,1.0200279999999984,1.0196441666666656,1.019532,0.0002791129799123157,0,4,10223616,my_ring_all_reduce,4,8
2397,1.0220124999999989,1.0249884999999976,1.023446999999999,1.0233400000000012,0.0012173004970008655,0,4,10256384,my_ring_all_reduce,4,8
2398,1.0262350000000007,1.0279794999999994,1.0269021666666667,1.0264919999999997,0.0007689809634975033,0,4,10289152,my_ring_all_reduce,4,8
2399,1.0289564999999976,1.0312435000000015,1.0298515000000001,1.0293545000000013,0.0009976134856090769,0,4,10321920,my_ring_all_reduce,4,8
2400,1.0332589999999986,1.0342360000000008,1.033696833333333,1.0335954999999994,0.00040524361671669996,0,4,10354688,my_ring_all_reduce,4,8
2401,1.037036,1.038235499999999,1.0376756666666667,1.0377555000000012,0.0004929368339066108,0,4,10387456,my_ring_all_reduce,4,8
2402,1.0413394999999996,1.0421390000000001,1.041712833333333,1.041659999999999,0.0003285255782366501,0,4,10420224,my_ring_all_reduce,4,8
2403,1.0446674999999996,1.0457875000000023,1.045393000000001,1.0457240000000005,0.0005136605558806024,0,4,10452992,my_ring_all_reduce,4,8
2404,1.048892,1.050171,1.0494836666666665,1.049388,0.0005265132687997832,0,4,10485760,my_ring_all_reduce,4,8
2405,1.053195000000001,1.0536120000000029,1.0533978333333347,1.0533865000000002,0.00017042805585494892,0,4,10518528,my_ring_all_reduce,4,8
2406,1.0565069999999979,1.0572750000000004,1.0567953333333329,1.0566040000000003,0.00034147946090903116,0,4,10551296,my_ring_all_reduce,4,8
2407,1.0594040000000005,1.060298999999999,1.0599099999999997,1.060027,0.0003746313743752056,0,4,10584064,my_ring_all_reduce,4,8
2408,1.064652000000002,1.0658840000000018,1.0652228333333345,1.0651324999999998,0.0005070016984412433,0,4,10616832,my_ring_all_reduce,4,8
2409,1.0650029999999988,1.0657710000000002,1.0654349999999995,1.0655309999999991,0.000320799002492746,0,4,10649600,my_ring_all_reduce,4,8
2410,1.0647800000000016,1.0653079999999993,1.0649611666666667,1.0647954999999993,0.00024532982334385693,0,4,10682368,my_ring_all_reduce,4,8
2411,1.0651470000000005,1.065307499999999,1.0652163333333327,1.0651944999999987,6.731806757590719e-05,0,4,10715136,my_ring_all_reduce,4,8
2412,1.0653069999999998,1.0660435000000006,1.0655686666666666,1.0653554999999997,0.0003363411792944165,0,4,10747904,my_ring_all_reduce,4,8
2413,1.064779,1.0654989999999998,1.0651259999999994,1.0650999999999986,0.00029451315760077856,0,4,10780672,my_ring_all_reduce,4,8
2414,1.065291000000002,1.0657075,1.0654513333333357,1.0653555000000052,0.00018304113077397184,0,4,10813440,my_ring_all_reduce,4,8
2415,1.0649709999999997,1.0661399999999994,1.0655795,1.0656275000000006,0.00047844766345610354,0,4,10846208,my_ring_all_reduce,4,8
2416,1.0719959999999997,1.0745224999999974,1.0728648333333328,1.072076000000001,0.001172602258036517,0,4,10878976,my_ring_all_reduce,4,8
2417,1.0817554999999994,1.0862834999999995,1.0835156666666668,1.0825080000000016,0.0019811175437668854,0,4,10911744,my_ring_all_reduce,4,8
2418,1.0919949999999998,1.0948594999999999,1.0936328333333338,1.0940440000000018,0.00120502657877581,0,4,10944512,my_ring_all_reduce,4,8
2419,1.1031950000000006,1.10454,1.1037501666666671,1.1035155000000005,0.0005736186789920865,0,4,10977280,my_ring_all_reduce,4,8
2420,1.1143630000000013,1.1154359999999988,1.114854166666666,1.1147634999999982,0.00044271705285439493,0,4,11010048,my_ring_all_reduce,4,8
2421,1.1262670000000008,1.1278995000000014,1.1269500000000006,1.1266834999999993,0.0006925945182192175,0,4,11042816,my_ring_all_reduce,4,8
2422,1.1371145000000007,1.1376590000000015,1.137339166666667,1.1372439999999988,0.00023225357311033973,0,4,11075584,my_ring_all_reduce,4,8
2423,1.1371945000000006,1.1382029999999976,1.1375519999999992,1.137258499999999,0.00046106742095456223,0,4,11108352,my_ring_all_reduce,4,8
2424,1.1374194999999991,1.1384749999999968,1.1380804999999992,1.1383470000000016,0.0004703096497696796,0,4,11141120,my_ring_all_reduce,4,8
2425,1.1376110000000004,1.1383315000000003,1.1379581666666672,1.1379320000000008,0.00029472425907762736,0,4,11173888,my_ring_all_reduce,4,8
2426,1.1378024999999998,1.1388910000000014,1.1383738333333335,1.1384279999999993,0.0004460258462870621,0,4,11206656,my_ring_all_reduce,4,8
2427,1.1372760000000008,1.138987000000001,1.138080833333334,1.1379795000000004,0.0007021783170171706,0,4,11239424,my_ring_all_reduce,4,8
2428,1.1383464999999997,1.1387634999999996,1.138603166666666,1.1386994999999989,0.00018336181596911006,0,4,11272192,my_ring_all_reduce,4,8
2429,1.1381380000000008,1.1386510000000003,1.1384696666666658,1.138619999999997,0.00023486497302733586,0,4,11304960,my_ring_all_reduce,4,8
2430,1.138267,1.1390999999999996,1.1386674999999993,1.1386354999999986,0.0003408227789725788,0,4,11337728,my_ring_all_reduce,4,8
2431,1.1382510000000001,1.139240999999999,1.1387409999999996,1.1387309999999997,0.0004042276586277195,0,4,11370496,my_ring_all_reduce,4,8
2432,1.1389224999999996,1.1393549999999997,1.1392055,1.1393390000000008,0.00020021779807693162,0,4,11403264,my_ring_all_reduce,4,8
2433,1.138652,1.1400595000000002,1.139190166666667,1.1388590000000005,0.0006204931282635137,0,4,11436032,my_ring_all_reduce,4,8
2434,1.1403790000000014,1.1417384999999995,1.1409605000000005,1.140764000000001,0.0005721417365179464,0,4,11468800,my_ring_all_reduce,4,8
2435,1.1435479999999971,1.1458035000000018,1.145040999999999,1.145771499999998,0.0010557912514647108,0,4,11501568,my_ring_all_reduce,4,8
2436,1.1483954999999988,1.1522990000000009,1.150437833333333,1.1506189999999987,0.0015987378528779408,0,4,11534336,my_ring_all_reduce,4,8
2437,1.153771,1.1561714999999995,1.1551735000000003,1.1555780000000013,0.0010208869509728156,0,4,11567104,my_ring_all_reduce,4,8
2438,1.1567639999999992,1.162059499999999,1.158902166666666,1.1578829999999998,0.002278830925910881,0,4,11599872,my_ring_all_reduce,4,8
2439,1.161099,1.1632595000000006,1.1623578333333333,1.1627149999999997,0.0009174661059438312,0,4,11632640,my_ring_all_reduce,4,8
2440,1.1688590000000003,1.1698505000000006,1.1693493333333336,1.1693385,0.00040485065833667966,0,4,11665408,my_ring_all_reduce,4,8
2441,1.1744595,1.1756594999999999,1.1752118333333332,1.1755164999999999,0.0005351736997357229,0,4,11698176,my_ring_all_reduce,4,8
2442,1.1787789999999998,1.1793070000000008,1.1789976666666673,1.178907000000001,0.00022488713218489815,0,4,11730944,my_ring_all_reduce,4,8
2443,1.182267499999998,1.1840114999999973,1.1831473333333318,1.1831629999999995,0.0007120711965025001,0,4,11763712,my_ring_all_reduce,4,8
2444,1.1895304999999992,1.1904115000000002,1.189963,1.189947000000001,0.0003598446424041245,0,4,11796480,my_ring_all_reduce,4,8
2445,1.1936759999999995,1.1946835000000011,1.194166166666667,1.1941390000000005,0.00041175849178382576,0,4,11829248,my_ring_all_reduce,4,8
2446,1.197643,1.1990509999999976,1.1985763333333324,1.1990349999999999,0.0006599986531966741,0,4,11862016,my_ring_all_reduce,4,8
2447,1.2002829999999998,1.2040424999999997,1.2021818333333336,1.2022200000000012,0.0015350467057678799,0,4,11894784,my_ring_all_reduce,4,8
2448,1.2059945000000007,1.2066675000000013,1.2063256666666675,1.2063150000000005,0.0002748546080306676,0,4,11927552,my_ring_all_reduce,4,8
2449,1.209627999999997,1.2118199999999997,1.210427833333332,1.2098354999999992,0.0009880486099161107,0,4,11960320,my_ring_all_reduce,4,8
2450,1.2131939999999994,1.2145710000000032,1.2139946666666679,1.214219000000001,0.0005841097689851611,0,4,11993088,my_ring_all_reduce,4,8
2451,1.2162980000000008,1.2177069999999994,1.2170984999999996,1.2172904999999992,0.0005910263671494855,0,4,12025856,my_ring_all_reduce,4,8
2452,1.219146499999999,1.222283500000001,1.2210404999999998,1.2216914999999995,0.0013608925992408358,0,4,12058624,my_ring_all_reduce,4,8
2453,1.2235470000000015,1.2251310000000004,1.2241498333333343,1.2237715000000007,0.0006998171586600708,0,4,12091392,my_ring_all_reduce,4,8
2454,1.2275315000000029,1.228763,1.2279793333333349,1.2276435000000019,0.0005560192342784838,0,4,12124160,my_ring_all_reduce,4,8
2455,1.2304754999999996,1.2311305000000012,1.2307255,1.230570499999999,0.00028899250278714705,0,4,12156928,my_ring_all_reduce,4,8
2456,1.2346675,1.234795,1.2347310000000005,1.2347305000000015,5.205285775057876e-05,0,4,12189696,my_ring_all_reduce,4,8
2457,1.2383634999999995,1.2399789999999993,1.2391204999999985,1.2390189999999965,0.0006634187968395748,0,4,12222464,my_ring_all_reduce,4,8
2458,1.2415150000000004,1.2429224999999997,1.2424001666666666,1.2427629999999998,0.0006292853530435917,0,4,12255232,my_ring_all_reduce,4,8
2459,1.246907000000001,1.2475310000000004,1.2473013333333343,1.2474660000000013,0.00028009561859384537,0,4,12288000,my_ring_all_reduce,4,8
2460,1.2504275000000007,1.2513559999999981,1.250806333333333,1.2506355000000005,0.0003978409090176369,0,4,12320768,my_ring_all_reduce,4,8
2461,1.2540589999999994,1.254986000000002,1.2545173333333335,1.2545069999999996,0.00037851669565514364,0,4,12353536,my_ring_all_reduce,4,8
2462,1.2573554999999996,1.2592100000000002,1.2582188333333335,1.2580910000000003,0.000762473423945071,0,4,12386304,my_ring_all_reduce,4,8
2463,1.2588595000000005,1.2596110000000007,1.2593500000000002,1.259579499999999,0.00034707419955941967,0,4,12419072,my_ring_all_reduce,4,8
2464,1.2596599999999993,1.260107,1.2598673333333335,1.259835000000001,0.00018391362707072075,0,4,12451840,my_ring_all_reduce,4,8
2465,1.2593234999999985,1.260186499999998,1.259744333333333,1.2597230000000017,0.0003526410671235877,0,4,12484608,my_ring_all_reduce,4,8
2466,1.2600584999999973,1.2605384999999987,1.2602931666666655,1.2602825000000002,0.00019610428064958737,0,4,12517376,my_ring_all_reduce,4,8
2467,1.2595954999999994,1.2602504999999984,1.259899,1.2598510000000025,0.000269548078580288,0,4,12550144,my_ring_all_reduce,4,8
2468,1.2594519999999976,1.260170999999999,1.2597820000000002,1.2597230000000037,0.0002964804659110048,0,4,12582912,my_ring_all_reduce,4,8
2469,1.2598669999999983,1.2601874999999982,1.2600216666666657,1.2600105000000004,0.00013108161155885853,0,4,12615680,my_ring_all_reduce,4,8
2470,1.2599629999999997,1.2602990000000027,1.260112333333333,1.2600749999999972,0.00013968854244112444,0,4,12648448,my_ring_all_reduce,4,8
2471,1.261211000000001,1.2617710000000006,1.2614670000000006,1.2614189999999998,0.00023112478592015212,0,4,12681216,my_ring_all_reduce,4,8
2472,1.2663629999999977,1.2682834999999986,1.267376166666666,1.2674820000000027,0.0007876042082732749,0,4,12713984,my_ring_all_reduce,4,8
2473,1.2783465,1.2798825000000007,1.278928000000001,1.278555000000002,0.000680279721879097,0,4,12746752,my_ring_all_reduce,4,8
2474,1.2885389999999988,1.2891799999999993,1.2887683333333333,1.2885860000000011,0.00029172399436583243,0,4,12779520,my_ring_all_reduce,4,8
2475,1.2998985000000012,1.301098999999999,1.3004056666666657,1.3002194999999974,0.0005074732067360473,0,4,12812288,my_ring_all_reduce,4,8
2476,1.3095145000000004,1.3119145000000016,1.311061333333333,1.3117549999999973,0.0010957128831138017,0,4,12845056,my_ring_all_reduce,4,8
2477,1.3128595000000005,1.3134989999999998,1.3132163333333338,1.313290500000001,0.0002662900465446854,0,4,12877824,my_ring_all_reduce,4,8
2478,1.3133060000000005,1.3141539999999996,1.3136261666666667,1.3134184999999998,0.0003760497159800284,0,4,12910592,my_ring_all_reduce,4,8
2479,1.3140430000000014,1.3149710000000014,1.3145655000000014,1.3146825000000009,0.00038778237023701236,0,4,12943360,my_ring_all_reduce,4,8
2480,1.314491,1.3151625,1.314917500000002,1.3150990000000056,0.000302693189000547,0,4,12976128,my_ring_all_reduce,4,8
2481,1.3141229999999997,1.3154349999999977,1.3146079999999989,1.3142659999999997,0.0005876841555338656,0,4,13008896,my_ring_all_reduce,4,8
2482,1.3147310000000016,1.3163470000000035,1.3155630000000016,1.315610999999999,0.0006606017458859324,0,4,13041664,my_ring_all_reduce,4,8
2483,1.3138670000000003,1.3154179999999998,1.3148531666666665,1.3152744999999995,0.0006997816723010258,0,4,13074432,my_ring_all_reduce,4,8
2484,1.3155785000000015,1.3169864999999992,1.3160854999999991,1.3156914999999971,0.000638771216216263,0,4,13107200,my_ring_all_reduce,4,8
2485,1.3175459999999986,1.3196590000000006,1.318773333333332,1.3191149999999976,0.0008958215348065723,0,4,13139968,my_ring_all_reduce,4,8
2486,1.3206350000000011,1.3251460000000002,1.3224958333333345,1.3217065000000021,0.001924329421440104,0,4,13172736,my_ring_all_reduce,4,8
2487,1.3260595000000013,1.3283144999999996,1.326907,1.3263469999999995,0.0010021497725718324,0,4,13205504,my_ring_all_reduce,4,8
2488,1.3283629999999993,1.331947000000002,1.329765833333333,1.3289874999999975,0.0015632479187769237,0,4,13238272,my_ring_all_reduce,4,8
2489,1.3345060000000013,1.3369869999999993,1.3359839999999998,1.336458999999999,0.0010671016821268207,0,4,13271040,my_ring_all_reduce,4,8
2490,1.3402339999999995,1.3428104999999997,1.3414076666666668,1.3411785000000005,0.001064260645811099,0,4,13303808,my_ring_all_reduce,4,8
2491,1.3441705000000002,1.347338999999998,1.345935999999999,1.346298499999999,0.0013186869100223983,0,4,13336576,my_ring_all_reduce,4,8
2492,1.3518185000000023,1.3540735,1.3527780000000005,1.352441999999999,0.0009507639910437187,0,4,13369344,my_ring_all_reduce,4,8
2493,1.3534979999999996,1.3578659999999982,1.3550131666666658,1.3536754999999994,0.0020185589056436115,0,4,13402112,my_ring_all_reduce,4,8
2494,1.3588429999999994,1.3631150000000016,1.3609386666666676,1.3608580000000021,0.0017449692133555555,0,4,13434880,my_ring_all_reduce,4,8
2495,1.3649550000000017,1.368042,1.3668638333333336,1.3675944999999994,0.0013620566760918632,0,4,13467648,my_ring_all_reduce,4,8
2496,1.3677710000000007,1.3736584999999977,1.3709120000000004,1.3713065000000024,0.0024196951254227953,0,4,13500416,my_ring_all_reduce,4,8
2497,1.3758669999999993,1.3780109999999985,1.3766029999999994,1.3759310000000005,0.0009959491285529817,0,4,13533184,my_ring_all_reduce,4,8
2498,1.381130000000001,1.382523000000002,1.3816906666666675,1.381418999999999,0.0006002579075334209,0,4,13565952,my_ring_all_reduce,4,8
2499,1.3855615,1.387993999999997,1.3866818333333324,1.3864899999999998,0.0010022854162129154,0,4,13598720,my_ring_all_reduce,4,8
2500,1.3891465000000016,1.3899620000000004,1.3896155000000014,1.3897380000000024,0.0003440104165086258,0,4,13631488,my_ring_all_reduce,4,8
2501,1.3949215,1.396138500000001,1.3953700000000009,1.3950500000000017,0.0005459378780290609,0,4,13664256,my_ring_all_reduce,4,8
2502,1.398633499999999,1.403147499999999,1.4012106666666664,1.4018510000000006,0.0018976422359223632,0,4,13697024,my_ring_all_reduce,4,8
2503,1.403386499999997,1.4046180000000021,1.4038236666666666,1.4034665000000004,0.0005626272201829633,0,4,13729792,my_ring_all_reduce,4,8
2504,1.404906999999999,1.4069384999999983,1.405770499999999,1.4054659999999994,0.0008568501424788552,0,4,13762560,my_ring_all_reduce,4,8
2505,1.4090985,1.4101719999999986,1.4098136666666656,1.4101704999999984,0.0005056995704515147,0,4,13795328,my_ring_all_reduce,4,8
2506,1.4132900000000008,1.414298999999999,1.4137490000000004,1.4136580000000012,0.00041691805749572276,0,4,13828096,my_ring_all_reduce,4,8
2507,1.4150505000000002,1.4170030000000025,1.4160480000000006,1.4160904999999995,0.0007976710892768238,0,4,13860864,my_ring_all_reduce,4,8
2508,1.4186025,1.4201059999999985,1.4194659999999997,1.4196895000000005,0.000633820295246312,0,4,13893632,my_ring_all_reduce,4,8
2509,1.4219145000000017,1.4236899999999983,1.4229918333333327,1.4233709999999975,0.0007728413305585862,0,4,13926400,my_ring_all_reduce,4,8
2510,1.4258669999999998,1.427914499999999,1.4268693333333327,1.4268264999999993,0.0008364369206471918,0,4,13959168,my_ring_all_reduce,4,8
2511,1.4295950000000013,1.4308419999999997,1.430405166666666,1.4307784999999968,0.0005734605963394504,0,4,13991936,my_ring_all_reduce,4,8
2512,1.4342029999999995,1.4350349999999998,1.4345868333333334,1.434522500000001,0.0003426952809065272,0,4,14024704,my_ring_all_reduce,4,8
2513,1.4389535000000016,1.4398179999999994,1.4393113333333343,1.4391625000000012,0.0003682875537151904,0,4,14057472,my_ring_all_reduce,4,8
2514,1.4434514999999992,1.4444289999999989,1.4438834999999994,1.4437700000000002,0.00040705302684841574,0,4,14090240,my_ring_all_reduce,4,8
2515,1.446906500000001,1.4477214999999992,1.4473166666666668,1.4473220000000002,0.0003327437285485776,0,4,14123008,my_ring_all_reduce,4,8
2516,1.4500429999999997,1.4505550000000003,1.4502613333333327,1.450185999999998,0.00021570401531360392,0,4,14155776,my_ring_all_reduce,4,8
2517,1.452171000000002,1.4538499999999985,1.4528903333333334,1.4526499999999998,0.0007062012618371003,0,4,14188544,my_ring_all_reduce,4,8
2518,1.4540904999999993,1.4547470000000013,1.4544265,1.4544419999999991,0.00026823901033799086,0,4,14221312,my_ring_all_reduce,4,8
2519,1.453898500000001,1.4547465000000006,1.4543731666666666,1.4544744999999986,0.00035353201960868733,0,4,14254080,my_ring_all_reduce,4,8
2520,1.4542350000000004,1.4548585000000003,1.4544585000000005,1.4542820000000007,0.00028349279826231095,0,4,14286848,my_ring_all_reduce,4,8
2521,1.4534669999999952,1.4550819999999987,1.4542503333333305,1.4542019999999976,0.0006602061967477073,0,4,14319616,my_ring_all_reduce,4,8
2522,1.4543465000000002,1.4550025000000006,1.4546129999999995,1.454489999999998,0.00028157976963367836,0,4,14352384,my_ring_all_reduce,4,8
2523,1.4541870000000017,1.4551790000000002,1.454661500000001,1.4546185000000005,0.0004061221080736685,0,4,14385152,my_ring_all_reduce,4,8
2524,1.4535784999999997,1.4554020000000005,1.454634333333334,1.4549225000000023,0.0007718238500827199,0,4,14417920,my_ring_all_reduce,4,8
2525,1.4544574999999986,1.4552264999999998,1.454772666666667,1.4546340000000018,0.00032889875172907113,0,4,14450688,my_ring_all_reduce,4,8
2526,1.4537230000000037,1.454746500000003,1.4543945000000023,1.454714,0.0004750075437987922,0,4,14483456,my_ring_all_reduce,4,8
2527,1.4552434999999992,1.4562345000000005,1.4557013333333346,1.4556260000000039,0.0004080658307460344,0,4,14516224,my_ring_all_reduce,4,8
2528,1.461402000000001,1.4618505000000015,1.4616265000000013,1.4616270000000013,0.0001830996996176604,0,4,14548992,my_ring_all_reduce,4,8
2529,1.472602500000001,1.4742505000000001,1.4733918333333331,1.4733224999999979,0.0006745770691491882,0,4,14581760,my_ring_all_reduce,4,8
2530,1.4838019999999996,1.4844744999999966,1.4841864999999999,1.4842830000000031,0.0002828995699295245,0,4,14614528,my_ring_all_reduce,4,8
2531,1.4889219999999987,1.4906345,1.4896475000000002,1.4893860000000023,0.0007231646884817623,0,4,14647296,my_ring_all_reduce,4,8
2532,1.4922024999999994,1.4952579999999998,1.4937858333333327,1.4938969999999991,0.001249876949499103,0,4,14680064,my_ring_all_reduce,4,8
2533,1.4965699999999997,1.4990820000000005,1.4982235000000002,1.4990185000000003,0.001169488420920602,0,4,14712832,my_ring_all_reduce,4,8
2534,1.497369999999999,1.501273500000003,1.4992848333333348,1.499211000000003,0.0015944521699403228,0,4,14745600,my_ring_all_reduce,4,8
2535,1.5015140000000002,1.5031785,1.502346,1.5023454999999994,0.0006795293714524194,0,4,14778368,my_ring_all_reduce,4,8
2536,1.5019479999999994,1.5056735000000008,1.5037918333333333,1.503753999999999,0.0015211642653651727,0,4,14811136,my_ring_all_reduce,4,8
2537,1.5030024999999987,1.5077695000000004,1.5052741666666662,1.5050504999999994,0.0019525355025944292,0,4,14843904,my_ring_all_reduce,4,8
2538,1.5035790000000016,1.5103290000000016,1.5068206666666673,1.5065539999999984,0.002762119757641981,0,4,14876672,my_ring_all_reduce,4,8
2539,1.5071624999999997,1.5093220000000012,1.508233833333333,1.508216999999998,0.0008816925327024584,0,4,14909440,my_ring_all_reduce,4,8
2540,1.510635000000001,1.5129850000000025,1.512191333333335,1.5129540000000015,0.0011005666217407462,0,4,14942208,my_ring_all_reduce,4,8
2541,1.512906,1.5143620000000015,1.5134603333333343,1.5131130000000013,0.0006431507512935761,0,4,14974976,my_ring_all_reduce,4,8
2542,1.5202979999999953,1.5210170000000003,1.5207193333333329,1.5208430000000026,0.0003062791029281803,0,4,15007744,my_ring_all_reduce,4,8
2543,1.5237865000000002,1.5257224999999985,1.5250345,1.525594500000001,0.0008840150828273625,0,4,15040512,my_ring_all_reduce,4,8
2544,1.5310340000000007,1.5340575000000027,1.532095000000001,1.5311935000000003,0.0013892239440311928,0,4,15073280,my_ring_all_reduce,4,8
2545,1.5350665000000008,1.5393069999999989,1.5373019999999993,1.5375324999999977,0.001738832510622281,0,4,15106048,my_ring_all_reduce,4,8
2546,1.5422660000000001,1.5467300000000033,1.543967333333334,1.5429059999999983,0.0019708957918239275,0,4,15138816,my_ring_all_reduce,4,8
2547,1.5443459999999996,1.5479300000000003,1.5463249999999997,1.5466989999999996,0.0014868694181626797,0,4,15171584,my_ring_all_reduce,4,8
2548,1.5518499999999986,1.5538169999999991,1.5526283333333328,1.5522180000000005,0.000853835399177591,0,4,15204352,my_ring_all_reduce,4,8
2549,1.5551945000000014,1.5581214999999993,1.5570820000000003,1.5579300000000003,0.0013369518191260997,0,4,15237120,my_ring_all_reduce,4,8
2550,1.5601859999999996,1.5637700000000005,1.5614180000000004,1.5602980000000006,0.0016637435699852793,0,4,15269888,my_ring_all_reduce,4,8
2551,1.565849499999999,1.5693694999999994,1.567343,1.5668100000000014,0.0014856349372124981,0,4,15302656,my_ring_all_reduce,4,8
2552,1.5704254999999996,1.5714969999999995,1.570895166666667,1.5707630000000026,0.0004473097981882902,0,4,15335424,my_ring_all_reduce,4,8
2553,1.5768569999999995,1.5785065000000031,1.5775675000000018,1.5773390000000027,0.0006925179901406561,0,4,15368192,my_ring_all_reduce,4,8
2554,1.5804250000000029,1.5815480000000006,1.5809545000000016,1.5808905000000013,0.00046069096655550803,0,4,15400960,my_ring_all_reduce,4,8
2555,1.5847300000000033,1.5884570000000005,1.5859943333333344,1.5847959999999985,0.0017415767440898725,0,4,15433728,my_ring_all_reduce,4,8
2556,1.5889064999999984,1.5920575,1.590521999999999,1.590601999999999,0.0012876335529443876,0,4,15466496,my_ring_all_reduce,4,8
2557,1.590841500000001,1.594793999999998,1.5930123333333341,1.5934015000000028,0.0016368978960886091,0,4,15499264,my_ring_all_reduce,4,8
2558,1.595450499999999,1.5990030000000006,1.5975356666666667,1.5981535000000004,0.0015146732504265543,0,4,15532032,my_ring_all_reduce,4,8
2559,1.6005380000000013,1.6026490000000013,1.6014496666666673,1.6011619999999993,0.0008854920791416447,0,4,15564800,my_ring_all_reduce,4,8
2560,1.6042180000000008,1.60625,1.6053376666666674,1.605545000000002,0.0008424157063005573,0,4,15597568,my_ring_all_reduce,4,8
2561,1.6062669999999981,1.6082025000000004,1.6069868333333333,1.606491000000002,0.0008644567015701324,0,4,15630336,my_ring_all_reduce,4,8
2562,1.6105055000000001,1.6121214999999993,1.611375166666666,1.6114984999999988,0.000665468423158983,0,4,15663104,my_ring_all_reduce,4,8
2563,1.6118650000000003,1.614938000000001,1.613492,1.6136729999999988,0.001261058550055161,0,4,15695872,my_ring_all_reduce,4,8
2564,1.6168900000000022,1.6180420000000022,1.6175886666666675,1.617833999999998,0.0005012765925330585,0,4,15728640,my_ring_all_reduce,4,8
2565,1.6196255000000002,1.6226024999999995,1.6208476666666671,1.6203150000000013,0.0012723816469732607,0,4,15761408,my_ring_all_reduce,4,8
2566,1.6235620000000017,1.6253695000000008,1.6242073333333344,1.6236905000000006,0.0008234486761309993,0,4,15794176,my_ring_all_reduce,4,8
2567,1.626425999999999,1.6271459999999989,1.6266981666666662,1.626522500000001,0.00031910717461162047,0,4,15826944,my_ring_all_reduce,4,8
2568,1.6300265000000005,1.6304255000000012,1.6301859999999992,1.630105999999996,0.0001724340453632889,0,4,15859712,my_ring_all_reduce,4,8
2569,1.6314654999999996,1.632938000000001,1.6320044999999992,1.631609999999997,0.0006627149965621189,0,4,15892480,my_ring_all_reduce,4,8
2570,1.6340900000000038,1.636026,1.6350925000000018,1.635161500000002,0.0007918732011276755,0,4,15925248,my_ring_all_reduce,4,8
2571,1.636586000000003,1.6372095000000009,1.6369325000000021,1.6370020000000023,0.0002592434505754095,0,4,15958016,my_ring_all_reduce,4,8
2572,1.637706,1.6387459999999974,1.6381699999999995,1.638058000000001,0.0004319012232739763,0,4,15990784,my_ring_all_reduce,4,8
2573,1.6404250000000011,1.6410499999999992,1.6407350000000012,1.6407300000000031,0.0002551796752609049,0,4,16023552,my_ring_all_reduce,4,8
2574,1.6410175,1.6422334999999995,1.641764000000001,1.6420410000000025,0.0005336732770777965,0,4,16056320,my_ring_all_reduce,4,8
2575,1.6427140000000013,1.6442815000000002,1.6434871666666666,1.6434659999999985,0.0006401042015862033,0,4,16089088,my_ring_all_reduce,4,8
2576,1.6440255000000017,1.6455769999999976,1.6449321666666663,1.6451939999999996,0.0006599018024575887,0,4,16121856,my_ring_all_reduce,4,8
2577,1.6438494999999984,1.6462334999999986,1.6453908333333327,1.646089500000001,0.00109147158562354,0,4,16154624,my_ring_all_reduce,4,8
2578,1.646441999999999,1.6473380000000024,1.646836666666668,1.6467300000000031,0.00037348568320135444,0,4,16187392,my_ring_all_reduce,4,8
2579,1.647161,1.6478979999999988,1.6474334999999993,1.6472415,0.00033009114902744595,0,4,16220160,my_ring_all_reduce,4,8
2580,1.647643,1.6490650000000004,1.648266166666667,1.6480905000000012,0.0005936694272817115,0,4,16252928,my_ring_all_reduce,4,8
2581,1.648281499999999,1.6485700000000034,1.6484151666666669,1.6483939999999984,0.00011872681060322906,0,4,16285696,my_ring_all_reduce,4,8
2582,1.6482519999999987,1.649673500000001,1.6488051666666663,1.6484899999999993,0.0006216446376803139,0,4,16318464,my_ring_all_reduce,4,8
2583,1.6494974999999967,1.6504259999999986,1.650068499999997,1.6502819999999956,0.0004080153183402391,0,4,16351232,my_ring_all_reduce,4,8
2584,1.6558330000000006,1.6569209999999985,1.6563663333333327,1.6563449999999993,0.00044443022199383905,0,4,16384000,my_ring_all_reduce,4,8
2585,1.6636574999999985,1.6646819999999989,1.664009666666666,1.6636895000000005,0.00047559091898603426,0,4,16416768,my_ring_all_reduce,4,8
2586,1.6703140000000003,1.6737230000000018,1.6724795,1.6734014999999978,0.0015368546342014247,0,4,16449536,my_ring_all_reduce,4,8
2587,1.6792425000000013,1.6821214999999994,1.680991500000001,1.6816105000000026,0.001254201206611498,0,4,16482304,my_ring_all_reduce,4,8
2588,1.6850015000000003,1.6865535000000018,1.6855403333333339,1.6850659999999997,0.0007169007757168623,0,4,16515072,my_ring_all_reduce,4,8
2589,1.6888899999999996,1.6899299999999995,1.6894121666666662,1.6894164999999994,0.000424589278662958,0,4,16547840,my_ring_all_reduce,4,8
2590,1.690266,1.6913530000000006,1.6907081666666668,1.6905054999999993,0.0004663314867729492,0,4,16580608,my_ring_all_reduce,4,8
2591,1.6915459999999976,1.6930014999999985,1.6921641666666656,1.6919450000000014,0.0006140822872836542,0,4,16613376,my_ring_all_reduce,4,8
2592,1.6933699999999998,1.6939790000000012,1.693775500000001,1.693977500000002,0.00028673245369241626,0,4,16646144,my_ring_all_reduce,4,8
2593,1.6944414999999982,1.6964735000000006,1.6953108333333322,1.695017499999998,0.0008550981750014591,0,4,16678912,my_ring_all_reduce,4,8
2594,1.6970180000000006,1.6982820000000003,1.6977910000000005,1.6980730000000004,0.0005532130391327876,0,4,16711680,my_ring_all_reduce,4,8
2595,1.7018345000000008,1.7034819999999982,1.7028633333333332,1.7032734999999999,0.0007324577727675146,0,4,16744448,my_ring_all_reduce,4,8
2596,1.7062660000000005,1.7074980000000015,1.7069060000000011,1.7069540000000016,0.0005041058089995606,0,4,16777216,my_ring_all_reduce,4,8
2597,1.7057059999999966,1.7082665000000006,1.7065594999999991,1.7057060000000004,0.0012070312754864148,0,4,16777216,my_ring_all_reduce,4,8
2598,1.7298340000000003,1.732057499999999,1.7311511666666661,1.7315619999999998,0.0009530918400419635,0,4,16908288,my_ring_all_reduce,4,8
2599,1.7487129999999997,1.7510980000000018,1.7496735,1.749209499999999,0.0010274655712004233,0,4,17039360,my_ring_all_reduce,4,8
2600,1.763976499999999,1.765065,1.7644354999999983,1.7642649999999958,0.00046044235976668767,0,4,17170432,my_ring_all_reduce,4,8
2601,1.778744999999999,1.781322,1.779689666666666,1.7790019999999984,0.0011589927619375853,0,4,17301504,my_ring_all_reduce,4,8
2602,1.7901539999999987,1.7938814999999986,1.7919458333333316,1.791801999999998,0.0015251404489058753,0,4,17432576,my_ring_all_reduce,4,8
2603,1.802119999999999,1.8038825000000014,1.8028628333333334,1.8025859999999994,0.0007456894274587457,0,4,17563648,my_ring_all_reduce,4,8
2604,1.8113694999999972,1.8124890000000051,1.8117640000000013,1.811433500000001,0.0005133178027982815,0,4,17694720,my_ring_all_reduce,4,8
2605,1.8192895000000027,1.821049500000001,1.8201696666666678,1.82017,0.0007185170298756324,0,4,17825792,my_ring_all_reduce,4,8
2606,1.828297000000004,1.830809000000003,1.829161000000002,1.8283769999999997,0.0011657695598478299,0,4,17956864,my_ring_all_reduce,4,8
2607,1.8393855000000003,1.8397375,1.8395294999999996,1.8394654999999984,0.00015066076684626612,0,4,18087936,my_ring_all_reduce,4,8
2608,1.8510970000000015,1.8535925000000006,1.852115833333334,1.8516579999999996,0.0010689834995087303,0,4,18219008,my_ring_all_reduce,4,8
2609,1.8781204999999972,1.878697999999997,1.8783609999999997,1.8782645000000049,0.00024543940188869845,0,4,18350080,my_ring_all_reduce,4,8
2610,1.885753999999999,1.8867609999999986,1.8861319999999997,1.8858810000000013,0.0004477819409780865,0,4,18481152,my_ring_all_reduce,4,8
2611,1.8999935000000001,1.9061375000000007,1.9033483333333343,1.9039140000000017,0.0025399695645598936,0,4,18612224,my_ring_all_reduce,4,8
2612,1.9179440000000032,1.9203765000000004,1.9190165000000008,1.9187289999999995,0.0010136588018977689,0,4,18743296,my_ring_all_reduce,4,8
2613,1.9324570000000003,1.9350645000000022,1.9335339999999996,1.9330804999999964,0.001111758591902825,0,4,18874368,my_ring_all_reduce,4,8
2614,1.9442170000000023,1.9475284999999996,1.9459341666666672,1.946057,0.0013547014636267412,0,4,19005440,my_ring_all_reduce,4,8
2615,1.959353499999998,1.961081,1.9604305000000004,1.9608570000000036,0.0007670248800848547,0,4,19136512,my_ring_all_reduce,4,8
2616,1.9708095000000012,1.9746495000000015,1.9725483333333351,1.9721860000000024,0.0015884718197759537,0,4,19267584,my_ring_all_reduce,4,8
2617,1.9844885000000003,1.9870169999999998,1.985544833333335,1.9851290000000046,0.001073317624107859,0,4,19398656,my_ring_all_reduce,4,8
2618,1.9954159999999979,1.9967765,1.996168499999998,1.9963129999999965,0.0005647419764819277,0,4,19529728,my_ring_all_reduce,4,8
2619,2.005495999999998,2.0071769999999995,2.006109666666666,2.005655999999999,0.0007575400246122649,0,4,19660800,my_ring_all_reduce,4,8
2620,2.018392,2.0196729999999987,2.0189843333333335,2.018888000000001,0.000527383689124838,0,4,19791872,my_ring_all_reduce,4,8
2621,2.034777,2.0351605,2.0349263333333334,2.0348415000000006,0.00016766153073628998,0,4,19922944,my_ring_all_reduce,4,8
2622,2.054263499999997,2.055209000000001,2.054776666666666,2.0548575000000002,0.00039020770822322654,0,4,20054016,my_ring_all_reduce,4,8
2623,2.0692405,2.0697209999999977,2.069517666666666,2.0695915000000005,0.00020299192649454774,0,4,20185088,my_ring_all_reduce,4,8
2624,2.0985525,2.0991920000000066,2.0988938333333365,2.0989370000000016,0.0002628530430176201,0,4,20316160,my_ring_all_reduce,4,8
2625,2.1256394999999983,2.131272000000001,2.1277363333333335,2.1262975000000006,0.0025144840535504484,0,4,20447232,my_ring_all_reduce,4,8
2626,2.1430645000000004,2.1435605000000013,2.1433630000000017,2.143464000000004,0.00021471647972855272,0,4,20578304,my_ring_all_reduce,4,8
2627,2.1484724999999982,2.1517684999999998,2.150509666666665,2.151287999999997,0.0014537895499542504,0,4,20709376,my_ring_all_reduce,4,8
2628,2.1575440000000055,2.158872,2.1582695000000016,2.1583925,0.0005490857552915482,0,4,20840448,my_ring_all_reduce,4,8
2629,2.162150999999998,2.1637369999999985,2.1629203333333322,2.1628730000000007,0.0006483462723646143,0,4,20971520,my_ring_all_reduce,4,8
2630,2.166856499999996,2.16932,2.168355166666666,2.168889000000001,0.001074225793564672,0,4,21102592,my_ring_all_reduce,4,8
2631,2.1745525,2.1769369999999992,2.1759071666666667,2.176232000000001,0.0010001991746090835,0,4,21233664,my_ring_all_reduce,4,8
2632,2.187655999999999,2.1886969999999986,2.1881150000000003,2.187992000000002,0.00043379488240356465,0,4,21364736,my_ring_all_reduce,4,8
2633,2.2010954999999996,2.2034645,2.202445333333332,2.202775999999998,0.0009950027079805798,0,4,21495808,my_ring_all_reduce,4,8
2634,2.2162170000000008,2.2174010000000015,2.2167446666666657,2.2166159999999944,0.0004918538626696908,0,4,21626880,my_ring_all_reduce,4,8
2635,2.233656000000003,2.2356720000000023,2.2345520000000016,2.2343279999999996,0.0008381312546373703,0,4,21757952,my_ring_all_reduce,4,8
2636,2.2494959999999993,2.251463999999998,2.250605166666664,2.2508554999999943,0.000822701275608233,0,4,21889024,my_ring_all_reduce,4,8
2637,2.2629210000000004,2.2653355000000013,2.263931333333334,2.2635375000000013,0.0010242984862282424,0,4,22020096,my_ring_all_reduce,4,8
2638,2.3019435,2.304615999999998,2.3033518333333327,2.303496000000001,0.0010957956267269094,0,4,22151168,my_ring_all_reduce,4,8
2639,2.329482,2.331367500000004,2.330189666666668,2.3297194999999995,0.0008384788144165286,0,4,22282240,my_ring_all_reduce,4,8
2640,2.3414000000000015,2.3432870000000023,2.342194333333334,2.341895999999999,0.0007987257908005945,0,4,22413312,my_ring_all_reduce,4,8
2641,2.3468394999999984,2.347431499999999,2.347159333333332,2.3472069999999987,0.00024402197077791812,0,4,22544384,my_ring_all_reduce,4,8
2642,2.3490800000000003,2.349735999999999,2.349378666666665,2.349319999999996,0.0002710047150059441,0,4,22675456,my_ring_all_reduce,4,8
2643,2.353416000000001,2.355607500000002,2.3544501666666675,2.354326999999999,0.0008989051056088478,0,4,22806528,my_ring_all_reduce,4,8
2644,2.359896000000008,2.3617519999999894,2.3606374999999997,2.3602645000000013,0.0008023011695457796,0,4,22937600,my_ring_all_reduce,4,8
2645,2.372534999999996,2.3741209999999993,2.3730689999999983,2.3725509999999996,0.000743905011858151,0,4,23068672,my_ring_all_reduce,4,8
2646,2.385495500000001,2.3872405,2.386557333333334,2.3869360000000017,0.0007610508451401181,0,4,23199744,my_ring_all_reduce,4,8
2647,2.3980879999999978,2.400775999999999,2.3996293333333307,2.4000239999999957,0.0011323007060358935,0,4,23330816,my_ring_all_reduce,4,8
2648,2.4162479999999995,2.4179754999999985,2.417031833333333,2.4168720000000015,0.0007142474283384207,0,4,23461888,my_ring_all_reduce,4,8
2649,2.4349840000000005,2.4362625000000024,2.4355913333333343,2.435527499999999,0.0005238934900242803,0,4,23592960,my_ring_all_reduce,4,8
2650,2.443878500000006,2.446566999999999,2.4452921666666687,2.4454310000000006,0.0011019570721595383,0,4,23724032,my_ring_all_reduce,4,8
2651,2.4590475000000005,2.4668875000000026,2.462076833333333,2.4602954999999964,0.0034395989430310576,0,4,23855104,my_ring_all_reduce,4,8
2652,2.4971274999999986,2.499192000000001,2.497836500000001,2.4971900000000025,0.000958822802538267,0,4,23986176,my_ring_all_reduce,4,8
2653,2.5217829999999957,2.5234634999999943,2.5228661666666636,2.523352000000001,0.0007672659614219299,0,4,24117248,my_ring_all_reduce,4,8
2654,2.529223500000002,2.5312870000000003,2.5304124999999993,2.5307269999999953,0.0008712790406433423,0,4,24248320,my_ring_all_reduce,4,8
2655,2.534295500000001,2.5362155000000004,2.535122166666668,2.5348555000000017,0.0008061982110839204,0,4,24379392,my_ring_all_reduce,4,8
2656,2.535847,2.5372239999999984,2.5364874999999993,2.5363914999999997,0.00056624155622776,0,4,24510464,my_ring_all_reduce,4,8
2657,2.5425349999999964,2.5440555000000025,2.5430738333333323,2.5426309999999974,0.000695248676536589,0,4,24641536,my_ring_all_reduce,4,8
2658,2.5548549999999968,2.5567595000000076,2.555617833333334,2.5552389999999976,0.0008223608629409246,0,4,24772608,my_ring_all_reduce,4,8
2659,2.5713835,2.5725184999999984,2.5718844999999995,2.5717515000000004,0.00047280933436844177,0,4,24903680,my_ring_all_reduce,4,8
2660,2.5852554999999993,2.5867455000000046,2.5858746666666677,2.5856229999999996,0.0006337860224281227,0,4,25034752,my_ring_all_reduce,4,8
2661,2.5997825000000003,2.6028710000000013,2.6012120000000003,2.6009824999999984,0.001271275147244423,0,4,25165824,my_ring_all_reduce,4,8
2662,2.6169189999999998,2.6177030000000014,2.617286999999999,2.6172389999999943,0.00032186125375276994,0,4,25296896,my_ring_all_reduce,4,8
2663,2.6330625,2.6338464999999998,2.6334843333333335,2.633544000000001,0.00032283544139738153,0,4,25427968,my_ring_all_reduce,4,8
2664,2.638679500000002,2.6397510000000004,2.6392231666666675,2.6392389999999994,0.0004375812940337787,0,4,25559040,my_ring_all_reduce,4,8
2665,2.6580714999999966,2.662518000000001,2.6605614999999982,2.6610949999999978,0.0018540599145315164,0,4,25690112,my_ring_all_reduce,4,8
2666,2.691062000000002,2.6925184999999985,2.6919050000000007,2.692134500000001,0.0006163606898549981,0,4,25821184,my_ring_all_reduce,4,8
2667,2.7077664999999977,2.7112700000000003,2.709756000000001,2.7102315000000052,0.0014692862779838417,0,4,25952256,my_ring_all_reduce,4,8
2668,2.7153034999999948,2.7163910000000104,2.7158416666666674,2.7158304999999965,0.00044404022591196544,0,4,26083328,my_ring_all_reduce,4,8
2669,2.7191749999999995,2.7201990000000005,2.7196710000000013,2.719639000000003,0.0004186581740118673,0,4,26214400,my_ring_all_reduce,4,8
2670,2.725046500000004,2.7256699999999983,2.725414166666667,2.725525999999998,0.0002665434090115343,0,4,26345472,my_ring_all_reduce,4,8
2671,2.7386789999999963,2.741814999999999,2.7405083333333327,2.7410310000000027,0.0013325437662206245,0,4,26476544,my_ring_all_reduce,4,8
2672,2.755702500000003,2.756565500000004,2.7561290000000027,2.756119000000001,0.0003523892260938481,0,4,26607616,my_ring_all_reduce,4,8
2673,2.7678949999999967,2.7727909999999976,2.770796333333331,2.771702999999998,0.0020990850917064104,0,4,26738688,my_ring_all_reduce,4,8
2674,2.7853335000000006,2.787190500000001,2.786320666666668,2.786438000000002,0.0007626434655563565,0,4,26869760,my_ring_all_reduce,4,8
2675,2.8012220000000014,2.801973999999998,2.8016115000000013,2.801638500000003,0.0003075957845385844,0,4,27000832,my_ring_all_reduce,4,8
2676,2.817044499999996,2.818550500000001,2.817771333333331,2.817718999999997,0.0006159345654299607,0,4,27131904,my_ring_all_reduce,4,8
2677,2.8266939999999985,2.8283729999999996,2.8276059999999994,2.827751,0.0006930747915394022,0,4,27262976,my_ring_all_reduce,4,8
2678,2.832822,2.8359265000000016,2.8348861666666654,2.8359099999999944,0.0014596017912039928,0,4,27394048,my_ring_all_reduce,4,8
2679,2.8603420000000006,2.8638464999999997,2.8620008333333344,2.861814000000002,0.001436792743887454,0,4,27525120,my_ring_all_reduce,4,8
2680,2.884597999999998,2.8854305000000022,2.8848863333333346,2.884630500000003,0.00038501262605637575,0,4,27656192,my_ring_all_reduce,4,8
2681,2.8954789999999995,2.8975100000000023,2.896571666666667,2.896725999999999,0.0008363031082631223,0,4,27787264,my_ring_all_reduce,4,8
2682,2.9022769999999984,2.903253999999994,2.9026509999999974,2.9024220000000005,0.0004304749315169002,0,4,27918336,my_ring_all_reduce,4,8
2683,2.9092854999999984,2.912117500000004,2.910859166666668,2.911174500000001,0.0011774640357822765,0,4,28049408,my_ring_all_reduce,4,8
2684,2.9257815,2.926710999999999,2.926342333333333,2.9265345000000016,0.000403062098882575,0,4,28180480,my_ring_all_reduce,4,8
2685,2.9397629999999992,2.941989999999998,2.9405543333333326,2.93991,0.0010169419299484862,0,4,28311552,my_ring_all_reduce,4,8
2686,2.957717499999999,2.960134000000001,2.9589125000000016,2.958886000000006,0.0009867099371150263,0,4,28442624,my_ring_all_reduce,4,8
2687,2.9718454999999997,2.9741659999999976,2.973334166666666,2.973991000000002,0.0010550679546307822,0,4,28573696,my_ring_all_reduce,4,8
2688,2.987431499999997,2.989925499999998,2.9888916666666643,2.9893179999999995,0.001061862854715034,0,4,28704768,my_ring_all_reduce,4,8
2689,3.0017335000000003,3.0026935000000012,3.0021281666666666,3.001957499999997,0.00041007749945137946,0,4,28835840,my_ring_all_reduce,4,8
2690,3.0127265000000008,3.0133020000000017,3.0129819999999996,3.0129174999999973,0.00023933275301767602,0,4,28966912,my_ring_all_reduce,4,8
2691,3.018807,3.0202454999999975,3.0196968333333323,3.0200380000000004,0.0006348840226541539,0,4,29097984,my_ring_all_reduce,4,8
2692,3.0323105000000017,3.0347585,3.0336490000000005,3.0338779999999996,0.001012425058954262,0,4,29229056,my_ring_all_reduce,4,8
2693,3.056917999999998,3.060694500000005,3.058608833333333,3.0582139999999955,0.0015668244069560265,0,4,29360128,my_ring_all_reduce,4,8
2694,3.075476499999997,3.077846000000005,3.0766510000000005,3.0766304999999994,0.0009674529273680111,0,4,29491200,my_ring_all_reduce,4,8
2695,3.0852855000000026,3.0858130000000004,3.085482833333335,3.0853500000000023,0.00023494337379128337,0,4,29622272,my_ring_all_reduce,4,8
2696,3.0947899999999975,3.0955094999999964,3.0950298333333315,3.094790000000001,0.000339175552707779,0,4,29753344,my_ring_all_reduce,4,8
2697,3.108965999999993,3.111701000000001,3.1105818333333315,3.111078500000002,0.0011704883833530333,0,4,29884416,my_ring_all_reduce,4,8
2698,3.125861999999994,3.128774500000003,3.1269713333333313,3.1262774999999965,0.0012862652871389946,0,4,30015488,my_ring_all_reduce,4,8
2699,3.143669499999995,3.144949500000004,3.1442189999999997,3.1440380000000006,0.000538002942994262,0,4,30146560,my_ring_all_reduce,4,8
2700,3.158470000000001,3.161189000000006,3.1596963333333368,3.159430000000004,0.0011258893768453365,0,4,30277632,my_ring_all_reduce,4,8
2701,3.174548999999999,3.1760695000000014,3.1753225000000005,3.175349000000002,0.0006210242883075943,0,4,30408704,my_ring_all_reduce,4,8
2702,3.1864229999999982,3.1872214999999997,3.1868273333333335,3.1868375000000033,0.00032606551829754285,0,4,30539776,my_ring_all_reduce,4,8
2703,3.1973175,3.1992539999999936,3.1981604999999966,3.1979099999999963,0.0008101731296432525,0,4,30670848,my_ring_all_reduce,4,8
2704,3.206580500000002,3.2100370000000003,3.207791833333335,3.2067580000000016,0.0015892255101840865,0,4,30801920,my_ring_all_reduce,4,8
2705,3.217494000000001,3.217765000000003,3.2175896666666692,3.217510000000004,0.00012415134133643616,0,4,30932992,my_ring_all_reduce,4,8
2706,3.2343889999999957,3.2380855000000013,3.2359519999999997,3.235381500000003,0.0015620778363038704,0,4,31064064,my_ring_all_reduce,4,8
2707,3.253991000000002,3.256518000000002,3.255003333333336,3.254501000000004,0.001091080911552875,0,4,31195136,my_ring_all_reduce,4,8
2708,3.266932999999997,3.2700365,3.2686715,3.269045000000002,0.001294232011659249,0,4,31326208,my_ring_all_reduce,4,8
2709,3.281110500000001,3.282901000000005,3.2819415000000016,3.2818129999999983,0.0007365943026317861,0,4,31457280,my_ring_all_reduce,4,8
2710,3.2977650000000023,3.300613000000001,3.2987569999999997,3.2978929999999966,0.001313430114878023,0,4,31588352,my_ring_all_reduce,4,8
2711,3.311621000000003,3.3142139999999998,3.3130988333333335,3.3134614999999976,0.001089206923508433,0,4,31719424,my_ring_all_reduce,4,8
2712,3.3282130000000008,3.330631499999996,3.329584499999998,3.329908999999998,0.0010136602816835302,0,4,31850496,my_ring_all_reduce,4,8
2713,3.344213,3.344982999999999,3.344661499999999,3.3447884999999986,0.0003269268521648274,0,4,31981568,my_ring_all_reduce,4,8
2714,3.3578775000000025,3.3614289999999967,3.359664000000001,3.3596855000000034,0.0014499735055027055,0,4,32112640,my_ring_all_reduce,4,8
2715,3.3717809999999955,3.3768030000000016,3.3746978333333324,3.375509499999999,0.0021290409551953746,0,4,32243712,my_ring_all_reduce,4,8
2716,3.3830610000000054,3.3848689999999997,3.383711833333335,3.3832055000000003,0.0008203641806455146,0,4,32374784,my_ring_all_reduce,4,8
2717,3.393460500000001,3.3939415000000044,3.3937276666666687,3.393781000000001,0.000199955967376208,0,4,32505856,my_ring_all_reduce,4,8
2718,3.404181000000005,3.406308500000003,3.4049433333333354,3.4043404999999987,0.0009675123025348327,0,4,32636928,my_ring_all_reduce,4,8
2719,3.4162600000000003,3.418806000000004,3.4172263333333355,3.4166130000000012,0.001126251106795941,0,4,32768000,my_ring_all_reduce,4,8
2720,3.4359735000000002,3.4370759999999994,3.4365381666666655,3.4365649999999976,0.0004504934948348604,0,4,32899072,my_ring_all_reduce,4,8
2721,3.4502120000000023,3.453253000000001,3.452207166666668,3.453156500000001,0.0014113458313091704,0,4,33030144,my_ring_all_reduce,4,8
2722,3.4645965000000016,3.465748999999999,3.465327500000001,3.4656370000000023,0.0005189134481452801,0,4,33161216,my_ring_all_reduce,4,8
2723,3.4824205000000004,3.484036,3.4834496666666666,3.4838924999999983,0.0007300849646136066,0,4,33292288,my_ring_all_reduce,4,8
2724,3.4985805,3.5020530000000027,3.5004793333333346,3.5008045,0.001436167140537041,0,4,33423360,my_ring_all_reduce,4,8
2725,3.5144524999999995,3.5172839999999996,3.5155776666666667,3.514996500000001,0.001226828997410986,0,4,33554432,my_ring_all_reduce,4,8
2726,3.527779999999999,3.5287400000000018,3.5283563333333325,3.5285489999999973,0.00041492194714511853,0,4,33685504,my_ring_all_reduce,4,8
2727,3.540660499999998,3.546084500000001,3.5429909999999984,3.5422279999999957,0.002279118360245242,0,4,33816576,my_ring_all_reduce,4,8
2728,3.5572840000000006,3.560612999999998,3.559188666666667,3.5596690000000026,0.0014008569599428336,0,4,33947648,my_ring_all_reduce,4,8
2729,3.5709325000000027,3.572164499999999,3.5714978333333325,3.571396499999995,0.0005080402433742568,0,4,34078720,my_ring_all_reduce,4,8
2730,3.582148999999996,3.584197000000001,3.5828633333333335,3.5822440000000024,0.0009438419123759064,0,4,34209792,my_ring_all_reduce,4,8
2731,3.592516999999998,3.59666,3.5950179999999983,3.5958769999999967,0.0017971316034172567,0,4,34340864,my_ring_all_reduce,4,8
2732,3.6081314999999923,3.6101965000000056,3.608926833333333,3.608452500000001,0.0009073038202447247,0,4,34471936,my_ring_all_reduce,4,8
2733,3.623011999999997,3.627108,3.6251559999999987,3.625347999999998,0.001677687297046434,0,4,34603008,my_ring_all_reduce,4,8
2734,3.638708999999999,3.6419085,3.6405593333333326,3.6410604999999996,0.0013534095421896051,0,4,34734080,my_ring_all_reduce,4,8
2735,3.6537329999999995,3.655269,3.6547514999999997,3.6552524999999987,0.0007202197581293964,0,4,34865152,my_ring_all_reduce,4,8
2736,3.670116500000001,3.6718610000000025,3.670953833333332,3.670883999999993,0.0007138989579929583,0,4,34996224,my_ring_all_reduce,4,8
2737,3.6861649999999955,3.6881810000000024,3.687023833333333,3.6867255000000005,0.0008496336792366486,0,4,35127296,my_ring_all_reduce,4,8
2738,3.6975075000000035,3.701491500000004,3.698873000000002,3.6976199999999992,0.0018521286402419005,0,4,35258368,my_ring_all_reduce,4,8
2739,3.7156199999999973,3.7161479999999973,3.7159186666666666,3.7159880000000047,0.00022106007227881257,0,4,35389440,my_ring_all_reduce,4,8
2740,3.725923999999999,3.729396999999996,3.727486999999997,3.727139999999996,0.001438920660308806,0,4,35520512,my_ring_all_reduce,4,8
2741,3.7428359999999996,3.745619500000001,3.7440841666666667,3.743796999999999,0.001154358864864143,0,4,35651584,my_ring_all_reduce,4,8
2742,3.7588835000000036,3.7613644999999996,3.760036166666669,3.7598605000000025,0.0010204522962321363,0,4,35782656,my_ring_all_reduce,4,8
2743,3.7723719999999994,3.7729800000000013,3.772772166666668,3.772964500000002,0.00028303130961574504,0,4,35913728,my_ring_all_reduce,4,8
2744,3.7856680000000016,3.7891559999999993,3.786964000000001,3.786068000000003,0.0015585565971958024,0,4,36044800,my_ring_all_reduce,4,8
2745,3.7971869999999983,3.799124,3.798457166666665,3.799060499999996,0.000898517513586685,0,4,36175872,my_ring_all_reduce,4,8
2746,3.8133960000000044,3.816900499999998,3.8152095000000013,3.815332000000001,0.0014333259108307867,0,4,36306944,my_ring_all_reduce,4,8
2747,3.8273965,3.831125,3.8296473333333325,3.8304204999999985,0.0016173575327948983,0,4,36438016,my_ring_all_reduce,4,8
2748,3.8440369999999966,3.8474119999999985,3.8457751666666673,3.845876500000006,0.0013796998667191826,0,4,36569088,my_ring_all_reduce,4,8
2749,3.857604000000003,3.861237000000001,3.859066000000002,3.858357000000004,0.001565605952976892,0,4,36700160,my_ring_all_reduce,4,8
2750,3.8735879999999963,3.875699999999997,3.8745161666666657,3.874260500000004,0.0008809691948198303,0,4,36831232,my_ring_all_reduce,4,8
2751,3.8865629999999984,3.8933319999999996,3.8897581666666654,3.889379499999999,0.002776374324346669,0,4,36962304,my_ring_all_reduce,4,8
2752,3.9017790000000017,3.903987500000003,3.9025525000000028,3.9018910000000036,0.0010157278999157026,0,4,37093376,my_ring_all_reduce,4,8
2753,3.919203499999996,3.9209630000000035,3.9199873333333346,3.9197955000000038,0.0007310084738857402,0,4,37224448,my_ring_all_reduce,4,8
2754,3.9306450000000006,3.934755499999999,3.932900166666665,3.9332999999999956,0.0017017545031189965,0,4,37355520,my_ring_all_reduce,4,8
2755,3.9449475000000023,3.949043499999998,3.9472089999999986,3.9476359999999953,0.0016992254608083537,0,4,37486592,my_ring_all_reduce,4,8
2756,3.962324999999996,3.9637790000000024,3.9630544999999984,3.9630594999999977,0.0005936035433433792,0,4,37617664,my_ring_all_reduce,4,8
2757,3.978532000000003,3.9794595000000044,3.978899500000002,3.9787069999999987,0.0004023731684241857,0,4,37748736,my_ring_all_reduce,4,8
2758,3.991876000000002,3.992068000000003,3.9919986666666674,3.992051999999998,8.698403429423117e-05,0,4,37879808,my_ring_all_reduce,4,8
2759,4.003859499999997,4.007107500000002,4.005609,4.00586,0.001337815819413023,0,4,38010880,my_ring_all_reduce,4,8
2760,4.0199869999999995,4.021139499999999,4.020472500000003,4.020291000000008,0.0004876957726550025,0,4,38141952,my_ring_all_reduce,4,8
2761,4.033059000000003,4.034386,4.033506833333334,4.033075499999999,0.0006217012054741205,0,4,38273024,my_ring_all_reduce,4,8
2762,4.047411999999997,4.049587,4.048574000000001,4.048723000000005,0.000894168887852176,0,4,38404096,my_ring_all_reduce,4,8
2763,4.063731999999996,4.066771000000001,4.064925833333331,4.064274499999996,0.00132339376436545,0,4,38535168,my_ring_all_reduce,4,8
2764,4.076449499999999,4.0788835,4.077960333333333,4.0785480000000005,0.001077064864445688,0,4,38666240,my_ring_all_reduce,4,8
2765,4.0895075,4.094212000000007,4.0921798333333355,4.092819999999999,0.001973227488717722,0,4,38797312,my_ring_all_reduce,4,8
2766,4.106242500000002,4.1086425,4.107330833333333,4.107107499999998,0.0009924408742528435,0,4,38928384,my_ring_all_reduce,4,8
2767,4.119122999999997,4.126275999999998,4.122776833333332,4.122931499999999,0.0029222472611942336,0,4,39059456,my_ring_all_reduce,4,8
2768,4.139123,4.141186999999998,4.1402589999999995,4.140467000000001,0.0008553642498953242,0,4,39190528,my_ring_all_reduce,4,8
2769,4.150883499999996,4.158594999999999,4.154488333333332,4.153986500000001,0.0031681419984319176,0,4,39321600,my_ring_all_reduce,4,8
2770,4.165922500000004,4.168019500000002,4.166963166666668,4.166947499999998,0.0008561683375487814,0,4,39452672,my_ring_all_reduce,4,8
2771,4.181923000000003,4.182995500000001,4.182392500000002,4.182259000000004,0.0004479067983401441,0,4,39583744,my_ring_all_reduce,4,8
2772,4.196930499999999,4.198978500000003,4.197954666666668,4.197955000000002,0.0008360925320948833,0,4,39714816,my_ring_all_reduce,4,8
2773,4.2095870000000035,4.211378500000007,4.210749333333335,4.211282499999995,0.0008228276787317729,0,4,39845888,my_ring_all_reduce,4,8
2774,4.225571500000002,4.227266500000012,4.226670000000003,4.227171999999995,0.0007777142791551959,0,4,39976960,my_ring_all_reduce,4,8
2775,4.237171999999991,4.2390265,4.238083499999997,4.238052,0.0007574240335978999,0,4,40108032,my_ring_all_reduce,4,8
2776,4.2549789999999925,4.25693050000001,4.256120166666663,4.256450999999987,0.0008303316941020579,0,4,40239104,my_ring_all_reduce,4,8
2777,4.267331999999999,4.274228000000003,4.270067333333333,4.268642,0.0029902491906581546,0,4,40370176,my_ring_all_reduce,4,8
2778,4.2831885,4.2853309999999984,4.283971666666665,4.283395499999999,0.0009649015781698338,0,4,40501248,my_ring_all_reduce,4,8
2779,4.295393999999998,4.3030430000000015,4.298162666666666,4.296050999999999,0.0034613246340427775,0,4,40632320,my_ring_all_reduce,4,8
2780,4.313458999999997,4.314770499999995,4.314051166666663,4.313923999999996,0.0005429159439742622,0,4,40763392,my_ring_all_reduce,4,8
2781,4.3285314999999995,4.333523000000001,4.3310805,4.331186999999998,0.002039162368883243,0,4,40894464,my_ring_all_reduce,4,8
2782,4.342146500000003,4.347699,4.344274666666667,4.342978499999999,0.00244507669727419,0,4,41025536,my_ring_all_reduce,4,8
2783,4.360452000000001,4.361074499999999,4.3608245000000005,4.360947000000002,0.0002684911544161005,0,4,41156608,my_ring_all_reduce,4,8
2784,4.373107,4.373890500000016,4.373554500000005,4.373666000000001,0.0003294361344331752,0,4,41287680,my_ring_all_reduce,4,8
2785,4.383265999999997,4.3906110000000025,4.3869358333333315,4.3869304999999965,0.002998586064948243,0,4,41418752,my_ring_all_reduce,4,8
2786,4.403938500000004,4.405314499999999,4.404472000000001,4.4041630000000005,0.0006027463535059423,0,4,41549824,my_ring_all_reduce,4,8
2787,4.412370999999999,4.414306499999999,4.413634833333333,4.414227000000001,0.000894254282753288,0,4,41680896,my_ring_all_reduce,4,8
2788,4.4296019999999885,4.436018500000002,4.433527666666664,4.434962500000002,0.002809143177006879,0,4,41811968,my_ring_all_reduce,4,8
2789,4.445825999999994,4.449010000000004,4.447666166666668,4.448162500000006,0.0013464085767582804,0,4,41943040,my_ring_all_reduce,4,8
2790,4.458786499999999,4.463122500000005,4.4611753333333315,4.4616169999999915,0.001797503098438302,0,4,42074112,my_ring_all_reduce,4,8
2791,4.471809999999998,4.476083000000003,4.474519666666667,4.4756659999999995,0.0019235717356596124,0,4,42205184,my_ring_all_reduce,4,8
2792,4.486626000000004,4.490178999999997,4.488839666666667,4.489714,0.0015767680728462424,0,4,42336256,my_ring_all_reduce,4,8
2793,4.503300499999999,4.50589,4.504973833333334,4.505731000000003,0.0011850045241367532,0,4,42467328,my_ring_all_reduce,4,8
2794,4.5222260000000025,4.5255375,4.523420500000003,4.522498000000005,0.0015010580157549505,0,4,42598400,my_ring_all_reduce,4,8
2795,4.536513999999991,4.539730500000005,4.537980833333331,4.537697999999997,0.001328273085214393,0,4,42729472,my_ring_all_reduce,4,8
2796,4.548770000000004,4.554241999999999,4.551420833333335,4.551250500000002,0.002237179188668776,0,4,42860544,my_ring_all_reduce,4,8
2797,4.563874000000002,4.569810000000005,4.56654616666667,4.565954500000002,0.0024592107247844927,0,4,42991616,my_ring_all_reduce,4,8
2798,4.5794095000000015,4.583298500000001,4.580967333333333,4.580193999999994,0.0016792088580314356,0,4,43122688,my_ring_all_reduce,4,8
2799,4.591682500000002,4.595154999999991,4.593650499999998,4.594114000000001,0.001455034535668851,0,4,43253760,my_ring_all_reduce,4,8
2800,4.601139,4.609762000000003,4.604972833333335,4.604017500000002,0.0035845528389971872,0,4,43384832,my_ring_all_reduce,4,8
2801,4.618946499999998,4.625811999999998,4.621965666666664,4.621138499999997,0.002863206370875604,0,4,43515904,my_ring_all_reduce,4,8
2802,4.631394499999995,4.6353465,4.633981000000002,4.635202000000012,0.0018298828286762501,0,4,43646976,my_ring_all_reduce,4,8
2803,4.648530000000003,4.6514745,4.650263166666668,4.650784999999999,0.0012574451832526891,0,4,43778048,my_ring_all_reduce,4,8
2804,4.665250000000004,4.667154500000004,4.665943833333336,4.665427,0.0008591148868983222,0,4,43909120,my_ring_all_reduce,4,8
2805,4.6805295,4.684737500000001,4.682391666666667,4.681908,0.0017516213600234734,0,4,44040192,my_ring_all_reduce,4,8
2806,4.692787,4.697362500000003,4.694914500000002,4.694594000000003,0.0018816376289475095,0,4,44171264,my_ring_all_reduce,4,8
2807,4.711345999999998,4.7155049999999905,4.713676333333329,4.714178,0.0017345647548824784,0,4,44302336,my_ring_all_reduce,4,8
2808,4.7253304999999965,4.729392999999996,4.727233833333332,4.726978000000003,0.001668345404551365,0,4,44433408,my_ring_all_reduce,4,8
2809,4.7398095,4.74493,4.7430735,4.7444809999999995,0.0023152641677931223,0,4,44564480,my_ring_all_reduce,4,8
2810,4.755858500000002,4.7610265,4.759122333333334,4.760482,0.002318559334777429,0,4,44695552,my_ring_all_reduce,4,8
2811,4.770577000000012,4.7713305,4.7710046666666726,4.7711065000000055,0.0003159304599949665,0,4,44826624,my_ring_all_reduce,4,8
2812,4.7819054999999935,4.786849000000002,4.784353500000001,4.784306000000008,0.0020184548958746213,0,4,44957696,my_ring_all_reduce,4,8
2813,4.794528999999999,4.8019855000000025,4.797478499999996,4.795920999999987,0.003237200719761216,0,4,45088768,my_ring_all_reduce,4,8
2814,4.808161999999997,4.811841499999995,4.810199166666667,4.810594000000008,0.0015278743585639292,0,4,45219840,my_ring_all_reduce,4,8
2815,4.822497999999998,4.833314000000002,4.828055166666668,4.828353500000005,0.004420649732287449,0,4,45350912,my_ring_all_reduce,4,8
2816,4.841938000000002,4.844690000000003,4.843703166666668,4.8444815,0.001251060372466164,0,4,45481984,my_ring_all_reduce,4,8
2817,4.852945500000008,4.860001000000011,4.85688633333334,4.857712500000002,0.0029390399320570705,0,4,45613056,my_ring_all_reduce,4,8
2818,4.868929999999989,4.872449500000003,4.8707375,4.870833000000006,0.0014384158531813268,0,4,45744128,my_ring_all_reduce,4,8
2819,4.883042000000016,4.890385499999997,4.88554316666667,4.883201999999997,0.0034246697245415387,0,4,45875200,my_ring_all_reduce,4,8
2820,4.90229050000001,4.908994499999995,4.905303666666669,4.904626000000003,0.002778528157530236,0,4,46006272,my_ring_all_reduce,4,8
2821,4.916786000000004,4.921682000000002,4.919996500000002,4.921521499999999,0.0022711117321685824,0,4,46137344,my_ring_all_reduce,4,8
2822,4.932401999999987,4.933521499999995,4.932855166666661,4.9326419999999995,0.0004812484343426409,0,4,46268416,my_ring_all_reduce,4,8
2823,4.9464015,4.9513775,4.948551166666667,4.947874500000002,0.0020870317571984862,0,4,46399488,my_ring_all_reduce,4,8
2824,4.957361999999999,4.965057000000004,4.962380333333333,4.9647219999999965,0.0035511320573719377,0,4,46530560,my_ring_all_reduce,4,8
2825,4.972978000000003,4.976864999999998,4.974721500000002,4.974321500000006,0.0016118710142747996,0,4,46661632,my_ring_all_reduce,4,8
2826,4.988048999999999,4.996034,4.992102500000002,4.992224500000008,0.0032610038587325943,0,4,46792704,my_ring_all_reduce,4,8
2827,5.000209000000003,5.004609,5.002603666666669,5.0029930000000045,0.0018172663230485394,0,4,46923776,my_ring_all_reduce,4,8
2828,5.014241500000004,5.0190410000000085,5.016940000000002,5.0175374999999915,0.0020044209055653994,0,4,47054848,my_ring_all_reduce,4,8
2829,5.032577500000001,5.035712999999999,5.033681166666665,5.032752999999995,0.001438508506135275,0,4,47185920,my_ring_all_reduce,4,8
2830,5.048097,5.054721499999992,5.051078499999996,5.050416999999994,0.0027445930785182037,0,4,47316992,my_ring_all_reduce,4,8
2831,5.058400499999998,5.065169000000002,5.0627153333333315,5.064576499999996,0.0030606212967675033,0,4,47448064,my_ring_all_reduce,4,8
2832,5.076514000000003,5.082673499999998,5.079383166666667,5.078962,0.002532179046238869,0,4,47579136,my_ring_all_reduce,4,8
2833,5.090928999999994,5.09920099999999,5.09578766666666,5.097232999999997,0.003528289229766046,0,4,47710208,my_ring_all_reduce,4,8
2834,5.111104500000012,5.114993500000011,5.112539500000008,5.111520499999999,0.001743531091398726,0,4,47841280,my_ring_all_reduce,4,8
2835,5.123057000000015,5.128672000000006,5.12506733333334,5.123472999999998,0.0025545358786973294,0,4,47972352,my_ring_all_reduce,4,8
2836,5.136736499999997,5.144657,5.139446166666666,5.136945,0.003685598647288284,0,4,48103424,my_ring_all_reduce,4,8
2837,5.150609000000004,5.1583685000000115,5.155046000000005,5.156160499999999,0.0032643572874324267,0,4,48234496,my_ring_all_reduce,4,8
2838,5.169745500000012,5.170704500000002,5.170235333333336,5.170255999999994,0.00039178274875101185,0,4,48365568,my_ring_all_reduce,4,8
2839,5.179233,5.1868810000000085,5.18284366666667,5.182417000000002,0.003136825288235119,0,4,48496640,my_ring_all_reduce,4,8
2840,5.195264500000001,5.201120499999999,5.197259333333331,5.195392999999991,0.002730761076250084,0,4,48627712,my_ring_all_reduce,4,8
2841,5.208353000000007,5.212784500000005,5.210422166666671,5.210129000000001,0.0018209902220734453,0,4,48758784,my_ring_all_reduce,4,8
2842,5.223953000000002,5.225728999999999,5.225062500000001,5.2255055,0.0007898230814546022,0,4,48889856,my_ring_all_reduce,4,8
2843,5.2389445,5.242864499999996,5.241552500000001,5.242848500000007,0.0018441460535082179,0,4,49020928,my_ring_all_reduce,4,8
2844,5.251952000000003,5.2615519999999965,5.255567833333333,5.253199500000001,0.004261983269425921,0,4,49152000,my_ring_all_reduce,4,8
2845,5.267696499999991,5.271248,5.27001583333333,5.271102999999999,0.0016410843129577486,0,4,49283072,my_ring_all_reduce,4,8
2846,5.281120499999997,5.288192000000003,5.284235166666667,5.283393,0.0029477066320959216,0,4,49414144,my_ring_all_reduce,4,8
2847,5.303184000000001,5.305697999999997,5.304790333333333,5.3054890000000015,0.0011390494087411332,0,4,49545216,my_ring_all_reduce,4,8
2848,5.314720499999988,5.319232499999991,5.3162564999999935,5.3148165,0.002104714707506519,0,4,49676288,my_ring_all_reduce,4,8
2849,5.326351999999992,5.335537999999995,5.331584999999996,5.332864999999998,0.0038578447350838077,0,4,49807360,my_ring_all_reduce,4,8
2850,5.343521499999995,5.345281500000001,5.344651833333336,5.345152500000013,0.0008009995145008888,0,4,49938432,my_ring_all_reduce,4,8
2851,5.361072500000002,5.363360499999999,5.362021833333333,5.361632499999998,0.0009737971497631843,0,4,50069504,my_ring_all_reduce,4,8
2852,5.373169499999989,5.37657699999999,5.375393166666662,5.376433000000005,0.0015734683734459352,0,4,50200576,my_ring_all_reduce,4,8
2853,5.385681000000001,5.38832,5.386912333333329,5.386735999999987,0.0010845583842698306,0,4,50331648,my_ring_all_reduce,4,8
2854,5.4038730000000035,5.4065605000000065,5.404971166666669,5.404479999999996,0.0011508250904870808,0,4,50462720,my_ring_all_reduce,4,8
2855,5.4189925,5.419743500000012,5.419274666666671,5.419088000000004,0.00033379992344524244,0,4,50593792,my_ring_all_reduce,4,8
2856,5.4366880000000055,5.437872500000011,5.437114833333342,5.436784000000007,0.0005371828263181244,0,4,50724864,my_ring_all_reduce,4,8
2857,5.445824000000008,5.454592000000004,5.450069333333336,5.449791999999998,0.0035848887786856646,0,4,50855936,my_ring_all_reduce,4,8
2858,5.458816000000001,5.465408500000005,5.462810833333339,5.4642080000000135,0.002866975186889829,0,4,50987008,my_ring_all_reduce,4,8
2859,5.4750079999999945,5.481296999999999,5.4782881666666645,5.478559499999999,0.0025746322175341603,0,4,51118080,my_ring_all_reduce,4,8
2860,5.491489000000005,5.497072500000001,5.494321000000002,5.4944015,0.0022801649428623835,0,4,51249152,my_ring_all_reduce,4,8
2861,5.507024000000005,5.5130564999999985,5.510298833333337,5.510816000000006,0.002489760374455968,0,4,51380224,my_ring_all_reduce,4,8
2862,5.516912499999998,5.523585000000007,5.520011000000006,5.519535500000012,0.002744708758080266,0,4,51511296,my_ring_all_reduce,4,8
2863,5.533599999999999,5.539712500000001,5.536257,5.535458500000001,0.002558497703732426,0,4,51642368,my_ring_all_reduce,4,8
2864,5.546720999999999,5.552496000000001,5.550394666666667,5.551967000000002,0.002606636444838912,0,4,51773440,my_ring_all_reduce,4,8
2865,5.5627034999999925,5.569536,5.565460833333333,5.564143000000004,0.0029408930144147047,0,4,51904512,my_ring_all_reduce,4,8
2866,5.578368500000004,5.584192500000005,5.582112500000004,5.5837765,0.0026528495371321978,0,4,52035584,my_ring_all_reduce,4,8
2867,5.5970075,5.599854500000001,5.598607333333336,5.598960000000006,0.0011887339436943319,0,4,52166656,my_ring_all_reduce,4,8
2868,5.606047999999995,5.622976500000003,5.613317166666666,5.610927000000002,0.007114689057782302,0,4,52297728,my_ring_all_reduce,4,8
2869,5.62366399999999,5.6290555000000095,5.625866666666667,5.6248805,0.002308890293826024,0,4,52428800,my_ring_all_reduce,4,8
2870,5.639406999999999,5.642848499999993,5.641535666666666,5.642351500000005,0.001518808432802849,0,4,52559872,my_ring_all_reduce,4,8
2871,5.6536159999999995,5.659936500000003,5.657019000000002,5.657504500000003,0.0026030703345616512,0,4,52690944,my_ring_all_reduce,4,8
2872,5.665088499999998,5.6684484999999984,5.6666403333333335,5.666384000000005,0.0013836377375919088,0,4,52822016,my_ring_all_reduce,4,8
2873,5.6828310000000055,5.687152000000002,5.684447500000007,5.683359500000013,0.0019245030960366649,0,4,52953088,my_ring_all_reduce,4,8
2874,5.699248,5.706400000000009,5.703285166666668,5.704207499999997,0.002991744205126287,0,4,53084160,my_ring_all_reduce,4,8
2875,5.712527499999998,5.719263500000008,5.715135333333336,5.713615000000002,0.0029526241530057123,0,4,53215232,my_ring_all_reduce,4,8
2876,5.72590400000001,5.734255500000007,5.73118383333334,5.733392000000004,0.003750012274052072,0,4,53346304,my_ring_all_reduce,4,8
2877,5.739663000000003,5.745151999999988,5.741785999999997,5.740543,0.0024070821894225055,0,4,53477376,my_ring_all_reduce,4,8
2878,5.756608500000002,5.760943999999996,5.759189499999995,5.760015999999989,0.0018639504195798052,0,4,53608448,my_ring_all_reduce,4,8
2879,5.771696499999998,5.776639499999994,5.77433633333333,5.7746729999999955,0.002031964662311167,0,4,53739520,my_ring_all_reduce,4,8
2880,5.7865609999999945,5.792128499999999,5.7890299999999995,5.788400500000003,0.00231609826360445,0,4,53870592,my_ring_all_reduce,4,8
2881,5.798881000000002,5.8079845,5.804624666666666,5.807008499999997,0.004080884224716606,0,4,54001664,my_ring_all_reduce,4,8
2882,5.812495999999996,5.819615999999998,5.816842833333332,5.818416500000003,0.0031124395665727187,0,4,54132736,my_ring_all_reduce,4,8
2883,5.829839500000004,5.832385000000002,5.83130183333333,5.831680999999983,0.0010732250721768562,0,4,54263808,my_ring_all_reduce,4,8
2884,5.846191500000004,5.855360000000015,5.849727833333339,5.847631999999998,0.004025728595207583,0,4,54394880,my_ring_all_reduce,4,8
2885,5.857871499999988,5.864495999999999,5.860330499999994,5.858623999999996,0.0029614305946091893,0,4,54525952,my_ring_all_reduce,4,8
2886,5.868672000000003,5.879887999999999,5.875380833333334,5.877582499999997,0.004836332362669444,0,4,54657024,my_ring_all_reduce,4,8
2887,5.887969000000001,5.892015500000001,5.890106833333328,5.890335999999981,0.0016599053353187148,0,4,54788096,my_ring_all_reduce,4,8
2888,5.906512000000003,5.907103999999992,5.906901666666666,5.907089000000004,0.0002756039831973175,0,4,54919168,my_ring_all_reduce,4,8
2889,5.921936000000001,5.923344000000008,5.922730833333337,5.9229125000000025,0.0005889924070465054,0,4,55050240,my_ring_all_reduce,4,8
2890,5.935409499999994,5.9403989999999975,5.938272333333327,5.939008499999989,0.002102416638591046,0,4,55181312,my_ring_all_reduce,4,8
2891,5.948080000000002,5.958111000000004,5.952751666666674,5.952064000000013,0.004123906265774233,0,4,55312384,my_ring_all_reduce,4,8
2892,5.964559999999998,5.971918999999987,5.96817566666666,5.968047999999995,0.0030056551513543287,0,4,55443456,my_ring_all_reduce,4,8
2893,5.979423999999995,5.981168999999994,5.980202999999997,5.9800160000000036,0.0007245610165230137,0,4,55574528,my_ring_all_reduce,4,8
2894,5.9929120000000005,5.995248499999989,5.9937066666666645,5.992959500000005,0.0010904132498927538,0,4,55705600,my_ring_all_reduce,4,8
2895,6.00751950000001,6.016207499999993,6.010527499999999,6.007855499999998,0.004018708250166689,0,4,55836672,my_ring_all_reduce,4,8
2896,6.021854999999996,6.029694499999998,6.025391166666663,6.024623999999997,0.003246110347615168,0,4,55967744,my_ring_all_reduce,4,8
2897,6.032847999999999,6.042751999999997,6.038042666666665,6.038527999999998,0.004057829085715911,0,4,56098816,my_ring_all_reduce,4,8
2898,6.051023000000005,6.0566245,6.053007333333336,6.051374500000001,0.0025617453794005702,0,4,56229888,my_ring_all_reduce,4,8
2899,6.06579,6.072108499999999,6.069378833333334,6.070238000000005,0.002650092587481326,0,4,56360960,my_ring_all_reduce,4,8
2900,6.079711500000001,6.086286500000013,6.083801666666672,6.085407000000002,0.0029143870234138846,0,4,56492032,my_ring_all_reduce,4,8
2901,6.097103000000007,6.104447499999998,6.101028666666668,6.101535499999998,0.0030197218506897348,0,4,56623104,my_ring_all_reduce,4,8
2902,6.113119000000005,6.1145280000000035,6.113962166666671,6.114239500000004,0.0006077310717372806,0,4,56754176,my_ring_all_reduce,4,8
2903,6.120638000000007,6.133727000000003,6.126548333333335,6.125279999999992,0.005418301230295076,0,4,56885248,my_ring_all_reduce,4,8
2904,6.136655500000008,6.142991499999998,6.139519500000002,6.1389115000000025,0.0026221456862615027,0,4,57016320,my_ring_all_reduce,4,8
2905,6.152176,6.15542349999999,6.154143499999999,6.154831000000006,0.0014121039267681842,0,4,57147392,my_ring_all_reduce,4,8
2906,6.173087499999998,6.178031500000001,6.175700666666664,6.175982999999993,0.002028228797636096,0,4,57278464,my_ring_all_reduce,4,8
2907,6.182527000000016,6.195039000000008,6.188500500000011,6.187935500000005,0.005123602557442985,0,4,57409536,my_ring_all_reduce,4,8
2908,6.195679499999999,6.20039899999999,6.197567166666661,6.196622999999993,0.0020391187775302445,0,4,57540608,my_ring_all_reduce,4,8
2909,6.212399499999992,6.2160625000000005,6.213625666666665,6.212415000000003,0.0017231129936524743,0,4,57671680,my_ring_all_reduce,4,8
2910,6.2293119999999975,6.236078499999996,6.2335195,6.235168000000005,0.002998282258228191,0,4,57802752,my_ring_all_reduce,4,8
2911,6.2414875000000105,6.247310999999991,6.2448528333333355,6.245760000000002,0.002462451567480115,0,4,57933824,my_ring_all_reduce,4,8
2912,6.261311499999989,6.266190999999999,6.263348666666666,6.262543500000008,0.0020718108155825454,0,4,58064896,my_ring_all_reduce,4,8
2913,6.265966999999997,6.27990249999999,6.273620499999997,6.2749920000000055,0.0057712101128483476,0,4,58195968,my_ring_all_reduce,4,8
2914,6.283966999999997,6.297598499999993,6.2907458333333315,6.2906720000000025,0.0055652814593877276,0,4,58327040,my_ring_all_reduce,4,8
2915,6.302607000000004,6.307166500000003,6.305535000000002,6.3068315,0.0020749207615383632,0,4,58458112,my_ring_all_reduce,4,8
2916,6.318270499999992,6.3223829999999985,6.320665333333333,6.321342500000006,0.001745867517569225,0,4,58589184,my_ring_all_reduce,4,8
2917,6.3330710000000074,6.337695499999991,6.335374833333333,6.335358,0.0018879817413126432,0,4,58720256,my_ring_all_reduce,4,8
2918,6.349311000000002,6.351263000000014,6.3504255000000045,6.3507025,0.0008206187706071556,0,4,58851328,my_ring_all_reduce,4,8
2919,6.358255000000005,6.365741999999998,6.363097333333335,6.365295000000002,0.0034289061747938593,0,4,58982400,my_ring_all_reduce,4,8
2920,6.374477999999988,6.378814999999997,6.3772411666666615,6.3784305,0.0019601492431888883,0,4,59113472,my_ring_all_reduce,4,8
2921,6.387423999999993,6.39481399999999,6.3899559999999935,6.387629999999998,0.0034361540516466547,0,4,59244544,my_ring_all_reduce,4,8
2922,6.402542999999991,6.407550999999993,6.404628333333331,6.403791000000011,0.002128514557670399,0,4,59375616,my_ring_all_reduce,4,8
2923,6.419005999999994,6.426159,6.422974666666664,6.4237589999999996,0.0029723992927550963,0,4,59506688,my_ring_all_reduce,4,8
2924,6.429662500000006,6.438831000000006,6.435049500000005,6.436655000000003,0.003911399642923423,0,4,59637760,my_ring_all_reduce,4,8
2925,6.442636999999995,6.455149000000001,6.447645333333334,6.445150000000005,0.005404168288358849,0,4,59768832,my_ring_all_reduce,4,8
2926,6.462813500000004,6.477919499999997,6.469795666666667,6.468654000000003,0.006219612050242324,0,4,59899904,my_ring_all_reduce,4,8
2927,6.4786860000000015,6.489502000000001,6.483533833333333,6.482413499999999,0.0044861136917776125,0,4,60030976,my_ring_all_reduce,4,8
2928,6.4965259999999905,6.504381999999998,6.501742166666662,6.5043184999999974,0.003688477923061749,0,4,60162048,my_ring_all_reduce,4,8
2929,6.507709999999996,6.513197500000002,6.509912833333331,6.508830999999998,0.0023672679869914354,0,4,60293120,my_ring_all_reduce,4,8
2930,6.52372600000001,6.5324299999999935,6.527704666666669,6.526958000000006,0.003592402847979779,0,4,60424192,my_ring_all_reduce,4,8
2931,6.538285499999998,6.5438719999999995,6.5407236666666675,6.540013500000003,0.0023353084140835707,0,4,60555264,my_ring_all_reduce,4,8
2932,6.547710499999994,6.556701999999998,6.552301999999997,6.552493499999999,0.0036732612440009164,0,4,60686336,my_ring_all_reduce,4,8
2933,6.562125999999997,6.5695655,6.565410999999997,6.564541499999996,0.0030987699441354833,0,4,60817408,my_ring_all_reduce,4,8
2934,6.581469499999999,6.590557999999995,6.5852454999999965,6.583708999999999,0.003866163666994308,0,4,60948480,my_ring_all_reduce,4,8
2935,6.590494000000006,6.605533999999994,6.596888499999998,6.59463749999999,0.006343009314719867,0,4,61079552,my_ring_all_reduce,4,8
2936,6.614141499999998,6.617213499999998,6.616066666666666,6.616845000000001,0.0013695858457544853,0,4,61210624,my_ring_all_reduce,4,8
2937,6.624333499999997,6.635708999999988,6.629773499999994,6.6292779999999984,0.004657226660431087,0,4,61341696,my_ring_all_reduce,4,8
2938,6.633677999999993,6.647037000000012,6.6384671666666675,6.634686499999996,0.0060737577925301985,0,4,61472768,my_ring_all_reduce,4,8
2939,6.660573499999999,6.665551500000001,6.6634218333333335,6.664140500000001,0.0020948321067712342,0,4,61603840,my_ring_all_reduce,4,8
2940,6.671022000000009,6.675965999999994,6.674029833333336,6.675101500000005,0.0021559431166429145,0,4,61734912,my_ring_all_reduce,4,8
2941,6.688412500000006,6.694284999999996,6.6903865,6.688461999999996,0.0027567298561859913,0,4,61865984,my_ring_all_reduce,4,8
2942,6.702190999999994,6.7057255000000024,6.703427166666665,6.702365,0.0016267188003967295,0,4,61997056,my_ring_all_reduce,4,8
2943,6.716141000000003,6.725725000000004,6.721276833333334,6.721964499999995,0.003942750992503663,0,4,62128128,my_ring_all_reduce,4,8
2944,6.729054499999998,6.737948999999999,6.733512499999999,6.733534,0.003631196244582138,0,4,62259200,my_ring_all_reduce,4,8
2945,6.740077999999991,6.750813,6.747090666666664,6.750381,0.004961839466259689,0,4,62390272,my_ring_all_reduce,4,8
2946,6.753421500000006,6.766412999999993,6.758919833333329,6.756924999999988,0.005488125853954731,0,4,62521344,my_ring_all_reduce,4,8
2947,6.7721100000000005,6.774349999999991,6.773138999999997,6.772956999999999,0.0009234872314544132,0,4,62652416,my_ring_all_reduce,4,8
2948,6.788413000000008,6.79231700000001,6.790636833333341,6.791180500000006,0.0016395088864932445,0,4,62783488,my_ring_all_reduce,4,8
2949,6.8025415000000065,6.810108499999995,6.80556516666667,6.804045500000008,0.003270770789205305,0,4,62914560,my_ring_all_reduce,4,8
2950,6.819838000000003,6.824621999999996,6.821741833333334,6.820765500000001,0.0020714864362440764,0,4,63045632,my_ring_all_reduce,4,8
2951,6.836732499999991,6.843181500000006,6.839004999999998,6.837100999999997,0.0029570607309795287,0,4,63176704,my_ring_all_reduce,4,8
2952,6.844060999999995,6.850092499999999,6.848007666666665,6.8498695000000005,0.0027921993223207885,0,4,63307776,my_ring_all_reduce,4,8
2953,6.86201249999999,6.864700499999992,6.863174999999994,6.862811999999998,0.0011269909050208998,0,4,63438848,my_ring_all_reduce,4,8
2954,6.877101,6.882396499999995,6.879058166666667,6.877677000000004,0.0023722417082178426,0,4,63569920,my_ring_all_reduce,4,8
2955,6.892941500000008,6.899901499999993,6.895650833333331,6.894109499999992,0.003043263745092903,0,4,63700992,my_ring_all_reduce,4,8
2956,6.906301000000007,6.912253499999991,6.909261166666667,6.909229000000005,0.0024302043924035554,0,4,63832064,my_ring_all_reduce,4,8
2957,6.917725000000001,6.925885000000002,6.921191333333332,6.919963999999992,0.003442495251349791,0,4,63963136,my_ring_all_reduce,4,8
2958,6.9340769999999905,6.936861000000005,6.935469333333334,6.935470000000005,0.0011365633384178484,0,4,64094208,my_ring_all_reduce,4,8
2959,6.950573000000006,6.9513574999999985,6.950973166666668,6.950989000000002,0.00032046641356053276,0,4,64225280,my_ring_all_reduce,4,8
2960,6.961645500000014,6.965373000000001,6.963330833333342,6.96297400000001,0.0015425220869968246,0,4,64356352,my_ring_all_reduce,4,8
2961,6.974717000000002,6.979197499999995,6.977224166666669,6.977758000000007,0.0018676997587626426,0,4,64487424,my_ring_all_reduce,4,8
2962,6.989643999999997,7.004522999999992,6.998124166666663,7.000205500000002,0.006250073150681946,0,4,64618496,my_ring_all_reduce,4,8
2963,7.005372500000005,7.010027999999998,7.007831166666668,7.008093000000001,0.001909596394235668,0,4,64749568,my_ring_all_reduce,4,8
2964,7.015195999999998,7.021645499999999,7.018855500000001,7.0197250000000055,0.0027038287975893827,0,4,64880640,my_ring_all_reduce,4,8
2965,7.032620999999985,7.040284999999996,7.037522166666659,7.039660499999998,0.003475013293345768,0,4,65011712,my_ring_all_reduce,4,8
2966,7.051948500000006,7.057709500000012,7.055127500000007,7.055724500000002,0.002389503016670024,0,4,65142784,my_ring_all_reduce,4,8
2967,7.069805500000002,7.077053500000002,7.07239216666667,7.070317500000005,0.0033026814694855997,0,4,65273856,my_ring_all_reduce,4,8
2968,7.0800914999999955,7.087435999999994,7.084923999999998,7.087244500000004,0.003417987736472668,0,4,65404928,my_ring_all_reduce,4,8
2969,7.089356999999996,7.103148000000009,7.097041833333332,7.09862049999999,0.005739748053901667,0,4,65536000,my_ring_all_reduce,4,8
2970,7.105181000000004,7.114092000000005,7.108647333333329,7.10666899999998,0.0038975917635880445,0,4,65667072,my_ring_all_reduce,4,8
2971,7.1300760000000025,7.132909000000003,7.131255,7.130779999999995,0.0012043507241122928,0,4,65798144,my_ring_all_reduce,4,8
2972,7.1374039999999965,7.140877000000008,7.139346000000001,7.139757,0.0014473246583538563,0,4,65929216,my_ring_all_reduce,4,8
2973,7.154956999999988,7.157676000000007,7.156759166666665,7.157644500000001,0.001274389156514267,0,4,66060288,my_ring_all_reduce,4,8
2974,7.161483999999997,7.167899499999993,7.165281499999999,7.166461000000007,0.0027487057863657106,0,4,66191360,my_ring_all_reduce,4,8
2975,7.184988499999992,7.193644000000015,7.188892333333338,7.1880445000000055,0.0035840885483323284,0,4,66322432,my_ring_all_reduce,4,8
2976,7.1962685,7.205244500000001,7.201937833333332,7.204300499999998,0.004027305909523877,0,4,66453504,my_ring_all_reduce,4,8
2977,7.21375599999999,7.2194674999999915,7.217099999999994,7.2180765,0.0024317993680965135,0,4,66584576,my_ring_all_reduce,4,8
2978,7.224812999999995,7.232219999999994,7.228348499999996,7.2280124999999975,0.003033214384114051,0,4,66715648,my_ring_all_reduce,4,8
2979,7.238796499999997,7.249612500000007,7.243121666666667,7.240955999999999,0.004673617305927195,0,4,66846720,my_ring_all_reduce,4,8
2980,7.2573240000000006,7.26417250000001,7.261457500000006,7.262876000000007,0.0029703641471526213,0,4,66977792,my_ring_all_reduce,4,8
2981,7.269820499999987,7.273579500000007,7.271462833333331,7.2709885,0.0015708308488121727,0,4,67108864,my_ring_all_reduce,4,8
